Time_s	SO2_ppt	Signal_Dk_Counts	Ref_Dk_Counts	Signal_LIF_Counts	Ref_LIF_Counts	Cal_SB_MFC_Read_NA	Preamp_LD1_PD_Read	Preamp_LD1_T_Read	Preamp_LD2_PD_Read	Preamp_LD2_T_Read	Seed_Laser_PD	DC24V_mon	Main_Pump_1_PD	Main_Pump_2_PD	SO2_Lo_P	SO2_Hi_P	Cell_Flow	Cell_Pressure	EOM_Output_PD	Laser_Power_PT_0	Laser_Power_PT_1	Rep_Rate_Hz	seed_delay_ticks	regen_gate_delay_ticks	regen_gate_length_ticks	counting_gate_delay_ticks	counting_gate_length_ticks	Mod_DC_Fine	Mod_DC_Coarse	seed_laser_T_set	main_LD_current_set	Binary_Out	Binary_In	Binary_Settings	BV_MF_Set_cRIO	BV_MF_Set_Arduino	BV_MF_Read	BV_MF_Position	BV_P_Set_cRIO	BV_P_Set_Arduino	BV_P_Read	BV_P_Position	Task	MF_Gain	P_Gain	Seed_PD	Inlet_ZA_MFC_Read	Cal_ZA_MFC_Read	Ref_ZA_MFC_Read	Cal_SO2_MFC_Read	ZA_SB_MFC_Read	Ref_SO2_MFC_Read	Inlet_ZA_MFC_P	Cal_ZA_MFC_P	Ref_ZA_MFC_P	Cal_SO2_MFC_P	ZA_SB_MFC_P	Ref_SO2_MFC_P	BBO_Position	Ref_Signal	Ref_Online	Ref_Offline	Seed_Laser_T_Read	SOA_T_Read	PC_Pressure	T_board_main_LD1	T_board_main_LD2	T_board_LIF_cell	T_board_REF_cell	T_board_LSRBOX_air	T_board_NLO	Thermistor_7	Thermistor_8 	Sig_Online	Sig_Offline	Seed_Online_V	Seed_Offline_V	Ref_Solenoid	Cal_SB_Vl	Cal_SO2_MFC_set	Inlet_ZA_MFC_set	PPLN_T	Free_VirtMem	Free_PhysMem	CPU_load_1	CPU_load_2	Dither_Remain_Min

3831353749.58	18272.8499525	138.000000000	1164.00000000	9576.00000000	21751.0000000	NaN	3.29195308685	-7.23407021396	4.62142038345	94.7739893095	0.0385336875916	0.0319685935974	0.593298912048	0.569335937500	16.5912414225	332.777016552	2.36301833120	598.780047649	2.42586040497	0.322461813788	0.635802721977	200000.000000	31.0000000000	0.00000000000	130.000000000	203.000000000	5.00000000000	0.950000000000	-0.740000000000	24.3000000000	5.00000000000	498.000000000	0.00000000000	6720104.00000	2500.00000000	2000.00000000	206.200000000	6466.00000000	1700.00000000	6000.00000000	13314.0000000	5801.00000000	2.00000000000	0.100000000000	0.0500000000000	2.42200403214	5.50000000000	50.0019531250	49.9960937500	1.00156247616	-0.0195312500000	0.498828142881	21.1734371185	15.3265628815	8.73359394073	15.1789064407	14.8576173782	-5.94374990463	-800.000000000	98788.6046891	5453.14165458	2873.99576219	24.2998962402	24.9998168945	0.00000000000	4455.00000000	4623.00000000	2954.00000000	2978.00000000	3423.00000000	3595.00000000	64155.0000000	4292.00000000	1738.60573119	1555.87723166	1.06878662109	0.668792724609	0.00000000000	0.00000000000	1.00000000000	5.50000000000	75.2399139404	66.7215895753	50.8905040949	43.0000000000	50.0000000000
3831353749.78	17854.7448716	125.000000000	1137.00000000	9521.00000000	21558.0000000	NaN	3.29589223862	-7.23407021396	4.62765741348	95.1276173396	0.0303273200989	0.0254034996033	0.591329574585	0.574259757996	16.7626463465	335.062323326	2.36514819943	599.594309610	2.42664813995	0.320725605520	0.632372307777	200000.000000	31.0000000000	0.00000000000	130.000000000	203.000000000	5.00000000000	0.950000000000	-0.740000000000	24.3000000000	5.00000000000	498.000000000	0.00000000000	6720104.00000	2500.00000000	2000.00000000	206.200000000	6466.00000000	1700.00000000	6000.00000000	13314.0000000	5801.00000000	2.00000000000	0.100000000000	0.0500000000000	2.42085251808	5.50000000000	50.0019531250	49.9960937500	1.00156247616	-0.0195312500000	0.498828142881	21.1640625000	15.3249998093	8.73593807220	15.1804685593	14.8576173782	-5.94296884537	-800.000000000	97873.5931818	5415.61391791	2848.34519599	24.2998962402	24.9996948242	0.00000000000	4455.00000000	4623.00000000	2954.00000000	2978.00000000	3432.00000000	3595.00000000	64155.0000000	4292.00000000	1729.44502583	1550.89757711	1.06878662109	0.668792724609	0.00000000000	0.00000000000	1.00000000000	5.50000000000	75.2109222412	66.7215895753	50.8905040949	43.0000000000	50.0000000000
3831353749.98	15696.6828287	121.000000000	1086.00000000	9546.00000000	21658.0000000	NaN	3.28571605682	-7.31008273075	4.62240505219	94.7420463838	0.0332818031311	0.0263881683350	0.592642784119	0.569007396698	16.6674275362	333.348550724	2.36036128019	601.087386082	2.42595243454	0.322586541532	0.636067271233	200000.000000	31.0000000000	0.00000000000	130.000000000	203.000000000	5.00000000000	0.950000000000	-0.740000000000	24.3000000000	5.00000000000	498.000000000	0.00000000000	6720104.00000	2500.00000000	2000.00000000	206.200000000	6466.00000000	1700.00000000	6000.00000000	13314.0000000	5801.00000000	2.00000000000	0.100000000000	0.0500000000000	2.42105603218	5.50000000000	50.0019531250	49.9960937500	1.00156247616	-0.0195312500000	0.498828142881	21.1640625000	15.3249998093	8.73593807220	15.1804685593	14.8576173782	-5.94296884537	-800.000000000	98037.6028435	5422.53274441	2843.11036931	24.2999267578	24.9996948242	0.00000000000	4455.00000000	4623.00000000	2954.00000000	2978.00000000	3432.00000000	3595.00000000	64155.0000000	4292.00000000	1719.35205897	1562.38523068	1.06878662109	0.668792724609	0.00000000000	0.00000000000	1.00000000000	5.50000000000	75.2109222412	66.7215895753	50.8905040949	43.0000000000	50.0000000000
3831353750.18	17026.9396851	146.000000000	1228.00000000	9493.00000000	21659.0000000	NaN	3.29983139038	-7.14981252346	4.62897014618	94.7100874705	0.0306553840637	0.0286860466003	0.593955516815	0.577214241028	16.8578651567	337.157303135	2.36834953341	601.223030690	2.42599201202	0.321978849352	0.634831714630	200000.000000	31.0000000000	0.00000000000	130.000000000	203.000000000	5.00000000000	0.950000000000	-0.740000000000	24.3000000000	5.00000000000	498.000000000	0.00000000000	6720104.00000	2500.00000000	2000.00000000	206.200000000	6466.00000000	1700.00000000	6000.00000000	13314.0000000	5801.00000000	2.00000000000	0.100000000000	0.0500000000000	2.42084856033	5.49960947037	49.9902343750	49.9882812500	0.996093750000	0.0390625000000	0.494140625000	21.1640625000	15.3249998093	8.73593807220	15.1804685593	14.8576173782	-5.94296884537	-800.000000000	98239.1689740	5445.13715966	2818.73058706	24.2999267578	24.9996948242	0.00000000000	4455.00000000	4623.00000000	2954.00000000	2978.00000000	3432.00000000	3595.00000000	64155.0000000	4292.00000000	1718.94889644	1548.67949959	1.06878662109	0.668792724609	0.00000000000	0.00000000000	1.00000000000	5.50000000000	75.2109222412	68.6164299224	52.6196898627	43.0000000000	40.0000000000
















3831353750.38	18803.1485116	131.000000000	1197.00000000	9519.00000000	21724.0000000	NaN	3.30311393738	-7.23407021396	4.62995481491	95.4849624242	0.0303273200989	0.0303273200989	0.592642784119	0.574259757996	16.8293022800	337.157303135	2.36674749920	602.037489809	2.42633295059	0.320338561397	0.631635093689	200000.000000	31.0000000000	0.00000000000	130.000000000	203.000000000	5.00000000000	0.950000000000	-0.740000000000	24.3000000000	5.00000000000	498.000000000	0.00000000000	6720104.00000	2500.00000000	2000.00000000	206.200000000	6466.00000000	1700.00000000	6000.00000000	13314.0000000	5801.00000000	2.00000000000	0.100000000000	0.0500000000000	2.42351269722	5.49960947037	49.9902343750	49.9882812500	0.996093750000	0.0390625000000	0.494140625000	21.1640625000	15.3226566315	8.73515605927	15.1796875000	14.8573246002	-5.94296884537	-800.000000000	99188.2512714	5500.24482592	2817.02480601	24.2999267578	24.9998474121	0.00000000000	4455.00000000	4623.00000000	2954.00000000	2978.00000000	3423.00000000	3595.00000000	64155.0000000	4292.00000000	1738.38622156	1550.35473644	1.06878662109	0.668792724609	0.00000000000	0.00000000000	1.00000000000	5.50000000000	75.1738739014	68.6164299224	52.6196898627	43.0000000000	40.0000000000
















3831353750.58	14512.7827679	133.000000000	1117.00000000	9508.00000000	21789.0000000	NaN	3.30902290344	-7.29317524503	4.61616802216	94.3924368959	0.0368924140930	0.0309839248657	0.599864482880	0.568022727966	16.6578973560	333.348550724	2.36301833120	599.322823237	2.42815828323	0.322489994447	0.635821127892	200000.000000	31.0000000000	0.00000000000	130.000000000	203.000000000	5.00000000000	0.950000000000	-0.740000000000	24.3000000000	5.00000000000	498.000000000	0.00000000000	6720104.00000	2500.00000000	2000.00000000	206.200000000	6466.00000000	1700.00000000	6000.00000000	13314.0000000	5801.00000000	2.00000000000	0.100000000000	0.0500000000000	2.42122411728	5.49960947037	49.9902343750	49.9882812500	0.996093750000	0.0390625000000	0.494140625000	21.1640625000	15.3226566315	8.73515605927	15.1796875000	14.8573246002	-5.94296884537	-800.000000000	99073.2490851	5450.82172193	2833.11297193	24.2996826172	24.9998474121	0.00000000000	4455.00000000	4623.00000000	2954.00000000	2978.00000000	3423.00000000	3595.00000000	64155.0000000	4292.00000000	1711.00337997	1565.87555230	1.06878662109	0.668792724609	0.00000000000	0.00000000000	1.00000000000	5.50000000000	75.1738739014	68.6164299224	52.6196898627	43.0000000000	40.0000000000


















3831353750.78	15774.7242373	124.000000000	1139.00000000	9626.00000000	21777.0000000	NaN	3.29884672165	-7.25939733496	4.61813735962	94.6463070799	0.0299987792969	0.0263881683350	0.592314243317	0.571633815765	16.6959904129	334.491065792	2.36036128019	598.237074903	2.42713403702	0.322195592133	0.635301160812	200000.000000	31.0000000000	0.00000000000	130.000000000	203.000000000	5.00000000000	0.950000000000	-0.740000000000	24.3000000000	5.00000000000	498.000000000	0.00000000000	6720104.00000	2500.00000000	2000.00000000	206.200000000	6466.00000000	1700.00000000	6000.00000000	13314.0000000	5801.00000000	2.00000000000	0.100000000000	0.0500000000000	2.42148275375	5.49824237823	50.0058593750	49.9921875000	0.998242199421	0.0195312500000	0.497265636921	21.1640625000	15.3226566315	8.73515605927	15.1796875000	14.8573246002	-5.94296884537	-800.000000000	99085.1486599	5495.50121763	2829.78090606	24.2996826172	24.9998474121	0.00000000000	4455.00000000	4623.00000000	2954.00000000	2978.00000000	3423.00000000	3595.00000000	64155.0000000	4292.00000000	1736.32546493	1578.57822256	1.06878662109	0.668792724609	0.00000000000	0.00000000000	1.00000000000	5.50000000000	75.1709136963	71.1902768735	54.8715291158	58.0000000000	71.0000000000


















3831353750.98	14523.1662293	150.000000000	1184.00000000	9448.00000000	21817.0000000	NaN	3.30935096741	-7.17506590179	4.61846590042	94.7420463838	0.0408315658569	0.0336098670959	0.598223209381	0.569992542267	16.6102879509	332.205759018	2.36461579264	600.815899710	2.42702913284	0.322523876327	0.635947132111	200000.000000	31.0000000000	0.00000000000	130.000000000	203.000000000	5.00000000000	0.950000000000	-0.740000000000	24.3000000000	5.00000000000	498.000000000	0.00000000000	6720104.00000	2500.00000000	2000.00000000	206.200000000	6466.00000000	1700.00000000	6000.00000000	13314.0000000	5801.00000000	2.00000000000	0.100000000000	0.0500000000000	2.42068314552	5.49824237823	50.0058593750	49.9921875000	0.998242199421	0.0195312500000	0.497265636921	21.1648445129	15.3242187500	8.73593807220	15.1789064407	14.8573246002	-5.94062519073	-800.000000000	99241.9204772	5474.47564089	2848.44247056	24.2998657227	24.9998168945	0.00000000000	4455.00000000	4623.00000000	2954.00000000	2978.00000000	3423.00000000	3595.00000000	64155.0000000	4292.00000000	1707.22245156	1561.99078927	1.06878662109	0.668792724609	0.00000000000	0.00000000000	1.00000000000	5.50000000000	75.1709136963	71.1902768735	54.8715291158	58.0000000000	71.0000000000

















3831353751.18	14769.9145616	143.000000000	1141.00000000	9439.00000000	21614.0000000	NaN	3.30245733261	-7.12457749041	4.62798547745	93.7660194244	0.0339379310608	0.0293426513672	0.597894668579	0.579183578491	16.8197720999	335.443253895	2.36568159795	600.137282356	2.42515134811	0.322037934722	0.634945249557	200000.000000	31.0000000000	0.00000000000	130.000000000	203.000000000	5.00000000000	0.950000000000	-0.740000000000	24.3000000000	5.00000000000	498.000000000	0.00000000000	6720104.00000	2500.00000000	2000.00000000	206.200000000	6466.00000000	1700.00000000	6000.00000000	13314.0000000	5801.00000000	2.00000000000	0.100000000000	0.0500000000000	2.42171387672	5.49824237823	50.0058593750	49.9921875000	0.998242199421	0.0195312500000	0.497265636921	21.1648445129	15.3242187500	8.73593807220	15.1789064407	14.8573246002	-5.94062519073	-800.000000000	97911.6410717	5393.50771574	2873.36963058	24.2998657227	24.9998168945	0.00000000000	4455.00000000	4623.00000000	2954.00000000	2978.00000000	3423.00000000	3595.00000000	64155.0000000	4292.00000000	1707.40473623	1559.70559062	1.06878662109	0.668792724609	0.00000000000	0.00000000000	1.00000000000	5.50000000000	75.1709136963	71.1902768735	54.8715291158	58.0000000000	71.0000000000
















3831353751.38	14551.3471717	151.000000000	1125.00000000	9488.00000000	21617.0000000	NaN	3.29622077942	-7.16665014482	4.62700080872	94.9663813700	0.0332818031311	0.0293426513672	0.593298912048	0.577214241028	16.7816928749	335.824184464	2.36941760996	597.965588530	2.42462635040	0.320325953625	0.631579947472	200000.000000	31.0000000000	0.00000000000	130.000000000	203.000000000	5.00000000000	0.950000000000	-0.740000000000	24.3000000000	5.00000000000	498.000000000	0.00000000000	6720104.00000	2500.00000000	2000.00000000	206.200000000	6466.00000000	1700.00000000	6000.00000000	13314.0000000	5801.00000000	2.00000000000	0.100000000000	0.0500000000000	2.42146310806	5.49863290787	50.0000000000	50.0039062500	0.999218761921	0.0195312500000	0.502539098263	21.1648445129	15.3242187500	8.73593807220	15.1789064407	14.8573246002	-5.94062519073	-800.000000000	98384.3914693	5457.56996433	2867.31652974	24.3001098633	24.9999084473	0.00000000000	4455.00000000	4623.00000000	2954.00000000	2978.00000000	3423.00000000	3595.00000000	64155.0000000	4292.00000000	1720.31679919	1574.80332748	1.06878662109	0.668792724609	0.00000000000	0.00000000000	1.00000000000	5.50000000000	75.1930770874	67.6756536491	51.2913527424	48.0000000000	43.0000000000

















3831353751.58	17551.8811742	136.000000000	1137.00000000	9573.00000000	21863.0000000	NaN	3.30574035645	-7.08255568179	4.62897014618	94.6144854012	0.0365643501282	0.0329532623291	0.598551273346	0.578855514526	16.8293022800	336.205115032	2.36461579264	601.630358828	2.42818450928	0.321847407910	0.634575724602	200000.000000	31.0000000000	0.00000000000	130.000000000	203.000000000	5.00000000000	0.950000000000	-0.740000000000	24.3000000000	5.00000000000	498.000000000	0.00000000000	6720104.00000	2500.00000000	2000.00000000	206.200000000	6466.00000000	1700.00000000	6000.00000000	13314.0000000	5801.00000000	2.00000000000	0.100000000000	0.0500000000000	2.42169284821	5.49863290787	50.0000000000	50.0039062500	0.999218761921	0.0195312500000	0.502539098263	21.1664066315	15.3234376907	8.73671913147	15.1796875000	14.8561525345	-5.94296884537	-800.000000000	99800.2029479	5528.94688116	2841.16409550	24.3001098633	24.9999084473	0.00000000000	4455.00000000	4623.00000000	2954.00000000	2978.00000000	3423.00000000	3595.00000000	64155.0000000	4292.00000000	1738.84936399	1563.33055225	1.06878662109	0.668792724609	0.00000000000	0.00000000000	1.00000000000	5.50000000000	75.1930770874	67.6756536491	51.2913527424	48.0000000000	43.0000000000


















3831353751.78	18080.3420090	129.000000000	1075.00000000	9527.00000000	21592.0000000	NaN	3.30377054214	-7.24251461434	4.62535953522	94.7420463838	0.0280294418335	0.0290141105652	0.595596790314	0.576557636261	16.7626463465	334.871996361	2.36514819943	602.308976182	2.42692422867	0.322453822437	0.635819149017	200000.000000	31.0000000000	0.00000000000	130.000000000	203.000000000	5.00000000000	0.950000000000	-0.740000000000	24.3000000000	5.00000000000	498.000000000	0.00000000000	6720104.00000	2500.00000000	2000.00000000	206.200000000	6466.00000000	1700.00000000	6000.00000000	13314.0000000	5801.00000000	2.00000000000	0.100000000000	0.0500000000000	2.42197513580	5.49863290787	50.0000000000	50.0039062500	0.999218761921	0.0195312500000	0.502539098263	21.1664066315	15.3234376907	8.73671913147	15.1796875000	14.8561525345	-5.94296884537	-800.000000000	97603.4811592	5376.29185757	2862.44820851	24.2999267578	24.9998168945	0.00000000000	4455.00000000	4623.00000000	2954.00000000	2978.00000000	3423.00000000	3595.00000000	64155.0000000	4292.00000000	1724.70129312	1543.89787303	1.06878662109	0.668792724609	0.00000000000	0.00000000000	1.00000000000	5.50000000000	75.2277374268	67.6756536491	51.2913527424	48.0000000000	43.0000000000

















3831353751.98	18581.4788344	126.000000000	1113.00000000	9500.00000000	21618.0000000	NaN	3.30738162994	-7.18349593676	4.62601566315	94.7100874705	0.0326251983643	0.0296707153320	0.594612121582	0.574259757996	16.7055067612	333.919808258	2.36781504565	601.901648043	2.42775106430	0.321596819410	0.634081315994	200000.000000	31.0000000000	0.00000000000	130.000000000	203.000000000	5.00000000000	0.950000000000	-0.740000000000	24.3000000000	5.00000000000	498.000000000	0.00000000000	6720104.00000	2500.00000000	2000.00000000	206.200000000	6466.00000000	1700.00000000	6000.00000000	13314.0000000	5801.00000000	2.00000000000	0.100000000000	0.0500000000000	2.42155756950	5.50117206573	50.0000000000	50.0000000000	1.00039064884	-0.0195312500000	0.503320336342	21.1664066315	15.3234376907	8.73671913147	15.1796875000	14.8561525345	-5.94296884537	-800.000000000	98080.3907672	5416.86511009	2850.46014765	24.2999267578	24.9998168945	0.00000000000	4455.00000000	4623.00000000	2954.00000000	2978.00000000	3423.00000000	3595.00000000	64155.0000000	4292.00000000	1727.58178433	1541.76699599	1.06878662109	0.668792724609	0.00000000000	0.00000000000	1.00000000000	5.50000000000	75.2277374268	69.2967653064	52.8309658902	43.0000000000	51.0000000000

















3831353752.18	19028.3875789	135.000000000	1143.00000000	9493.00000000	21661.0000000	NaN	3.31361865997	-7.20034991252	4.62306165695	94.8380130527	0.0263881683350	0.0267162322998	0.591986179352	0.570320606232	16.7150369413	334.871996361	2.36355085820	597.829943923	2.42814540863	0.320187219924	0.631327223778	200000.000000	31.0000000000	0.00000000000	130.000000000	203.000000000	5.00000000000	0.950000000000	-0.740000000000	24.3000000000	5.00000000000	498.000000000	0.00000000000	6720104.00000	2500.00000000	2000.00000000	206.200000000	6466.00000000	1700.00000000	6000.00000000	13314.0000000	5801.00000000	2.00000000000	0.100000000000	0.0500000000000	2.42109022141	5.50117206573	50.0000000000	50.0000000000	1.00039064884	-0.0195312500000	0.503320336342	21.1671886444	15.3249998093	8.73671913147	15.1796875000	14.8567390442	-5.94218778610	-800.000000000	98843.2173556	5446.27544709	2854.82477675	24.2999267578	24.9998168945	0.00000000000	4455.00000000	4623.00000000	2954.00000000	2978.00000000	3423.00000000	3595.00000000	64155.0000000	4292.00000000	1732.29686890	1542.01299311	1.06878662109	0.668792724609	0.00000000000	0.00000000000	1.00000000000	5.50000000000	75.2277374268	69.2967653064	52.8309658902	43.0000000000	51.0000000000


















3831353752.38	18095.3665608	126.000000000	1119.00000000	9571.00000000	21750.0000000	NaN	3.29720544815	-7.20034991252	4.62601566315	94.7739893095	0.0303273200989	0.0283575057983	0.592314243317	0.574916362762	16.8007255714	335.824184464	2.36674749920	600.272926964	2.42652988434	0.321494245666	0.633862686157	200000.000000	31.0000000000	0.00000000000	130.000000000	203.000000000	5.00000000000	0.950000000000	-0.740000000000	24.3000000000	5.00000000000	498.000000000	0.00000000000	6720104.00000	2500.00000000	2000.00000000	206.200000000	6466.00000000	1700.00000000	6000.00000000	13314.0000000	5801.00000000	2.00000000000	0.100000000000	0.0500000000000	2.42166261673	5.50117206573	50.0000000000	50.0000000000	1.00039064884	-0.0195312500000	0.503320336342	21.1671886444	15.3249998093	8.73671913147	15.1796875000	14.8567390442	-5.94218778610	-800.000000000	99110.4563017	5476.68234680	2875.83811240	24.3000793457	25.0001525879	0.00000000000	4455.00000000	4623.00000000	2954.00000000	2978.00000000	3423.00000000	3604.00000000	64155.0000000	4292.00000000	1729.26130680	1548.30764119	1.06878662109	0.668792724609	0.00000000000	0.00000000000	1.00000000000	5.50000000000	75.2451019287	69.2967653064	52.8309658902	43.0000000000	51.0000000000















3831353752.58	17327.3953259	134.000000000	1133.00000000	9449.00000000	21692.0000000	NaN	3.30770969391	-7.08255568179	4.62568759918	94.7100874705	0.0382056236267	0.0332818031311	0.600521087646	0.578527450562	16.7245532896	334.300738827	2.36248679465	600.001637749	2.42633342743	0.320894496624	0.632694053650	200000.000000	31.0000000000	0.00000000000	130.000000000	203.000000000	5.00000000000	0.950000000000	-0.740000000000	24.3000000000	5.00000000000	242.000000000	0.00000000000	6720104.00000	2500.00000000	2000.00000000	206.200000000	6466.00000000	1700.00000000	6000.00000000	13314.0000000	5801.00000000	2.00000000000	0.100000000000	0.0500000000000	2.42097845078	5.50175809860	49.9941406250	49.9804687500	0.999414086342	0.00000000000	0.504296898842	21.1671886444	15.3249998093	8.73671913147	15.1796875000	14.8567390442	-5.94218778610	-800.000000000	98793.2209524	5455.28716984	2884.41678168	24.3000793457	25.0001525879	0.00000000000	4455.00000000	4623.00000000	2954.00000000	2978.00000000	3423.00000000	3604.00000000	64155.0000000	4292.00000000	1717.17408275	1543.90012949	1.06878662109	0.668792724609	0.00000000000	0.00000000000	1.00000000000	5.50000000000	75.2451019287	66.0505556515	49.2627485372	41.0000000000	41.0000000000

















3831353752.78	21255.5305608	151.000000000	1092.00000000	9491.00000000	21712.0000000	NaN	3.29819011688	-7.29317524503	4.61748123169	94.2347323306	0.0359077453613	0.0277013778687	0.596253395081	0.567694664001	16.6483810078	333.538877689	2.35876981552	597.558457550	2.42676639557	0.317950473483	0.626916003227	200000.000000	31.0000000000	0.00000000000	130.000000000	203.000000000	5.00000000000	0.950000000000	-0.740000000000	24.3000000000	5.00000000000	242.000000000	0.00000000000	6720104.00000	2500.00000000	2000.00000000	206.200000000	6466.00000000	1700.00000000	6000.00000000	13314.0000000	5801.00000000	2.00000000000	0.100000000000	0.0500000000000	2.42121362686	5.50175809860	49.9941406250	49.9804687500	0.999414086342	0.00000000000	0.504296898842	21.1640625000	15.3257818222	8.73593807220	15.1796875000	14.8570318222	-5.94140625000	-800.000000000	99912.5217189	5517.56168990	2886.85294381	24.3000488281	25.0001220703	0.00000000000	4455.00000000	4623.00000000	2954.00000000	2978.00000000	3423.00000000	3604.00000000	64155.0000000	4292.00000000	1748.85555445	1536.30024884	1.06878662109	0.668792724609	0.00000000000	0.00000000000	1.00000000000	5.50000000000	75.2367172241	66.0505556515	49.2627485372	41.0000000000	41.0000000000


















3831353752.98	21414.9194817	142.000000000	1152.00000000	9475.00000000	21557.0000000	NaN	3.29622077942	-7.13298305951	4.61715269089	93.8592303528	0.0398468971252	0.0342664718628	0.600192546844	0.571305274963	16.6007716026	332.015432053	2.36408282987	600.001637749	2.42744922638	0.318405871977	0.627851486206	200000.000000	31.0000000000	0.00000000000	130.000000000	203.000000000	5.00000000000	0.950000000000	-0.740000000000	24.3000000000	5.00000000000	242.000000000	0.00000000000	6720104.00000	2500.00000000	2000.00000000	206.200000000	6466.00000000	1700.00000000	6000.00000000	13314.0000000	5801.00000000	2.00000000000	0.100000000000	0.0500000000000	2.42135014534	5.50175809860	49.9941406250	49.9804687500	0.999414086342	0.00000000000	0.504296898842	21.1640625000	15.3257818222	8.73593807220	15.1796875000	14.8570318222	-5.94140625000	-800.000000000	98571.6750373	5453.37294372	2882.21089041	24.3000488281	25.0001220703	0.00000000000	4455.00000000	4623.00000000	2954.00000000	2978.00000000	3423.00000000	3604.00000000	64155.0000000	4292.00000000	1745.21669062	1531.06749580	1.06878662109	0.668792724609	0.00000000000	0.00000000000	1.00000000000	5.50000000000	75.2367172241	66.0505556515	49.2627485372	41.0000000000	41.0000000000

















3831353753.18	22801.5787774	142.000000000	1080.00000000	9527.00000000	21599.0000000	NaN	3.30475521088	-7.31008273075	4.62273311615	94.8059626670	0.0316405296326	0.0247468948364	0.591001510620	0.569664001465	16.6959904129	334.110135223	2.36355085820	598.915692257	2.42721271515	0.316779541765	0.624601078033	200000.000000	31.0000000000	0.00000000000	130.000000000	203.000000000	5.00000000000	0.950000000000	-0.740000000000	24.3000000000	5.00000000000	242.000000000	0.00000000000	6720104.00000	2500.00000000	2000.00000000	206.200000000	6466.00000000	1700.00000000	6000.00000000	13314.0000000	5801.00000000	2.00000000000	0.100000000000	0.0500000000000	2.42173089981	5.50097656250	50.0000000000	49.9921875000	0.999023437500	0.0195312500000	0.500195324421	21.1640625000	15.3257818222	8.73593807220	15.1796875000	14.8570318222	-5.94140625000	-800.000000000	99384.1175364	5495.10717726	2870.19051532	24.3000488281	25.0001220703	0.00000000000	4455.00000000	4623.00000000	2954.00000000	2978.00000000	3423.00000000	3604.00000000	64155.0000000	4292.00000000	1760.07065016	1532.05486239	1.06878662109	0.668792724609	0.00000000000	0.00000000000	1.00000000000	5.50000000000	75.2367172241	68.6248455293	51.9127788777	23.0000000000	35.0000000000


















3831353753.38	22399.6068570	140.000000000	1176.00000000	9509.00000000	21516.0000000	NaN	3.31033563614	-7.17506590179	4.62306165695	94.7100874705	0.0267162322998	0.0244183540344	0.595268726349	0.572618484497	16.7721626947	335.633857498	2.36568159795	600.001637749	2.42856550217	0.315163107327	0.621485877037	200000.000000	31.0000000000	0.00000000000	130.000000000	203.000000000	5.00000000000	0.950000000000	-0.740000000000	24.3000000000	5.00000000000	242.000000000	0.00000000000	6720104.00000	2500.00000000	2000.00000000	206.200000000	6466.00000000	1700.00000000	6000.00000000	13314.0000000	5801.00000000	2.00000000000	0.100000000000	0.0500000000000	2.42234406471	5.50097656250	50.0000000000	49.9921875000	0.999023437500	0.0195312500000	0.500195324421	21.1687507629	15.3242187500	8.73437500000	15.1804685593	14.8579111099	-5.94296884537	-800.000000000	99278.4531971	5476.54801641	2878.69782440	24.2997436523	24.9996032715	0.00000000000	4455.00000000	4623.00000000	2954.00000000	2978.00000000	3423.00000000	3604.00000000	64155.0000000	4292.00000000	1754.28661380	1530.29054523	1.06851387024	0.668395996094	0.00000000000	0.00000000000	1.00000000000	5.50000000000	75.2040939331	68.6248455293	51.9127788777	23.0000000000	35.0000000000


















3831353753.58	18379.5585943	114.000000000	1104.00000000	9371.00000000	21531.0000000	NaN	3.29753351212	-7.25939733496	4.62076377869	94.8700474896	0.0378775596619	0.0240902900696	0.592970848083	0.565068244934	16.5531621975	331.824828449	2.36036128019	597.286971177	2.42693710327	0.315525876066	0.622147655487	200000.000000	31.0000000000	0.00000000000	130.000000000	203.000000000	5.00000000000	0.950000000000	-0.740000000000	24.3000000000	5.00000000000	242.000000000	0.00000000000	6720104.00000	2500.00000000	2000.00000000	206.200000000	6466.00000000	1700.00000000	6000.00000000	13314.0000000	5801.00000000	2.00000000000	0.100000000000	0.0500000000000	2.42100205421	5.50097656250	50.0000000000	49.9921875000	0.999023437500	0.0195312500000	0.500195324421	21.1687507629	15.3242187500	8.73437500000	15.1804685593	14.8579111099	-5.94296884537	-800.000000000	99307.1183938	5496.28275493	2871.59622839	24.2997436523	24.9996032715	0.00000000000	4455.00000000	4623.00000000	2954.00000000	2978.00000000	3423.00000000	3604.00000000	64155.0000000	4292.00000000	1724.31133446	1540.51574851	1.06838989258	0.668395996094	0.00000000000	0.00000000000	1.00000000000	5.50000000000	75.2040939331	68.6248455293	51.9127788777	23.0000000000	35.0000000000


















3831353753.78	17606.9366968	143.000000000	1094.00000000	9246.00000000	21312.0000000	NaN	3.30377054214	-7.10776023495	4.62076377869	95.0307734964	0.0418167114258	0.0349230766296	0.599864482880	0.574259757996	16.6674275362	333.348550724	2.36514819943	601.358872455	2.42530870438	0.313525121555	0.618237352371	200000.000000	31.0000000000	0.00000000000	130.000000000	203.000000000	5.00000000000	0.950000000000	-0.740000000000	24.3000000000	5.00000000000	242.000000000	0.00000000000	6720104.00000	2500.00000000	2000.00000000	206.200000000	6466.00000000	1700.00000000	6000.00000000	13314.0000000	5801.00000000	2.00000000000	0.100000000000	0.0500000000000	2.42136850357	5.49609375000	49.9960937500	49.9882812500	1.00000000000	-0.0195312500000	0.496679693460	21.1687507629	15.3242187500	8.73437500000	15.1804685593	14.8579111099	-5.94296884537	-800.000000000	98306.7006623	5440.74689373	2852.75701250	24.2998046875	24.9998474121	0.00000000000	4455.00000000	4623.00000000	2954.00000000	2978.00000000	3432.00000000	3604.00000000	64155.0000000	4292.00000000	1716.95472110	1540.88535414	1.06838989258	0.668395996094	0.00000000000	0.00000000000	1.00000000000	5.50000000000	75.1743927002	68.6248455293	51.9282813116	28.0000000000	38.0000000000

















3831353753.98	16675.4399102	130.000000000	1128.00000000	9407.00000000	21366.0000000	NaN	3.29425096512	-7.12457749041	4.61682462692	94.2032527910	0.0329532623291	0.0299987792969	0.601505756378	0.570649147034	16.5245854889	331.063243950	2.36142360198	599.865795983	2.42653036118	0.314514891890	0.620147180557	200000.000000	31.0000000000	0.00000000000	130.000000000	203.000000000	5.00000000000	0.950000000000	-0.740000000000	24.3000000000	5.00000000000	242.000000000	0.00000000000	6720104.00000	2500.00000000	2000.00000000	206.200000000	6466.00000000	1700.00000000	6000.00000000	13314.0000000	5801.00000000	2.00000000000	0.100000000000	0.0500000000000	2.42090635300	5.49609375000	49.9960937500	49.9882812500	1.00000000000	-0.0195312500000	0.496679693460	21.1687507629	15.3257818222	8.73671913147	15.1789064407	14.8582038879	-5.94296884537	-800.000000000	98396.2393159	5420.13275429	2870.57737797	24.2998046875	24.9998474121	0.00000000000	4455.00000000	4623.00000000	2954.00000000	2978.00000000	3432.00000000	3604.00000000	64155.0000000	4292.00000000	1733.38657095	1566.63217185	1.06838989258	0.668395996094	0.00000000000	0.00000000000	1.00000000000	5.50000000000	75.1743927002	68.6248455293	51.9282813116	28.0000000000	38.0000000000


















3831353754.18	16077.2487178	143.000000000	1149.00000000	9414.00000000	21369.0000000	NaN	3.30180120468	-7.19191578102	4.61977863312	94.5191549321	0.0408315658569	0.0342664718628	0.599207878113	0.570320606232	16.6293344793	332.586689587	2.36301833120	599.865795983	2.42695045471	0.311871924494	0.614946842194	200000.000000	31.0000000000	0.00000000000	130.000000000	203.000000000	5.00000000000	0.950000000000	-0.740000000000	24.3000000000	5.00000000000	242.000000000	0.00000000000	6720104.00000	2500.00000000	2000.00000000	206.200000000	6466.00000000	1700.00000000	6000.00000000	13314.0000000	5801.00000000	2.00000000000	0.100000000000	0.0500000000000	2.42070283890	5.49609375000	49.9960937500	49.9882812500	1.00000000000	-0.0195312500000	0.496679693460	21.1687507629	15.3257818222	8.73671913147	15.1789064407	14.8582038879	-5.94296884537	-800.000000000	99199.6804705	5489.97769440	2865.45911097	24.2998046875	24.9998474121	0.00000000000	4455.00000000	4623.00000000	2954.00000000	2978.00000000	3432.00000000	3604.00000000	64155.0000000	4292.00000000	1748.40763212	1587.63514494	1.06838989258	0.668395996094	0.00000000000	0.00000000000	1.00000000000	5.50000000000	75.1743927002	68.6248455293	51.9282813116	28.0000000000	38.0000000000


















3831353754.38	14819.2217819	160.000000000	1107.00000000	9319.00000000	21373.0000000	NaN	3.30967950821	-7.10776023495	4.62765741348	94.5826476843	0.0362358093262	0.0332818031311	0.597894668579	0.579183578491	16.7721626947	334.681669395	2.37155792752	600.680255102	2.42754125595	0.313372128778	0.617946529388	200000.000000	31.0000000000	0.00000000000	130.000000000	203.000000000	5.00000000000	0.950000000000	-0.740000000000	24.3000000000	5.00000000000	242.000000000	0.00000000000	6720104.00000	2500.00000000	2000.00000000	206.200000000	6466.00000000	1700.00000000	6000.00000000	13314.0000000	5801.00000000	2.00000000000	0.100000000000	0.0500000000000	2.42035613060	5.49960947037	49.9960937500	50.0000000000	0.999609410763	0.00000000000	0.497070312500	21.1687507629	15.3257818222	8.73671913147	15.1789064407	14.8582038879	-5.94296884537	-800.000000000	98753.1786977	5483.30846585	2833.78702645	24.2998657227	25.0000305176	0.00000000000	4455.00000000	4623.00000000	2954.00000000	2978.00000000	3423.00000000	3604.00000000	64155.0000000	4292.00000000	1726.66521531	1578.47299749	1.06838989258	0.668395996094	0.00000000000	0.00000000000	1.00000000000	5.50000000000	75.1697158813	69.8486519526	53.2171979572	20.0000000000	38.0000000000

















3831353754.58	16929.2304419	132.000000000	1059.00000000	9366.00000000	21095.0000000	NaN	3.30770969391	-7.21721208534	4.62043523788	95.2571000085	0.0398468971252	0.0326251983643	0.591986179352	0.570320606232	16.7435998180	335.062323326	2.36355085820	597.286971177	2.42482328415	0.309246518784	0.609804964066	200000.000000	31.0000000000	0.00000000000	130.000000000	203.000000000	5.00000000000	0.950000000000	-0.740000000000	24.3000000000	5.00000000000	242.000000000	0.00000000000	6720104.00000	2500.00000000	2000.00000000	206.200000000	6466.00000000	1700.00000000	6000.00000000	13314.0000000	5801.00000000	2.00000000000	0.100000000000	0.0500000000000	2.42108626366	5.49960947037	49.9960937500	50.0000000000	0.999609410763	0.00000000000	0.497070312500	21.1617183685	15.3242187500	8.73750019073	15.1781253815	14.8570318222	-5.94218778610	-800.000000000	98055.6009220	5440.47964633	2815.85363974	24.2998657227	25.0000305176	0.00000000000	4455.00000000	4623.00000000	2954.00000000	2978.00000000	3423.00000000	3604.00000000	64155.0000000	4292.00000000	1756.51322268	1587.22091826	1.06838989258	0.668395996094	0.00000000000	0.00000000000	1.00000000000	5.50000000000	75.1697158813	69.8486519526	53.2171979572	20.0000000000	38.0000000000


















3831353754.78	11580.6896930	125.000000000	1085.00000000	9221.00000000	21239.0000000	NaN	3.31132078171	-7.25094881477	4.62240505219	93.7660194244	0.0316405296326	0.0273728370667	0.591001510620	0.570977210999	16.7531161663	336.205115032	2.36888346298	596.743998431	2.42370700836	0.310855576591	0.612979221344	200000.000000	31.0000000000	0.00000000000	130.000000000	203.000000000	5.00000000000	0.950000000000	-0.740000000000	24.3000000000	5.00000000000	242.000000000	0.00000000000	6720104.00000	2500.00000000	2000.00000000	206.200000000	6466.00000000	1700.00000000	6000.00000000	13314.0000000	5801.00000000	2.00000000000	0.100000000000	0.0500000000000	2.42174005508	5.49960947037	49.9960937500	50.0000000000	0.999609410763	0.00000000000	0.497070312500	21.1617183685	15.3242187500	8.73750019073	15.1781253815	14.8570318222	-5.94218778610	-800.000000000	98633.2300263	5442.96975409	2830.40181965	24.2998657227	24.9999084473	0.00000000000	4455.00000000	4623.00000000	2954.00000000	2978.00000000	3423.00000000	3604.00000000	64155.0000000	4292.00000000	1717.86328880	1602.05639187	1.06838989258	0.668395996094	0.00000000000	0.00000000000	1.00000000000	5.50000000000	75.1966705322	69.8486519526	53.2171979572	20.0000000000	38.0000000000


















3831353754.98	11109.6640718	128.000000000	1110.00000000	9172.00000000	21239.0000000	NaN	3.31066417694	-7.33545335051	4.61321353912	94.6463070799	0.0329532623291	0.0277013778687	0.593955516815	0.569335937500	16.6007716026	332.586689587	2.35876981552	596.608353823	2.42750167847	0.312754082798	0.616697144508	200000.000000	31.0000000000	0.00000000000	130.000000000	203.000000000	5.00000000000	0.950000000000	-0.740000000000	24.3000000000	5.00000000000	242.000000000	0.00000000000	6720104.00000	2500.00000000	2000.00000000	206.200000000	6466.00000000	1700.00000000	6000.00000000	13314.0000000	5801.00000000	2.00000000000	0.100000000000	0.0500000000000	2.42124643326	5.50195312500	50.0019531250	50.0000000000	0.999414086342	0.00000000000	0.498242199421	21.1617183685	15.3242187500	8.73750019073	15.1781253815	14.8570318222	-5.94218778610	-800.000000000	98021.9637824	5439.99412476	2795.79894659	24.3001098633	24.9999084473	0.00000000000	4455.00000000	4623.00000000	2954.00000000	2978.00000000	3423.00000000	3604.00000000	64155.0000000	4292.00000000	1698.35275907	1587.25611836	1.06838989258	0.668395996094	0.00000000000	0.00000000000	1.00000000000	5.50000000000	75.1966705322	67.5609356383	50.9928201585	30.0000000000	31.0000000000


















3831353755.18	15846.7291543	160.000000000	1151.00000000	9266.00000000	21370.0000000	NaN	3.29359436035	-7.20877385067	4.62240505219	94.9342549048	0.0365643501282	0.0319685935974	0.590016365051	0.568679332733	16.7150369413	334.681669395	2.36036128019	597.151326569	2.42696332932	0.312440130001	0.616099023819	200000.000000	31.0000000000	0.00000000000	130.000000000	203.000000000	5.00000000000	0.950000000000	-0.740000000000	24.3000000000	5.00000000000	242.000000000	0.00000000000	6720104.00000	2500.00000000	2000.00000000	206.200000000	6466.00000000	1700.00000000	6000.00000000	13314.0000000	5801.00000000	2.00000000000	0.100000000000	0.0500000000000	2.42085123062	5.50195312500	50.0019531250	50.0000000000	0.999414086342	0.00000000000	0.498242199421	21.1632823944	15.3242187500	8.73750019073	15.1789064407	14.8567390442	-5.93984365463	-800.000000000	99046.6945014	5455.94425980	2815.37639582	24.3001098633	24.9999084473	0.00000000000	4455.00000000	4623.00000000	2954.00000000	2978.00000000	3423.00000000	3604.00000000	64155.0000000	4292.00000000	1724.62999457	1566.16270303	1.06838989258	0.668395996094	0.00000000000	0.00000000000	1.00000000000	5.50000000000	75.1966705322	67.5609356383	50.9928201585	30.0000000000	31.0000000000


















3831353755.38	17206.6802516	118.000000000	1066.00000000	9299.00000000	21500.0000000	NaN	3.31493139267	-7.16665014482	4.62700080872	94.0464330957	0.0306553840637	0.0267162322998	0.593627452850	0.572618484497	16.7435998180	335.252926929	2.36728155120	598.915692257	2.42676639557	0.312322959687	0.615896773338	200000.000000	31.0000000000	0.00000000000	130.000000000	203.000000000	5.00000000000	0.950000000000	-0.740000000000	24.3000000000	5.00000000000	242.000000000	0.00000000000	6720104.00000	2500.00000000	2000.00000000	206.200000000	6466.00000000	1700.00000000	6000.00000000	13314.0000000	5801.00000000	2.00000000000	0.100000000000	0.0500000000000	2.42092595100	5.50195312500	50.0019531250	50.0000000000	0.999414086342	0.00000000000	0.498242199421	21.1632823944	15.3242187500	8.73750019073	15.1789064407	14.8567390442	-5.93984365463	-800.000000000	100086.055697	5529.44866932	2845.10808304	24.2998352051	24.9997863770	0.00000000000	4455.00000000	4623.00000000	2954.00000000	2978.00000000	3423.00000000	3604.00000000	64155.0000000	4292.00000000	1732.07199124	1560.00518873	1.06838989258	0.668395996094	0.00000000000	0.00000000000	1.00000000000	5.50000000000	75.2252197266	67.5609356383	50.9928201585	30.0000000000	31.0000000000


















3831353755.58	18288.3712073	129.000000000	1152.00000000	9200.00000000	21375.0000000	NaN	3.30442714691	-7.12457749041	4.62667226791	94.5826476843	0.0365643501282	0.0339379310608	0.596909999847	0.574259757996	16.6959904129	333.729204655	2.36621443987	602.308976182	2.42723941803	0.309940512727	0.611192917824	200000.000000	31.0000000000	0.00000000000	130.000000000	203.000000000	5.00000000000	0.950000000000	-0.740000000000	24.3000000000	5.00000000000	242.000000000	0.00000000000	6720104.00000	2500.00000000	2000.00000000	206.200000000	6466.00000000	1700.00000000	6000.00000000	13314.0000000	5801.00000000	2.00000000000	0.100000000000	0.0500000000000	2.42107305527	5.50078153610	49.9960937500	50.0000000000	0.999609410763	-0.0195312500000	0.497656255960	21.1632823944	15.3242187500	8.73750019073	15.1789064407	14.8567390442	-5.93984365463	-800.000000000	99881.3337851	5533.42198214	2862.04085754	24.2998352051	24.9997863770	0.00000000000	4455.00000000	4623.00000000	2954.00000000	2978.00000000	3423.00000000	3604.00000000	64155.0000000	4292.00000000	1724.48937356	1541.60566148	1.06838989258	0.668395996094	0.00000000000	0.00000000000	1.00000000000	5.50000000000	75.2252197266	65.0003764877	48.5004717169	23.0000000000	31.0000000000


















3831353755.78	18893.2531830	151.000000000	1078.00000000	9365.00000000	21468.0000000	NaN	3.30967950821	-7.09936075827	4.63258123398	94.3608549704	0.0329532623291	0.0260596275330	0.593955516815	0.576886177063	16.8007255714	336.014511429	2.36941760996	601.358872455	2.42460012436	0.317337441683	0.625666618347	200000.000000	31.0000000000	0.00000000000	130.000000000	203.000000000	5.00000000000	0.950000000000	-0.740000000000	24.3000000000	5.00000000000	242.000000000	0.00000000000	6720104.00000	2500.00000000	2000.00000000	206.200000000	6466.00000000	1700.00000000	6000.00000000	13314.0000000	5801.00000000	2.00000000000	0.100000000000	0.0500000000000	2.42105202675	5.50078153610	49.9960937500	50.0000000000	0.999609410763	-0.0195312500000	0.497656255960	21.1648445129	15.3234376907	8.73984432220	15.1804685593	14.8576173782	-5.93828153610	-800.000000000	98265.4490684	5400.57630921	2877.56656555	24.2998352051	24.9998779297	0.00000000000	4455.00000000	4623.00000000	2954.00000000	2978.00000000	3423.00000000	3613.00000000	64155.0000000	4292.00000000	1719.95730808	1531.02477625	1.06838989258	0.668395996094	0.00000000000	0.00000000000	1.00000000000	5.50000000000	75.2461853027	65.0003764877	48.5004717169	23.0000000000	31.0000000000

















3831353755.98	22924.6923564	134.000000000	1166.00000000	9416.00000000	21592.0000000	NaN	3.29654884338	-7.28473074066	4.61551141739	94.4240485796	0.0355796813965	0.0306553840637	0.599864482880	0.566709995270	16.5245854889	331.253570915	2.36195547551	601.087386082	2.42718648911	0.317337767123	0.625708603859	200000.000000	31.0000000000	0.00000000000	130.000000000	203.000000000	5.00000000000	0.950000000000	-0.740000000000	24.3000000000	5.00000000000	242.000000000	0.00000000000	6720104.00000	2500.00000000	2000.00000000	206.200000000	6466.00000000	1700.00000000	6000.00000000	13314.0000000	5801.00000000	2.00000000000	0.100000000000	0.0500000000000	2.42108492851	5.50078153610	49.9960937500	50.0000000000	0.999609410763	-0.0195312500000	0.497656255960	21.1648445129	15.3234376907	8.73984432220	15.1804685593	14.8576173782	-5.93828153610	-800.000000000	99170.7586312	5502.01687368	2885.38810886	24.3001403809	24.9998779297	0.00000000000	4455.00000000	4623.00000000	2954.00000000	2978.00000000	3423.00000000	3613.00000000	64155.0000000	4292.00000000	1741.99966442	1512.75274085	1.06838989258	0.668395996094	0.00000000000	0.00000000000	1.00000000000	5.50000000000	75.2461853027	65.0003764877	48.5004717169	23.0000000000	31.0000000000


















3831353756.18	21501.2917671	131.000000000	1213.00000000	9511.00000000	21526.0000000	NaN	3.29195308685	-7.20034991252	4.61649608612	94.2032527910	0.0405035018921	0.0332818031311	0.599207878113	0.568679332733	16.5817250742	331.824828449	2.36461579264	599.594309610	2.42575550079	0.316576045582	0.624184846878	200000.000000	31.0000000000	0.00000000000	130.000000000	203.000000000	5.00000000000	0.950000000000	-0.740000000000	24.3000000000	5.00000000000	242.000000000	0.00000000000	6720104.00000	2500.00000000	2000.00000000	206.200000000	6466.00000000	1700.00000000	6000.00000000	13314.0000000	5801.00000000	2.00000000000	0.100000000000	0.0500000000000	2.42156682014	5.49863290787	50.0000000000	50.0000000000	0.999609410763	0.00000000000	0.497070312500	21.1648445129	15.3234376907	8.73984432220	15.1804685593	14.8576173782	-5.93828153610	-800.000000000	98945.0178361	5467.82839990	2870.79696351	24.3001403809	24.9998779297	0.00000000000	4455.00000000	4623.00000000	2954.00000000	2978.00000000	3423.00000000	3613.00000000	64155.0000000	4292.00000000	1745.31162326	1530.29870559	1.06838989258	0.668395996094	0.00000000000	0.00000000000	1.00000000000	5.50000000000	75.2461853027	64.3878088860	47.8763880215	31.0000000000	28.0000000000

















3831353756.38	21655.9670200	171.000000000	1143.00000000	9501.00000000	21724.0000000	NaN	3.31066417694	-7.34392256724	4.61682462692	94.3608549704	0.0332818031311	0.0306553840637	0.595925331116	0.567366123199	16.6102879509	333.919808258	2.35983083130	599.051534022	2.42630672455	0.317612245301	0.626221394539	200000.000000	31.0000000000	0.00000000000	130.000000000	203.000000000	5.00000000000	0.950000000000	-0.740000000000	24.3000000000	5.00000000000	242.000000000	0.00000000000	6720104.00000	2500.00000000	2000.00000000	206.200000000	6466.00000000	1700.00000000	6000.00000000	13314.0000000	5801.00000000	2.00000000000	0.100000000000	0.0500000000000	2.42135791779	5.49863290787	50.0000000000	50.0000000000	0.999609410763	0.00000000000	0.497070312500	21.1664066315	15.3234376907	8.74062538147	15.1781253815	14.8570318222	-5.93750000000	-800.000000000	100025.370941	5542.97995651	2856.93769592	24.2997436523	24.9998474121	0.00000000000	4455.00000000	4623.00000000	2954.00000000	2978.00000000	3423.00000000	3613.00000000	64155.0000000	4292.00000000	1747.43033298	1530.87066278	1.06838989258	0.668395996094	0.00000000000	0.00000000000	1.00000000000	5.50000000000	75.2342071533	64.3878088860	47.8763880215	31.0000000000	28.0000000000


















3831353756.58	20506.9880466	166.000000000	1156.00000000	9485.00000000	21548.0000000	NaN	3.29425096512	-7.30163409249	4.62142038345	94.7739893095	0.0345945358276	0.0332818031311	0.593955516815	0.568022727966	16.6674275362	333.919808258	2.35983083130	599.051534022	2.42685842514	0.319996693113	0.630911588669	200000.000000	31.0000000000	0.00000000000	130.000000000	203.000000000	5.00000000000	0.950000000000	-0.740000000000	24.3000000000	5.00000000000	242.000000000	0.00000000000	6720104.00000	2500.00000000	2000.00000000	206.200000000	6466.00000000	1700.00000000	6000.00000000	13314.0000000	5801.00000000	2.00000000000	0.100000000000	0.0500000000000	2.42150902748	5.49863290787	50.0000000000	50.0000000000	0.999609410763	0.00000000000	0.497070312500	21.1664066315	15.3234376907	8.74062538147	15.1781253815	14.8570318222	-5.93750000000	-800.000000000	98104.1930371	5429.77464755	2850.99852620	24.2997436523	24.9998474121	0.00000000000	4455.00000000	4623.00000000	2954.00000000	2978.00000000	3423.00000000	3613.00000000	64155.0000000	4292.00000000	1733.44044404	1528.37056357	1.06838989258	0.668395996094	0.00000000000	0.00000000000	1.00000000000	5.50000000000	75.2342071533	64.3878088860	47.8763880215	31.0000000000	28.0000000000


















3831353756.78	18805.7598947	116.000000000	1117.00000000	9457.00000000	21599.0000000	NaN	3.29096841812	-7.24251461434	4.61748123169	94.7420463838	0.0375490188599	0.0319685935974	0.600521087646	0.569007396698	16.5721948940	332.586689587	2.36248679465	600.544413337	2.42842102051	0.318469597874	0.627915120125	200000.000000	31.0000000000	0.00000000000	130.000000000	203.000000000	5.00000000000	0.950000000000	-0.740000000000	24.3000000000	5.00000000000	242.000000000	0.00000000000	6720104.00000	2500.00000000	2000.00000000	206.200000000	6466.00000000	1700.00000000	6000.00000000	13314.0000000	5801.00000000	2.00000000000	0.100000000000	0.0500000000000	2.42140126228	5.49941396713	49.9882812500	50.0039062500	0.996093750000	0.0390625000000	0.498632818460	21.1664066315	15.3234376907	8.74062538147	15.1781253815	14.8570318222	-5.93750000000	-800.000000000	98900.3710287	5457.92229643	2836.86783444	24.2997436523	24.9999084473	0.00000000000	4455.00000000	4623.00000000	2954.00000000	2978.00000000	3423.00000000	3613.00000000	64155.0000000	4292.00000000	1726.89594836	1538.83834941	1.06838989258	0.668395996094	0.00000000000	0.00000000000	1.00000000000	5.50000000000	75.2081298828	65.0544135429	48.4836405030	28.0000000000	40.0000000000

















3831353756.98	16816.5099337	140.000000000	1113.00000000	9451.00000000	21427.0000000	NaN	3.29523563385	-7.22564012401	4.62503099442	94.5508862901	0.0345945358276	0.0303273200989	0.591657638550	0.571305274963	16.7435998180	334.871996361	2.36195547551	597.694102157	2.42744922638	0.317544553862	0.626124858856	200000.000000	31.0000000000	0.00000000000	130.000000000	203.000000000	5.00000000000	0.950000000000	-0.740000000000	24.3000000000	5.00000000000	242.000000000	0.00000000000	6720104.00000	2500.00000000	2000.00000000	206.200000000	6466.00000000	1700.00000000	6000.00000000	13314.0000000	5801.00000000	2.00000000000	0.100000000000	0.0500000000000	2.42044544220	5.49941396713	49.9882812500	50.0039062500	0.996093750000	0.0390625000000	0.498632818460	21.1656246185	15.3234376907	8.74062538147	15.1804685593	14.8573246002	-5.93515634537	-800.000000000	97902.6319324	5414.06420151	2843.82363723	24.2999572754	24.9999084473	0.00000000000	4455.00000000	4623.00000000	2954.00000000	2978.00000000	3423.00000000	3613.00000000	64155.0000000	4292.00000000	1731.46202184	1563.29692251	1.06838989258	0.668395996094	0.00000000000	0.00000000000	1.00000000000	5.50000000000	75.2081298828	65.0544135429	48.4836405030	28.0000000000	40.0000000000


















3831353757.18	18053.3355129	165.000000000	1132.00000000	9408.00000000	21370.0000000	NaN	3.29622077942	-7.18349593676	4.61912250519	94.2347323306	0.0345945358276	0.0306553840637	0.601833820343	0.574259757996	16.5626785458	331.634501484	2.36195547551	601.087386082	2.42482328415	0.316878391033	0.624786186218	200000.000000	31.0000000000	0.00000000000	130.000000000	203.000000000	5.00000000000	0.950000000000	-0.740000000000	24.3000000000	5.00000000000	242.000000000	0.00000000000	6720104.00000	2500.00000000	2000.00000000	206.200000000	6466.00000000	1700.00000000	6000.00000000	13314.0000000	5801.00000000	2.00000000000	0.100000000000	0.0500000000000	2.42072372437	5.49941396713	49.9882812500	50.0039062500	0.996093750000	0.0390625000000	0.498632818460	21.1656246185	15.3234376907	8.74062538147	15.1804685593	14.8573246002	-5.93515634537	-800.000000000	97735.4285709	5421.29372715	2820.57191217	24.2999572754	24.9999084473	0.00000000000	4455.00000000	4623.00000000	2954.00000000	2978.00000000	3423.00000000	3613.00000000	64155.0000000	4292.00000000	1729.06771611	1548.53436098	1.06838989258	0.668395996094	0.00000000000	0.00000000000	1.00000000000	5.50000000000	75.2081298828	65.0544135429	48.4836405030	28.0000000000	40.0000000000


















3831353757.38	15163.9545174	128.000000000	1159.00000000	9272.00000000	21456.0000000	NaN	3.29556417465	-7.26783565255	4.61452674866	94.4240485796	0.0342664718628	0.0303273200989	0.595596790314	0.563755512238	16.5245854889	331.634501484	2.36036128019	599.730151376	2.42853927612	0.314843802856	0.620818161964	200000.000000	31.0000000000	0.00000000000	130.000000000	203.000000000	5.00000000000	0.950000000000	-0.740000000000	24.3000000000	5.00000000000	242.000000000	0.00000000000	6720104.00000	2500.00000000	2000.00000000	206.200000000	6466.00000000	1700.00000000	6000.00000000	13314.0000000	5801.00000000	2.00000000000	0.100000000000	0.0500000000000	2.42104029655	5.50039052963	50.0000000000	50.0000000000	1.00000000000	0.00000000000	0.496875017881	21.1656246185	15.3234376907	8.74062538147	15.1804685593	14.8573246002	-5.93515634537	-800.000000000	98942.1252241	5479.65779312	2817.06735704	24.2996215820	25.0003051758	0.00000000000	4455.00000000	4623.00000000	2954.00000000	2978.00000000	3423.00000000	3613.00000000	64155.0000000	4302.00000000	1705.64475220	1554.00520703	1.06811714172	0.667999267578	0.00000000000	0.00000000000	1.00000000000	5.50000000000	75.1767044067	67.6149726936	51.0543869673	36.0000000000	25.0000000000



















3831353757.58	14940.5614383	135.000000000	1057.00000000	9364.00000000	21278.0000000	NaN	3.30639648438	-7.09936075827	4.62864208221	94.8380130527	0.0365643501282	0.0316405296326	0.597894668579	0.578855514526	16.8578651567	336.776372566	2.36888346298	601.630358828	2.42733097076	0.313596151763	0.618340468407	200000.000000	31.0000000000	0.00000000000	130.000000000	203.000000000	5.00000000000	0.950000000000	-0.740000000000	24.3000000000	5.00000000000	242.000000000	0.00000000000	6720104.00000	2500.00000000	2000.00000000	206.200000000	6466.00000000	1700.00000000	6000.00000000	13314.0000000	5801.00000000	2.00000000000	0.100000000000	0.0500000000000	2.42079467773	5.50039052963	50.0000000000	50.0000000000	1.00000000000	0.00000000000	0.496875017881	21.1679687500	15.3234376907	8.74453163147	15.1804685593	14.8573246002	-5.93593740463	-800.000000000	97996.0413643	5411.74633309	2826.08242498	24.2996215820	25.0003051758	0.00000000000	4455.00000000	4623.00000000	2954.00000000	2978.00000000	3423.00000000	3613.00000000	64155.0000000	4302.00000000	1726.51905086	1577.11343648	1.06799316406	0.667999267578	0.00000000000	0.00000000000	1.00000000000	5.50000000000	75.1767044067	67.6149726936	51.0543869673	36.0000000000	25.0000000000


















3831353757.78	16567.5452607	144.000000000	1109.00000000	9371.00000000	21244.0000000	NaN	3.30015993118	-7.16665014482	4.61945056915	95.1276173396	0.0411601066589	0.0349230766296	0.600192546844	0.571305274963	16.6388508276	333.538877689	2.36461579264	600.001637749	2.42449474335	0.313754520320	0.618697571754	200000.000000	31.0000000000	0.00000000000	130.000000000	203.000000000	5.00000000000	0.950000000000	-0.740000000000	24.3000000000	5.00000000000	242.000000000	0.00000000000	6720104.00000	2500.00000000	2000.00000000	206.200000000	6466.00000000	1700.00000000	6000.00000000	13314.0000000	5801.00000000	2.00000000000	0.100000000000	0.0500000000000	2.42103505135	5.50039052963	50.0000000000	50.0000000000	1.00000000000	0.00000000000	0.496875017881	21.1679687500	15.3234376907	8.74453163147	15.1804685593	14.8573246002	-5.93593740463	-800.000000000	97815.4987085	5406.21528544	2813.20441776	24.2996215820	25.0003051758	0.00000000000	4455.00000000	4623.00000000	2954.00000000	2978.00000000	3423.00000000	3613.00000000	64155.0000000	4292.00000000	1738.95554248	1573.28008987	1.06799316406	0.667999267578	0.00000000000	0.00000000000	1.00000000000	5.50000000000	75.1705551147	67.6149726936	51.0543869673	36.0000000000	25.0000000000


















3831353757.98	16366.2961872	110.000000000	1132.00000000	9257.00000000	21344.0000000	NaN	3.29425096512	-7.24251461434	4.61780929565	94.4874074986	0.0299987792969	0.0254034996033	0.591001510620	0.568351268768	16.7340834698	335.252926929	2.36248679465	598.237074903	2.42796134949	0.313474039589	0.618095564842	200000.000000	31.0000000000	0.00000000000	130.000000000	203.000000000	5.00000000000	0.950000000000	-0.740000000000	24.3000000000	5.00000000000	242.000000000	0.00000000000	6720104.00000	2500.00000000	2000.00000000	206.200000000	6466.00000000	1700.00000000	6000.00000000	13314.0000000	5801.00000000	2.00000000000	0.100000000000	0.0500000000000	2.42088398933	5.49980497360	49.9902343750	50.0000000000	0.996484398842	0.0195312500000	0.499609380960	21.1679687500	15.3234376907	8.74453163147	15.1804685593	14.8573246002	-5.93593740463	-800.000000000	98537.7636699	5448.81214908	2817.16264659	24.2999877930	24.9996643066	0.00000000000	4455.00000000	4623.00000000	2954.00000000	2978.00000000	3423.00000000	3613.00000000	64155.0000000	4292.00000000	1720.70942663	1557.04646476	1.06799316406	0.667999267578	0.00000000000	0.00000000000	1.00000000000	5.50000000000	75.1705551147	65.7210181999	49.2282002560	33.0000000000	23.0000000000


















3831353758.18	18395.6556920	128.000000000	1157.00000000	9310.00000000	21332.0000000	NaN	3.29490756989	-7.20877385067	4.62142038345	94.7100874705	0.0372209548950	0.0322966575623	0.593955516815	0.570977210999	16.6959904129	333.919808258	2.36089271796	597.286971177	2.42629384995	0.314050573939	0.619277906418	200000.000000	31.0000000000	0.00000000000	130.000000000	203.000000000	5.00000000000	0.950000000000	-0.740000000000	24.3000000000	5.00000000000	242.000000000	0.00000000000	6720104.00000	2500.00000000	2000.00000000	206.200000000	6466.00000000	1700.00000000	6000.00000000	13314.0000000	5801.00000000	2.00000000000	0.100000000000	0.0500000000000	2.42114267349	5.49980497360	49.9902343750	50.0000000000	0.996484398842	0.0195312500000	0.499609380960	21.1656246185	15.3242187500	8.74453163147	15.1804685593	14.8582038879	-5.93281269073	-800.000000000	98276.0465827	5444.35048376	2825.74814189	24.2999877930	24.9996643066	0.00000000000	4455.00000000	4623.00000000	2954.00000000	2978.00000000	3423.00000000	3613.00000000	64155.0000000	4292.00000000	1729.91107979	1545.95452287	1.06799316406	0.667999267578	0.00000000000	0.00000000000	1.00000000000	5.50000000000	75.1705551147	65.7210181999	49.2282002560	33.0000000000	23.0000000000


















3831353758.38	18621.1156209	140.000000000	1109.00000000	9418.00000000	21400.0000000	NaN	3.30738162994	-7.07415008460	4.62700080872	95.1599294752	0.0395188331604	0.0306553840637	0.597566604614	0.577870845795	16.8959582136	337.919164272	2.36995275119	600.137282356	2.42617559433	0.314055853293	0.619265508652	200000.000000	31.0000000000	0.00000000000	130.000000000	203.000000000	5.00000000000	0.950000000000	-0.740000000000	24.3000000000	5.00000000000	242.000000000	0.00000000000	6720104.00000	2500.00000000	2000.00000000	206.200000000	6466.00000000	1700.00000000	6000.00000000	13314.0000000	5801.00000000	2.00000000000	0.100000000000	0.0500000000000	2.42106246948	5.49980497360	49.9902343750	50.0000000000	0.996484398842	0.0195312500000	0.499609380960	21.1656246185	15.3242187500	8.74453163147	15.1804685593	14.8582038879	-5.93281269073	-800.000000000	98762.0599830	5467.16090666	2826.74238900	24.3000488281	25.0000000000	0.00000000000	4455.00000000	4623.00000000	2954.00000000	2978.00000000	3423.00000000	3613.00000000	64155.0000000	4292.00000000	1740.65464067	1554.44348446	1.06799316406	0.667999267578	0.00000000000	0.00000000000	1.00000000000	5.50000000000	75.1948318481	65.7210181999	49.2282002560	33.0000000000	23.0000000000


















3831353758.58	17117.5467837	131.000000000	1074.00000000	9188.00000000	21285.0000000	NaN	3.30442714691	-7.25939733496	4.62207651138	94.2347323306	0.0296707153320	0.0204792022705	0.591329574585	0.572618484497	16.7816928749	335.633857498	2.36355085820	597.286971177	2.42605733871	0.310975434794	0.613161730766	200000.000000	31.0000000000	0.00000000000	130.000000000	203.000000000	5.00000000000	0.950000000000	-0.740000000000	24.3000000000	5.00000000000	242.000000000	0.00000000000	6720104.00000	2500.00000000	2000.00000000	206.200000000	6466.00000000	1700.00000000	6000.00000000	13314.0000000	5801.00000000	2.00000000000	0.100000000000	0.0500000000000	2.42141575813	5.50039052963	49.9941406250	49.9960937500	0.997656285763	0.00000000000	0.502539098263	21.1656246185	15.3242187500	8.74453163147	15.1804685593	14.8582038879	-5.93281269073	-800.000000000	98892.7467019	5473.70660727	2822.00943654	24.3000488281	25.0000000000	0.00000000000	4455.00000000	4623.00000000	2954.00000000	2978.00000000	3423.00000000	3613.00000000	64155.0000000	4292.00000000	1711.03722849	1539.86176065	1.06799316406	0.667999267578	0.00000000000	0.00000000000	1.00000000000	5.50000000000	75.1948318481	68.2815773505	51.7214345509	23.0000000000	43.0000000000

















3831353758.78	17951.4271060	157.000000000	1069.00000000	9244.00000000	21197.0000000	NaN	3.30114459991	-7.11617395277	4.61387014389	94.3292569089	0.0349230766296	0.0296707153320	0.601177215576	0.570649147034	16.5436320173	331.634501484	2.36142360198	600.815899710	2.42952394485	0.309672326381	0.610611104965	200000.000000	31.0000000000	0.00000000000	130.000000000	203.000000000	5.00000000000	0.950000000000	-0.740000000000	24.3000000000	5.00000000000	242.000000000	0.00000000000	6720104.00000	2500.00000000	2000.00000000	206.200000000	6466.00000000	1700.00000000	6000.00000000	13314.0000000	5801.00000000	2.00000000000	0.100000000000	0.0500000000000	2.42117538452	5.50039052963	49.9941406250	49.9960937500	0.997656285763	0.00000000000	0.502539098263	21.1640625000	15.3242187500	8.74531269073	15.1804685593	14.8579111099	-5.93281269073	-800.000000000	98715.7000515	5464.86865355	2820.09680920	24.3000488281	25.0000000000	0.00000000000	4455.00000000	4623.00000000	2954.00000000	2978.00000000	3423.00000000	3613.00000000	64155.0000000	4292.00000000	1727.88842362	1548.37415256	1.06799316406	0.667999267578	0.00000000000	0.00000000000	1.00000000000	5.50000000000	75.2301330566	68.2815773505	51.7214345509	23.0000000000	43.0000000000

















3831353758.98	15818.4311428	144.000000000	1136.00000000	9250.00000000	21085.0000000	NaN	3.30311393738	-7.33545335051	4.61748123169	94.4874074986	0.0329532623291	0.0332818031311	0.592642784119	0.565068244934	16.5721948940	331.824828449	2.36036128019	599.051534022	2.42626762390	0.308783852138	0.608843135834	200000.000000	31.0000000000	0.00000000000	130.000000000	203.000000000	5.00000000000	0.950000000000	-0.740000000000	24.3000000000	5.00000000000	242.000000000	0.00000000000	6720104.00000	2500.00000000	2000.00000000	206.200000000	6466.00000000	1700.00000000	6000.00000000	13314.0000000	5801.00000000	2.00000000000	0.100000000000	0.0500000000000	2.42092871666	5.50039052963	49.9941406250	49.9960937500	0.997656285763	0.00000000000	0.502539098263	21.1640625000	15.3242187500	8.74531269073	15.1804685593	14.8579111099	-5.93281269073	-800.000000000	98131.1868541	5424.51750156	2819.20368642	24.3000183105	25.0001525879	0.00000000000	4455.00000000	4623.00000000	2954.00000000	2978.00000000	3423.00000000	3613.00000000	64155.0000000	4292.00000000	1731.97368882	1573.78937740	1.06799316406	0.667999267578	0.00000000000	0.00000000000	1.00000000000	5.50000000000	75.2301330566	68.2815773505	51.7214345509	23.0000000000	43.0000000000


















3831353759.18	15939.6285774	119.000000000	1114.00000000	9180.00000000	21202.0000000	NaN	3.29589223862	-7.09936075827	4.62142038345	94.7100874705	0.0398468971252	0.0349230766296	0.601505756378	0.576229572296	16.6483810078	333.538877689	2.36674749920	601.358872455	2.42614936829	0.307227178056	0.605789613724	200000.000000	31.0000000000	0.00000000000	130.000000000	203.000000000	5.00000000000	0.950000000000	-0.740000000000	24.3000000000	5.00000000000	242.000000000	0.00000000000	6720104.00000	2500.00000000	2000.00000000	206.200000000	6466.00000000	1700.00000000	6000.00000000	13314.0000000	5801.00000000	2.00000000000	0.100000000000	0.0500000000000	2.42138156891	5.49921894073	50.0058593750	50.0039062500	0.998828113079	0.00000000000	0.502539098263	21.1640625000	15.3242187500	8.74531269073	15.1804685593	14.8579111099	-5.93281269073	-800.000000000	99431.4859507	5512.16286587	2822.72574913	24.3000183105	25.0001525879	0.00000000000	4455.00000000	4623.00000000	2954.00000000	2978.00000000	3423.00000000	3613.00000000	64155.0000000	4292.00000000	1737.79998002	1578.40369424	1.06799316406	0.667999267578	0.00000000000	0.00000000000	1.00000000000	5.50000000000	75.2301330566	68.2957510043	51.7967320869	18.0000000000	35.0000000000


















3831353759.38	12666.3310090	118.000000000	1097.00000000	9167.00000000	20992.0000000	NaN	3.30278587341	-7.23407021396	4.62174844742	94.5826476843	0.0372209548950	0.0309839248657	0.590672969818	0.569664001465	16.6388508276	332.967620155	2.36674749920	599.322823237	2.42779064178	0.308915233314	0.609081387520	200000.000000	31.0000000000	0.00000000000	130.000000000	203.000000000	5.00000000000	0.950000000000	-0.740000000000	24.3000000000	5.00000000000	242.000000000	0.00000000000	6720104.00000	2500.00000000	2000.00000000	206.200000000	6466.00000000	1700.00000000	6000.00000000	13314.0000000	5801.00000000	2.00000000000	0.100000000000	0.0500000000000	2.42068834305	5.49921894073	50.0058593750	50.0039062500	0.998828113079	0.00000000000	0.502539098263	21.1718750000	15.3234376907	8.74765682220	15.1789064407	14.8573246002	-5.93203115463	-800.000000000	97379.5072881	5379.44001358	2823.77482884	24.2999572754	24.9999694824	0.00000000000	4455.00000000	4623.00000000	2954.00000000	2978.00000000	3423.00000000	3613.00000000	64155.0000000	4292.00000000	1709.37370029	1582.71039020	1.06799316406	0.667999267578	0.00000000000	0.00000000000	1.00000000000	5.50000000000	75.2466201782	68.2957510043	51.7967320869	18.0000000000	35.0000000000


















3831353759.58	12774.9685909	123.000000000	1085.00000000	9158.00000000	21096.0000000	NaN	3.30114459991	-7.13298305951	4.61912250519	94.4557360890	0.0378775596619	0.0326251983643	0.601833820343	0.573275089264	16.6007716026	332.396085983	2.36248679465	601.223030690	2.42609691620	0.308858510396	0.608972477913	200000.000000	31.0000000000	0.00000000000	130.000000000	203.000000000	5.00000000000	0.950000000000	-0.740000000000	24.3000000000	5.00000000000	242.000000000	0.00000000000	6720104.00000	2500.00000000	2000.00000000	206.200000000	6466.00000000	1700.00000000	6000.00000000	13314.0000000	5801.00000000	2.00000000000	0.100000000000	0.0500000000000	2.42103238106	5.49921894073	50.0058593750	50.0039062500	0.998828113079	0.00000000000	0.502539098263	21.1718750000	15.3234376907	8.74765682220	15.1789064407	14.8573246002	-5.93203115463	-800.000000000	98222.5463820	5400.85325021	2848.54749849	24.2999572754	24.9999694824	0.00000000000	4455.00000000	4623.00000000	2954.00000000	2978.00000000	3423.00000000	3613.00000000	64155.0000000	4292.00000000	1714.31973827	1586.57005237	1.06799316406	0.667999267578	0.00000000000	0.00000000000	1.00000000000	5.50000000000	75.2466201782	68.2957510043	51.7967320869	18.0000000000	35.0000000000

















3831353759.78	15558.4833208	142.000000000	1112.00000000	9264.00000000	21197.0000000	NaN	3.30442714691	-7.31008273075	4.61780929565	94.6144854012	0.0185098648071	0.0185098648071	0.590672969818	0.569992542267	16.6959904129	334.491065792	2.36514819943	599.865795983	2.42741012573	0.308597628361	0.608509588242	200000.000000	31.0000000000	0.00000000000	130.000000000	203.000000000	5.00000000000	0.950000000000	-0.740000000000	24.3000000000	5.00000000000	242.000000000	0.00000000000	6720104.00000	2500.00000000	2000.00000000	206.200000000	6466.00000000	1700.00000000	6000.00000000	13314.0000000	5801.00000000	2.00000000000	0.100000000000	0.0500000000000	2.42109670639	5.50214862823	50.0000000000	49.9960937500	1.00019538403	0.00000000000	0.502539098263	21.1718750000	15.3234376907	8.74765682220	15.1789064407	14.8573246002	-5.93203115463	-800.000000000	98981.6864870	5503.02327670	2831.32312174	24.2999572754	24.9999694824	0.00000000000	4455.00000000	4623.00000000	2954.00000000	2978.00000000	3423.00000000	3622.00000000	64155.0000000	4292.00000000	1740.16897929	1584.58414608	1.06799316406	0.667999267578	0.00000000000	0.00000000000	1.00000000000	5.50000000000	75.2353210449	69.9022460812	53.4165149643	25.0000000000	38.0000000000


















3831353759.98	14608.6375455	142.000000000	1122.00000000	9274.00000000	21161.0000000	NaN	3.29851818085	-7.13298305951	4.61945056915	94.4557360890	0.0414881706238	0.0339379310608	0.600521087646	0.572290420532	16.6483810078	332.967620155	2.36621443987	603.801855496	2.42512512207	0.309358349477	0.610030078888	200000.000000	31.0000000000	0.00000000000	130.000000000	203.000000000	5.00000000000	0.950000000000	-0.740000000000	24.3000000000	5.00000000000	242.000000000	0.00000000000	6720104.00000	2500.00000000	2000.00000000	206.200000000	6466.00000000	1700.00000000	6000.00000000	13314.0000000	5801.00000000	2.00000000000	0.100000000000	0.0500000000000	2.42067651749	5.50214862823	50.0000000000	49.9960937500	1.00019538403	0.00000000000	0.502539098263	21.1695308685	15.3257818222	8.74843788147	15.1796875000	14.8587894440	-5.93046903610	-800.000000000	98470.6518828	5453.57250367	2825.05237150	24.3001098633	25.0001831055	0.00000000000	4455.00000000	4623.00000000	2954.00000000	2978.00000000	3423.00000000	3622.00000000	64155.0000000	4292.00000000	1732.53279350	1586.44641804	1.06799316406	0.667999267578	0.00000000000	0.00000000000	1.00000000000	5.50000000000	75.2353210449	69.9022460812	53.4165149643	25.0000000000	38.0000000000


















3831353760.18	15494.2147658	117.000000000	1096.00000000	9158.00000000	21123.0000000	NaN	3.30541181564	-7.22564012401	4.62273311615	94.8380130527	0.0349230766296	0.0286860466003	0.590672969818	0.569664001465	16.6769438845	333.919808258	2.36674749920	599.322823237	2.42643833160	0.310625575160	0.612545943260	200000.000000	31.0000000000	0.00000000000	130.000000000	203.000000000	5.00000000000	0.950000000000	-0.740000000000	24.3000000000	5.00000000000	242.000000000	0.00000000000	6720104.00000	2500.00000000	2000.00000000	206.200000000	6466.00000000	1700.00000000	6000.00000000	13314.0000000	5801.00000000	2.00000000000	0.100000000000	0.0500000000000	2.42389364243	5.50214862823	50.0000000000	49.9960937500	1.00019538403	0.00000000000	0.502539098263	21.1695308685	15.3257818222	8.74843788147	15.1796875000	14.8587894440	-5.93046903610	-800.000000000	97797.5971332	5424.66628604	2813.35519450	24.3001098633	25.0001831055	0.00000000000	4455.00000000	4623.00000000	2954.00000000	2978.00000000	3423.00000000	3622.00000000	64155.0000000	4292.00000000	1723.98756337	1569.04541572	1.06799316406	0.667999267578	0.00000000000	0.00000000000	1.00000000000	5.50000000000	75.2353210449	69.9022460812	53.4165149643	25.0000000000	38.0000000000


















3831353760.38	19677.8770156	105.000000000	1142.00000000	9369.00000000	21147.0000000	NaN	3.30245733261	-7.20877385067	4.61583948135	94.1718483910	0.0388622283936	0.0313119888306	0.600521087646	0.568679332733	16.5436320173	331.634501484	2.36568159795	600.544413337	2.42692422867	0.311214741388	0.613672494888	200000.000000	31.0000000000	0.00000000000	130.000000000	203.000000000	5.00000000000	0.950000000000	-0.740000000000	24.3000000000	5.00000000000	242.000000000	0.00000000000	6720104.00000	2500.00000000	2000.00000000	206.200000000	6466.00000000	1700.00000000	6000.00000000	13314.0000000	5801.00000000	2.00000000000	0.100000000000	0.0500000000000	2.42059245110	5.50175809860	49.9980468750	50.0078125000	1.00039064884	-0.0195312500000	0.501562535763	21.1695308685	15.3257818222	8.74843788147	15.1796875000	14.8587894440	-5.93046903610	-800.000000000	97837.9456449	5409.62407025	2812.12986700	24.2999877930	25.0001525879	0.00000000000	4455.00000000	4623.00000000	2954.00000000	2978.00000000	3423.00000000	3622.00000000	64155.0000000	4292.00000000	1752.68761283	1555.90884267	1.06799316406	0.667999267578	0.00000000000	0.00000000000	1.00000000000	5.50000000000	75.2030181885	68.2815773505	51.8534267023	20.0000000000	41.0000000000


















3831353760.58	18561.4137535	143.000000000	1138.00000000	9241.00000000	21189.0000000	NaN	3.30672502518	-7.18349593676	4.61977863312	94.6144854012	0.0263881683350	0.0221204757690	0.593955516815	0.571961879730	16.7245532896	334.300738827	2.36514819943	598.644205884	2.42809247971	0.310381302599	0.612033843994	200000.000000	31.0000000000	0.00000000000	130.000000000	203.000000000	5.00000000000	0.950000000000	-0.740000000000	24.3000000000	5.00000000000	242.000000000	0.00000000000	6720104.00000	2500.00000000	2000.00000000	206.200000000	6466.00000000	1700.00000000	6000.00000000	13314.0000000	5801.00000000	2.00000000000	0.100000000000	0.0500000000000	2.42041788101	5.50175809860	49.9980468750	50.0078125000	1.00039064884	-0.0195312500000	0.501562535763	21.1671886444	15.3257818222	8.75000000000	15.1804685593	14.8584966660	-5.92968750000	-800.000000000	98485.8705254	5446.45386681	2788.81558090	24.2999877930	25.0001525879	0.00000000000	4455.00000000	4623.00000000	2954.00000000	2978.00000000	3423.00000000	3622.00000000	64155.0000000	4292.00000000	1731.79524848	1546.18111094	1.06799316406	0.667999267578	0.00000000000	0.00000000000	1.00000000000	5.50000000000	75.2030181885	68.2815773505	51.8534267023	20.0000000000	41.0000000000


















3831353760.78	20290.3637300	151.000000000	1092.00000000	9335.00000000	21130.0000000	NaN	3.30180120468	-7.12457749041	4.61551141739	94.2347323306	0.0336098670959	0.0267162322998	0.602818965912	0.572290420532	16.6388508276	333.538877689	2.35983083130	601.223030690	2.42650365829	0.310658794107	0.612566304207	200000.000000	31.0000000000	0.00000000000	130.000000000	203.000000000	5.00000000000	0.950000000000	-0.740000000000	24.3000000000	5.00000000000	242.000000000	0.00000000000	6720104.00000	2500.00000000	2000.00000000	206.200000000	6466.00000000	1700.00000000	6000.00000000	13314.0000000	5801.00000000	2.00000000000	0.100000000000	0.0500000000000	2.42103238106	5.50175809860	49.9980468750	50.0078125000	1.00039064884	-0.0195312500000	0.501562535763	21.1671886444	15.3257818222	8.75000000000	15.1804685593	14.8584966660	-5.92968750000	-800.000000000	97872.7666057	5408.89179571	2808.67477163	24.2999877930	24.9997863770	0.00000000000	4455.00000000	4623.00000000	2954.00000000	2978.00000000	3423.00000000	3622.00000000	64155.0000000	4292.00000000	1746.35270789	1543.44907059	1.06799316406	0.667999267578	0.00000000000	0.00000000000	1.00000000000	5.50000000000	75.1738281250	68.2815773505	51.8534267023	20.0000000000	41.0000000000


















3831353760.98	20620.3372080	128.000000000	1126.00000000	9281.00000000	21070.0000000	NaN	3.29654884338	-7.33545335051	4.61452674866	94.2977343779	0.0332818031311	0.0263881683350	0.595925331116	0.563098907471	16.4865062639	330.872640347	2.36036128019	601.494517063	2.42716026306	0.311690666685	0.614598274231	200000.000000	31.0000000000	0.00000000000	130.000000000	203.000000000	5.00000000000	0.950000000000	-0.740000000000	24.3000000000	5.00000000000	242.000000000	0.00000000000	6720104.00000	2500.00000000	2000.00000000	206.200000000	6466.00000000	1700.00000000	6000.00000000	13314.0000000	5801.00000000	2.00000000000	0.100000000000	0.0500000000000	2.42069492340	5.50000000000	49.9863281250	50.0000000000	0.998632848263	0.00000000000	0.500195324421	21.1671886444	15.3257818222	8.75000000000	15.1804685593	14.8584966660	-5.92968750000	-800.000000000	97146.3432712	5356.01239625	2820.50742698	24.3000793457	24.9997863770	0.00000000000	4455.00000000	4623.00000000	2954.00000000	2978.00000000	3423.00000000	3622.00000000	64155.0000000	4292.00000000	1731.90449145	1525.70111937	1.06799316406	0.667999267578	0.00000000000	0.00000000000	1.00000000000	5.50000000000	75.1738281250	65.9943039629	49.5466645406	26.0000000000	21.0000000000


















3831353761.18	19986.0764016	127.000000000	1148.00000000	9306.00000000	21189.0000000	NaN	3.30048799515	-7.22564012401	4.62207651138	94.8700474896	0.0322966575623	0.0283575057983	0.590344905853	0.570649147034	16.6674275362	333.538877689	2.36195547551	599.187178630	2.42588663101	0.312660187444	0.616497564316	200000.000000	31.0000000000	0.00000000000	130.000000000	203.000000000	5.00000000000	0.950000000000	-0.740000000000	24.3000000000	5.00000000000	242.000000000	0.00000000000	6720104.00000	2500.00000000	2000.00000000	206.200000000	6466.00000000	1700.00000000	6000.00000000	13314.0000000	5801.00000000	2.00000000000	0.100000000000	0.0500000000000	2.42030491829	5.50000000000	49.9863281250	50.0000000000	0.998632848263	0.00000000000	0.500195324421	21.1656246185	15.3226566315	8.74843788147	15.1796875000	14.8564462662	-5.92812490463	-800.000000000	97697.1328343	5411.09761233	2826.33915100	24.3000793457	24.9997863770	0.00000000000	4455.00000000	4623.00000000	2954.00000000	2978.00000000	3423.00000000	3622.00000000	64155.0000000	4292.00000000	1738.84455925	1538.98379523	1.06799316406	0.667999267578	0.00000000000	0.00000000000	1.00000000000	5.50000000000	75.1738281250	65.9943039629	49.5466645406	26.0000000000	21.0000000000
















3831353761.38	17194.9561123	132.000000000	1137.00000000	9254.00000000	21464.0000000	NaN	3.30311393738	-7.19191578102	4.61879396439	94.3608549704	0.0398468971252	0.0329532623291	0.600521087646	0.570977210999	16.5912414225	332.396085983	2.36568159795	600.680255102	2.42419290543	0.313268904155	0.617686557770	200000.000000	31.0000000000	0.00000000000	130.000000000	203.000000000	5.00000000000	0.950000000000	-0.740000000000	24.3000000000	5.00000000000	242.000000000	0.00000000000	6720104.00000	2500.00000000	2000.00000000	206.200000000	6466.00000000	1700.00000000	6000.00000000	13314.0000000	5801.00000000	2.00000000000	0.100000000000	0.0500000000000	2.42089185715	5.50000000000	49.9863281250	50.0000000000	0.998632848263	0.00000000000	0.500195324421	21.1656246185	15.3226566315	8.74843788147	15.1796875000	14.8564462662	-5.92812490463	-800.000000000	99468.2485422	5510.17882996	2827.41048809	24.2996215820	24.9997863770	0.00000000000	4455.00000000	4623.00000000	2954.00000000	2978.00000000	3423.00000000	3622.00000000	64155.0000000	4292.00000000	1711.38668172	1539.43712060	1.06772041321	0.667602539062	0.00000000000	0.00000000000	1.00000000000	5.50000000000	75.1716766357	65.9943039629	49.5466645406	26.0000000000	21.0000000000


















3831353761.58	17828.8193556	125.000000000	1121.00000000	9322.00000000	21338.0000000	NaN	3.30114459991	-7.09095110404	4.62404632568	94.2661956869	0.0375490188599	0.0336098670959	0.599207878113	0.578855514526	16.7055067612	333.919808258	2.36888346298	603.801855496	2.42658281326	0.312734182768	0.616644048691	200000.000000	31.0000000000	0.00000000000	130.000000000	203.000000000	5.00000000000	0.950000000000	-0.740000000000	24.3000000000	5.00000000000	242.000000000	0.00000000000	6720104.00000	2500.00000000	2000.00000000	206.200000000	6466.00000000	1700.00000000	6000.00000000	13314.0000000	5801.00000000	2.00000000000	0.100000000000	0.0500000000000	2.42077884674	5.49882841110	50.0039062500	50.0039062500	0.999414086342	0.0195312500000	0.500195324421	21.1656246185	15.3226566315	8.74843788147	15.1796875000	14.8564462662	-5.92812490463	-800.000000000	98720.5094416	5461.99119111	2826.71257447	24.2996215820	24.9997863770	0.00000000000	4455.00000000	4623.00000000	2954.00000000	2978.00000000	3423.00000000	3622.00000000	64155.0000000	4292.00000000	1728.99309243	1550.70489888	1.06759643555	0.667602539062	0.00000000000	0.00000000000	1.00000000000	5.50000000000	75.1716766357	65.0402398891	48.5855136399	20.0000000000	35.0000000000

















3831353761.78	19316.3787339	126.000000000	1078.00000000	9415.00000000	21290.0000000	NaN	3.30048799515	-7.20034991252	4.62142038345	94.2661956869	0.0322966575623	0.0290141105652	0.599864482880	0.577870845795	16.7245532896	334.110135223	2.36728155120	600.815899710	2.42547941208	0.312894841456	0.616981434822	200000.000000	31.0000000000	0.00000000000	130.000000000	203.000000000	5.00000000000	0.950000000000	-0.740000000000	24.3000000000	5.00000000000	242.000000000	0.00000000000	6720104.00000	2500.00000000	2000.00000000	206.200000000	6466.00000000	1700.00000000	6000.00000000	13314.0000000	5801.00000000	2.00000000000	0.100000000000	0.0500000000000	2.42090630531	5.49882841110	50.0039062500	50.0039062500	0.999414086342	0.0195312500000	0.500195324421	21.1632823944	15.3242187500	8.74921894073	15.1789064407	14.8570318222	-5.92812490463	-800.000000000	98340.2776816	5441.54738453	2823.96365720	24.2996215820	24.9997863770	0.00000000000	4455.00000000	4623.00000000	2954.00000000	2978.00000000	3423.00000000	3622.00000000	64155.0000000	4292.00000000	1748.46706871	1555.30328137	1.06759643555	0.667602539062	0.00000000000	0.00000000000	1.00000000000	5.50000000000	75.1935195923	65.0402398891	48.5855136399	20.0000000000	35.0000000000

















3831353761.98	19400.5013330	139.000000000	1053.00000000	9400.00000000	21514.0000000	NaN	3.31657266617	-7.12457749041	4.62535953522	95.0952893753	0.0375490188599	0.0313119888306	0.596253395081	0.575901031494	16.6959904129	333.919808258	2.36888346298	603.123238143	2.42442941666	0.312925047073	0.617054295540	200000.000000	31.0000000000	0.00000000000	130.000000000	203.000000000	5.00000000000	0.950000000000	-0.740000000000	24.3000000000	5.00000000000	242.000000000	0.00000000000	6720104.00000	2500.00000000	2000.00000000	206.200000000	6466.00000000	1700.00000000	6000.00000000	13314.0000000	5801.00000000	2.00000000000	0.100000000000	0.0500000000000	2.42079343796	5.49882841110	50.0039062500	50.0039062500	0.999414086342	0.0195312500000	0.500195324421	21.1632823944	15.3242187500	8.74921894073	15.1789064407	14.8570318222	-5.92812490463	-800.000000000	100002.813958	5515.36554277	2839.30467432	24.3004150391	24.9998779297	0.00000000000	4455.00000000	4623.00000000	2954.00000000	2978.00000000	3423.00000000	3622.00000000	64155.0000000	4292.00000000	1751.42743504	1557.42242171	1.06759643555	0.667602539062	0.00000000000	0.00000000000	1.00000000000	5.50000000000	75.1935195923	65.0402398891	48.5855136399	20.0000000000	35.0000000000


















3831353762.18	19374.0803081	155.000000000	1096.00000000	9379.00000000	21314.0000000	NaN	3.30015993118	-7.22564012401	4.62109184265	94.6144854012	0.0375490188599	0.0299987792969	0.595925331116	0.570320606232	16.6578973560	333.919808258	2.36461579264	598.915692257	2.42588663101	0.313773733310	0.618657588959	200000.000000	31.0000000000	0.00000000000	130.000000000	203.000000000	5.00000000000	0.950000000000	-0.740000000000	24.3000000000	5.00000000000	242.000000000	0.00000000000	6720104.00000	2500.00000000	2000.00000000	206.200000000	6466.00000000	1700.00000000	6000.00000000	13314.0000000	5801.00000000	2.00000000000	0.100000000000	0.0500000000000	2.42019729614	5.49863290787	49.9980468750	49.9921875000	1.00078129768	0.00000000000	0.507226586342	21.1632823944	15.3242187500	8.74921894073	15.1789064407	14.8570318222	-5.92812490463	-800.000000000	98284.9182041	5417.54103215	2863.53920695	24.3004150391	24.9998779297	0.00000000000	4455.00000000	4623.00000000	2954.00000000	2978.00000000	3423.00000000	3622.00000000	64155.0000000	4292.00000000	1750.33354658	1556.59274350	1.06759643555	0.667602539062	0.00000000000	0.00000000000	1.00000000000	5.50000000000	75.1935195923	69.2214677704	52.7184625129	23.0000000000	25.0000000000


















3831353762.38	22682.6943514	141.000000000	1084.00000000	9513.00000000	21335.0000000	NaN	3.30967950821	-7.26783565255	4.61846590042	94.4874074986	0.0382056236267	0.0336098670959	0.591001510620	0.566053390503	16.6007716026	332.967620155	2.36408282987	596.743998431	2.42719984055	0.313539115458	0.618266916275	200000.000000	31.0000000000	0.00000000000	130.000000000	203.000000000	5.00000000000	0.950000000000	-0.740000000000	24.3000000000	5.00000000000	242.000000000	0.00000000000	6720104.00000	2500.00000000	2000.00000000	206.200000000	6466.00000000	1700.00000000	6000.00000000	13314.0000000	5801.00000000	2.00000000000	0.100000000000	0.0500000000000	2.42017240524	5.49863290787	49.9980468750	49.9921875000	1.00078129768	0.00000000000	0.507226586342	21.1664066315	15.3257818222	8.74843788147	15.1796875000	14.8584966660	-5.93046903610	-800.000000000	98482.0011731	5435.54256558	2873.93585000	24.3002929688	24.9997253418	0.00000000000	4455.00000000	4623.00000000	2954.00000000	2978.00000000	3423.00000000	3622.00000000	64155.0000000	4282.00000000	1777.08759426	1550.26065075	1.06759643555	0.667602539062	0.00000000000	0.00000000000	1.00000000000	5.50000000000	75.2336425781	69.2214677704	52.7184625129	23.0000000000	25.0000000000

















3831353762.58	17529.5463110	130.000000000	1125.00000000	9452.00000000	21280.0000000	NaN	3.30770969391	-7.28473074066	4.62109184265	94.1404733664	0.0277013778687	0.0247468948364	0.594284057617	0.572618484497	16.5817250742	332.015432053	2.36728155120	599.865795983	2.42465257645	0.314493967328	0.620136070251	200000.000000	31.0000000000	0.00000000000	130.000000000	203.000000000	5.00000000000	0.950000000000	-0.740000000000	24.3000000000	5.00000000000	242.000000000	0.00000000000	6720104.00000	2500.00000000	2000.00000000	206.200000000	6466.00000000	1700.00000000	6000.00000000	13314.0000000	5801.00000000	2.00000000000	0.100000000000	0.0500000000000	2.42095236778	5.49863290787	49.9980468750	49.9921875000	1.00078129768	0.00000000000	0.507226586342	21.1664066315	15.3257818222	8.74843788147	15.1796875000	14.8584966660	-5.93046903610	-800.000000000	97745.1053535	5434.82067661	2846.90205719	24.3002929688	24.9997253418	0.00000000000	4455.00000000	4623.00000000	2954.00000000	2978.00000000	3423.00000000	3622.00000000	64155.0000000	4282.00000000	1739.16653543	1563.87107232	1.06759643555	0.667602539062	0.00000000000	0.00000000000	1.00000000000	5.50000000000	75.2336425781	69.2214677704	52.7184625129	23.0000000000	25.0000000000



















3831353762.78	15098.8289237	127.000000000	1191.00000000	9416.00000000	21145.0000000	NaN	3.30508375168	-7.20034991252	4.62765741348	94.8700474896	0.0286860466003	0.0303273200989	0.593955516815	0.576229572296	16.8293022800	336.395441998	2.36834953341	603.394724516	2.42533540726	0.313082065659	0.617367458344	200000.000000	31.0000000000	0.00000000000	130.000000000	203.000000000	5.00000000000	0.950000000000	-0.740000000000	24.3000000000	5.00000000000	242.000000000	0.00000000000	6720104.00000	2500.00000000	2000.00000000	206.200000000	6466.00000000	1700.00000000	6000.00000000	13314.0000000	5801.00000000	2.00000000000	0.100000000000	0.0500000000000	2.42029185295	5.50019550323	49.9960937500	50.0156250000	0.999609410763	0.00000000000	0.508398473263	21.1664066315	15.3257818222	8.74843788147	15.1796875000	14.8584966660	-5.93046903610	-800.000000000	97247.0839040	5390.45080064	2833.11963543	24.3002929688	24.9999084473	0.00000000000	4455.00000000	4623.00000000	2954.00000000	2978.00000000	3423.00000000	3622.00000000	64155.0000000	4292.00000000	1733.76957496	1582.78128573	1.06759643555	0.667602539062	0.00000000000	0.00000000000	1.00000000000	5.50000000000	75.2479400635	67.6149726936	51.1531596175	33.0000000000	25.0000000000

















3831353762.98	19224.2038259	156.000000000	1107.00000000	9525.00000000	21460.0000000	NaN	3.31230545044	-7.20034991252	4.62240505219	94.9663813700	0.0408315658569	0.0260596275330	0.588703632355	0.566381454468	16.6864602327	333.729204655	2.36461579264	598.644205884	2.42438983917	0.313982532954	0.619099450111	200000.000000	31.0000000000	0.00000000000	130.000000000	203.000000000	5.00000000000	0.950000000000	-0.740000000000	24.3000000000	5.00000000000	242.000000000	0.00000000000	6720104.00000	2500.00000000	2000.00000000	206.200000000	6466.00000000	1700.00000000	6000.00000000	13314.0000000	5801.00000000	2.00000000000	0.100000000000	0.0500000000000	2.42127132416	5.50019550323	49.9960937500	50.0156250000	0.999609410763	0.00000000000	0.508398473263	21.1640625000	15.3226566315	8.74531269073	15.1789064407	14.8573246002	-5.93281269073	-800.000000000	99231.2046080	5504.99987770	2802.83169999	24.2997436523	24.9999084473	0.00000000000	4455.00000000	4623.00000000	2954.00000000	2978.00000000	3423.00000000	3622.00000000	64155.0000000	4292.00000000	1774.92939279	1582.68735453	1.06759643555	0.667602539062	0.00000000000	0.00000000000	1.00000000000	5.50000000000	75.2479400635	67.6149726936	51.1531596175	33.0000000000	25.0000000000


















3831353763.18	16802.3700414	125.000000000	1147.00000000	9588.00000000	21440.0000000	NaN	3.30015993118	-7.26783565255	4.62306165695	94.7739893095	0.0319685935974	0.0277013778687	0.591657638550	0.571633815765	16.5436320173	331.443897881	2.36514819943	600.408768729	2.42625427246	0.317434350367	0.625908875465	200000.000000	31.0000000000	0.00000000000	130.000000000	203.000000000	5.00000000000	0.950000000000	-0.740000000000	24.3000000000	5.00000000000	242.000000000	0.00000000000	6720104.00000	2500.00000000	2000.00000000	206.200000000	6466.00000000	1700.00000000	6000.00000000	13314.0000000	5801.00000000	2.00000000000	0.100000000000	0.0500000000000	2.42158374786	5.50019550323	49.9960937500	50.0156250000	0.999609410763	0.00000000000	0.508398473263	21.1640625000	15.3226566315	8.74531269073	15.1789064407	14.8573246002	-5.93281269073	-800.000000000	98042.7480451	5431.83943010	2779.28447369	24.2997436523	24.9999084473	0.00000000000	4455.00000000	4623.00000000	2954.00000000	2978.00000000	3423.00000000	3622.00000000	64155.0000000	4292.00000000	1765.89199053	1597.86829011	1.06759643555	0.667602539062	0.00000000000	0.00000000000	1.00000000000	5.50000000000	75.2479400635	67.6149726936	51.1531596175	33.0000000000	25.0000000000
















3831353763.38	13584.5443706	154.000000000	1016.00000000	9492.00000000	21411.0000000	NaN	3.31296205521	-7.23407021396	4.62568759918	94.9985853746	0.0283575057983	0.0270447731018	0.592314243317	0.571633815765	16.7912092232	336.014511429	2.36568159795	601.223030690	2.42719984055	0.318344460318	0.627722191811	200000.000000	31.0000000000	0.00000000000	130.000000000	203.000000000	5.00000000000	0.950000000000	-0.740000000000	24.3000000000	5.00000000000	242.000000000	0.00000000000	6720104.00000	2500.00000000	2000.00000000	206.200000000	6466.00000000	1700.00000000	6000.00000000	13314.0000000	5801.00000000	2.00000000000	0.100000000000	0.0500000000000	2.42069220543	5.50195312500	50.0039062500	50.0039062500	0.999804675579	0.0195312500000	0.503906250000	21.1640625000	15.3226566315	8.74531269073	15.1789064407	14.8573246002	-5.93281269073	-800.000000000	97585.1636737	5383.37772782	2776.17446893	24.3001403809	24.9999084473	0.00000000000	4455.00000000	4623.00000000	2954.00000000	2978.00000000	3423.00000000	3622.00000000	64155.0000000	4282.00000000	1738.31150047	1602.46605677	1.06759643555	0.667602539062	0.00000000000	0.00000000000	1.00000000000	5.50000000000	75.2370758057	69.2356414243	52.7321932401	25.0000000000	36.0000000000


















3831353763.58	18628.3573733	133.000000000	1151.00000000	9604.00000000	21481.0000000	NaN	3.30770969391	-7.21721208534	4.61879396439	94.7739893095	0.0414881706238	0.0313119888306	0.596909999847	0.569664001465	16.6483810078	332.967620155	2.36408282987	599.730151376	2.42438983917	0.317882082951	0.626787304878	200000.000000	31.0000000000	0.00000000000	130.000000000	203.000000000	5.00000000000	0.950000000000	-0.740000000000	24.3000000000	5.00000000000	242.000000000	0.00000000000	6720104.00000	2500.00000000	2000.00000000	206.200000000	6466.00000000	1700.00000000	6000.00000000	13314.0000000	5801.00000000	2.00000000000	0.100000000000	0.0500000000000	2.42062406540	5.50195312500	50.0039062500	50.0039062500	0.999804675579	0.0195312500000	0.503906250000	21.1625003815	15.3242187500	8.74375057220	15.1781253815	14.8555669785	-5.93359375000	-800.000000000	98188.1853795	5453.87028537	2783.08878322	24.3001403809	24.9999084473	0.00000000000	4455.00000000	4623.00000000	2954.00000000	2978.00000000	3423.00000000	3622.00000000	64155.0000000	4282.00000000	1769.03275610	1582.74918237	1.06759643555	0.667602539062	0.00000000000	0.00000000000	1.00000000000	5.50000000000	75.2370758057	69.2356414243	52.7321932401	25.0000000000	36.0000000000


















3831353763.78	20223.1787949	138.000000000	1139.00000000	9664.00000000	21443.0000000	NaN	3.31066417694	-7.16665014482	4.62798547745	94.8380130527	0.0349230766296	0.0362358093262	0.593955516815	0.574259757996	16.7721626947	334.871996361	2.36941760996	603.530369123	2.42701578140	0.317724437593	0.626488542557	200000.000000	31.0000000000	0.00000000000	130.000000000	203.000000000	5.00000000000	0.950000000000	-0.740000000000	24.3000000000	5.00000000000	242.000000000	0.00000000000	6720104.00000	2500.00000000	2000.00000000	206.200000000	6466.00000000	1700.00000000	6000.00000000	13314.0000000	5801.00000000	2.00000000000	0.100000000000	0.0500000000000	2.42036657333	5.50195312500	50.0039062500	50.0039062500	0.999804675579	0.0195312500000	0.503906250000	21.1625003815	15.3242187500	8.74375057220	15.1781253815	14.8555669785	-5.93359375000	-800.000000000	98017.7408178	5399.16071675	2814.65369602	24.2999267578	24.9997558594	0.00000000000	4455.00000000	4623.00000000	2954.00000000	2978.00000000	3423.00000000	3622.00000000	64155.0000000	4292.00000000	1773.15159520	1570.91980725	1.06759643555	0.667602539062	0.00000000000	0.00000000000	1.00000000000	5.50000000000	75.2058944702	69.2356414243	52.7321932401	25.0000000000	36.0000000000


















3831353763.98	17989.1287541	151.000000000	1105.00000000	9556.00000000	21521.0000000	NaN	3.31263351440	-7.23407021396	4.62109184265	93.7660194244	0.0372209548950	0.0240902900696	0.591001510620	0.566053390503	16.5245854889	331.634501484	2.36089271796	596.743998431	2.42377281189	0.316513983043	0.624110603333	200000.000000	31.0000000000	0.00000000000	130.000000000	203.000000000	5.00000000000	0.950000000000	-0.740000000000	24.3000000000	5.00000000000	242.000000000	0.00000000000	6720104.00000	2500.00000000	2000.00000000	206.200000000	6466.00000000	1700.00000000	6000.00000000	13314.0000000	5801.00000000	2.00000000000	0.100000000000	0.0500000000000	2.42105865479	5.50078153610	49.9921875000	50.0078125000	1.00078129768	0.00000000000	0.498828142881	21.1625003815	15.3242187500	8.74375057220	15.1781253815	14.8555669785	-5.93359375000	-800.000000000	98888.8116757	5471.27948634	2824.51036249	24.2999267578	24.9997558594	0.00000000000	4455.00000000	4623.00000000	2954.00000000	2978.00000000	3423.00000000	3622.00000000	64155.0000000	4292.00000000	1760.07877333	1580.18748579	1.06759643555	0.667602539062	0.00000000000	0.00000000000	1.00000000000	5.50000000000	75.2058944702	72.4628052318	55.9451833938	25.0000000000	35.0000000000

















3831353764.18	17195.5368191	145.000000000	1103.00000000	9388.00000000	21628.0000000	NaN	3.30442714691	-7.04896983059	4.62601566315	94.7100874705	0.0395188331604	0.0352511405945	0.600521087646	0.580168724060	16.6674275362	332.967620155	2.36941760996	602.716107162	2.42336559296	0.316048640560	0.623198056221	200000.000000	31.0000000000	0.00000000000	130.000000000	203.000000000	5.00000000000	0.950000000000	-0.740000000000	24.3000000000	5.00000000000	242.000000000	0.00000000000	6720104.00000	2500.00000000	2000.00000000	206.200000000	6466.00000000	1700.00000000	6000.00000000	13314.0000000	5801.00000000	2.00000000000	0.100000000000	0.0500000000000	2.42306623459	5.50078153610	49.9921875000	50.0078125000	1.00078129768	0.00000000000	0.498828142881	21.1632823944	15.3218755722	8.74218750000	15.1765623093	14.8546876907	-5.93359375000	-800.000000000	99903.4113870	5517.71712099	2848.84137687	24.2999267578	24.9997558594	0.00000000000	4455.00000000	4623.00000000	2954.00000000	2978.00000000	3423.00000000	3622.00000000	64155.0000000	4292.00000000	1737.06122540	1565.10585721	1.06759643555	0.667602539062	0.00000000000	0.00000000000	1.00000000000	5.50000000000	75.2058944702	72.4628052318	55.9451833938	25.0000000000	35.0000000000

















3831353764.38	14975.7653477	143.000000000	1158.00000000	9443.00000000	21663.0000000	NaN	3.30245733261	-7.22564012401	4.61945056915	94.6782052817	0.0280294418335	0.0280294418335	0.592970848083	0.573603153229	16.8483488085	337.728560669	2.36461579264	598.508561276	2.42716026306	0.316231212181	0.623520445824	200000.000000	31.0000000000	0.00000000000	130.000000000	203.000000000	5.00000000000	0.950000000000	-0.740000000000	24.3000000000	5.00000000000	242.000000000	0.00000000000	6720104.00000	2500.00000000	2000.00000000	206.200000000	6466.00000000	1700.00000000	6000.00000000	13314.0000000	5801.00000000	2.00000000000	0.100000000000	0.0500000000000	2.41990313530	5.50078153610	49.9921875000	50.0078125000	1.00078129768	0.00000000000	0.498828142881	21.1632823944	15.3218755722	8.74218750000	15.1765623093	14.8546876907	-5.93359375000	-800.000000000	100062.594280	5551.31112187	2838.36619197	24.2999267578	24.9995422363	0.00000000000	4455.00000000	4623.00000000	2954.00000000	2978.00000000	3432.00000000	3622.00000000	64155.0000000	4282.00000000	1729.30043596	1579.54278249	1.06759643555	0.667602539062	0.00000000000	0.00000000000	1.00000000000	5.50000000000	75.1713562012	72.4628052318	55.9451833938	25.0000000000	35.0000000000


















3831353764.58	18360.0712737	144.000000000	1158.00000000	9479.00000000	21238.0000000	NaN	3.29884672165	-7.07415008460	4.62798547745	94.7739893095	0.0368924140930	0.0336098670959	0.597238063812	0.577542304993	16.7912092232	335.252926929	2.36781504565	603.394724516	2.42600488663	0.313328676563	0.617804074287	200000.000000	31.0000000000	0.00000000000	130.000000000	203.000000000	5.00000000000	0.950000000000	-0.740000000000	24.3000000000	5.00000000000	242.000000000	0.00000000000	6720104.00000	2500.00000000	2000.00000000	206.200000000	6466.00000000	1700.00000000	6000.00000000	13314.0000000	5801.00000000	2.00000000000	0.100000000000	0.0500000000000	2.42085781097	5.50039052963	50.0195312500	50.0078125000	1.00351560116	-0.0195312500000	0.492187500000	21.1632823944	15.3218755722	8.74218750000	15.1765623093	14.8546876907	-5.93359375000	-800.000000000	97809.7503404	5397.41635924	2864.60758092	24.3002624512	24.9995422363	0.00000000000	4455.00000000	4623.00000000	2954.00000000	2978.00000000	3432.00000000	3622.00000000	64155.0000000	4282.00000000	1765.64799770	1582.04728496	1.06759643555	0.667602539062	0.00000000000	0.00000000000	1.00000000000	5.50000000000	75.1713562012	66.9625416905	50.4940847142	30.0000000000	35.0000000000


















3831353764.78	15433.4511685	137.000000000	1092.00000000	9294.00000000	21364.0000000	NaN	3.31230545044	-7.14981252346	4.62667226791	94.7739893095	0.0345945358276	0.0326251983643	0.596581935883	0.574916362762	16.7340834698	334.491065792	2.36888346298	601.901648043	2.42621517181	0.314119265803	0.619398713112	200000.000000	31.0000000000	0.00000000000	130.000000000	203.000000000	5.00000000000	0.950000000000	-0.740000000000	24.3000000000	5.00000000000	242.000000000	0.00000000000	6720104.00000	2500.00000000	2000.00000000	206.200000000	6466.00000000	1700.00000000	6000.00000000	13314.0000000	5801.00000000	2.00000000000	0.100000000000	0.0500000000000	2.42088527679	5.50039052963	50.0195312500	50.0078125000	1.00351560116	-0.0195312500000	0.492187500000	21.1695308685	15.3234376907	8.74296855927	15.1781253815	14.8558597565	-5.93750000000	-800.000000000	98473.9812521	5443.05490185	2852.30425455	24.3002624512	25.0000915527	0.00000000000	4455.00000000	4623.00000000	2954.00000000	2978.00000000	3423.00000000	3622.00000000	64155.0000000	4292.00000000	1718.75194989	1564.41743821	1.06759643555	0.667602539062	0.00000000000	0.00000000000	1.00000000000	5.50000000000	75.1711196899	66.9625416905	50.4940847142	30.0000000000	35.0000000000

















3831353764.98	17527.7660853	142.000000000	1122.00000000	9509.00000000	21552.0000000	NaN	3.30081605911	-7.13298305951	4.63028335571	94.9985853746	0.0355796813965	0.0221204757690	0.590344905853	0.574916362762	16.7626463465	334.681669395	2.36834953341	599.322823237	2.42385149002	0.315818651182	0.622749018669	200000.000000	31.0000000000	0.00000000000	130.000000000	203.000000000	5.00000000000	0.950000000000	-0.740000000000	24.3000000000	5.00000000000	242.000000000	0.00000000000	6720104.00000	2500.00000000	2000.00000000	206.200000000	6466.00000000	1700.00000000	6000.00000000	13314.0000000	5801.00000000	2.00000000000	0.100000000000	0.0500000000000	2.42049145699	5.50039052963	50.0195312500	50.0078125000	1.00351560116	-0.0195312500000	0.492187500000	21.1695308685	15.3234376907	8.74296855927	15.1781253815	14.8558597565	-5.93750000000	-800.000000000	99347.7195426	5476.15438544	2871.34972862	24.2997436523	25.0000915527	0.00000000000	4455.00000000	4623.00000000	2954.00000000	2978.00000000	3423.00000000	3622.00000000	64155.0000000	4292.00000000	1747.47602458	1572.19836373	1.06759643555	0.667602539062	0.00000000000	0.00000000000	1.00000000000	5.50000000000	75.1711196899	66.9625416905	50.4940847142	30.0000000000	35.0000000000


















3831353765.18	13596.1570064	127.000000000	1147.00000000	9453.00000000	21272.0000000	NaN	3.31000757217	-7.14981252346	4.62601566315	94.6463070799	0.0362358093262	0.0277013778687	0.597238063812	0.574588298798	16.7150369413	333.919808258	2.36568159795	603.394724516	2.42642498016	0.315688824884	0.622485065460	200000.000000	31.0000000000	0.00000000000	130.000000000	203.000000000	5.00000000000	0.950000000000	-0.740000000000	24.3000000000	5.00000000000	242.000000000	0.00000000000	6720104.00000	2500.00000000	2000.00000000	206.200000000	6466.00000000	1700.00000000	6000.00000000	13314.0000000	5801.00000000	2.00000000000	0.100000000000	0.0500000000000	2.42046251297	5.49843740463	49.9882812500	50.0078125000	0.998632848263	0.00000000000	0.494726568460	21.1695308685	15.3234376907	8.74296855927	15.1781253815	14.8558597565	-5.93750000000	-800.000000000	97329.4803715	5404.94684860	2832.86939575	24.2997436523	25.0000915527	0.00000000000	4455.00000000	4623.00000000	2954.00000000	2978.00000000	3423.00000000	3622.00000000	64155.0000000	4292.00000000	1734.95395431	1598.99238424	1.06759643555	0.667602539062	0.00000000000	0.00000000000	1.00000000000	5.50000000000	75.1711196899	66.0084776167	49.5466645406	31.0000000000	28.0000000000


















3831353765.38	15471.2151517	150.000000000	1085.00000000	9406.00000000	21363.0000000	NaN	3.29556417465	-7.20877385067	4.62240505219	94.5826476843	0.0368924140930	0.0286860466003	0.590672969818	0.571961879730	16.7150369413	334.300738827	2.36248679465	598.372916669	2.42544031143	0.315391782893	0.621932911873	200000.000000	31.0000000000	0.00000000000	130.000000000	203.000000000	5.00000000000	0.950000000000	-0.740000000000	24.3000000000	5.00000000000	242.000000000	0.00000000000	6720104.00000	2500.00000000	2000.00000000	206.200000000	6466.00000000	1700.00000000	6000.00000000	13314.0000000	5801.00000000	2.00000000000	0.100000000000	0.0500000000000	2.42095751762	5.49843740463	49.9882812500	50.0078125000	0.998632848263	0.00000000000	0.494726568460	21.1687507629	15.3226566315	8.74218750000	15.1804685593	14.8558597565	-5.93671894073	-800.000000000	98136.0884597	5429.92920903	2833.64963498	24.2999877930	24.9996032715	0.00000000000	4455.00000000	4623.00000000	2954.00000000	2978.00000000	3423.00000000	3622.00000000	64155.0000000	4292.00000000	1737.23155092	1582.51939941	1.06732368469	0.667205810547	0.00000000000	0.00000000000	1.00000000000	5.50000000000	75.1965103149	66.0084776167	49.5466645406	31.0000000000	28.0000000000

















3831353765.58	19443.4807609	151.000000000	1115.00000000	9596.00000000	21444.0000000	NaN	3.31033563614	-7.19191578102	4.61748123169	94.2347323306	0.0362358093262	0.0306553840637	0.602162361145	0.570649147034	16.5341156691	331.063243950	2.36142360198	601.358872455	2.42553234100	0.316233478205	0.623519754410	200000.000000	31.0000000000	0.00000000000	130.000000000	203.000000000	5.00000000000	0.950000000000	-0.740000000000	24.3000000000	5.00000000000	242.000000000	0.00000000000	6720104.00000	2500.00000000	2000.00000000	206.200000000	6466.00000000	1700.00000000	6000.00000000	13314.0000000	5801.00000000	2.00000000000	0.100000000000	0.0500000000000	2.42091159821	5.49843740463	49.9882812500	50.0078125000	0.998632848263	0.00000000000	0.494726568460	21.1687507629	15.3226566315	8.74218750000	15.1804685593	14.8558597565	-5.93671894073	-800.000000000	98469.3686464	5448.34528137	2825.88741258	24.2999877930	24.9996032715	0.00000000000	4455.00000000	4623.00000000	2954.00000000	2978.00000000	3423.00000000	3622.00000000	64155.0000000	4292.00000000	1776.16636151	1581.73155390	1.06719970703	0.667205810547	0.00000000000	0.00000000000	1.00000000000	5.50000000000	75.1965103149	66.0084776167	49.5466645406	31.0000000000	28.0000000000


















3831353765.78	14685.2325359	122.000000000	1068.00000000	9314.00000000	21451.0000000	NaN	3.29720544815	-7.30163409249	4.61977863312	94.7420463838	0.0342664718628	0.0309839248657	0.598551273346	0.568022727966	16.6102879509	332.586689587	2.36089271796	601.494517063	2.42609691620	0.314638679475	0.620368409157	200000.000000	31.0000000000	0.00000000000	130.000000000	203.000000000	5.00000000000	0.950000000000	-0.740000000000	24.3000000000	5.00000000000	242.000000000	0.00000000000	6720104.00000	2500.00000000	2000.00000000	206.200000000	6466.00000000	1700.00000000	6000.00000000	13314.0000000	5801.00000000	2.00000000000	0.100000000000	0.0500000000000	2.42090244293	5.50156259537	50.0000000000	50.0039062500	0.998632848263	0.0195312500000	0.501562535763	21.1687507629	15.3226566315	8.74218750000	15.1804685593	14.8558597565	-5.93671894073	-800.000000000	98998.2228075	5457.56754156	2840.48937857	24.2999877930	24.9996032715	0.00000000000	4455.00000000	4623.00000000	2954.00000000	2978.00000000	3423.00000000	3613.00000000	64155.0000000	4292.00000000	1723.84664543	1576.99432007	1.06719970703	0.667205810547	0.00000000000	0.00000000000	1.00000000000	5.50000000000	75.2310485840	66.9496968167	50.4391618055	18.0000000000	31.0000000000


















3831353765.98	20194.1369495	154.000000000	1120.00000000	9572.00000000	21599.0000000	NaN	3.30212926865	-7.18349593676	4.62634420395	94.1090821237	0.0349230766296	0.0214643478394	0.589359760284	0.571633815765	16.7340834698	334.871996361	2.36248679465	599.865795983	2.42452096939	0.316188712179	0.623452162743	200000.000000	31.0000000000	0.00000000000	130.000000000	203.000000000	5.00000000000	0.950000000000	-0.740000000000	24.3000000000	5.00000000000	242.000000000	0.00000000000	6720104.00000	2500.00000000	2000.00000000	206.200000000	6466.00000000	1700.00000000	6000.00000000	13314.0000000	5801.00000000	2.00000000000	0.100000000000	0.0500000000000	2.42118597031	5.50156259537	50.0000000000	50.0039062500	0.998632848263	0.0195312500000	0.501562535763	21.1625003815	15.3249998093	8.73984432220	15.1796875000	14.8564462662	-5.93750000000	-800.000000000	99578.2426014	5481.05694794	2848.09348151	24.3001098633	25.0002441406	0.00000000000	4455.00000000	4623.00000000	2954.00000000	2978.00000000	3423.00000000	3613.00000000	64155.0000000	4292.00000000	1767.89678874	1565.95541925	1.06719970703	0.667205810547	0.00000000000	0.00000000000	1.00000000000	5.50000000000	75.2310485840	66.9496968167	50.4391618055	18.0000000000	31.0000000000


















3831353766.18	17595.0744733	123.000000000	1168.00000000	9457.00000000	21435.0000000	NaN	3.31361865997	-7.19191578102	4.62568759918	93.8592303528	0.0296707153320	0.0280294418335	0.596581935883	0.576886177063	16.8007255714	336.205115032	2.36674749920	602.173134416	2.42480993271	0.315214189292	0.621562647820	200000.000000	31.0000000000	0.00000000000	130.000000000	203.000000000	5.00000000000	0.950000000000	-0.740000000000	24.3000000000	5.00000000000	242.000000000	0.00000000000	6720104.00000	2500.00000000	2000.00000000	206.200000000	6466.00000000	1700.00000000	6000.00000000	13314.0000000	5801.00000000	2.00000000000	0.100000000000	0.0500000000000	2.42054390907	5.50156259537	50.0000000000	50.0039062500	0.998632848263	0.0195312500000	0.501562535763	21.1625003815	15.3249998093	8.73984432220	15.1796875000	14.8564462662	-5.93750000000	-800.000000000	98675.8658625	5460.99082956	2870.57757130	24.3001098633	25.0002441406	0.00000000000	4455.00000000	4623.00000000	2954.00000000	2978.00000000	3423.00000000	3613.00000000	64155.0000000	4292.00000000	1740.81416962	1564.86342488	1.06719970703	0.667205810547	0.00000000000	0.00000000000	1.00000000000	5.50000000000	75.2310485840	66.9496968167	50.4391618055	18.0000000000	31.0000000000


















3831353766.38	21847.1574298	131.000000000	1120.00000000	9513.00000000	21265.0000000	NaN	3.30147266388	-7.19191578102	4.62568759918	94.8380130527	0.0316405296326	0.0267162322998	0.592642784119	0.574916362762	16.7912092232	335.824184464	2.36781504565	600.544413337	2.42551898956	0.312743837477	0.616678810120	200000.000000	31.0000000000	0.00000000000	130.000000000	203.000000000	5.00000000000	0.950000000000	-0.740000000000	24.3000000000	5.00000000000	242.000000000	0.00000000000	6720104.00000	2500.00000000	2000.00000000	206.200000000	6466.00000000	1700.00000000	6000.00000000	13314.0000000	5801.00000000	2.00000000000	0.100000000000	0.0500000000000	2.42085247040	5.50039052963	49.9980468750	50.0000000000	0.999023437500	-0.0195312500000	0.503125011921	21.1625003815	15.3249998093	8.73984432220	15.1796875000	14.8564462662	-5.93750000000	-800.000000000	98196.1847173	5459.57746643	2849.86377827	24.3002624512	24.9995422363	0.00000000000	4455.00000000	4623.00000000	2954.00000000	2978.00000000	3423.00000000	3613.00000000	64155.0000000	4292.00000000	1781.09707438	1562.62550008	1.06719970703	0.667205810547	0.00000000000	0.00000000000	1.00000000000	5.50000000000	75.2466201782	70.1768606243	53.6605675663	30.0000000000	30.0000000000


















3831353766.58	13398.1456745	126.000000000	1069.00000000	9244.00000000	21358.0000000	NaN	3.31000757217	-7.15823642752	4.61912250519	94.2977343779	0.0391902923584	0.0322966575623	0.600192546844	0.570649147034	16.5912414225	331.824828449	2.36355085820	600.137282356	2.42616224289	0.311934963352	0.615092563629	200000.000000	31.0000000000	0.00000000000	130.000000000	203.000000000	5.00000000000	0.950000000000	-0.740000000000	24.3000000000	5.00000000000	242.000000000	0.00000000000	6720104.00000	2500.00000000	2000.00000000	206.200000000	6466.00000000	1700.00000000	6000.00000000	13314.0000000	5801.00000000	2.00000000000	0.100000000000	0.0500000000000	2.42051897049	5.50039052963	49.9980468750	50.0000000000	0.999023437500	-0.0195312500000	0.503125011921	21.1695308685	15.3234376907	8.73828125000	15.1781253815	14.8552742004	-5.93828153610	-800.000000000	99175.3720897	5497.95861235	2845.47328566	24.3002624512	24.9995422363	0.00000000000	4455.00000000	4623.00000000	2954.00000000	2978.00000000	3423.00000000	3613.00000000	64155.0000000	4292.00000000	1708.90642432	1574.92496758	1.06719970703	0.667205810547	0.00000000000	0.00000000000	1.00000000000	5.50000000000	75.2466201782	70.1768606243	53.6605675663	30.0000000000	30.0000000000


















3831353766.78	20224.2591947	144.000000000	1112.00000000	9420.00000000	21266.0000000	NaN	3.30377054214	-7.22564012401	4.62076377869	94.7100874705	0.0368924140930	0.0309839248657	0.597894668579	0.569335937500	16.6864602327	334.871996361	2.36195547551	600.137282356	2.42571592331	0.310125036986	0.611495518684	200000.000000	31.0000000000	0.00000000000	130.000000000	203.000000000	5.00000000000	0.950000000000	-0.740000000000	24.3000000000	5.00000000000	242.000000000	0.00000000000	6720104.00000	2500.00000000	2000.00000000	206.200000000	6466.00000000	1700.00000000	6000.00000000	13314.0000000	5801.00000000	2.00000000000	0.100000000000	0.0500000000000	2.41994252205	5.50039052963	49.9980468750	50.0000000000	0.999023437500	-0.0195312500000	0.503125011921	21.1695308685	15.3234376907	8.73828125000	15.1781253815	14.8552742004	-5.93828153610	-800.000000000	99006.4136266	5465.69465491	2839.38113593	24.3002624512	24.9999084473	0.00000000000	4455.00000000	4623.00000000	2954.00000000	2978.00000000	3423.00000000	3613.00000000	64155.0000000	4282.00000000	1778.14347776	1575.90088582	1.06719970703	0.667205810547	0.00000000000	0.00000000000	1.00000000000	5.50000000000	75.2342834473	70.1768606243	53.6605675663	30.0000000000	30.0000000000


















3831353766.98	18460.0282098	143.000000000	1059.00000000	9307.00000000	21105.0000000	NaN	3.30967950821	-7.20877385067	4.62371778488	94.9021591585	0.0345945358276	0.0309839248657	0.591986179352	0.572290420532	16.7055067612	334.300738827	2.36888346298	599.187178630	2.42508554459	0.309246169238	0.609806251526	200000.000000	31.0000000000	0.00000000000	130.000000000	203.000000000	5.00000000000	0.950000000000	-0.740000000000	24.3000000000	5.00000000000	242.000000000	0.00000000000	6720104.00000	2500.00000000	2000.00000000	206.200000000	6466.00000000	1700.00000000	6000.00000000	13314.0000000	5801.00000000	2.00000000000	0.100000000000	0.0500000000000	2.42103371620	5.49824237823	49.9843750000	50.0000000000	0.996093750000	0.0390625000000	0.502929687500	21.1695308685	15.3234376907	8.73828125000	15.1781253815	14.8552742004	-5.93828153610	-800.000000000	98138.8788735	5428.95874008	2809.09151583	24.3002319336	24.9999084473	0.00000000000	4455.00000000	4623.00000000	2954.00000000	2978.00000000	3423.00000000	3613.00000000	64155.0000000	4282.00000000	1753.23397051	1568.63368841	1.06719970703	0.667205810547	0.00000000000	0.00000000000	1.00000000000	5.50000000000	75.2342834473	67.6163014736	51.1668903446	36.0000000000	23.0000000000


















3831353767.18	17445.4694999	136.000000000	1104.00000000	9256.00000000	21095.0000000	NaN	3.29753351212	-7.27627602974	4.61715269089	94.4874074986	0.0405035018921	0.0309839248657	0.599864482880	0.568351268768	16.4865062639	329.920452244	2.36248679465	597.286971177	2.42744922638	0.308603269315	0.608520674706	200000.000000	31.0000000000	0.00000000000	130.000000000	203.000000000	5.00000000000	0.950000000000	-0.740000000000	24.3000000000	5.00000000000	242.000000000	0.00000000000	6720104.00000	2500.00000000	2000.00000000	206.200000000	6466.00000000	1700.00000000	6000.00000000	13314.0000000	5801.00000000	2.00000000000	0.100000000000	0.0500000000000	2.42046251297	5.49824237823	49.9843750000	50.0000000000	0.996093750000	0.0390625000000	0.502929687500	21.1656246185	15.3234376907	8.73828125000	15.1789064407	14.8555669785	-5.93906259537	-800.000000000	98265.7417584	5426.34962121	2816.29827730	24.3002319336	24.9999084473	0.00000000000	4455.00000000	4623.00000000	2954.00000000	2978.00000000	3423.00000000	3613.00000000	64155.0000000	4282.00000000	1737.57292579	1563.11823079	1.06719970703	0.667205810547	0.00000000000	0.00000000000	1.00000000000	5.50000000000	75.2342834473	67.6163014736	51.1668903446	36.0000000000	23.0000000000


















3831353767.38	18987.7852384	121.000000000	1126.00000000	9439.00000000	21199.0000000	NaN	3.30574035645	-7.09095110404	4.62306165695	94.4557360890	0.0398468971252	0.0339379310608	0.600521087646	0.577870845795	16.6769438845	333.157947121	2.36674749920	599.865795983	2.42546653748	0.309728434581	0.610737228394	200000.000000	31.0000000000	0.00000000000	130.000000000	203.000000000	5.00000000000	0.950000000000	-0.740000000000	24.3000000000	5.00000000000	242.000000000	0.00000000000	6720104.00000	2500.00000000	2000.00000000	206.200000000	6466.00000000	1700.00000000	6000.00000000	13314.0000000	5801.00000000	2.00000000000	0.100000000000	0.0500000000000	2.41996355057	5.49824237823	49.9843750000	50.0000000000	0.996093750000	0.0390625000000	0.502929687500	21.1656246185	15.3234376907	8.73828125000	15.1789064407	14.8555669785	-5.93906259537	-800.000000000	98739.1991878	5447.40780613	2853.18472906	24.2997131348	24.9997863770	0.00000000000	4455.00000000	4623.00000000	2954.00000000	2978.00000000	3423.00000000	3613.00000000	64155.0000000	4292.00000000	1771.05932936	1581.18147697	1.06719970703	0.667205810547	0.00000000000	0.00000000000	1.00000000000	5.50000000000	75.2088470459	67.6163014736	51.1668903446	36.0000000000	23.0000000000


















3831353767.58	22400.2221993	118.000000000	1090.00000000	9464.00000000	21247.0000000	NaN	3.30278587341	-7.25094881477	4.62338972092	94.6463070799	0.0352511405945	0.0283575057983	0.592314243317	0.569335937500	16.6578973560	333.348550724	2.36089271796	598.101430296	2.42621517181	0.309977371776	0.611199426651	200000.000000	31.0000000000	0.00000000000	130.000000000	203.000000000	5.00000000000	0.950000000000	-0.740000000000	24.3000000000	5.00000000000	242.000000000	0.00000000000	6720104.00000	2500.00000000	2000.00000000	206.200000000	6466.00000000	1700.00000000	6000.00000000	13314.0000000	5801.00000000	2.00000000000	0.100000000000	0.0500000000000	2.42006196976	5.50019550323	49.9843750000	50.0000000000	0.993750035763	0.0781250000000	0.496679693460	21.1656246185	15.3234376907	8.73828125000	15.1789064407	14.8555669785	-5.93906259537	-800.000000000	98920.3730368	5442.51225997	2884.79185831	24.2997131348	24.9997863770	0.00000000000	4455.00000000	4623.00000000	2954.00000000	2978.00000000	3423.00000000	3613.00000000	64155.0000000	4292.00000000	1787.35828287	1563.35606088	1.06719970703	0.667205810547	0.00000000000	0.00000000000	1.00000000000	5.50000000000	75.2088470459	64.3904664461	47.9401694637	28.0000000000	21.0000000000

















3831353767.78	21618.5359503	143.000000000	1109.00000000	9616.00000000	21237.0000000	NaN	3.29983139038	-7.25939733496	4.61518335342	94.2347323306	0.0342664718628	0.0313119888306	0.598879814148	0.564740180969	16.5436320173	330.872640347	2.36036128019	600.544413337	2.42505931854	0.310900089498	0.613079023361	200000.000000	31.0000000000	0.00000000000	130.000000000	203.000000000	5.00000000000	0.950000000000	-0.740000000000	24.3000000000	5.00000000000	242.000000000	0.00000000000	6720104.00000	2500.00000000	2000.00000000	206.200000000	6466.00000000	1700.00000000	6000.00000000	13314.0000000	5801.00000000	2.00000000000	0.100000000000	0.0500000000000	2.41981787682	5.50019550323	49.9843750000	50.0000000000	0.993750035763	0.0781250000000	0.496679693460	21.1648445129	15.3257818222	8.73750019073	15.1773443222	14.8576173782	-5.94062519073	-800.000000000	98572.2017009	5469.26878860	2860.22195508	24.2997131348	25.0000305176	0.00000000000	4455.00000000	4623.00000000	2954.00000000	2978.00000000	3423.00000000	3613.00000000	64155.0000000	4292.00000000	1803.31328880	1587.12792930	1.06719970703	0.667205810547	0.00000000000	0.00000000000	1.00000000000	5.50000000000	75.1775817871	64.3904664461	47.9401694637	28.0000000000	21.0000000000


















3831353767.98	17894.0576579	123.000000000	1144.00000000	9512.00000000	21357.0000000	NaN	3.30409908295	-7.23407021396	4.61485481262	94.3292569089	0.0322966575623	0.0260596275330	0.599535942078	0.568022727966	16.6198042992	332.777016552	2.35876981552	599.051534022	2.42572927475	0.311813490004	0.614825367928	200000.000000	31.0000000000	0.00000000000	130.000000000	203.000000000	5.00000000000	0.950000000000	-0.740000000000	24.3000000000	5.00000000000	242.000000000	0.00000000000	6720104.00000	2500.00000000	2000.00000000	206.200000000	6466.00000000	1700.00000000	6000.00000000	13314.0000000	5801.00000000	2.00000000000	0.100000000000	0.0500000000000	2.41971669197	5.50019550323	49.9843750000	50.0000000000	0.993750035763	0.0781250000000	0.496679693460	21.1648445129	15.3257818222	8.73750019073	15.1773443222	14.8576173782	-5.94062519073	-800.000000000	99193.3384560	5485.52600766	2867.69112014	24.2999877930	25.0000305176	0.00000000000	4455.00000000	4623.00000000	2954.00000000	2978.00000000	3423.00000000	3613.00000000	64155.0000000	4292.00000000	1777.96439467	1599.02381809	1.06719970703	0.667205810547	0.00000000000	0.00000000000	1.00000000000	5.50000000000	75.1775817871	64.3904664461	47.9401694637	28.0000000000	21.0000000000


















3831353768.18	13547.6830141	141.000000000	1107.00000000	9231.00000000	21162.0000000	NaN	3.29720544815	-7.14981252346	4.62273311615	93.6111815748	0.0382056236267	0.0267162322998	0.599207878113	0.570320606232	16.5626785458	331.634501484	2.36089271796	597.558457550	2.42446851730	0.309640481513	0.610561275482	200000.000000	31.0000000000	0.00000000000	130.000000000	203.000000000	5.00000000000	0.950000000000	-0.740000000000	24.3000000000	5.00000000000	242.000000000	0.00000000000	6720104.00000	2500.00000000	2000.00000000	206.200000000	6466.00000000	1700.00000000	6000.00000000	13314.0000000	5801.00000000	2.00000000000	0.100000000000	0.0500000000000	2.42060432434	5.50039052963	50.0039062500	50.0000000000	1.00175786018	-0.0195312500000	0.494140625000	21.1648445129	15.3257818222	8.73750019073	15.1773443222	14.8576173782	-5.94062519073	-800.000000000	98415.3801265	5458.36384069	2849.56166296	24.2999877930	25.0000305176	0.00000000000	4455.00000000	4623.00000000	2954.00000000	2978.00000000	3423.00000000	3613.00000000	64155.0000000	4292.00000000	1728.86362090	1593.38679076	1.06719970703	0.667205810547	0.00000000000	0.00000000000	1.00000000000	5.50000000000	75.1775817871	65.0570711030	48.5855136399	13.0000000000	41.0000000000


















3831353768.38	17308.8676720	134.000000000	1100.00000000	9372.00000000	21075.0000000	NaN	3.31132078171	-7.27627602974	4.62174844742	94.1090821237	0.0303273200989	0.0227770805359	0.591657638550	0.572290420532	16.7721626947	336.205115032	2.35876981552	598.780047649	2.42528247833	0.309748672103	0.610747694969	200000.000000	31.0000000000	0.00000000000	130.000000000	203.000000000	5.00000000000	0.950000000000	-0.740000000000	24.3000000000	5.00000000000	242.000000000	0.00000000000	6720104.00000	2500.00000000	2000.00000000	206.200000000	6466.00000000	1700.00000000	6000.00000000	13314.0000000	5801.00000000	2.00000000000	0.100000000000	0.0500000000000	2.42082886696	5.50039052963	50.0039062500	50.0000000000	1.00175786018	-0.0195312500000	0.494140625000	21.1632823944	15.3242187500	8.73828125000	15.1781253815	14.8570318222	-5.94062519073	-800.000000000	97708.4949560	5441.09117636	2803.07975519	24.2999267578	25.0000610352	0.00000000000	4455.00000000	4623.00000000	2954.00000000	2978.00000000	3423.00000000	3613.00000000	64155.0000000	4282.00000000	1759.03289846	1585.94422174	1.06719970703	0.667205810547	0.00000000000	0.00000000000	1.00000000000	5.50000000000	75.1740722656	65.0570711030	48.5855136399	13.0000000000	41.0000000000
















3831353768.58	16854.7044715	155.000000000	1113.00000000	9311.00000000	20993.0000000	NaN	3.30409908295	-7.33545335051	4.61748123169	94.5191549321	0.0345945358276	0.0293426513672	0.594612121582	0.567038059235	16.5341156691	330.682313381	2.35876981552	597.422812942	2.42559766769	0.308584345604	0.608499121666	200000.000000	31.0000000000	0.00000000000	130.000000000	203.000000000	5.00000000000	0.950000000000	-0.740000000000	24.3000000000	5.00000000000	242.000000000	0.00000000000	6720104.00000	2500.00000000	2000.00000000	206.200000000	6466.00000000	1700.00000000	6000.00000000	13314.0000000	5801.00000000	2.00000000000	0.100000000000	0.0500000000000	2.42082624435	5.50039052963	50.0039062500	50.0000000000	1.00175786018	-0.0195312500000	0.494140625000	21.1632823944	15.3242187500	8.73828125000	15.1781253815	14.8570318222	-5.94062519073	-800.000000000	97468.4158086	5408.91378408	2757.36067449	24.2999267578	25.0000610352	0.00000000000	4455.00000000	4623.00000000	2954.00000000	2978.00000000	3423.00000000	3613.00000000	64155.0000000	4282.00000000	1757.05980931	1588.51276460	1.06719970703	0.667205810547	0.00000000000	0.00000000000	1.00000000000	5.50000000000	75.1740722656	65.0570711030	48.5855136399	13.0000000000	41.0000000000

















3831353768.78	15237.6066713	149.000000000	1097.00000000	9233.00000000	20991.0000000	NaN	3.30475521088	-7.15823642752	4.61748123169	92.8477616458	0.0372209548950	0.0342664718628	0.602162361145	0.574259757996	16.5912414225	331.824828449	2.36514819943	600.001637749	2.42463922501	0.308162479442	0.607610130310	200000.000000	31.0000000000	0.00000000000	130.000000000	203.000000000	5.00000000000	0.950000000000	-0.740000000000	24.3000000000	5.00000000000	242.000000000	0.00000000000	6720104.00000	2500.00000000	2000.00000000	206.200000000	6466.00000000	1700.00000000	6000.00000000	13314.0000000	5801.00000000	2.00000000000	0.100000000000	0.0500000000000	2.42078685760	5.50058603287	49.9921875000	50.0000000000	0.998046875000	0.00000000000	0.496484369040	21.1632823944	15.3242187500	8.73828125000	15.1781253815	14.8570318222	-5.94062519073	-800.000000000	97563.2346309	5408.57614449	2755.46643628	24.2999267578	25.0002136230	0.00000000000	4455.00000000	4623.00000000	2954.00000000	2978.00000000	3423.00000000	3613.00000000	64155.0000000	4292.00000000	1732.89787833	1580.52181162	1.06719970703	0.667205810547	0.00000000000	0.00000000000	1.00000000000	5.50000000000	75.1957092285	63.4355165190	46.9050498071	43.0000000000	20.0000000000


















3831353768.98	16179.9695879	139.000000000	1092.00000000	9496.00000000	21174.0000000	NaN	3.30606842041	-7.04896983059	4.62535953522	94.4557360890	0.0395188331604	0.0342664718628	0.600849151611	0.579183578491	16.7435998180	334.300738827	2.36781504565	600.815899710	2.42322111130	0.308801425877	0.608906197548	200000.000000	31.0000000000	0.00000000000	130.000000000	203.000000000	5.00000000000	0.950000000000	-0.740000000000	24.3000000000	5.00000000000	242.000000000	0.00000000000	6720104.00000	2500.00000000	2000.00000000	206.200000000	6466.00000000	1700.00000000	6000.00000000	13314.0000000	5801.00000000	2.00000000000	0.100000000000	0.0500000000000	2.42035222054	5.50058603287	49.9921875000	50.0000000000	0.998046875000	0.00000000000	0.496484369040	21.1671886444	15.3226566315	8.73828125000	15.1781253815	14.8570318222	-5.93906259537	-800.000000000	98807.2677161	5462.36468759	2754.69195534	24.3001708984	25.0002136230	0.00000000000	4455.00000000	4623.00000000	2954.00000000	2978.00000000	3423.00000000	3613.00000000	64155.0000000	4292.00000000	1772.06502383	1610.26532795	1.06719970703	0.667205810547	0.00000000000	0.00000000000	1.00000000000	5.50000000000	75.1957092285	63.4355165190	46.9050498071	43.0000000000	20.0000000000


















3831353769.18	16441.8628201	162.000000000	1143.00000000	9331.00000000	21093.0000000	NaN	3.29753351212	-7.20877385067	4.62371778488	94.8380130527	0.0378775596619	0.0309839248657	0.589359760284	0.571961879730	16.7816928749	335.824184464	2.36568159795	599.187178630	2.42526960373	0.307990237515	0.607307505608	200000.000000	31.0000000000	0.00000000000	130.000000000	203.000000000	5.00000000000	0.950000000000	-0.740000000000	24.3000000000	5.00000000000	242.000000000	0.00000000000	6720104.00000	2500.00000000	2000.00000000	206.200000000	6466.00000000	1700.00000000	6000.00000000	13314.0000000	5801.00000000	2.00000000000	0.100000000000	0.0500000000000	2.42050580978	5.50058603287	49.9921875000	50.0000000000	0.998046875000	0.00000000000	0.496484369040	21.1671886444	15.3226566315	8.73828125000	15.1781253815	14.8570318222	-5.93906259537	-800.000000000	98393.8647137	5438.02623970	2769.88626549	24.3001708984	25.0002136230	0.00000000000	4455.00000000	4623.00000000	2954.00000000	2978.00000000	3423.00000000	3613.00000000	64155.0000000	4292.00000000	1768.91987129	1604.50124309	1.06719970703	0.667205810547	0.00000000000	0.00000000000	1.00000000000	5.50000000000	75.1957092285	63.4355165190	46.9050498071	43.0000000000	20.0000000000
















3831353769.38	65278.7632476	37.0000000000	383.000000000	3102.00000000	6991.00000000	NaN	3.30541181564	-7.17506590179	4.61649608612	94.1718483910	0.0385336875916	0.0322966575623	0.147189140320	0.131103992462	3.55543496590	71.1086993179	2.36301833120	597.422812942	2.42427158356	0.0975630224877	0.193245577812	200000.000000	31.0000000000	0.00000000000	130.000000000	203.000000000	5.00000000000	0.950000000000	-0.740000000000	24.3000000000	0.00000000000	242.000000000	0.00000000000	6720104.00000	2500.00000000	2000.00000000	206.200000000	6466.00000000	1700.00000000	6000.00000000	13314.0000000	5801.00000000	2.00000000000	0.100000000000	0.0500000000000	2.41979942322	5.49980497360	50.0058593750	50.0000000000	1.00292968750	-0.0195312500000	0.497851580381	21.1671886444	15.3226566315	8.73828125000	15.1781253815	14.8570318222	-5.93906259537	-800.000000000	46991.0810145	2411.78647218	2657.45933176	24.2998962402	25.0002746582	0.00000000000	4455.00000000	4623.00000000	2954.00000000	2978.00000000	3423.00000000	3604.00000000	64155.0000000	4292.00000000	2210.57965773	1557.79202525	1.06692695618	0.666809082031	0.00000000000	0.00000000000	1.00000000000	5.50000000000	75.2311706543	67.6260458606	51.0433138003	38.0000000000	26.0000000000


















3831353769.58	10926.5466076	6.00000000000	52.0000000000	3.00000000000	7.00000000000	NaN	3.30311393738	-7.20034991252	4.62273311615	94.2661956869	0.0339379310608	0.0322966575623	0.145219326019	0.134058475494	3.70779336147	73.7749366608	2.36995275119	601.087386082	2.42390394211	8.80615478912E-5	0.00101661682129	200000.000000	31.0000000000	0.00000000000	130.000000000	203.000000000	5.00000000000	0.950000000000	-0.740000000000	24.3000000000	0.00000000000	242.000000000	0.00000000000	6720104.00000	2500.00000000	2000.00000000	206.200000000	6466.00000000	1700.00000000	6000.00000000	13314.0000000	5801.00000000	2.00000000000	0.100000000000	0.0500000000000	2.41952233315	5.49980497360	50.0058593750	50.0000000000	1.00292968750	-0.0195312500000	0.497851580381	21.1664066315	15.3234376907	8.73828125000	15.1796875000	14.8561525345	-5.93984365463	-800.000000000	89923.9346471	4307.83360646	3161.09941578	24.2998962402	25.0002746582	0.00000000000	4455.00000000	4623.00000000	2954.00000000	2978.00000000	3423.00000000	3604.00000000	64155.0000000	4292.00000000	1761.55406512	1652.28859904	1.06680297852	0.666809082031	0.00000000000	0.00000000000	1.00000000000	5.50000000000	75.2311706543	67.6260458606	51.0433138003	38.0000000000	26.0000000000


















3831353769.78	-64210.5827158	1.00000000000	59.0000000000	1.00000000000	5.00000000000	NaN	3.31722927094	-7.19191578102	4.62240505219	94.3608549704	0.0336098670959	0.0286860466003	0.144234657288	0.133730411530	3.76493294678	74.9177283669	2.36514819943	600.137282356	2.42512512207	9.17498634749E-5	0.00102450847626	200000.000000	31.0000000000	0.00000000000	130.000000000	203.000000000	5.00000000000	0.950000000000	-0.740000000000	24.3000000000	0.00000000000	242.000000000	0.00000000000	6720104.00000	2500.00000000	2000.00000000	206.200000000	6466.00000000	1700.00000000	6000.00000000	13314.0000000	5801.00000000	2.00000000000	0.100000000000	0.0500000000000	2.41938443184	5.49980497360	50.0058593750	50.0000000000	1.00292968750	-0.0195312500000	0.497851580381	21.1664066315	15.3234376907	8.73828125000	15.1796875000	14.8561525345	-5.93984365463	-800.000000000	60885.0847139	3805.31779462	2609.79859983	24.2998962402	25.0002441406	0.00000000000	4445.00000000	4612.00000000	2954.00000000	2978.00000000	3423.00000000	3604.00000000	64155.0000000	4292.00000000	689.706193490	1331.81202065	1.06680297852	0.666809082031	0.00000000000	0.00000000000	1.00000000000	5.50000000000	75.2457046509	67.6260458606	51.0433138003	38.0000000000	26.0000000000


















3831353769.98	-30026.2840579	8.00000000000	40.0000000000	2.00000000000	8.00000000000	NaN	3.30541181564	-7.26783565255	4.62043523788	94.4557360890	0.0355796813965	0.0263881683350	0.142265319824	0.129462718964	3.57448149433	71.2993029213	2.36568159795	597.829943923	2.42375946045	8.44334989019E-5	0.00101659297943	200000.000000	31.0000000000	0.00000000000	130.000000000	203.000000000	5.00000000000	0.950000000000	-0.740000000000	24.3000000000	0.00000000000	242.000000000	0.00000000000	6720104.00000	2500.00000000	2000.00000000	206.200000000	6466.00000000	1700.00000000	6000.00000000	13314.0000000	5801.00000000	2.00000000000	0.100000000000	0.0500000000000	2.41960377693	5.49687528610	50.0058593750	49.9960937500	1.00117194653	0.00000000000	0.521289050579	21.1664066315	15.3234376907	8.73828125000	15.1796875000	14.8561525345	-5.93984365463	-800.000000000	95579.4965820	4964.40176673	2846.78037981	24.3002929688	25.0002441406	0.00000000000	4445.00000000	4612.00000000	2954.00000000	2978.00000000	3423.00000000	3604.00000000	64155.0000000	4292.00000000	1085.06078976	1385.32363034	1.06680297852	0.666809082031	0.00000000000	0.00000000000	1.00000000000	5.50000000000	75.2457046509	64.1109797095	47.5831705578	26.0000000000	31.0000000000


















3831353770.18	46146.4619314	4.00000000000	52.0000000000	2.00000000000	2.00000000000	NaN	3.30705308914	-7.16665014482	4.62174844742	94.2977343779	0.0352511405945	0.0313119888306	0.146204471588	0.134387016296	3.71732354164	74.3464708328	2.36461579264	600.137282356	2.42456054688	8.11067828852E-5	0.000981140136719	200000.000000	31.0000000000	0.00000000000	130.000000000	203.000000000	5.00000000000	0.950000000000	-0.740000000000	24.3000000000	0.00000000000	242.000000000	0.00000000000	6720104.00000	2500.00000000	2000.00000000	206.200000000	6466.00000000	1700.00000000	6000.00000000	13314.0000000	5801.00000000	2.00000000000	0.100000000000	0.0500000000000	2.41912970543	5.49687528610	50.0058593750	49.9960937500	1.00117194653	0.00000000000	0.521289050579	21.1585941315	15.3226566315	8.73046875000	15.1781253815	14.8564462662	-5.94531250000	-800.000000000	34721.9452723	1085.06078976	3145.55676769	24.3002929688	25.0002441406	0.00000000000	4445.00000000	4612.00000000	2954.00000000	2978.00000000	3423.00000000	3604.00000000	64155.0000000	4292.00000000	1539.91112049	1078.44650118	1.06680297852	0.666809082031	0.00000000000	0.00000000000	1.00000000000	5.50000000000	75.2457046509	64.1109797095	47.5831705578	26.0000000000	31.0000000000

















3831353770.38	176036.764519	6.00000000000	32.0000000000	1.00000000000	6.00000000000	NaN	3.31558799744	-7.14981252346	4.62338972092	94.1404733664	0.0444426536560	0.0395188331604	0.142921447754	0.143906593323	4.05058937759	81.0117875519	2.36621443987	602.851751770	2.42372035980	8.44214455830E-5	0.00103433132172	200000.000000	31.0000000000	0.00000000000	130.000000000	203.000000000	5.00000000000	0.950000000000	-0.740000000000	24.3000000000	0.00000000000	242.000000000	0.00000000000	6720104.00000	2500.00000000	2000.00000000	206.200000000	6466.00000000	1700.00000000	6000.00000000	13314.0000000	5801.00000000	2.00000000000	0.100000000000	0.0500000000000	2.41915731430	5.49687528610	50.0058593750	49.9960937500	1.00117194653	0.00000000000	0.521289050579	21.1585941315	15.3226566315	8.73046875000	15.1781253815	14.8564462662	-5.94531250000	-800.000000000	101004.831730	5569.73743085	3319.88353655	24.3002014160	25.0002746582	0.00000000000	4363.00000000	4538.00000000	2954.00000000	2978.00000000	3423.00000000	3604.00000000	64155.0000000	4292.00000000	2567.61909656	807.251451369	1.06680297852	0.666809082031	0.00000000000	0.00000000000	1.00000000000	5.50000000000	75.2336425781	64.1109797095	47.5831705578	26.0000000000	31.0000000000


















3831353770.58	-173352.074493	2.00000000000	51.0000000000	1.00000000000	3.00000000000	NaN	3.30738162994	-7.24251461434	4.62076377869	94.6782052817	0.0319685935974	0.0231056213379	0.141280174255	0.129462718964	3.61257455120	72.4418179893	2.36195547551	597.558457550	2.42429780960	8.57714173000E-5	0.000999522209167	200000.000000	31.0000000000	0.00000000000	130.000000000	203.000000000	5.00000000000	0.950000000000	-0.740000000000	24.3000000000	0.00000000000	226.000000000	0.00000000000	6720104.00000	2500.00000000	2000.00000000	206.200000000	6466.00000000	1700.00000000	6000.00000000	13314.0000000	5801.00000000	2.00000000000	0.100000000000	0.0500000000000	2.41957874298	5.50175809860	50.0039062500	50.0000000000	1.00195312500	-0.0390625000000	0.522460937500	21.1585941315	15.3226566315	8.73046875000	15.1781253815	14.8564462662	-5.94531250000	-800.000000000	39739.9067658	2483.74417286	2269.95368936	24.3002014160	25.0002746582	0.00000000000	4363.00000000	4538.00000000	2954.00000000	2978.00000000	3423.00000000	3604.00000000	64155.0000000	4292.00000000	0.00000000000	1733.52074493	1.06680297852	0.666809082031	0.00000000000	0.00000000000	1.00000000000	5.50000000000	75.2336425781	66.0191078571	49.5028147991	36.0000000000	23.0000000000


















3831353770.78	191915.914139	5.00000000000	49.0000000000	2.00000000000	2.00000000000	NaN	3.29753351212	-7.22564012401	4.61551141739	93.9839008763	0.0336098670959	0.0286860466003	0.146532535553	0.130119323730	3.52687208920	70.1565112152	2.36089271796	600.408768729	2.42509889603	7.67916947187E-5	0.00103833675385	200000.000000	31.0000000000	0.00000000000	130.000000000	203.000000000	5.00000000000	0.950000000000	-0.740000000000	24.3000000000	0.00000000000	226.000000000	0.00000000000	6720104.00000	2500.00000000	2000.00000000	206.200000000	6466.00000000	1700.00000000	6000.00000000	13314.0000000	5801.00000000	2.00000000000	0.100000000000	0.0500000000000	2.41929259300	5.50175809860	50.0039062500	50.0000000000	1.00195312500	-0.0390625000000	0.522460937500	21.1656246185	15.3210935593	8.72421932220	15.1765623093	14.8564462662	-5.95312500000	-800.000000000	34721.9452723	2170.12157952	2269.95368936	24.2996215820	24.9999694824	0.00000000000	4293.00000000	4445.00000000	2954.00000000	2978.00000000	3423.00000000	3604.00000000	64155.0000000	4292.00000000	3652.67988632	1733.52074493	1.06680297852	0.666809082031	0.00000000000	0.00000000000	1.00000000000	5.50000000000	75.2010650635	66.0191078571	49.5028147991	36.0000000000	23.0000000000


















3831353770.98	-24483.4229484	0.00000000000	50.0000000000	1.00000000000	2.00000000000	NaN	3.30212926865	-7.20877385067	4.61452674866	93.7970459139	0.0368924140930	0.0299987792969	0.146532535553	0.129462718964	3.53640226936	70.3471148186	2.36461579264	596.201222843	2.42385149002	7.61287621791E-5	0.000995588302612	200000.000000	31.0000000000	0.00000000000	130.000000000	203.000000000	5.00000000000	0.950000000000	-0.740000000000	24.3000000000	0.00000000000	226.000000000	0.00000000000	6720104.00000	2500.00000000	2000.00000000	206.200000000	6466.00000000	1700.00000000	6000.00000000	13314.0000000	5801.00000000	2.00000000000	0.100000000000	0.0500000000000	2.41975207329	5.50175809860	50.0039062500	50.0000000000	1.00195312500	-0.0390625000000	0.522460937500	21.1656246185	15.3210935593	8.72421932220	15.1765623093	14.8564462662	-5.95312500000	-800.000000000	24815.1152668	1550.94470418	1462.50027365	24.2996215820	24.9999694824	0.00000000000	4293.00000000	4445.00000000	2954.00000000	2978.00000000	3423.00000000	3604.00000000	64155.0000000	4292.00000000	1085.06078976	1329.89501924	1.06680297852	0.666809082031	0.00000000000	0.00000000000	1.00000000000	5.50000000000	75.2010650635	66.0191078571	49.5028147991	36.0000000000	23.0000000000


















3831353771.18	-52201.4867366	1.00000000000	40.0000000000	1.00000000000	3.00000000000	NaN	3.29819011688	-7.19191578102	4.62240505219	94.3608549704	0.0352511405945	0.0319685935974	0.144562721252	0.132417201996	3.65066760807	73.2036791267	2.36301833120	599.458665003	2.42403554916	7.54537763206E-5	0.000981879234314	200000.000000	31.0000000000	0.00000000000	130.000000000	203.000000000	5.00000000000	0.950000000000	-0.740000000000	24.3000000000	0.00000000000	226.000000000	0.00000000000	6720104.00000	2500.00000000	2000.00000000	206.200000000	6466.00000000	1700.00000000	6000.00000000	13314.0000000	5801.00000000	2.00000000000	0.100000000000	0.0500000000000	2.41915469170	5.50214862823	50.0058593750	49.9960937500	0.999609410763	0.0195312500000	0.506640613079	21.1656246185	15.3210935593	8.72421932220	15.1765623093	14.8564462662	-5.95312500000	-800.000000000	45318.5141649	2832.40713530	594.451641839	24.2996215820	24.9999694824	0.00000000000	4293.00000000	4445.00000000	2954.00000000	2978.00000000	3423.00000000	3604.00000000	64155.0000000	4292.00000000	807.880151876	1329.89501924	1.06680297852	0.666809082031	0.00000000000	0.00000000000	1.00000000000	5.50000000000	75.2010650635	65.3516173468	48.8300091686	31.0000000000	18.0000000000

















3831353771.38	-68799.0245103	1.00000000000	45.0000000000	1.00000000000	3.00000000000	NaN	3.30081605911	-7.12457749041	4.62371778488	94.2661956869	0.0368924140930	0.0316405296326	0.146860599518	0.134715080261	3.63162107964	72.0611640587	2.36301833120	600.680255102	2.42454719543	6.48709623255E-5	0.00102646350861	200000.000000	31.0000000000	0.00000000000	130.000000000	203.000000000	5.00000000000	0.950000000000	-0.740000000000	24.3000000000	0.00000000000	226.000000000	0.00000000000	6720104.00000	2500.00000000	2000.00000000	206.200000000	6466.00000000	1700.00000000	6000.00000000	13314.0000000	5801.00000000	2.00000000000	0.100000000000	0.0500000000000	2.41911139488	5.50214862823	50.0058593750	49.9960937500	0.999609410763	0.0195312500000	0.506640613079	21.1703128815	15.3249998093	8.71953105927	15.1804685593	14.8576173782	-5.95781278610	-800.000000000	50181.8428269	3136.36517668	0.00000000000	24.3000183105	24.9997863770	0.00000000000	4243.00000000	4383.00000000	2954.00000000	2978.00000000	3423.00000000	3604.00000000	64155.0000000	4292.00000000	641.904774139	1329.89501924	1.06680297852	0.666809082031	0.00000000000	0.00000000000	1.00000000000	5.50000000000	75.1727523804	65.3516173468	48.8300091686	31.0000000000	18.0000000000


















3831353771.58	129000.602857	4.00000000000	46.0000000000	2.00000000000	5.00000000000	NaN	3.30705308914	-7.20034991252	4.62634420395	94.2347323306	0.0299987792969	0.0270447731018	0.143906593323	0.133730411530	3.72683988991	74.5367977982	2.36674749920	598.101430296	2.42337894440	8.10947295663E-5	0.000995540618896	200000.000000	31.0000000000	0.00000000000	130.000000000	203.000000000	5.00000000000	0.950000000000	-0.740000000000	24.3000000000	0.00000000000	226.000000000	0.00000000000	6720104.00000	2500.00000000	2000.00000000	206.200000000	6466.00000000	1700.00000000	6000.00000000	13314.0000000	5801.00000000	2.00000000000	0.100000000000	0.0500000000000	2.41862034798	5.50214862823	50.0058593750	49.9960937500	0.999609410763	0.0195312500000	0.506640613079	21.1703128815	15.3249998093	8.71953105927	15.1804685593	14.8576173782	-5.95781278610	-800.000000000	59521.6975231	3720.10609519	0.00000000000	24.3000183105	24.9997863770	0.00000000000	4243.00000000	4383.00000000	2954.00000000	2978.00000000	3423.00000000	3604.00000000	64155.0000000	4292.00000000	1290.00602857	0.00000000000	1.06680297852	0.666809082031	0.00000000000	0.00000000000	1.00000000000	5.50000000000	75.1727523804	65.3516173468	48.8300091686	31.0000000000	18.0000000000


















3831353771.78	-70565.8581639	3.00000000000	46.0000000000	1.00000000000	4.00000000000	NaN	3.30935096741	-7.19191578102	4.62568759918	95.0307734964	0.0250749588013	0.0198225975037	0.142921447754	0.132745265961	3.68874683304	73.3940060921	2.36621443987	597.694102157	2.42474460602	6.58111211998E-5	0.00100939273834	200000.000000	31.0000000000	0.00000000000	130.000000000	203.000000000	5.00000000000	0.950000000000	-0.740000000000	24.3000000000	0.00000000000	226.000000000	0.00000000000	6720104.00000	2500.00000000	2000.00000000	206.200000000	6466.00000000	1700.00000000	6000.00000000	13314.0000000	5801.00000000	2.00000000000	0.100000000000	0.0500000000000	2.41879487038	5.49980497360	49.9921875000	50.0000000000	0.999218761921	0.00000000000	0.488085955381	21.1703128815	15.3249998093	8.71953105927	15.1804685593	14.8576173782	-5.95781278610	-800.000000000	48704.6659343	2354.33542740	551.764954792	24.2998352051	24.9997863770	0.00000000000	4213.00000000	4333.00000000	2954.00000000	2978.00000000	3423.00000000	3604.00000000	64155.0000000	4292.00000000	0.00000000000	705.658581639	1.06680297852	0.666809082031	0.00000000000	0.00000000000	1.00000000000	5.50000000000	75.1689224243	64.3975532730	47.9401694637	23.0000000000	30.0000000000


















3831353771.98	57847.2159935	4.00000000000	55.0000000000	2.00000000000	2.00000000000	NaN	3.30409908295	-7.30163409249	4.61419820786	94.1090821237	0.0378775596619	0.0293426513672	0.145547866821	0.129134654999	3.55543496590	71.2993029213	2.35824001916	597.286971177	2.42335271835	8.31076338228E-5	0.00101134777069	200000.000000	31.0000000000	0.00000000000	130.000000000	203.000000000	5.00000000000	0.950000000000	-0.740000000000	24.3000000000	0.00000000000	226.000000000	0.00000000000	6720104.00000	2500.00000000	2000.00000000	206.200000000	6466.00000000	1700.00000000	6000.00000000	13314.0000000	5801.00000000	2.00000000000	0.100000000000	0.0500000000000	2.41931219101	5.49980497360	49.9921875000	50.0000000000	0.999218761921	0.00000000000	0.488085955381	21.1664066315	15.3242187500	8.71718788147	15.1804685593	14.8573246002	-5.96093750000	-800.000000000	19181.2515715	1198.82822322	551.764954792	24.2998352051	24.9997863770	0.00000000000	4213.00000000	4333.00000000	2954.00000000	2978.00000000	3423.00000000	3604.00000000	64155.0000000	4292.00000000	1284.13074157	705.658581639	1.06680297852	0.666809082031	0.00000000000	0.00000000000	1.00000000000	5.50000000000	75.1689224243	64.3975532730	47.9401694637	23.0000000000	30.0000000000


















3831353772.18	63597.8525595	3.00000000000	56.0000000000	6.00000000000	3.00000000000	NaN	3.30475521088	-7.22564012401	4.61518335342	93.7660194244	0.0359077453613	0.0296707153320	0.146860599518	0.130775928497	3.54591861763	70.9183723526	2.35665039660	596.336867451	2.42368078232	7.28261528002E-5	0.00100543498993	200000.000000	31.0000000000	0.00000000000	130.000000000	203.000000000	5.00000000000	0.950000000000	-0.740000000000	24.3000000000	0.00000000000	226.000000000	0.00000000000	6720104.00000	2500.00000000	2000.00000000	206.200000000	6466.00000000	1700.00000000	6000.00000000	13314.0000000	5801.00000000	2.00000000000	0.100000000000	0.0500000000000	2.41903257370	5.49980497360	49.9921875000	50.0000000000	0.999218761921	0.00000000000	0.488085955381	21.1664066315	15.3242187500	8.71718788147	15.1804685593	14.8573246002	-5.96093750000	-800.000000000	45908.1860522	2869.26162826	551.764954792	24.2998352051	24.9997863770	0.00000000000	4213.00000000	4333.00000000	2954.00000000	2978.00000000	3423.00000000	3604.00000000	64155.0000000	4292.00000000	3078.16872095	2442.19019535	1.06680297852	0.666809082031	0.00000000000	0.00000000000	1.00000000000	5.50000000000	75.1689224243	64.3975532730	47.9401694637	23.0000000000	30.0000000000


















3831353772.38	-180028.542121	0.00000000000	54.0000000000	1.00000000000	2.00000000000	NaN	3.31000757217	-7.10776023495	4.62109184265	94.1718483910	0.0401749610901	0.0326251983643	0.147517204285	0.135043144226	3.64113742790	72.8227485580	2.36408282987	598.915692257	2.42399597168	6.75106391648E-5	0.000974607467651	200000.000000	31.0000000000	0.00000000000	130.000000000	203.000000000	5.00000000000	0.950000000000	-0.740000000000	24.3000000000	0.00000000000	226.000000000	0.00000000000	6720104.00000	2500.00000000	2000.00000000	206.200000000	6466.00000000	1700.00000000	6000.00000000	13314.0000000	5801.00000000	2.00000000000	0.100000000000	0.0500000000000	2.41926503181	5.49902343750	50.0000000000	50.0117187500	0.999023437500	0.00000000000	0.486523449421	21.1664066315	15.3242187500	8.71718788147	15.1804685593	14.8573246002	-5.96093750000	-800.000000000	23254.2528904	1453.39080565	551.764954792	24.3000488281	25.0001220703	0.00000000000	4184.00000000	4293.00000000	2954.00000000	2978.00000000	3423.00000000	3595.00000000	64155.0000000	4292.00000000	641.904774139	2442.19019535	1.06680297852	0.666809082031	0.00000000000	0.00000000000	1.00000000000	5.50000000000	75.1955947876	63.4434891992	46.9927492902	35.0000000000	33.0000000000


















3831353772.58	-244219.019535	3.00000000000	60.0000000000	0.00000000000	3.00000000000	NaN	3.29556417465	-7.30163409249	4.61879396439	94.3292569089	0.0336098670959	0.0267162322998	0.143906593323	0.131432533264	3.65066760807	73.0133521614	2.35930059981	596.472709216	2.42318201065	7.04757556145E-5	0.000983810424805	200000.000000	31.0000000000	0.00000000000	130.000000000	203.000000000	5.00000000000	0.950000000000	-0.740000000000	24.3000000000	0.00000000000	482.000000000	0.00000000000	6720104.00000	2500.00000000	2000.00000000	206.200000000	6466.00000000	1700.00000000	6000.00000000	13314.0000000	5801.00000000	2.00000000000	0.100000000000	0.0500000000000	2.41896033287	5.49902343750	50.0000000000	50.0117187500	0.999023437500	0.00000000000	0.486523449421	21.1687507629	15.3242187500	8.71718788147	15.1781253815	14.8570318222	-5.96250009537	-800.000000000	33566.1788871	2097.88618044	551.764954792	24.3000488281	25.0001220703	0.00000000000	4184.00000000	4293.00000000	2954.00000000	2978.00000000	3423.00000000	3595.00000000	64155.0000000	4292.00000000	0.00000000000	2442.19019535	1.06680297852	0.666809082031	0.00000000000	0.00000000000	1.00000000000	5.50000000000	75.1955947876	63.4434891992	46.9927492902	35.0000000000	33.0000000000

















3831353772.78	-173653.161371	1.00000000000	39.0000000000	0.00000000000	2.00000000000	NaN	3.27553987503	-7.04058451440	0.00373792648315	NaN	0.0362358093262	0.0280294418335	0.0743145942688	0.0700473785400	1.79384548016	35.6865826378	2.35876981552	597.558457550	2.41489648819	6.32076043172E-5	0.000956892967224	200000.000000	31.0000000000	0.00000000000	130.000000000	203.000000000	5.00000000000	0.950000000000	-0.740000000000	24.3000000000	0.00000000000	482.000000000	0.00000000000	6720104.00000	2500.00000000	2000.00000000	206.200000000	6466.00000000	1700.00000000	6000.00000000	13314.0000000	5801.00000000	2.00000000000	0.100000000000	0.0500000000000	2.40945382118	5.49902343750	50.0000000000	50.0117187500	0.999023437500	0.00000000000	0.486523449421	21.1687507629	15.3242187500	8.71718788147	15.1781253815	14.8570318222	-5.96250009537	-800.000000000	19875.2737474	1242.20460921	0.00000000000	24.3000488281	25.0001220703	0.00000000000	4165.00000000	4253.00000000	2954.00000000	2978.00000000	3423.00000000	3595.00000000	64155.0000000	4292.00000000	0.00000000000	1736.53161371	1.06680297852	0.666809082031	0.00000000000	0.00000000000	1.00000000000	5.50000000000	75.2259368896	63.4434891992	46.9927492902	35.0000000000	33.0000000000


















3831353772.98	-173653.161371	1.00000000000	51.0000000000	0.00000000000	0.00000000000	NaN	3.29260969162	-7.03218902981	0.00767707824707	NaN	0.0362358093262	0.0257315635681	0.0730013847351	0.0697188377380	1.85098506546	36.8290977058	2.34926139223	598.644205884	2.41619634628	6.74985858459E-5	0.000978517532349	200000.000000	31.0000000000	0.00000000000	130.000000000	203.000000000	5.00000000000	0.950000000000	-0.740000000000	24.3000000000	0.00000000000	482.000000000	0.00000000000	6720104.00000	2500.00000000	2000.00000000	206.200000000	6466.00000000	1700.00000000	6000.00000000	13314.0000000	5801.00000000	2.00000000000	0.100000000000	0.0500000000000	2.41094284058	5.50214862823	50.0039062500	50.0078125000	0.996484398842	0.0585937500000	0.529296875000	21.1687507629	15.3242187500	8.71718788147	15.1781253815	14.8570318222	-5.96250009537	-800.000000000	0.00000000000	0.00000000000	0.00000000000	24.2998657227	24.9997253418	0.00000000000	4165.00000000	4253.00000000	2954.00000000	2978.00000000	3423.00000000	3595.00000000	64155.0000000	4292.00000000	0.00000000000	1736.53161371	1.06680297852	0.666809082031	0.00000000000	0.00000000000	1.00000000000	5.50000000000	75.2259368896	64.3953386396	47.9264387366	25.0000000000	40.0000000000


















3831353773.18	0.00000000000	2.00000000000	52.0000000000	0.00000000000	0.00000000000	NaN	3.27947902679	-6.90660744115	0.0109596252441	NaN	0.0342664718628	0.0270447731018	0.0733299255371	0.0726733207703	1.90811081886	37.7812858086	2.34820908400	596.879840196	2.41693162918	5.55416934961E-5	0.000983166694641	200000.000000	31.0000000000	0.00000000000	130.000000000	203.000000000	5.00000000000	0.950000000000	-0.740000000000	24.3000000000	0.00000000000	482.000000000	0.00000000000	6720104.00000	2500.00000000	2000.00000000	206.200000000	6466.00000000	1700.00000000	6000.00000000	13314.0000000	5801.00000000	2.00000000000	0.100000000000	0.0500000000000	2.41105704308	5.50214862823	50.0039062500	50.0078125000	0.996484398842	0.0585937500000	0.529296875000	21.1671886444	15.3265628815	8.69140625000	15.1835937500	14.8599615097	-5.98125028610	-800.000000000	0.00000000000	0.00000000000	0.00000000000	24.2998657227	24.9997253418	0.00000000000	4165.00000000	4253.00000000	2954.00000000	2978.00000000	3423.00000000	3595.00000000	64155.0000000	4292.00000000	0.00000000000	0.00000000000	1.06680297852	0.666809082031	0.00000000000	0.00000000000	1.00000000000	5.50000000000	75.2259368896	64.3953386396	47.9264387366	25.0000000000	40.0000000000


















3831353773.38	0.00000000000	0.00000000000	52.0000000000	0.00000000000	0.00000000000	NaN	3.28834199905	-7.05736935593	0.00767707824707	NaN	0.0339379310608	0.0250749588013	0.0720167160034	0.0703754425049	1.86050141373	37.0197013092	2.34191428328	593.622398037	2.41682672501	5.58912397442E-5	0.000970053672791	200000.000000	31.0000000000	0.00000000000	130.000000000	203.000000000	5.00000000000	0.950000000000	-0.740000000000	24.3000000000	0.00000000000	482.000000000	0.00000000000	6720104.00000	2500.00000000	2000.00000000	206.200000000	6466.00000000	1700.00000000	6000.00000000	13314.0000000	5801.00000000	2.00000000000	0.100000000000	0.0500000000000	2.41083908081	5.50214862823	50.0039062500	50.0078125000	0.996484398842	0.0585937500000	0.529296875000	21.1671886444	15.3265628815	8.69140625000	15.1835937500	14.8599615097	-5.98125028610	-800.000000000	0.00000000000	0.00000000000	0.00000000000	24.2969970703	25.0001220703	0.00000000000	4145.00000000	4213.00000000	2954.00000000	2978.00000000	3423.00000000	3595.00000000	64155.0000000	4272.00000000	0.00000000000	0.00000000000	1.06680297852	0.666809082031	0.00000000000	0.00000000000	1.00000000000	5.50000000000	75.2390365601	64.3953386396	47.9264387366	25.0000000000	40.0000000000



















3831353773.58	0.00000000000	4.00000000000	29.0000000000	0.00000000000	0.00000000000	NaN	3.27849435806	-7.04896983059	0.00931835174561	NaN	0.0293426513672	0.0201511383057	0.0720167160034	0.0716886520386	1.87954794216	37.4003552399	2.34034491127	589.143365778	2.41686582565	5.39024421255E-5	0.000977230072021	200000.000000	31.0000000000	0.00000000000	130.000000000	203.000000000	5.00000000000	0.950000000000	-0.740000000000	24.3000000000	0.00000000000	482.000000000	0.00000000000	6720104.00000	2500.00000000	2000.00000000	206.200000000	6466.00000000	1700.00000000	6000.00000000	13314.0000000	5801.00000000	2.00000000000	0.100000000000	0.0500000000000	2.41060152054	5.49941396713	50.0058593750	49.9843750000	1.00253903866	-0.0390625000000	0.697070300579	21.1671886444	15.3265628815	8.69140625000	15.1835937500	14.8599615097	-5.98125028610	-800.000000000	0.00000000000	0.00000000000	0.00000000000	24.2969970703	25.0001220703	0.00000000000	4145.00000000	4213.00000000	2954.00000000	2978.00000000	3423.00000000	3595.00000000	64155.0000000	4272.00000000	0.00000000000	0.00000000000	1.06680297852	0.666809082031	0.00000000000	0.00000000000	1.00000000000	5.50000000000	75.2390365601	64.3953386396	47.9127080094	21.0000000000	26.0000000000


















3831353773.78	0.00000000000	3.00000000000	49.0000000000	0.00000000000	1.00000000000	NaN	3.28702926636	-6.97352574245	0.0119442939758	NaN	0.0362358093262	0.0299987792969	0.0749711990356	0.0723447799683	1.91762716713	38.1622163773	2.34191428328	592.672294310	2.41706323624	6.61847740857E-5	0.000948333740234	200000.000000	31.0000000000	0.00000000000	130.000000000	203.000000000	5.00000000000	0.950000000000	-0.740000000000	24.3000000000	0.00000000000	482.000000000	0.00000000000	6720104.00000	2500.00000000	2000.00000000	206.200000000	6466.00000000	1700.00000000	6000.00000000	13314.0000000	5801.00000000	2.00000000000	0.100000000000	0.0500000000000	2.41385254860	5.49941396713	50.0058593750	49.9843750000	1.00253903866	-0.0390625000000	0.697070300579	21.1664066315	15.3273439407	8.63437557220	15.1843748093	14.8596687317	-6.03515625000	-800.000000000	19664.7983888	1229.04989930	0.00000000000	24.2992248535	24.9997253418	0.00000000000	4126.00000000	4194.00000000	2954.00000000	2978.00000000	3423.00000000	3595.00000000	64155.0000000	4194.00000000	0.00000000000	0.00000000000	1.06680297852	0.666809082031	0.00000000000	0.00000000000	1.00000000000	5.50000000000	75.2267379761	64.3953386396	47.9127080094	21.0000000000	26.0000000000


















3831353773.98	0.00000000000	3.00000000000	52.0000000000	0.00000000000	0.00000000000	NaN	3.29293775558	-6.99866378480	0.0126008987427	NaN	0.0313119888306	0.0240902900696	0.0743145942688	0.0743145942688	1.96525040417	38.7334739113	2.34191428328	589.279010385	2.41476535797	6.41839231482E-5	0.000960159301758	200000.000000	31.0000000000	0.00000000000	130.000000000	203.000000000	5.00000000000	0.950000000000	-0.740000000000	24.3000000000	0.00000000000	482.000000000	0.00000000000	6720104.00000	2500.00000000	2000.00000000	206.200000000	6466.00000000	1700.00000000	6000.00000000	13314.0000000	5801.00000000	2.00000000000	0.100000000000	0.0500000000000	2.40997257233	5.49941396713	50.0058593750	49.9843750000	1.00253903866	-0.0390625000000	0.697070300579	21.1664066315	15.3273439407	8.63437557220	15.1843748093	14.8596687317	-6.03515625000	-800.000000000	0.00000000000	0.00000000000	0.00000000000	24.2992248535	24.9997253418	0.00000000000	4126.00000000	4194.00000000	2954.00000000	2978.00000000	3423.00000000	3595.00000000	64155.0000000	4194.00000000	0.00000000000	0.00000000000	1.06680297852	0.666809082031	0.00000000000	0.00000000000	1.00000000000	5.50000000000	75.2267379761	64.3953386396	47.9127080094	21.0000000000	26.0000000000


















3831353774.18	0.00000000000	6.00000000000	55.0000000000	0.00000000000	0.00000000000	NaN	3.28046369553	-6.99866378480	0.00669240951538	NaN	0.0362358093262	0.0283575057983	0.0766124725342	0.0739865303040	1.90811081886	37.9718894119	2.33617126902	589.143365778	2.41527748108	5.78920906818E-5	0.000943088531494	200000.000000	31.0000000000	0.00000000000	130.000000000	203.000000000	5.00000000000	0.950000000000	-0.740000000000	24.3000000000	0.00000000000	482.000000000	0.00000000000	6720104.00000	2500.00000000	2000.00000000	206.200000000	6466.00000000	1700.00000000	6000.00000000	13314.0000000	5801.00000000	2.00000000000	0.100000000000	0.0500000000000	2.41041498184	5.49902343750	49.9921875000	49.9804687500	1.00097656250	-0.0195312500000	0.634960949421	21.1664066315	15.3273439407	8.63437557220	15.1843748093	14.8596687317	-6.03515625000	-800.000000000	0.00000000000	0.00000000000	0.00000000000	24.2992248535	24.9997253418	0.00000000000	4126.00000000	4194.00000000	2954.00000000	2978.00000000	3423.00000000	3595.00000000	64155.0000000	4194.00000000	0.00000000000	0.00000000000	1.06680297852	0.666809082031	0.00000000000	0.00000000000	1.00000000000	5.50000000000	75.2267379761	62.4872104920	46.0041369352	30.0000000000	26.0000000000

















3831353774.38	0.00000000000	2.00000000000	55.0000000000	0.00000000000	0.00000000000	NaN	3.28243350983	-7.01542847262	0.0126008987427	NaN	0.0280294418335	0.0214643478394	0.0746426582336	0.0746426582336	1.99381328087	39.6856620140	2.34191428328	589.279010385	2.41588115692	6.11826467418E-5	0.000986433029175	200000.000000	31.0000000000	0.00000000000	130.000000000	203.000000000	5.00000000000	0.950000000000	-0.740000000000	24.3000000000	0.00000000000	482.000000000	0.00000000000	6720104.00000	2500.00000000	2000.00000000	206.200000000	6466.00000000	1700.00000000	6000.00000000	13314.0000000	5801.00000000	2.00000000000	0.100000000000	0.0500000000000	2.40973877907	5.49902343750	49.9921875000	49.9804687500	1.00097656250	-0.0195312500000	0.634960949421	21.1710948944	15.3265628815	8.59531307220	15.1828126907	14.8605470657	-6.07656240463	-800.000000000	0.00000000000	0.00000000000	0.00000000000	24.2999572754	25.0001220703	0.00000000000	4116.00000000	4165.00000000	2954.00000000	2978.00000000	3423.00000000	3587.00000000	64155.0000000	4126.00000000	0.00000000000	0.00000000000	1.06680297852	0.666809082031	0.00000000000	0.00000000000	1.00000000000	5.50000000000	75.1861267090	62.4872104920	46.0041369352	30.0000000000	26.0000000000

















3831353774.58	0.00000000000	4.00000000000	53.0000000000	0.00000000000	2.00000000000	NaN	3.28571605682	-7.00703903551	0.0122728347778	NaN	0.0309839248657	0.0247468948364	0.0743145942688	0.0739865303040	1.97476675243	38.9240775146	2.34243733600	590.229114112	2.41649866104	6.21830722106E-5	0.000966048240662	200000.000000	31.0000000000	0.00000000000	130.000000000	203.000000000	5.00000000000	0.950000000000	-0.740000000000	24.3000000000	0.00000000000	482.000000000	0.00000000000	6720104.00000	2500.00000000	2000.00000000	206.200000000	6466.00000000	1700.00000000	6000.00000000	13314.0000000	5801.00000000	2.00000000000	0.100000000000	0.0500000000000	2.41016817093	5.49902343750	49.9921875000	49.9804687500	1.00097656250	-0.0195312500000	0.634960949421	21.1710948944	15.3265628815	8.59531307220	15.1828126907	14.8605470657	-6.07656240463	-800.000000000	21305.7754821	1331.61096763	0.00000000000	24.2999572754	25.0001220703	0.00000000000	4116.00000000	4165.00000000	2954.00000000	2978.00000000	3423.00000000	3587.00000000	64155.0000000	4126.00000000	0.00000000000	0.00000000000	1.06680297852	0.666809082031	0.00000000000	0.00000000000	1.00000000000	5.50000000000	75.1861267090	62.4872104920	46.0041369352	30.0000000000	26.0000000000


















3831353774.78	0.00000000000	6.00000000000	35.0000000000	0.00000000000	0.00000000000	NaN	3.28670072556	-6.91496068783	0.00570774078369	NaN	0.0372209548950	0.0286860466003	0.0759558677673	0.0736579895020	1.88906429043	37.4003552399	2.34191428328	588.057617444	2.41578912735	6.12308600174E-5	0.000950336456299	200000.000000	31.0000000000	0.00000000000	130.000000000	203.000000000	5.00000000000	0.950000000000	-0.740000000000	24.3000000000	0.00000000000	480.000000000	0.00000000000	6720104.00000	2500.00000000	2000.00000000	206.200000000	6466.00000000	1700.00000000	6000.00000000	13314.0000000	5801.00000000	2.00000000000	0.100000000000	0.0500000000000	2.41066713333	5.49941396713	50.0117187500	50.0039062500	1.00292968750	-0.0585937500000	0.497265636921	21.1710948944	15.3265628815	8.59531307220	15.1828126907	14.8605470657	-6.07656240463	-800.000000000	0.00000000000	0.00000000000	0.00000000000	24.2999572754	25.0001220703	0.00000000000	4106.00000000	4145.00000000	2954.00000000	2978.00000000	3423.00000000	3587.00000000	64155.0000000	4078.00000000	0.00000000000	0.00000000000	1.06680297852	0.666809082031	0.00000000000	0.00000000000	1.00000000000	5.50000000000	75.1649627686	68.2895500308	51.8396959751	36.0000000000	40.0000000000


















3831353774.98	-86804.8631807	8.00000000000	62.0000000000	1.00000000000	0.00000000000	NaN	3.28341817856	-6.99027837222	0.00636386871338	NaN	0.0372209548950	0.0283575057983	0.0766124725342	0.0752992630005	1.99381328087	39.3050080833	2.34086807060	588.871879405	2.41540861130	5.35890558341E-5	0.000968694686890	200000.000000	31.0000000000	0.00000000000	130.000000000	203.000000000	5.00000000000	0.950000000000	-0.740000000000	24.3000000000	0.00000000000	480.000000000	0.00000000000	6720104.00000	2500.00000000	2000.00000000	206.200000000	6466.00000000	1700.00000000	6000.00000000	13314.0000000	5801.00000000	2.00000000000	0.100000000000	0.0500000000000	2.40918731689	5.49941396713	50.0117187500	50.0039062500	1.00292968750	-0.0585937500000	0.497265636921	21.1671886444	15.3265628815	8.57421875000	15.1820316315	14.8605470657	-6.10390615463	-800.000000000	0.00000000000	0.00000000000	0.00000000000	24.3002929688	24.9997863770	0.00000000000	4106.00000000	4145.00000000	2954.00000000	2978.00000000	3423.00000000	3587.00000000	64155.0000000	4078.00000000	0.00000000000	868.048631807	1.06680297852	0.666809082031	0.00000000000	0.00000000000	1.00000000000	5.50000000000	75.1649627686	68.2895500308	51.8396959751	36.0000000000	40.0000000000

















3831353775.18	-86804.8631807	4.00000000000	45.0000000000	0.00000000000	0.00000000000	NaN	3.28998374939	-7.03218902981	0.00767707824707	NaN	0.0349230766296	0.0267162322998	0.0752992630005	0.0743145942688	1.96525040417	39.3050080833	2.34034491127	586.700382737	2.41584205627	5.48667076376E-5	0.000945067405701	200000.000000	31.0000000000	0.00000000000	130.000000000	203.000000000	5.00000000000	0.950000000000	-0.740000000000	24.3000000000	0.00000000000	480.000000000	0.00000000000	6720104.00000	2500.00000000	2000.00000000	206.200000000	6466.00000000	1700.00000000	6000.00000000	13314.0000000	5801.00000000	2.00000000000	0.100000000000	0.0500000000000	2.40984249115	5.49941396713	50.0117187500	50.0039062500	1.00292968750	-0.0585937500000	0.497265636921	21.1671886444	15.3265628815	8.57421875000	15.1820316315	14.8605470657	-6.10390615463	-800.000000000	0.00000000000	0.00000000000	0.00000000000	24.3002929688	24.9997863770	0.00000000000	4106.00000000	4145.00000000	2954.00000000	2978.00000000	3423.00000000	3587.00000000	64155.0000000	4078.00000000	0.00000000000	868.048631807	1.06680297852	0.666809082031	0.00000000000	0.00000000000	1.00000000000	5.50000000000	75.1649627686	68.2895500308	51.8396959751	36.0000000000	40.0000000000


















3831353775.38	-86804.8631807	5.00000000000	60.0000000000	0.00000000000	0.00000000000	NaN	3.27521181107	-6.91496068783	0.0122728347778	NaN	0.0352511405945	0.0296707153320	0.0769405364990	0.0762839317322	1.98428310070	39.4953350487	2.34558250471	588.736234797	2.41374111176	4.42838936425E-5	0.000964093208313	200000.000000	31.0000000000	0.00000000000	130.000000000	203.000000000	5.00000000000	0.950000000000	-0.740000000000	24.3000000000	0.00000000000	480.000000000	0.00000000000	6720104.00000	2500.00000000	2000.00000000	206.200000000	6466.00000000	1700.00000000	6000.00000000	13314.0000000	5801.00000000	2.00000000000	0.100000000000	0.0500000000000	2.41005001068	5.49863290787	49.9960937500	49.9960937500	1.00195312500	-0.0195312500000	0.389648437500	21.1671886444	15.3265628815	8.57421875000	15.1820316315	14.8605470657	-6.10390615463	-800.000000000	0.00000000000	0.00000000000	0.00000000000	24.3001403809	24.9999084473	0.00000000000	4097.00000000	4126.00000000	2954.00000000	2978.00000000	3423.00000000	3587.00000000	64155.0000000	4040.00000000	0.00000000000	868.048631807	1.06680297852	0.666809082031	0.00000000000	0.00000000000	1.00000000000	5.50000000000	75.1626892090	70.5617639112	54.1052659553	23.0000000000	33.0000000000


















3831353775.58	-86804.8631807	3.00000000000	51.0000000000	0.00000000000	1.00000000000	NaN	3.28440284729	-6.97352574245	0.00439453125000	NaN	0.0368924140930	0.0280294418335	0.0766124725342	0.0756278038025	1.93667369556	38.3525433426	2.34453324426	587.514644698	2.41569757462	5.69037185319E-5	0.000982451438904	200000.000000	31.0000000000	0.00000000000	130.000000000	203.000000000	5.00000000000	0.950000000000	-0.740000000000	24.3000000000	0.00000000000	480.000000000	0.00000000000	6720104.00000	2500.00000000	2000.00000000	206.200000000	6466.00000000	1700.00000000	6000.00000000	13314.0000000	5801.00000000	2.00000000000	0.100000000000	0.0500000000000	2.40993967056	5.49863290787	49.9960937500	49.9960937500	1.00195312500	-0.0195312500000	0.389648437500	21.1695308685	15.3265628815	8.56640625000	15.1812505722	14.8590822220	-6.11406278610	-800.000000000	56839.3487676	3552.45929798	0.00000000000	24.3001403809	24.9999084473	0.00000000000	4097.00000000	4126.00000000	2954.00000000	2978.00000000	3423.00000000	3587.00000000	64155.0000000	4040.00000000	0.00000000000	868.048631807	1.06680297852	0.666809082031	0.00000000000	0.00000000000	1.00000000000	5.50000000000	75.1626892090	70.5617639112	54.1052659553	23.0000000000	33.0000000000


















3831353775.78	-86804.8631807	3.00000000000	49.0000000000	0.00000000000	0.00000000000	NaN	3.29260969162	-6.99027837222	0.0112881660461	NaN	0.0296707153320	0.0234336853027	0.0749711990356	0.0759558677673	1.97476675243	39.1144044800	2.34820908400	587.514644698	2.41521167755	5.25886303653E-5	0.000961494445801	200000.000000	31.0000000000	0.00000000000	130.000000000	203.000000000	5.00000000000	0.950000000000	-0.740000000000	24.3000000000	0.00000000000	480.000000000	0.00000000000	6720104.00000	2500.00000000	2000.00000000	206.200000000	6466.00000000	1700.00000000	6000.00000000	13314.0000000	5801.00000000	2.00000000000	0.100000000000	0.0500000000000	2.41058177948	5.49863290787	49.9960937500	49.9960937500	1.00195312500	-0.0195312500000	0.389648437500	21.1695308685	15.3265628815	8.56640625000	15.1812505722	14.8590822220	-6.11406278610	-800.000000000	0.00000000000	0.00000000000	0.00000000000	24.3001403809	24.9998474121	0.00000000000	4087.00000000	4106.00000000	2954.00000000	2978.00000000	3423.00000000	3587.00000000	64155.0000000	4012.00000000	0.00000000000	868.048631807	1.06680297852	0.666809082031	0.00000000000	0.00000000000	1.00000000000	5.50000000000	75.1877670288	70.5617639112	54.1052659553	23.0000000000	33.0000000000


















3831353775.98	0.00000000000	5.00000000000	49.0000000000	0.00000000000	0.00000000000	NaN	3.28702926636	-6.98190713697	0.0132575035095	NaN	0.0319685935974	0.0240902900696	0.0762839317322	0.0762839317322	2.02237615757	40.0665925827	2.34243733600	587.650289305	2.41624879837	6.02183812297E-5	0.000981187820435	200000.000000	31.0000000000	0.00000000000	130.000000000	203.000000000	5.00000000000	0.950000000000	-0.740000000000	24.3000000000	0.00000000000	480.000000000	0.00000000000	6720104.00000	2500.00000000	2000.00000000	206.200000000	6466.00000000	1700.00000000	6000.00000000	13314.0000000	5801.00000000	2.00000000000	0.100000000000	0.0500000000000	2.41000142097	5.49863290787	49.9980468750	49.9921875000	0.997265636921	0.0390625000000	0.350390642881	21.1695308685	15.3265628815	8.56640625000	15.1812505722	14.8590822220	-6.11406278610	-800.000000000	0.00000000000	0.00000000000	0.00000000000	24.3000488281	24.9998474121	0.00000000000	4087.00000000	4106.00000000	2954.00000000	2978.00000000	3423.00000000	3587.00000000	64155.0000000	4012.00000000	0.00000000000	0.00000000000	1.06680297852	0.666809082031	0.00000000000	0.00000000000	1.00000000000	5.50000000000	75.1877670288	71.5158279850	55.0526861289	23.0000000000	36.0000000000

















3831353776.18	0.00000000000	2.00000000000	55.0000000000	0.00000000000	0.00000000000	NaN	3.27882242203	-6.96515851622	0.00505113601685	NaN	0.0336098670959	0.0267162322998	0.0772690773010	0.0762839317322	1.96525040417	39.1144044800	2.34663187310	589.550496758	2.41611766815	5.62648926302E-5	0.000941801071167	200000.000000	31.0000000000	0.00000000000	130.000000000	203.000000000	5.00000000000	0.950000000000	-0.740000000000	24.3000000000	0.00000000000	480.000000000	0.00000000000	6720104.00000	2500.00000000	2000.00000000	206.200000000	6466.00000000	1700.00000000	6000.00000000	13314.0000000	5801.00000000	2.00000000000	0.100000000000	0.0500000000000	2.40993180275	5.49863290787	49.9980468750	49.9921875000	0.997265636921	0.0390625000000	0.350390642881	21.1671886444	15.3249998093	8.56875038147	15.1812505722	14.8587894440	-6.11718750000	-800.000000000	0.00000000000	0.00000000000	0.00000000000	24.3000488281	24.9998474121	0.00000000000	4087.00000000	4106.00000000	2954.00000000	2978.00000000	3423.00000000	3587.00000000	64155.0000000	4012.00000000	0.00000000000	0.00000000000	1.06680297852	0.666809082031	0.00000000000	0.00000000000	1.00000000000	5.50000000000	75.1877670288	71.5158279850	55.0526861289	23.0000000000	36.0000000000


















3831353776.38	0.00000000000	3.00000000000	61.0000000000	0.00000000000	1.00000000000	NaN	3.28899860382	-7.01542847262	0.00833368301392	NaN	0.0355796813965	0.0263881683350	0.0762839317322	0.0746426582336	1.99381328087	39.4953350487	2.34558250471	588.464748424	2.41498851776	5.42037750981E-5	0.000960850715637	200000.000000	31.0000000000	0.00000000000	130.000000000	203.000000000	5.00000000000	0.950000000000	-0.740000000000	24.3000000000	0.00000000000	480.000000000	0.00000000000	6720104.00000	2500.00000000	2000.00000000	206.200000000	6466.00000000	1700.00000000	6000.00000000	13314.0000000	5801.00000000	2.00000000000	0.100000000000	0.0500000000000	2.41023635864	5.49863290787	49.9980468750	49.9921875000	0.997265636921	0.0390625000000	0.350390642881	21.1671886444	15.3249998093	8.56875038147	15.1812505722	14.8587894440	-6.11718750000	-800.000000000	12926.0824300	807.880151876	0.00000000000	24.2999572754	24.9999694824	0.00000000000	4078.00000000	4087.00000000	2954.00000000	2978.00000000	3423.00000000	3578.00000000	64155.0000000	3984.00000000	0.00000000000	0.00000000000	1.06680297852	0.666809082031	0.00000000000	0.00000000000	1.00000000000	5.50000000000	75.2218246460	71.5158279850	55.0526861289	23.0000000000	36.0000000000


















3831353776.58	0.00000000000	3.00000000000	48.0000000000	0.00000000000	2.00000000000	NaN	3.27521181107	-7.09095110404	0.00800514221191	NaN	0.0355796813965	0.0240902900696	0.0746426582336	0.0743145942688	1.99381328087	39.6856620140	2.34453324426	585.885923618	2.41576290131	5.52283072047E-5	0.000947666168213	200000.000000	31.0000000000	0.00000000000	130.000000000	203.000000000	5.00000000000	0.950000000000	-0.740000000000	24.3000000000	0.00000000000	480.000000000	0.00000000000	6720104.00000	2500.00000000	2000.00000000	206.200000000	6466.00000000	1700.00000000	6000.00000000	13314.0000000	5801.00000000	2.00000000000	0.100000000000	0.0500000000000	2.40973615646	5.50234365463	50.0039062500	50.0000000000	1.00039064884	0.00000000000	0.368554681540	21.1671886444	15.3249998093	8.56875038147	15.1812505722	14.8587894440	-6.11718750000	-800.000000000	63632.2993495	2567.61909656	1127.51969023	24.2999572754	24.9999694824	0.00000000000	4078.00000000	4087.00000000	2954.00000000	2978.00000000	3423.00000000	3578.00000000	64155.0000000	3984.00000000	0.00000000000	0.00000000000	1.06680297852	0.666809082031	0.00000000000	0.00000000000	1.00000000000	5.50000000000	75.2218246460	70.5763804917	54.0463567066	25.0000000000	36.0000000000


















3831353776.78	0.00000000000	5.00000000000	41.0000000000	0.00000000000	1.00000000000	NaN	3.28571605682	-7.04896983059	0.00505113601685	NaN	0.0345945358276	0.0277013778687	0.0697188377380	0.0854754447937	2.32707911682	46.3512553711	2.34663187310	587.786131071	2.41532993317	5.45533213462E-5	0.000937867164612	200000.000000	31.0000000000	0.00000000000	130.000000000	203.000000000	5.00000000000	0.950000000000	-0.740000000000	24.3000000000	0.00000000000	480.000000000	0.00000000000	6720104.00000	2500.00000000	2000.00000000	206.200000000	6466.00000000	1700.00000000	6000.00000000	13314.0000000	5801.00000000	2.00000000000	0.100000000000	0.0500000000000	2.40981626511	5.50234365463	50.0039062500	50.0000000000	1.00039064884	0.00000000000	0.368554681540	21.1671886444	15.3257818222	8.57421875000	15.1804685593	14.8582038879	-6.11015653610	-800.000000000	15598.7686468	974.923040422	1127.51969023	24.2999572754	24.9999084473	0.00000000000	4068.00000000	4068.00000000	2954.00000000	2978.00000000	3423.00000000	3578.00000000	64155.0000000	3956.00000000	0.00000000000	0.00000000000	1.06680297852	0.666809082031	0.00000000000	0.00000000000	1.00000000000	5.50000000000	75.2382812500	70.5763804917	54.0463567066	25.0000000000	36.0000000000


















3831353776.98	0.00000000000	4.00000000000	39.0000000000	0.00000000000	1.00000000000	NaN	3.27915096283	-7.04058451440	0.00964689254761	NaN	0.0319685935974	0.0244183540344	0.0739865303040	0.0749711990356	2.00332962914	39.8762656174	2.35031380618	587.243158325	2.41680049896	5.39024421255E-5	0.000943756103516	200000.000000	31.0000000000	0.00000000000	130.000000000	203.000000000	5.00000000000	0.950000000000	-0.740000000000	24.3000000000	0.00000000000	480.000000000	0.00000000000	6720104.00000	2500.00000000	2000.00000000	206.200000000	6466.00000000	1700.00000000	6000.00000000	13314.0000000	5801.00000000	2.00000000000	0.100000000000	0.0500000000000	2.40949187279	5.50234365463	50.0039062500	50.0000000000	1.00039064884	0.00000000000	0.368554681540	21.1671886444	15.3257818222	8.57421875000	15.1804685593	14.8582038879	-6.11015653610	-800.000000000	19664.7983888	1229.04989930	1127.51969023	24.2998352051	24.9999084473	0.00000000000	4068.00000000	4068.00000000	2954.00000000	2978.00000000	3423.00000000	3578.00000000	64155.0000000	3956.00000000	0.00000000000	0.00000000000	1.06680297852	0.666809082031	0.00000000000	0.00000000000	1.00000000000	5.50000000000	75.2382812500	70.5763804917	54.0463567066	25.0000000000	36.0000000000

















3831353777.18	0.00000000000	2.00000000000	54.0000000000	0.00000000000	0.00000000000	NaN	3.28538799286	-6.96515851622	0.00505113601685	NaN	0.0365643501282	0.0283575057983	0.0772690773010	0.0752992630005	1.98428310070	39.4953350487	2.35031380618	588.057617444	2.41632747650	5.65782789216E-5	0.000958871841431	200000.000000	31.0000000000	0.00000000000	130.000000000	203.000000000	5.00000000000	0.950000000000	-0.740000000000	24.3000000000	0.00000000000	480.000000000	0.00000000000	6720104.00000	2500.00000000	2000.00000000	206.200000000	6466.00000000	1700.00000000	6000.00000000	13314.0000000	5801.00000000	2.00000000000	0.100000000000	0.0500000000000	2.41017341614	5.50019550323	49.9863281250	49.9960937500	0.996093750000	0.0390625000000	0.413671880960	21.1671886444	15.3257818222	8.57421875000	15.1804685593	14.8582038879	-6.11015653610	-800.000000000	0.00000000000	0.00000000000	1127.51969023	24.2998352051	24.9999084473	0.00000000000	4068.00000000	4068.00000000	2954.00000000	2978.00000000	3423.00000000	3578.00000000	64155.0000000	3956.00000000	0.00000000000	0.00000000000	1.06680297852	0.666809082031	0.00000000000	0.00000000000	1.00000000000	5.50000000000	75.2382812500	68.9588122478	52.4987708785	28.0000000000	41.0000000000


















3831353777.38	-77993.8432338	4.00000000000	30.0000000000	1.00000000000	0.00000000000	NaN	3.28505945206	-6.94841790968	0.00570774078369	NaN	0.0365643501282	0.0273728370667	0.0756278038025	0.0759558677673	1.96525040417	39.3050080833	2.35718030938	590.500600485	2.41548728943	4.92619143486E-5	0.000928640365601	200000.000000	31.0000000000	0.00000000000	130.000000000	203.000000000	5.00000000000	0.950000000000	-0.740000000000	24.3000000000	0.00000000000	480.000000000	0.00000000000	6720104.00000	2500.00000000	2000.00000000	206.200000000	6466.00000000	1700.00000000	6000.00000000	13314.0000000	5801.00000000	2.00000000000	0.100000000000	0.0500000000000	2.40965604782	5.50019550323	49.9863281250	49.9960937500	0.996093750000	0.0390625000000	0.413671880960	21.1695308685	15.3249998093	8.58906269073	15.1796875000	14.8587894440	-6.09375000000	-800.000000000	0.00000000000	0.00000000000	1127.51969023	24.2999267578	24.9999694824	0.00000000000	4058.00000000	4058.00000000	2954.00000000	2978.00000000	3423.00000000	3578.00000000	64155.0000000	3946.00000000	0.00000000000	779.938432338	1.06680297852	0.666809082031	0.00000000000	0.00000000000	1.00000000000	5.50000000000	75.2239837646	68.9588122478	52.4987708785	28.0000000000	41.0000000000


















3831353777.58	-77993.8432338	7.00000000000	48.0000000000	0.00000000000	0.00000000000	NaN	3.28407478333	-7.00703903551	0.0106315612793	NaN	0.0329532623291	0.0234336853027	0.0752992630005	0.0759558677673	2.00332962914	40.0665925827	2.35347856690	589.821983131	2.41561841965	4.99127935693E-5	0.000971984863281	200000.000000	31.0000000000	0.00000000000	130.000000000	203.000000000	5.00000000000	0.950000000000	-0.740000000000	24.3000000000	0.00000000000	480.000000000	0.00000000000	6720104.00000	2500.00000000	2000.00000000	206.200000000	6466.00000000	1700.00000000	6000.00000000	13314.0000000	5801.00000000	2.00000000000	0.100000000000	0.0500000000000	2.40959563255	5.50019550323	49.9863281250	49.9960937500	0.996093750000	0.0390625000000	0.413671880960	21.1695308685	15.3249998093	8.58906269073	15.1796875000	14.8587894440	-6.09375000000	-800.000000000	0.00000000000	0.00000000000	0.00000000000	24.2999267578	24.9999694824	0.00000000000	4058.00000000	4058.00000000	2954.00000000	2978.00000000	3423.00000000	3578.00000000	64155.0000000	3946.00000000	0.00000000000	779.938432338	1.06680297852	0.666809082031	0.00000000000	0.00000000000	1.00000000000	5.50000000000	75.2239837646	68.9588122478	52.4987708785	28.0000000000	41.0000000000


















3831353777.78	-77993.8432338	2.00000000000	37.0000000000	0.00000000000	0.00000000000	NaN	3.29392290115	-6.97352574245	0.0106315612793	NaN	0.0280294418335	0.0254034996033	0.0575733184814	0.0936822891235	2.58418650284	50.9218689194	2.35453522890	589.821983131	2.41497516632	5.48908142754E-5	0.000956821441650	200000.000000	31.0000000000	0.00000000000	130.000000000	203.000000000	5.00000000000	0.950000000000	-0.740000000000	24.3000000000	0.00000000000	480.000000000	0.00000000000	6720104.00000	2500.00000000	2000.00000000	206.200000000	6466.00000000	1700.00000000	6000.00000000	13314.0000000	5801.00000000	2.00000000000	0.100000000000	0.0500000000000	2.40958123207	5.50039052963	49.9980468750	50.0000000000	0.999609410763	0.00000000000	0.453906267881	21.1695308685	15.3249998093	8.58906269073	15.1796875000	14.8587894440	-6.09375000000	-800.000000000	0.00000000000	0.00000000000	0.00000000000	24.2999267578	25.0000000000	0.00000000000	4049.00000000	4039.00000000	2954.00000000	2978.00000000	3423.00000000	3578.00000000	64155.0000000	3919.00000000	0.00000000000	779.938432338	1.06680297852	0.666809082031	0.00000000000	0.00000000000	1.00000000000	5.50000000000	75.1880035400	68.9552688343	52.4987708785	25.0000000000	36.0000000000


















3831353777.98	-77993.8432338	5.00000000000	44.0000000000	0.00000000000	0.00000000000	NaN	0.0198225975037	-7.06575871025	0.0152273178101	NaN	0.0277013778687	0.0201511383057	0.0155553817749	0.0175251960754	0.327442605400	6.35824850464	2.35665039660	592.400807937	0.000665187835693	0.000100729586056	0.000919461250305	200000.000000	31.0000000000	0.00000000000	130.000000000	203.000000000	5.00000000000	0.950000000000	-0.740000000000	24.3000000000	0.00000000000	480.000000000	0.00000000000	6720104.00000	2500.00000000	2000.00000000	206.200000000	6466.00000000	1700.00000000	6000.00000000	13314.0000000	5801.00000000	2.00000000000	0.100000000000	0.0500000000000	1.69240107536	5.50039052963	49.9980468750	50.0000000000	0.999609410763	0.00000000000	0.453906267881	21.1671886444	15.3242187500	8.60859394073	15.1796875000	14.8573246002	-6.07656240463	-800.000000000	0.00000000000	0.00000000000	0.00000000000	24.2997436523	25.0000000000	0.00000000000	4049.00000000	4039.00000000	2954.00000000	2978.00000000	3423.00000000	3578.00000000	64155.0000000	3919.00000000	0.00000000000	779.938432338	1.06680297852	0.666809082031	0.00000000000	0.00000000000	1.00000000000	5.50000000000	75.1880035400	68.9552688343	52.4987708785	25.0000000000	36.0000000000


















3831353778.18	-77993.8432338	6.00000000000	43.0000000000	0.00000000000	0.00000000000	NaN	0.00964689254761	-6.82313568733	0.00702047348022	NaN	0.0368924140930	0.0247468948364	0.0162119865417	0.0109596252441	0.146521333122	2.54949609375	2.34926139223	589.686338524	0.00133514404297	0.000325765049939	0.000786828994751	200000.000000	31.0000000000	0.00000000000	130.000000000	203.000000000	5.00000000000	0.950000000000	-0.740000000000	24.3000000000	0.00000000000	480.000000000	0.00000000000	6720104.00000	2500.00000000	2000.00000000	206.200000000	6466.00000000	1700.00000000	6000.00000000	13314.0000000	5801.00000000	2.00000000000	0.100000000000	0.0500000000000	0.000555133819580	5.50039052963	49.9980468750	50.0000000000	0.999609410763	0.00000000000	0.453906267881	21.1671886444	15.3242187500	8.60859394073	15.1796875000	14.8573246002	-6.07656240463	-800.000000000	0.00000000000	0.00000000000	0.00000000000	24.2997436523	25.0000000000	0.00000000000	4049.00000000	4039.00000000	2954.00000000	2978.00000000	3423.00000000	3578.00000000	64155.0000000	3919.00000000	0.00000000000	779.938432338	1.06680297852	0.666809082031	0.00000000000	0.00000000000	1.00000000000	5.50000000000	75.1880035400	68.9552688343	52.4987708785	25.0000000000	36.0000000000
















3831353778.38	0.00000000000	3.00000000000	36.0000000000	0.00000000000	0.00000000000	NaN	0.0158834457397	-6.84815397067	0.00636386871338	NaN	0.0388622283936	0.0293426513672	0.0165400505066	0.0148987770081	0.184600558090	3.12075362778	2.34978749050	589.686338524	0.000547409057617	0.000314459036810	0.000807166099548	200000.000000	31.0000000000	0.00000000000	130.000000000	203.000000000	5.00000000000	0.950000000000	-0.740000000000	24.3000000000	0.00000000000	480.000000000	0.00000000000	6720104.00000	2500.00000000	2000.00000000	206.200000000	6466.00000000	1700.00000000	6000.00000000	13314.0000000	5801.00000000	2.00000000000	0.100000000000	0.0500000000000	0.000636529922485	5.49980497360	50.0136718750	50.0000000000	1.00058591366	0.0195312500000	0.523242175579	21.1671886444	15.3242187500	8.60859394073	15.1796875000	14.8573246002	-6.07656240463	-800.000000000	0.00000000000	0.00000000000	0.00000000000	24.2990722656	24.9996643066	0.00000000000	4039.00000000	4030.00000000	2954.00000000	2978.00000000	3423.00000000	3578.00000000	64155.0000000	3909.00000000	0.00000000000	0.00000000000	1.06680297852	0.666809082031	0.00000000000	0.00000000000	1.00000000000	5.50000000000	75.1618118286	71.5131704249	54.9937768801	35.0000000000	30.0000000000


















3831353778.58	0.00000000000	3.00000000000	47.0000000000	0.00000000000	0.00000000000	NaN	0.0112881660461	-6.88154750017	0.0126008987427	NaN	0.0290141105652	0.0181813240051	0.0132575035095	0.0158834457397	0.241740143394	4.64419926453	2.35031380618	591.179217838	0.000914573669434	0.000324415078222	0.000777649879456	200000.000000	31.0000000000	0.00000000000	130.000000000	203.000000000	5.00000000000	0.950000000000	-0.740000000000	24.3000000000	0.00000000000	480.000000000	0.00000000000	6720104.00000	2500.00000000	2000.00000000	206.200000000	6466.00000000	1700.00000000	6000.00000000	13314.0000000	5801.00000000	2.00000000000	0.100000000000	0.0500000000000	0.000879383087158	5.49980497360	50.0136718750	50.0000000000	1.00058591366	0.0195312500000	0.523242175579	21.1687507629	15.3265628815	8.61718750000	15.1812505722	14.8587894440	-6.06562519073	-800.000000000	0.00000000000	0.00000000000	0.00000000000	24.2990722656	24.9996643066	0.00000000000	4039.00000000	4030.00000000	2954.00000000	2978.00000000	3423.00000000	3578.00000000	64155.0000000	3909.00000000	0.00000000000	0.00000000000	1.06680297852	0.666809082031	0.00000000000	0.00000000000	1.00000000000	5.50000000000	75.1618118286	71.5131704249	54.9937768801	35.0000000000	30.0000000000


















3831353778.78	0.00000000000	3.00000000000	43.0000000000	0.00000000000	1.00000000000	NaN	0.0145707130432	-6.89825618391	0.00964689254761	NaN	0.0372209548950	0.0280294418335	0.0168685913086	0.0162119865417	0.251256491661	4.64419926453	2.34768287469	591.450704211	0.000455379486084	0.000325765049939	0.000778317451477	200000.000000	31.0000000000	0.00000000000	130.000000000	203.000000000	5.00000000000	0.950000000000	-0.740000000000	24.3000000000	0.00000000000	480.000000000	0.00000000000	6720104.00000	2500.00000000	2000.00000000	206.200000000	6466.00000000	1700.00000000	6000.00000000	13314.0000000	5801.00000000	2.00000000000	0.100000000000	0.0500000000000	0.000731039047241	5.49980497360	50.0136718750	50.0000000000	1.00058591366	0.0195312500000	0.523242175579	21.1687507629	15.3265628815	8.61718750000	15.1812505722	14.8587894440	-6.06562519073	-800.000000000	3033.09390354	189.568368971	0.00000000000	24.2991027832	25.0000305176	0.00000000000	4039.00000000	4011.00000000	2954.00000000	2978.00000000	3423.00000000	3569.00000000	64155.0000000	3900.00000000	0.00000000000	0.00000000000	1.06680297852	0.666809082031	0.00000000000	0.00000000000	1.00000000000	5.50000000000	75.1633300781	71.5131704249	54.9937768801	35.0000000000	30.0000000000


















3831353778.98	0.00000000000	2.00000000000	42.0000000000	0.00000000000	0.00000000000	NaN	0.0139141082764	-6.84815397067	0.00767707824707	NaN	0.0382056236267	0.0280294418335	0.0152273178101	0.0152273178101	0.260786671829	4.64419926453	2.35242277578	591.179217838	0.000770568847656	0.000328742219708	0.000804615020752	200000.000000	31.0000000000	0.00000000000	130.000000000	203.000000000	5.00000000000	0.950000000000	-0.740000000000	24.3000000000	0.00000000000	480.000000000	0.00000000000	6720104.00000	2500.00000000	2000.00000000	206.200000000	6466.00000000	1700.00000000	6000.00000000	13314.0000000	5801.00000000	2.00000000000	0.100000000000	0.0500000000000	0.000698137283325	5.50234365463	50.0000000000	49.9960937500	1.00097656250	0.00000000000	0.562500000000	21.1687507629	15.3265628815	8.61718750000	15.1812505722	14.8587894440	-6.06562519073	-800.000000000	0.00000000000	0.00000000000	0.00000000000	24.2991027832	25.0000305176	0.00000000000	4039.00000000	4011.00000000	2954.00000000	2978.00000000	3423.00000000	3569.00000000	64155.0000000	3900.00000000	0.00000000000	0.00000000000	1.06680297852	0.666809082031	0.00000000000	0.00000000000	1.00000000000	5.50000000000	75.1633300781	69.6192159312	53.1441150546	41.0000000000	28.0000000000

















3831353779.18	0.00000000000	3.00000000000	42.0000000000	0.00000000000	0.00000000000	NaN	0.0106315612793	-6.75650304254	0.0116162300110	NaN	0.0342664718628	0.0247468948364	0.0158834457397	0.00997495651245	0.108428276253	2.16856552505	2.35189558985	591.450704211	0.00140094757080	0.000335696984713	0.000805234909058	200000.000000	31.0000000000	0.00000000000	130.000000000	203.000000000	5.00000000000	0.950000000000	-0.740000000000	24.3000000000	0.00000000000	352.000000000	0.00000000000	6720104.00000	2500.00000000	2000.00000000	206.200000000	6466.00000000	1700.00000000	6000.00000000	13314.0000000	5801.00000000	2.00000000000	0.100000000000	0.0500000000000	0.000803279876709	5.50234365463	50.0000000000	49.9960937500	1.00097656250	0.00000000000	0.562500000000	21.1656246185	15.3242187500	8.61796855927	15.1796875000	14.8579111099	-6.06171894073	-800.000000000	0.00000000000	0.00000000000	0.00000000000	24.2991027832	25.0000305176	0.00000000000	4039.00000000	4011.00000000	2954.00000000	2978.00000000	3423.00000000	3569.00000000	64155.0000000	3900.00000000	0.00000000000	0.00000000000	1.06680297852	0.666809082031	0.00000000000	0.00000000000	1.00000000000	5.50000000000	75.1633300781	69.6192159312	53.1441150546	41.0000000000	28.0000000000

















3831353779.38	0.00000000000	3.00000000000	39.0000000000	0.00000000000	1.00000000000	NaN	0.0139141082764	-6.88154750017	0.00964689254761	NaN	0.0368924140930	0.0257315635681	0.0158834457397	0.0168685913086	0.289349548531	5.21573343658	2.35136785554	590.500600485	0.000875473022461	0.000332080989043	0.000807237625122	200000.000000	31.0000000000	0.00000000000	130.000000000	203.000000000	5.00000000000	0.950000000000	-0.740000000000	24.3000000000	0.00000000000	352.000000000	0.00000000000	6720104.00000	2500.00000000	2000.00000000	206.200000000	6466.00000000	1700.00000000	6000.00000000	13314.0000000	5801.00000000	2.00000000000	0.100000000000	0.0500000000000	0.000757360458374	5.50234365463	50.0000000000	49.9960937500	1.00097656250	0.00000000000	0.562500000000	21.1656246185	15.3242187500	8.61796855927	15.1796875000	14.8579111099	-6.06171894073	-800.000000000	2859.59507928	178.724692455	0.00000000000	24.3001403809	24.9999694824	0.00000000000	4030.00000000	4001.00000000	2954.00000000	2978.00000000	3423.00000000	3569.00000000	64155.0000000	3882.00000000	0.00000000000	0.00000000000	1.06680297852	0.666809082031	0.00000000000	0.00000000000	1.00000000000	5.50000000000	75.1811370850	69.6192159312	53.1441150546	41.0000000000	28.0000000000


















3831353779.58	0.00000000000	2.00000000000	47.0000000000	0.00000000000	1.00000000000	NaN	0.0109596252441	-6.85650543856	0.0129294395447	NaN	0.0352511405945	0.0257315635681	0.0145707130432	0.0162119865417	0.289349548531	5.21573343658	2.35347856690	592.265163330	0.00151872634888	0.000342989242649	0.000819039344788	200000.000000	31.0000000000	0.00000000000	130.000000000	203.000000000	5.00000000000	0.950000000000	-0.740000000000	24.3000000000	0.00000000000	352.000000000	0.00000000000	6720104.00000	2500.00000000	2000.00000000	206.200000000	6466.00000000	1700.00000000	6000.00000000	13314.0000000	5801.00000000	2.00000000000	0.100000000000	0.0500000000000	0.000639152526855	5.50000000000	49.9921875000	49.9960937500	0.996874988079	0.0195312500000	0.528515636921	21.1656246185	15.3242187500	8.61796855927	15.1796875000	14.8579111099	-6.06171894073	-800.000000000	2974.38886024	185.899303765	0.00000000000	24.3001403809	24.9999694824	0.00000000000	4030.00000000	4001.00000000	2954.00000000	2978.00000000	3423.00000000	3569.00000000	64155.0000000	3882.00000000	0.00000000000	0.00000000000	1.06680297852	0.666809082031	0.00000000000	0.00000000000	1.00000000000	5.50000000000	75.1811370850	67.7212750973	51.2492747076	31.0000000000	33.0000000000


















3831353779.78	0.00000000000	5.00000000000	51.0000000000	0.00000000000	0.00000000000	NaN	0.0135860443115	-6.85650543856	0.00603580474854	NaN	0.0385336875916	0.0290141105652	0.0168685913086	0.0148987770081	0.0798653995514	1.40670438766	2.35347856690	593.758042644	0.000534057617187	0.000320099990056	0.000806546211243	200000.000000	31.0000000000	0.00000000000	130.000000000	203.000000000	5.00000000000	0.950000000000	-0.740000000000	24.3000000000	0.00000000000	352.000000000	0.00000000000	6720104.00000	2500.00000000	2000.00000000	206.200000000	6466.00000000	1700.00000000	6000.00000000	13314.0000000	5801.00000000	2.00000000000	0.100000000000	0.0500000000000	0.000649642944336	5.50000000000	49.9921875000	49.9960937500	0.996874988079	0.0195312500000	0.528515636921	21.1664066315	15.3234376907	8.62343788147	15.1796875000	14.8576173782	-6.05625009537	-800.000000000	0.00000000000	0.00000000000	0.00000000000	24.2997436523	24.9999084473	0.00000000000	4020.00000000	3992.00000000	2954.00000000	2978.00000000	3423.00000000	3569.00000000	64155.0000000	3873.00000000	0.00000000000	0.00000000000	1.06680297852	0.666809082031	0.00000000000	0.00000000000	1.00000000000	5.50000000000	75.2169952393	67.7212750973	51.2492747076	31.0000000000	33.0000000000


















3831353779.98	0.00000000000	1.00000000000	44.0000000000	0.00000000000	0.00000000000	NaN	0.0148987770081	-6.84815397067	0.00636386871338	NaN	0.0368924140930	0.0273728370667	0.0152273178101	0.0145707130432	0.232209963226	4.07294173050	2.35506350248	591.315059604	0.00126934051514	0.000330056031468	0.000812435150146	200000.000000	31.0000000000	0.00000000000	130.000000000	203.000000000	5.00000000000	0.950000000000	-0.740000000000	24.3000000000	0.00000000000	352.000000000	0.00000000000	6720104.00000	2500.00000000	2000.00000000	206.200000000	6466.00000000	1700.00000000	6000.00000000	13314.0000000	5801.00000000	2.00000000000	0.100000000000	0.0500000000000	0.000824260711670	5.50000000000	49.9921875000	49.9960937500	0.996874988079	0.0195312500000	0.528515636921	21.1664066315	15.3234376907	8.62343788147	15.1796875000	14.8576173782	-6.05625009537	-800.000000000	0.00000000000	0.00000000000	0.00000000000	24.2997436523	24.9999084473	0.00000000000	4020.00000000	3992.00000000	2954.00000000	2978.00000000	3423.00000000	3569.00000000	64155.0000000	3873.00000000	0.00000000000	0.00000000000	1.06680297852	0.666809082031	0.00000000000	0.00000000000	1.00000000000	5.50000000000	75.2169952393	67.7212750973	51.2492747076	31.0000000000	33.0000000000

















3831353780.18	0.00000000000	0.00000000000	45.0000000000	0.00000000000	0.00000000000	NaN	0.0126008987427	-6.80646267682	0.0139141082764	-59.5564716255	0.0322966575623	0.0309839248657	0.0194945335388	0.0106315612793	0.432177763939	8.64355527878	2.35612147049	591.450704211	-0.000490188598633	0.000335359491784	0.000826907157898	200000.000000	31.0000000000	0.00000000000	130.000000000	203.000000000	5.00000000000	0.950000000000	-0.740000000000	24.3000000000	0.00000000000	352.000000000	0.00000000000	6720040.00000	2500.00000000	2000.00000000	206.200000000	6466.00000000	1700.00000000	6000.00000000	13314.0000000	5801.00000000	2.00000000000	0.100000000000	0.0500000000000	0.000222873687744	5.49785184860	50.0000000000	50.0156250000	0.999414086342	0.00000000000	0.495117187500	21.1664066315	15.3234376907	8.62343788147	15.1796875000	14.8576173782	-6.05625009537	-800.000000000	0.00000000000	0.00000000000	0.00000000000	24.2997436523	24.9999084473	0.00000000000	4020.00000000	3992.00000000	2954.00000000	2978.00000000	3423.00000000	3569.00000000	64155.0000000	3873.00000000	0.00000000000	0.00000000000	1.06680297852	0.666809082031	0.00000000000	0.00000000000	1.00000000000	5.50000000000	75.2169952393	67.7212750973	51.2492747076	35.0000000000	15.0000000000


















3831353780.38	0.00000000000	0.00000000000	41.0000000000	0.00000000000	0.00000000000	NaN	0.0135860443115	-6.88989478041	0.00767707824707	-61.9686134838	0.0372209548950	0.0339379310608	0.00570774078369	-0.0418906211853	-0.843787490273	-13.2573243599	2.35506350248	592.129321564	-0.00123834609985	0.000339035754049	0.000933885574341	200000.000000	31.0000000000	0.00000000000	130.000000000	203.000000000	5.00000000000	0.950000000000	-0.740000000000	24.3000000000	0.00000000000	352.000000000	0.00000000000	6720040.00000	2500.00000000	2000.00000000	206.200000000	6466.00000000	1700.00000000	6000.00000000	13314.0000000	5801.00000000	2.00000000000	0.100000000000	0.0500000000000	-0.00148539543152	5.49785184860	50.0000000000	50.0156250000	0.999414086342	0.00000000000	0.495117187500	21.1640625000	15.3249998093	8.63281250000	15.1812505722	14.8579111099	-6.04921865463	-800.000000000	0.00000000000	0.00000000000	0.00000000000	24.3001098633	24.9999694824	0.00000000000	4011.00000000	3983.00000000	2954.00000000	2978.00000000	3423.00000000	3569.00000000	64155.0000000	3863.00000000	0.00000000000	0.00000000000	1.06680297852	0.666809082031	0.00000000000	0.00000000000	1.00000000000	5.50000000000	75.2386779785	67.7212750973	51.2492747076	35.0000000000	15.0000000000

















3831353780.58	0.00000000000	3.00000000000	34.0000000000	0.00000000000	1.00000000000	NaN	0.0119442939758	-6.82313568733	0.0126008987427	-57.6345993080	0.0332818031311	0.0339379310608	0.0194945335388	0.0162119865417	0.594052507782	11.3097926216	2.35559276178	591.179217838	-0.000870704650879	0.000332370268697	0.000935888290405	200000.000000	31.0000000000	0.00000000000	130.000000000	203.000000000	5.00000000000	0.950000000000	-0.740000000000	24.3000000000	0.00000000000	352.000000000	0.00000000000	6720040.00000	2500.00000000	2000.00000000	206.200000000	6466.00000000	1700.00000000	6000.00000000	13314.0000000	5801.00000000	2.00000000000	0.100000000000	0.0500000000000	-0.00120301246643	5.49785184860	50.0000000000	50.0156250000	0.999414086342	0.00000000000	0.495117187500	21.1640625000	15.3249998093	8.63281250000	15.1812505722	14.8579111099	-6.04921865463	-800.000000000	2861.56721382	0.00000000000	143.078360691	24.3001098633	24.9999694824	0.00000000000	4011.00000000	3983.00000000	2954.00000000	2978.00000000	3423.00000000	3569.00000000	64155.0000000	3863.00000000	0.00000000000	0.00000000000	1.06680297852	0.666809082031	0.00000000000	0.00000000000	1.00000000000	5.50000000000	75.2386779785	67.7212750973	51.2492747076	35.0000000000	15.0000000000


















3831353780.78	0.00000000000	3.00000000000	48.0000000000	0.00000000000	1.00000000000	NaN	0.0109596252441	-6.88989478041	0.00931835174561	-61.0112649107	0.0362358093262	0.0336098670959	0.0198225975037	0.0148987770081	0.356005482101	5.59666400528	2.35559276178	592.265163330	-0.00133037567139	0.000331743496114	0.000928020477295	200000.000000	31.0000000000	0.00000000000	130.000000000	203.000000000	5.00000000000	0.950000000000	-0.740000000000	24.3000000000	0.00000000000	352.000000000	0.00000000000	6720040.00000	2500.00000000	2000.00000000	206.200000000	6466.00000000	1700.00000000	6000.00000000	13314.0000000	5801.00000000	2.00000000000	0.100000000000	0.0500000000000	-0.00137372016907	5.50136709213	50.0078125000	50.0078125000	1.00117194653	-0.0390625000000	0.479882806540	21.1640625000	15.3249998093	8.63281250000	15.1812505722	14.8579111099	-6.04921865463	-800.000000000	3298.30879176	206.144299485	143.078360691	24.3001098633	25.0000915527	0.00000000000	4011.00000000	3964.00000000	2954.00000000	2978.00000000	3423.00000000	3569.00000000	64155.0000000	3854.00000000	0.00000000000	0.00000000000	1.06680297852	0.666809082031	0.00000000000	0.00000000000	1.00000000000	5.50000000000	75.2278518677	69.2657604387	52.7268781199	38.0000000000	16.0000000000


















3831353780.98	0.00000000000	6.00000000000	48.0000000000	0.00000000000	0.00000000000	NaN	0.0139141082764	-6.86484676666	0.00833368301392	-61.6416116857	0.0372209548950	0.0345945358276	0.0191664695740	0.0148987770081	0.432177763939	8.26262471008	2.35612147049	593.622398037	-0.00148820877075	0.000333720240414	0.000920057296753	200000.000000	31.0000000000	0.00000000000	130.000000000	203.000000000	5.00000000000	0.950000000000	-0.740000000000	24.3000000000	0.00000000000	352.000000000	0.00000000000	4622888.00000	2500.00000000	2000.00000000	206.200000000	6466.00000000	1700.00000000	6000.00000000	13314.0000000	5801.00000000	2.00000000000	0.100000000000	0.0500000000000	-0.00143947601318	5.50136709213	50.0078125000	50.0078125000	1.00117194653	-0.0390625000000	0.479882806540	21.1617183685	15.3249998093	8.64218807220	15.1804685593	14.8576173782	-6.03984403610	-800.000000000	0.00000000000	0.00000000000	143.078360691	24.2999267578	25.0000915527	0.00000000000	4011.00000000	3964.00000000	2954.00000000	2978.00000000	3423.00000000	3569.00000000	64155.0000000	3854.00000000	0.00000000000	0.00000000000	1.06680297852	0.666809082031	0.00000000000	0.00000000000	1.00000000000	5.50000000000	75.2278518677	69.2657604387	52.7268781199	38.0000000000	16.0000000000


















3831353781.18	0.00000000000	4.00000000000	59.0000000000	0.00000000000	1.00000000000	NaN	0.0132575035095	-6.81479214052	0.0145707130432	-60.1193916187	0.0372209548950	0.0355796813965	0.0214643478394	0.0116162300110	0.375052010536	7.50104021072	2.35400640535	595.522605490	-0.00140905380249	0.000340373672447	0.00101268291473	200000.000000	31.0000000000	0.00000000000	130.000000000	203.000000000	5.00000000000	0.950000000000	-0.740000000000	24.3000000000	0.00000000000	352.000000000	0.00000000000	4622888.00000	2500.00000000	2000.00000000	206.200000000	6466.00000000	1700.00000000	6000.00000000	13314.0000000	5801.00000000	2.00000000000	0.100000000000	0.0500000000000	-0.00120053291321	5.50136709213	50.0078125000	50.0078125000	1.00117194653	-0.0390625000000	0.479882806540	21.1617183685	15.3249998093	8.64218807220	15.1804685593	14.8576173782	-6.03984403610	-800.000000000	2807.35619759	175.459762349	143.078360691	24.2999267578	25.0000915527	0.00000000000	4011.00000000	3964.00000000	2954.00000000	2978.00000000	3423.00000000	3569.00000000	64155.0000000	3854.00000000	0.00000000000	0.00000000000	1.06680297852	0.666809082031	0.00000000000	0.00000000000	1.00000000000	5.50000000000	75.2278518677	69.2657604387	52.7268781199	38.0000000000	16.0000000000


















3831353781.38	0.00000000000	5.00000000000	34.0000000000	0.00000000000	2.00000000000	NaN	0.0109596252441	-6.85650543856	0.0135860443115	-59.5564716255	0.0362358093262	0.0355796813965	0.0188379287720	0.0148987770081	0.470270820808	9.02448584747	2.35559276178	593.350911664	-0.00102853775024	0.000342338363428	0.00104351043701	200000.000000	31.0000000000	0.00000000000	130.000000000	203.000000000	5.00000000000	0.950000000000	-0.740000000000	24.3000000000	0.00000000000	352.000000000	0.00000000000	4622888.00000	2500.00000000	2000.00000000	206.200000000	6466.00000000	1700.00000000	6000.00000000	13314.0000000	5801.00000000	2.00000000000	0.100000000000	0.0500000000000	-0.00120701789856	5.50058603287	50.0039062500	50.0156250000	1.00234377384	-0.0390625000000	0.481640636921	21.1617183685	15.3249998093	8.64218807220	15.1804685593	14.8576173782	-6.03984403610	-800.000000000	5420.24817494	338.765510934	143.078360691	24.2999877930	24.9987182617	0.00000000000	4001.00000000	3954.00000000	2954.00000000	2978.00000000	3423.00000000	3569.00000000	64155.0000000	3845.00000000	0.00000000000	0.00000000000	1.06680297852	0.666809082031	0.00000000000	0.00000000000	1.00000000000	5.50000000000	75.1957092285	70.2198245124	53.7619977765	35.0000000000	30.0000000000


















3831353781.58	0.00000000000	3.00000000000	56.0000000000	0.00000000000	0.00000000000	NaN	0.0139141082764	-6.90660744115	0.00767707824707	-61.6416116857	0.0378775596619	0.0359077453613	0.0191664695740	0.0139141082764	0.432177763939	8.07229774475	2.35400640535	593.622398037	-0.00100231170654	0.000338662101163	0.00104556083679	200000.000000	31.0000000000	0.00000000000	130.000000000	203.000000000	5.00000000000	0.950000000000	-0.740000000000	24.3000000000	0.00000000000	352.000000000	0.00000000000	4622888.00000	2500.00000000	2000.00000000	206.200000000	6466.00000000	1700.00000000	6000.00000000	13314.0000000	5801.00000000	2.00000000000	0.100000000000	0.0500000000000	-0.00122408866882	5.50058603287	50.0039062500	50.0156250000	1.00234377384	-0.0390625000000	0.481640636921	21.1640625000	15.3234376907	8.65390682220	15.1781253815	14.8555669785	-6.02734375000	-800.000000000	0.00000000000	0.00000000000	0.00000000000	24.2999877930	24.9987182617	0.00000000000	4001.00000000	3954.00000000	2954.00000000	2978.00000000	3423.00000000	3569.00000000	64155.0000000	3845.00000000	0.00000000000	0.00000000000	1.06680297852	0.666809082031	0.00000000000	0.00000000000	1.00000000000	5.50000000000	75.1957092285	70.2198245124	53.7619977765	35.0000000000	30.0000000000


















3831353781.78	0.00000000000	3.00000000000	47.0000000000	0.00000000000	1.00000000000	NaN	0.0109596252441	-6.87319007626	0.0148987770081	-59.1494858445	0.0355796813965	0.0339379310608	0.0181813240051	0.0148987770081	0.489317349243	9.21481281281	2.35876981552	593.079425291	-0.000726222991943	0.000335407705060	0.00103371143341	200000.000000	31.0000000000	0.00000000000	130.000000000	203.000000000	5.00000000000	0.950000000000	-0.740000000000	24.3000000000	0.00000000000	352.000000000	0.00000000000	4622888.00000	2500.00000000	2000.00000000	206.200000000	6466.00000000	1700.00000000	6000.00000000	13314.0000000	5801.00000000	2.00000000000	0.100000000000	0.0500000000000	-0.00135011672974	5.50058603287	50.0039062500	50.0156250000	1.00234377384	-0.0390625000000	0.481640636921	21.1640625000	15.3234376907	8.65390682220	15.1781253815	14.8555669785	-6.02734375000	-800.000000000	2658.08613712	166.130383570	0.00000000000	24.2999877930	24.9996032715	0.00000000000	4001.00000000	3945.00000000	2954.00000000	2978.00000000	3423.00000000	3569.00000000	64155.0000000	3836.00000000	0.00000000000	0.00000000000	1.06680297852	0.666809082031	0.00000000000	0.00000000000	1.00000000000	5.50000000000	75.1676025391	70.2198245124	53.7619977765	35.0000000000	30.0000000000

















3831353781.98	0.00000000000	4.00000000000	48.0000000000	0.00000000000	1.00000000000	NaN	0.0155553817749	-6.78979755954	0.0106315612793	-59.8349454567	0.0368924140930	0.0359077453613	0.0194945335388	0.0162119865417	0.508363877678	10.1672775536	2.36036128019	594.029529017	-0.00130414962769	0.000335709038032	0.00101921558380	200000.000000	31.0000000000	0.00000000000	130.000000000	203.000000000	5.00000000000	0.950000000000	-0.740000000000	24.3000000000	0.00000000000	352.000000000	0.00000000000	4622888.00000	2500.00000000	2000.00000000	206.200000000	6466.00000000	1700.00000000	6000.00000000	13314.0000000	5801.00000000	2.00000000000	0.100000000000	0.0500000000000	-0.00131864547729	5.50136709213	50.0058593750	49.9960937500	0.999609410763	0.00000000000	0.488281250000	21.1640625000	15.3234376907	8.65390682220	15.1781253815	14.8555669785	-6.02734375000	-800.000000000	2915.86258611	0.00000000000	145.793129306	24.2994689941	24.9996032715	0.00000000000	4001.00000000	3945.00000000	2954.00000000	2978.00000000	3423.00000000	3569.00000000	64155.0000000	3836.00000000	0.00000000000	0.00000000000	1.06680297852	0.666809082031	0.00000000000	0.00000000000	1.00000000000	5.50000000000	75.1676025391	72.1137790062	55.6705688507	28.0000000000	21.0000000000


















3831353782.18	0.00000000000	3.00000000000	57.0000000000	0.00000000000	2.00000000000	NaN	0.0135860443115	-6.79813518355	0.00833368301392	-62.8241046065	0.0385336875916	0.0362358093262	0.0208077430725	0.00997495651245	0.308396076965	6.35824850464	2.36142360198	596.336867451	-0.00114679336548	0.000337372396041	0.00100612640381	200000.000000	31.0000000000	0.00000000000	130.000000000	203.000000000	5.00000000000	0.950000000000	-0.740000000000	24.3000000000	0.00000000000	352.000000000	0.00000000000	4622888.00000	2500.00000000	2000.00000000	206.200000000	6466.00000000	1700.00000000	6000.00000000	13314.0000000	5801.00000000	2.00000000000	0.100000000000	0.0500000000000	-0.00140137672424	5.50136709213	50.0058593750	49.9960937500	0.999609410763	0.00000000000	0.488281250000	21.1648445129	15.3234376907	8.66640663147	15.1789064407	14.8570318222	-6.01562500000	-800.000000000	5833.18419785	364.574012365	145.793129306	24.2994689941	24.9996032715	0.00000000000	4001.00000000	3945.00000000	2954.00000000	2978.00000000	3423.00000000	3569.00000000	64155.0000000	3836.00000000	0.00000000000	0.00000000000	1.06680297852	0.666809082031	0.00000000000	0.00000000000	1.00000000000	5.50000000000	75.1676025391	72.1137790062	55.6705688507	28.0000000000	21.0000000000


















3831353782.38	0.00000000000	2.00000000000	48.0000000000	0.00000000000	0.00000000000	NaN	0.00964689254761	-6.96515851622	0.0139141082764	-59.6948777394	0.0326251983643	0.0306553840637	0.00439453125000	-0.0395927429199	-0.891396895409	-14.5904430313	2.36195547551	595.386763724	-0.000634670257568	0.000337372396041	0.00100150108337	200000.000000	31.0000000000	0.00000000000	130.000000000	203.000000000	5.00000000000	0.950000000000	-0.740000000000	24.3000000000	0.00000000000	352.000000000	0.00000000000	4622888.00000	2500.00000000	2000.00000000	206.200000000	6466.00000000	1700.00000000	6000.00000000	13314.0000000	5801.00000000	2.00000000000	0.100000000000	0.0500000000000	-0.00111646652222	5.50136709213	50.0058593750	49.9960937500	0.999609410763	0.00000000000	0.488281250000	21.1648445129	15.3234376907	8.66640663147	15.1789064407	14.8570318222	-6.01562500000	-800.000000000	0.00000000000	0.00000000000	145.793129306	24.2997741699	24.9999084473	0.00000000000	3992.00000000	3936.00000000	2954.00000000	2978.00000000	3423.00000000	3561.00000000	64155.0000000	3836.00000000	0.00000000000	0.00000000000	1.06680297852	0.666809082031	0.00000000000	0.00000000000	1.00000000000	5.50000000000	75.1659240723	72.1137790062	55.6705688507	28.0000000000	21.0000000000


















3831353782.58	0.00000000000	4.00000000000	28.0000000000	0.00000000000	0.00000000000	NaN	0.0145707130432	-6.85650543856	0.00669240951538	-62.3040826747	0.0391902923584	0.0359077453613	0.0194945335388	0.0152273178101	0.451224292374	8.07229774475	2.35612147049	594.572501763	-0.000962734222412	0.000343350842216	0.00105998516083	200000.000000	31.0000000000	0.00000000000	130.000000000	203.000000000	5.00000000000	0.950000000000	-0.740000000000	24.3000000000	0.00000000000	352.000000000	0.00000000000	4622888.00000	2500.00000000	2000.00000000	206.200000000	6466.00000000	1700.00000000	6000.00000000	13314.0000000	5801.00000000	2.00000000000	0.100000000000	0.0500000000000	-0.00132780075073	5.49882841110	49.9960937500	49.9960937500	0.998437523842	0.0195312500000	0.492578119040	21.1648445129	15.3234376907	8.66640663147	15.1789064407	14.8570318222	-6.01562500000	-800.000000000	0.00000000000	0.00000000000	145.793129306	24.2997741699	24.9999084473	0.00000000000	3992.00000000	3936.00000000	2954.00000000	2978.00000000	3423.00000000	3561.00000000	64155.0000000	3836.00000000	0.00000000000	0.00000000000	1.06680297852	0.666809082031	0.00000000000	0.00000000000	1.00000000000	5.50000000000	75.1659240723	68.8857293452	52.4026557884	41.0000000000	36.0000000000

















3831353782.78	0.00000000000	4.00000000000	60.0000000000	0.00000000000	0.00000000000	NaN	0.0126008987427	-6.78979755954	0.0122728347778	-61.1661345049	0.0375490188599	0.0352511405945	0.0194945335388	0.0148987770081	0.451224292374	8.26262471008	2.36248679465	595.794091862	-0.00112056732178	0.000332394375335	0.00103042125702	200000.000000	31.0000000000	0.00000000000	130.000000000	203.000000000	5.00000000000	0.950000000000	-0.740000000000	24.3000000000	0.00000000000	352.000000000	0.00000000000	4622888.00000	2500.00000000	2000.00000000	206.200000000	6466.00000000	1700.00000000	6000.00000000	13314.0000000	5801.00000000	2.00000000000	0.100000000000	0.0500000000000	-0.00131468772888	5.49882841110	49.9960937500	49.9960937500	0.998437523842	0.0195312500000	0.492578119040	21.1695308685	15.3234376907	8.67968750000	15.1796875000	14.8579111099	-6.00234365463	-800.000000000	0.00000000000	0.00000000000	145.793129306	24.2997741699	24.9999084473	0.00000000000	3992.00000000	3926.00000000	2954.00000000	2978.00000000	3423.00000000	3561.00000000	64155.0000000	3827.00000000	0.00000000000	0.00000000000	1.06680297852	0.666809082031	0.00000000000	0.00000000000	1.00000000000	5.50000000000	75.1852951050	68.8857293452	52.4026557884	41.0000000000	36.0000000000


















3831353782.98	0.00000000000	2.00000000000	49.0000000000	0.00000000000	1.00000000000	NaN	0.0152273178101	-6.74817525935	0.0122728347778	-60.8584266255	0.0375490188599	0.0355796813965	0.0204792022705	0.0175251960754	0.470270820808	9.59574338150	2.36408282987	598.372916669	-0.00207901000977	0.000353957762849	0.00103828907013	200000.000000	31.0000000000	0.00000000000	130.000000000	203.000000000	5.00000000000	0.950000000000	-0.740000000000	24.3000000000	0.00000000000	352.000000000	0.00000000000	4622888.00000	2500.00000000	2000.00000000	206.200000000	6466.00000000	1700.00000000	6000.00000000	13314.0000000	5801.00000000	2.00000000000	0.100000000000	0.0500000000000	-0.00139083862305	5.49882841110	49.9960937500	49.9960937500	0.998437523842	0.0195312500000	0.492578119040	21.1695308685	15.3234376907	8.67968750000	15.1796875000	14.8579111099	-6.00234365463	-800.000000000	3033.09390354	0.00000000000	151.654695177	24.2999572754	24.9999084473	0.00000000000	3992.00000000	3926.00000000	2954.00000000	2978.00000000	3423.00000000	3561.00000000	64155.0000000	3827.00000000	0.00000000000	0.00000000000	1.06680297852	0.666809082031	0.00000000000	0.00000000000	1.00000000000	5.50000000000	75.1852951050	68.8857293452	52.4026557884	41.0000000000	36.0000000000


















3831353783.18	0.00000000000	2.00000000000	53.0000000000	0.00000000000	0.00000000000	NaN	0.0122728347778	-6.88989478041	0.0119442939758	-59.5564716255	0.0352511405945	0.0339379310608	0.0214643478394	0.00833368301392	0.317912425232	6.35824850464	2.36036128019	596.065381078	-0.00157976150513	0.000341024551668	0.00103764533997	200000.000000	31.0000000000	0.00000000000	130.000000000	203.000000000	5.00000000000	0.950000000000	-0.740000000000	24.3000000000	0.00000000000	352.000000000	0.00000000000	4622888.00000	2500.00000000	2000.00000000	206.200000000	6466.00000000	1700.00000000	6000.00000000	13314.0000000	5801.00000000	2.00000000000	0.100000000000	0.0500000000000	-0.00145778656006	5.49941396713	49.9980468750	50.0000000000	0.999218761921	0.00000000000	0.504296898842	21.1695308685	15.3234376907	8.67968750000	15.1796875000	14.8579111099	-6.00234365463	-800.000000000	0.00000000000	0.00000000000	151.654695177	24.2999572754	24.9999084473	0.00000000000	3992.00000000	3926.00000000	2954.00000000	2978.00000000	3423.00000000	3561.00000000	64155.0000000	3827.00000000	0.00000000000	0.00000000000	1.06680297852	0.666809082031	0.00000000000	0.00000000000	1.00000000000	5.50000000000	75.1852951050	68.8857293452	52.4026557884	23.0000000000	28.0000000000

















3831353783.38	0.00000000000	3.00000000000	46.0000000000	0.00000000000	0.00000000000	NaN	0.0139141082764	-6.78147400531	0.0162119865417	-58.7545290066	0.0329532623291	0.0296707153320	0.0185098648071	0.0178532600403	0.575005979347	10.7385350876	2.36461579264	597.015484804	-0.00123834609985	0.000343664228507	0.00104091167450	200000.000000	31.0000000000	0.00000000000	130.000000000	203.000000000	5.00000000000	0.950000000000	-0.740000000000	24.3000000000	0.00000000000	352.000000000	0.00000000000	4622888.00000	2500.00000000	2000.00000000	206.200000000	6466.00000000	1700.00000000	6000.00000000	13314.0000000	5801.00000000	2.00000000000	0.100000000000	0.0500000000000	-0.00111775398254	5.49941396713	49.9980468750	50.0000000000	0.999218761921	0.00000000000	0.504296898842	21.1656246185	15.3234376907	8.69062519073	15.1789064407	14.8567390442	-5.99140644073	-800.000000000	0.00000000000	0.00000000000	151.654695177	24.2997436523	24.9999694824	0.00000000000	3983.00000000	3926.00000000	2954.00000000	2978.00000000	3423.00000000	3561.00000000	64155.0000000	3818.00000000	0.00000000000	0.00000000000	1.06680297852	0.666809082031	0.00000000000	0.00000000000	1.00000000000	5.50000000000	75.2191925049	68.8857293452	52.4026557884	23.0000000000	28.0000000000


















3831353783.58	0.00000000000	2.00000000000	36.0000000000	0.00000000000	0.00000000000	NaN	0.0109596252441	-6.90660744115	0.00997495651245	-61.0112649107	0.0322966575623	0.0293426513672	0.0168685913086	0.0152273178101	0.489317349243	9.40541641617	2.36036128019	595.658250097	-0.000752449035645	0.000337010796474	0.00105011463165	200000.000000	31.0000000000	0.00000000000	130.000000000	203.000000000	5.00000000000	0.950000000000	-0.740000000000	24.3000000000	0.00000000000	352.000000000	0.00000000000	4622888.00000	2500.00000000	2000.00000000	206.200000000	6466.00000000	1700.00000000	6000.00000000	13314.0000000	5801.00000000	2.00000000000	0.100000000000	0.0500000000000	-0.00108361244202	5.49941396713	49.9980468750	50.0000000000	0.999218761921	0.00000000000	0.504296898842	21.1656246185	15.3234376907	8.69062519073	15.1789064407	14.8567390442	-5.99140644073	-800.000000000	0.00000000000	0.00000000000	151.654695177	24.2997436523	24.9999694824	0.00000000000	3983.00000000	3926.00000000	2954.00000000	2978.00000000	3423.00000000	3561.00000000	64155.0000000	3818.00000000	0.00000000000	0.00000000000	1.06680297852	0.666809082031	0.00000000000	0.00000000000	1.00000000000	5.50000000000	75.2191925049	68.8857293452	52.4026557884	23.0000000000	28.0000000000

















3831353783.78	0.00000000000	6.00000000000	51.0000000000	0.00000000000	0.00000000000	NaN	0.0145707130432	-6.85650543856	0.00899028778076	-61.6416116857	0.0382056236267	0.0362358093262	0.0214643478394	0.0171966552734	0.517880225945	9.78634698486	2.36089271796	598.101430296	-0.00136995315552	0.000353330990266	0.00103826522827	200000.000000	31.0000000000	0.00000000000	130.000000000	203.000000000	5.00000000000	0.950000000000	-0.740000000000	24.3000000000	0.00000000000	352.000000000	0.00000000000	4622888.00000	2500.00000000	2000.00000000	206.200000000	6466.00000000	1700.00000000	6000.00000000	13314.0000000	5801.00000000	2.00000000000	0.100000000000	0.0500000000000	-0.00109019279480	5.49941396713	49.9941406250	50.0156250000	0.996679723263	0.0195312500000	0.511523425579	21.1656246185	15.3234376907	8.69062519073	15.1789064407	14.8567390442	-5.99140644073	-800.000000000	0.00000000000	0.00000000000	151.654695177	24.2998657227	24.9996948242	0.00000000000	3973.00000000	3917.00000000	2954.00000000	2978.00000000	3423.00000000	3561.00000000	64155.0000000	3809.00000000	0.00000000000	0.00000000000	1.06680297852	0.666809082031	0.00000000000	0.00000000000	1.00000000000	5.50000000000	75.2399520874	68.8857293452	52.3889250612	41.0000000000	23.0000000000


















3831353783.98	0.00000000000	5.00000000000	42.0000000000	0.00000000000	0.00000000000	NaN	0.0109596252441	-6.86484676666	0.0145707130432	-59.2837072791	0.0352511405945	0.0329532623291	0.0194945335388	0.0162119865417	0.508363877678	9.97667395020	2.36195547551	597.422812942	-0.00167179107666	0.000340349565809	0.00105669498444	200000.000000	31.0000000000	0.00000000000	130.000000000	203.000000000	5.00000000000	0.950000000000	-0.740000000000	24.3000000000	0.00000000000	352.000000000	0.00000000000	4622888.00000	2500.00000000	2000.00000000	206.200000000	6466.00000000	1700.00000000	6000.00000000	13314.0000000	5801.00000000	2.00000000000	0.100000000000	0.0500000000000	-0.00126223564148	5.49941396713	49.9941406250	50.0156250000	0.996679723263	0.0195312500000	0.511523425579	21.1687507629	15.3242187500	8.69843769073	15.1789064407	14.8582038879	-5.98203134537	-800.000000000	0.00000000000	0.00000000000	0.00000000000	24.2998657227	24.9996948242	0.00000000000	3973.00000000	3917.00000000	2954.00000000	2978.00000000	3423.00000000	3561.00000000	64155.0000000	3809.00000000	0.00000000000	0.00000000000	1.06680297852	0.666809082031	0.00000000000	0.00000000000	1.00000000000	5.50000000000	75.2399520874	68.8857293452	52.3889250612	41.0000000000	23.0000000000


















3831353784.18	0.00000000000	1.00000000000	48.0000000000	0.00000000000	1.00000000000	NaN	0.0135860443115	-6.81479214052	0.00669240951538	-63.0021417762	0.0388622283936	0.0355796813965	0.0188379287720	0.0158834457397	0.460740640640	8.83415888214	2.36301833120	597.965588530	-0.000936508178711	0.000343688335145	0.00103499889374	200000.000000	31.0000000000	0.00000000000	130.000000000	203.000000000	5.00000000000	0.950000000000	-0.740000000000	24.3000000000	0.00000000000	352.000000000	0.00000000000	4622888.00000	2500.00000000	2000.00000000	206.200000000	6466.00000000	1700.00000000	6000.00000000	13314.0000000	5801.00000000	2.00000000000	0.100000000000	0.0500000000000	-0.00127401351929	5.49941396713	49.9941406250	50.0156250000	0.996679723263	0.0195312500000	0.511523425579	21.1687507629	15.3242187500	8.69843769073	15.1789064407	14.8582038879	-5.98203134537	-800.000000000	2915.86258611	0.00000000000	145.793129306	24.2998657227	24.9996948242	0.00000000000	3973.00000000	3917.00000000	2954.00000000	2978.00000000	3423.00000000	3561.00000000	64155.0000000	3809.00000000	0.00000000000	0.00000000000	1.06680297852	0.666809082031	0.00000000000	0.00000000000	1.00000000000	5.50000000000	75.2399520874	68.8857293452	52.3889250612	41.0000000000	23.0000000000


















3831353784.38	0.00000000000	4.00000000000	54.0000000000	0.00000000000	0.00000000000	NaN	0.0126008987427	-6.87319007626	0.0152273178101	-59.0164068459	0.0355796813965	0.0342664718628	0.000783443450928	0.0444426536560	1.29869106846	23.8791181984	2.36248679465	597.694102157	-0.00122547149658	0.000335371545103	0.00101077556610	200000.000000	31.0000000000	0.00000000000	130.000000000	203.000000000	5.00000000000	0.950000000000	-0.740000000000	24.3000000000	0.00000000000	352.000000000	0.00000000000	4622888.00000	2500.00000000	2000.00000000	206.200000000	6466.00000000	1700.00000000	6000.00000000	13314.0000000	5801.00000000	2.00000000000	0.100000000000	0.0500000000000	-0.00121498107910	5.50000000000	50.0019531250	50.0000000000	1.00019538403	-0.0195312500000	0.507617175579	21.1687507629	15.3242187500	8.69843769073	15.1789064407	14.8582038879	-5.98203134537	-800.000000000	0.00000000000	0.00000000000	145.793129306	24.3001098633	25.0000000000	0.00000000000	3973.00000000	3908.00000000	2954.00000000	2978.00000000	3423.00000000	3561.00000000	64155.0000000	3809.00000000	0.00000000000	0.00000000000	1.06680297852	0.666809082031	0.00000000000	0.00000000000	1.00000000000	5.50000000000	75.2290954590	66.3242843412	49.8350098108	11.0000000000	38.0000000000


















3831353784.58	0.00000000000	4.00000000000	49.0000000000	0.00000000000	0.00000000000	NaN	0.0109596252441	-6.84815397067	0.0162119865417	-58.1207831054	0.0368924140930	0.0355796813965	0.0194945335388	0.0178532600403	0.536926754379	10.1672775536	2.36195547551	599.322823237	-0.000726222991943	0.000343025402605	0.00102646350861	200000.000000	31.0000000000	0.00000000000	130.000000000	203.000000000	5.00000000000	0.950000000000	-0.740000000000	24.3000000000	0.00000000000	352.000000000	0.00000000000	4622888.00000	2500.00000000	2000.00000000	206.200000000	6466.00000000	1700.00000000	6000.00000000	13314.0000000	5801.00000000	2.00000000000	0.100000000000	0.0500000000000	-0.00121355056763	5.50000000000	50.0019531250	50.0000000000	1.00019538403	-0.0195312500000	0.507617175579	21.1695308685	15.3226566315	8.70859432220	15.1789064407	14.8576173782	-5.97265625000	-800.000000000	0.00000000000	0.00000000000	145.793129306	24.3001098633	25.0000000000	0.00000000000	3973.00000000	3908.00000000	2954.00000000	2978.00000000	3423.00000000	3561.00000000	64155.0000000	3809.00000000	0.00000000000	0.00000000000	1.06680297852	0.666809082031	0.00000000000	0.00000000000	1.00000000000	5.50000000000	75.2290954590	66.3242843412	49.8350098108	11.0000000000	38.0000000000


















3831353784.78	0.00000000000	2.00000000000	54.0000000000	0.00000000000	0.00000000000	NaN	0.0106315612793	-6.86484676666	0.0135860443115	-59.4194905411	0.0365643501282	0.0336098670959	0.0185098648071	0.0158834457397	0.479787169075	9.02448584747	2.36301833120	599.187178630	-0.000463962554932	0.000341036604987	0.00102455615997	200000.000000	31.0000000000	0.00000000000	130.000000000	203.000000000	5.00000000000	0.950000000000	-0.740000000000	24.3000000000	0.00000000000	352.000000000	0.00000000000	4622888.00000	2500.00000000	2000.00000000	206.200000000	6466.00000000	1700.00000000	6000.00000000	13314.0000000	5801.00000000	2.00000000000	0.100000000000	0.0500000000000	-0.00117034912109	5.50000000000	50.0019531250	50.0000000000	1.00019538403	-0.0195312500000	0.507617175579	21.1695308685	15.3226566315	8.70859432220	15.1789064407	14.8576173782	-5.97265625000	-800.000000000	0.00000000000	0.00000000000	145.793129306	24.2996215820	25.0000305176	0.00000000000	3964.00000000	3898.00000000	2954.00000000	2978.00000000	3423.00000000	3561.00000000	64155.0000000	3800.00000000	0.00000000000	0.00000000000	1.06680297852	0.666809082031	0.00000000000	0.00000000000	1.00000000000	5.50000000000	75.1958312988	66.3242843412	49.8350098108	11.0000000000	38.0000000000

















3831353784.98	0.00000000000	0.00000000000	43.0000000000	0.00000000000	0.00000000000	NaN	0.0148987770081	-6.82313568733	0.00833368301392	-63.0021417762	0.0332818031311	0.0332818031311	0.0194945335388	0.0175251960754	0.498833697510	9.78634698486	2.36408282987	598.780047649	-0.00150108337402	0.000337396502679	0.00103769302368	200000.000000	31.0000000000	0.00000000000	130.000000000	203.000000000	5.00000000000	0.950000000000	-0.740000000000	24.3000000000	0.00000000000	352.000000000	0.00000000000	4622888.00000	2500.00000000	2000.00000000	206.200000000	6466.00000000	1700.00000000	6000.00000000	13314.0000000	5801.00000000	2.00000000000	0.100000000000	0.0500000000000	-0.00127792358398	5.49960947037	49.9960937500	50.0000000000	0.998242199421	0.00000000000	0.505664050579	21.1695308685	15.3226566315	8.70859432220	15.1789064407	14.8576173782	-5.97265625000	-800.000000000	0.00000000000	0.00000000000	145.793129306	24.2996215820	25.0000305176	0.00000000000	3964.00000000	3898.00000000	2954.00000000	2978.00000000	3423.00000000	3561.00000000	64155.0000000	3800.00000000	0.00000000000	0.00000000000	1.06680297852	0.666809082031	0.00000000000	0.00000000000	1.00000000000	5.50000000000	75.1958312988	68.8883869053	52.3477328798	25.0000000000	31.0000000000


















3831353785.18	0.00000000000	4.00000000000	42.0000000000	0.00000000000	1.00000000000	NaN	0.0152273178101	-6.78147400531	0.0103030204773	-61.8039641055	0.0372209548950	0.0352511405945	0.0217924118042	0.0103030204773	0.346475301933	6.92950603867	2.36568159795	598.644205884	-0.00167179107666	0.000337360342722	0.00102319717407	200000.000000	31.0000000000	0.00000000000	130.000000000	203.000000000	5.00000000000	0.950000000000	-0.740000000000	24.3000000000	0.00000000000	352.000000000	0.00000000000	4622888.00000	2500.00000000	2000.00000000	206.200000000	6466.00000000	1700.00000000	6000.00000000	13314.0000000	5801.00000000	2.00000000000	0.100000000000	0.0500000000000	-0.00142498016357	5.49960947037	49.9960937500	50.0000000000	0.998242199421	0.00000000000	0.505664050579	21.1648445129	15.3234376907	8.71562480927	15.1796875000	14.8576173782	-5.96640634537	-800.000000000	3160.14658038	197.509161274	0.00000000000	24.2996215820	25.0000305176	0.00000000000	3964.00000000	3898.00000000	2954.00000000	2978.00000000	3423.00000000	3561.00000000	64155.0000000	3800.00000000	0.00000000000	0.00000000000	1.06680297852	0.666809082031	0.00000000000	0.00000000000	1.00000000000	5.50000000000	75.1958312988	68.8883869053	52.3477328798	25.0000000000	31.0000000000


















3831353785.38	0.00000000000	6.00000000000	45.0000000000	0.00000000000	0.00000000000	NaN	0.0148987770081	-6.83981660369	0.00964689254761	-61.1661345049	0.0329532623291	0.0306553840637	0.0191664695740	0.0168685913086	0.546443102646	10.3576045189	2.36408282987	598.644205884	-0.00129127502441	0.000331044403618	0.00101721286774	200000.000000	31.0000000000	0.00000000000	130.000000000	203.000000000	5.00000000000	0.950000000000	-0.740000000000	24.3000000000	0.00000000000	352.000000000	0.00000000000	4622888.00000	2500.00000000	2000.00000000	206.200000000	6466.00000000	1700.00000000	6000.00000000	13314.0000000	5801.00000000	2.00000000000	0.100000000000	0.0500000000000	-0.00130152702332	5.49960947037	49.9960937500	50.0000000000	0.998242199421	0.00000000000	0.505664050579	21.1648445129	15.3234376907	8.71562480927	15.1796875000	14.8576173782	-5.96640634537	-800.000000000	0.00000000000	0.00000000000	0.00000000000	24.2997131348	24.9995422363	0.00000000000	3964.00000000	3889.00000000	2954.00000000	2978.00000000	3423.00000000	3561.00000000	64155.0000000	3800.00000000	0.00000000000	0.00000000000	1.06680297852	0.666809082031	0.00000000000	0.00000000000	1.00000000000	5.50000000000	75.1661224365	68.8883869053	52.3477328798	25.0000000000	31.0000000000

















3831353785.58	0.00000000000	4.00000000000	39.0000000000	0.00000000000	0.00000000000	NaN	0.0112881660461	-6.82313568733	0.0142421722412	-59.1494858445	0.0352511405945	0.0336098670959	0.0175251960754	0.0155553817749	0.470270820808	9.02448584747	2.36674749920	598.372916669	-0.000660896301270	0.000339349140340	0.00104620456696	200000.000000	31.0000000000	0.00000000000	130.000000000	203.000000000	5.00000000000	0.950000000000	-0.740000000000	24.3000000000	0.00000000000	352.000000000	0.00000000000	4622888.00000	2500.00000000	2000.00000000	206.200000000	6466.00000000	1700.00000000	6000.00000000	13314.0000000	5801.00000000	2.00000000000	0.100000000000	0.0500000000000	-0.00131216049194	5.49882841110	50.0039062500	49.9921875000	1.00058591366	-0.0195312500000	0.504882812500	21.1648445129	15.3234376907	8.71562480927	15.1796875000	14.8576173782	-5.96640634537	-800.000000000	0.00000000000	0.00000000000	0.00000000000	24.2997131348	24.9995422363	0.00000000000	3964.00000000	3889.00000000	2954.00000000	2978.00000000	3423.00000000	3561.00000000	64155.0000000	3800.00000000	0.00000000000	0.00000000000	1.06680297852	0.666809082031	0.00000000000	0.00000000000	1.00000000000	5.50000000000	75.1661224365	72.1186511997	55.5855269277	23.0000000000	33.0000000000

















3831353785.78	0.00000000000	5.00000000000	44.0000000000	0.00000000000	1.00000000000	NaN	0.0129294395447	-6.78979755954	0.0168685913086	-58.8848283640	0.0345945358276	0.0336098670959	0.0185098648071	0.0178532600403	0.584536159515	10.9288620529	2.36514819943	600.001637749	-0.00156688690186	0.000345014200224	0.00104219913483	200000.000000	31.0000000000	0.00000000000	130.000000000	203.000000000	5.00000000000	0.950000000000	-0.740000000000	24.3000000000	0.00000000000	352.000000000	0.00000000000	4622888.00000	2500.00000000	2000.00000000	206.200000000	6466.00000000	1700.00000000	6000.00000000	13314.0000000	5801.00000000	2.00000000000	0.100000000000	0.0500000000000	-0.00121231079102	5.49882841110	50.0039062500	49.9921875000	1.00058591366	-0.0195312500000	0.504882812500	21.1656246185	15.3234376907	8.72265625000	15.1804685593	14.8567390442	-5.95781278610	-800.000000000	2807.35619759	175.459762349	0.00000000000	24.2997131348	25.0001220703	0.00000000000	3964.00000000	3880.00000000	2954.00000000	2978.00000000	3423.00000000	3561.00000000	64155.0000000	3791.00000000	0.00000000000	0.00000000000	1.06680297852	0.666809082031	0.00000000000	0.00000000000	1.00000000000	5.50000000000	75.1638107300	72.1186511997	55.5855269277	23.0000000000	33.0000000000


















3831353785.98	0.00000000000	1.00000000000	49.0000000000	0.00000000000	0.00000000000	NaN	0.0109596252441	-6.88154750017	0.0139141082764	-58.6252956851	0.0280294418335	0.0290141105652	0.0171966552734	0.0171966552734	0.565489631081	10.5479314842	2.36568159795	598.372916669	-0.000857830047607	0.000337059009749	0.00103170871735	200000.000000	31.0000000000	0.00000000000	130.000000000	203.000000000	5.00000000000	0.950000000000	-0.740000000000	24.3000000000	0.00000000000	352.000000000	0.00000000000	4622888.00000	2500.00000000	2000.00000000	206.200000000	6466.00000000	1700.00000000	6000.00000000	13314.0000000	5801.00000000	2.00000000000	0.100000000000	0.0500000000000	-0.00138559341431	5.49882841110	50.0039062500	49.9921875000	1.00058591366	-0.0195312500000	0.504882812500	21.1656246185	15.3234376907	8.72265625000	15.1804685593	14.8567390442	-5.95781278610	-800.000000000	0.00000000000	0.00000000000	0.00000000000	24.2997436523	25.0001220703	0.00000000000	3964.00000000	3880.00000000	2954.00000000	2978.00000000	3423.00000000	3561.00000000	64155.0000000	3791.00000000	0.00000000000	0.00000000000	1.06680297852	0.666809082031	0.00000000000	0.00000000000	1.00000000000	5.50000000000	75.1638107300	72.1186511997	55.5855269277	23.0000000000	33.0000000000


















3831353786.18	0.00000000000	6.00000000000	29.0000000000	0.00000000000	0.00000000000	NaN	0.0129294395447	-6.88154750017	0.0103030204773	-60.7071306285	0.0352511405945	0.0313119888306	0.0185098648071	0.00997495651245	0.375052010536	7.31043660736	2.35770967062	598.237074903	-0.000621318817139	0.000329393098928	0.00102844238281	200000.000000	31.0000000000	0.00000000000	130.000000000	203.000000000	5.00000000000	0.950000000000	-0.740000000000	24.3000000000	0.00000000000	352.000000000	0.00000000000	4622888.00000	2500.00000000	2000.00000000	206.200000000	6466.00000000	1700.00000000	6000.00000000	13314.0000000	5801.00000000	2.00000000000	0.100000000000	0.0500000000000	-0.00120182037354	5.50175809860	49.9960937500	50.0000000000	0.998828113079	0.00000000000	0.507812500000	21.1656246185	15.3234376907	8.72265625000	15.1804685593	14.8567390442	-5.95781278610	-800.000000000	0.00000000000	0.00000000000	0.00000000000	24.2997436523	25.0001220703	0.00000000000	3964.00000000	3880.00000000	2954.00000000	2978.00000000	3423.00000000	3561.00000000	64155.0000000	3791.00000000	0.00000000000	0.00000000000	1.06680297852	0.666809082031	0.00000000000	0.00000000000	1.00000000000	5.50000000000	75.1638107300	69.5572061957	53.0891921460	28.0000000000	30.0000000000


















3831353786.38	0.00000000000	1.00000000000	49.0000000000	0.00000000000	1.00000000000	NaN	0.0129294395447	-6.91496068783	0.00800514221191	-61.3226322478	0.0355796813965	0.0352511405945	0.00603580474854	-0.0402493476868	-0.853303838539	-13.0667207565	2.36355085820	597.422812942	-0.00102853775024	0.000330405577716	0.00102181434631	200000.000000	31.0000000000	0.00000000000	130.000000000	203.000000000	5.00000000000	0.950000000000	-0.740000000000	24.3000000000	0.00000000000	352.000000000	0.00000000000	4622888.00000	2500.00000000	2000.00000000	206.200000000	6466.00000000	1700.00000000	6000.00000000	13314.0000000	5801.00000000	2.00000000000	0.100000000000	0.0500000000000	-0.00134758949280	5.50175809860	49.9960937500	50.0000000000	0.998828113079	0.00000000000	0.507812500000	21.1671886444	15.3226566315	8.72968769073	15.1789064407	14.8561525345	-5.94921875000	-800.000000000	3160.14658038	197.509161274	0.00000000000	24.2999572754	25.0001831055	0.00000000000	3954.00000000	3880.00000000	2954.00000000	2978.00000000	3423.00000000	3561.00000000	64155.0000000	3782.00000000	0.00000000000	0.00000000000	1.06680297852	0.666809082031	0.00000000000	0.00000000000	1.00000000000	5.50000000000	75.1895599365	69.5572061957	53.0891921460	28.0000000000	30.0000000000


















3831353786.58	19750.9161274	1.00000000000	50.0000000000	1.00000000000	0.00000000000	NaN	0.0116162300110	-6.90660744115	0.0106315612793	-61.4810297665	0.0372209548950	0.0349230766296	0.0191664695740	0.0165400505066	0.498833697510	9.97667395020	2.36408282987	598.237074903	-0.00135660171509	0.000329405152247	0.00103962421417	200000.000000	31.0000000000	0.00000000000	130.000000000	203.000000000	5.00000000000	0.950000000000	-0.740000000000	24.3000000000	0.00000000000	352.000000000	0.00000000000	4622888.00000	2500.00000000	2000.00000000	206.200000000	6466.00000000	1700.00000000	6000.00000000	13314.0000000	5801.00000000	2.00000000000	0.100000000000	0.0500000000000	-0.00108895301819	5.50175809860	49.9960937500	50.0000000000	0.998828113079	0.00000000000	0.507812500000	21.1671886444	15.3226566315	8.72968769073	15.1789064407	14.8561525345	-5.94921875000	-800.000000000	0.00000000000	0.00000000000	0.00000000000	24.2999572754	25.0001831055	0.00000000000	3954.00000000	3880.00000000	2954.00000000	2978.00000000	3423.00000000	3561.00000000	64155.0000000	3782.00000000	197.509161274	0.00000000000	1.06680297852	0.666809082031	0.00000000000	0.00000000000	1.00000000000	5.50000000000	75.1895599365	69.5572061957	53.0891921460	28.0000000000	30.0000000000


















3831353786.78	0.00000000000	3.00000000000	37.0000000000	0.00000000000	0.00000000000	NaN	0.0132575035095	-6.83146909951	0.0155553817749	-59.9763015691	0.0355796813965	0.0349230766296	0.0201511383057	0.0178532600403	0.527396574211	9.21481281281	2.36674749920	600.680255102	-0.00119924545288	0.000332406428653	0.00104684829712	200000.000000	31.0000000000	0.00000000000	130.000000000	203.000000000	5.00000000000	0.950000000000	-0.740000000000	24.3000000000	0.00000000000	352.000000000	0.00000000000	4622888.00000	2500.00000000	2000.00000000	206.200000000	6466.00000000	1700.00000000	6000.00000000	13314.0000000	5801.00000000	2.00000000000	0.100000000000	0.0500000000000	-0.00120973587036	5.49863290787	49.9980468750	50.0000000000	0.998242199421	0.0195312500000	0.508007824421	21.1671886444	15.3226566315	8.72968769073	15.1789064407	14.8561525345	-5.94921875000	-800.000000000	0.00000000000	0.00000000000	0.00000000000	24.3001403809	24.9996643066	0.00000000000	3954.00000000	3871.00000000	2954.00000000	2978.00000000	3415.00000000	3561.00000000	64155.0000000	3782.00000000	0.00000000000	0.00000000000	1.06680297852	0.666809082031	0.00000000000	0.00000000000	1.00000000000	5.50000000000	75.2162780762	69.5563203423	52.9616292615	30.0000000000	28.0000000000

















3831353786.98	0.00000000000	3.00000000000	42.0000000000	0.00000000000	1.00000000000	NaN	0.0116162300110	-6.93168530449	0.00734901428223	-61.3226322478	0.0368924140930	0.0329532623291	0.0185098648071	0.0148987770081	0.479787169075	9.40541641617	2.36301833120	597.558457550	-0.000857830047607	0.000332406428653	0.00100488662720	200000.000000	31.0000000000	0.00000000000	130.000000000	203.000000000	5.00000000000	0.950000000000	-0.740000000000	24.3000000000	0.00000000000	352.000000000	0.00000000000	4622888.00000	2500.00000000	2000.00000000	206.200000000	6466.00000000	1700.00000000	6000.00000000	13314.0000000	5801.00000000	2.00000000000	0.100000000000	0.0500000000000	-0.00119118690491	5.49863290787	49.9980468750	50.0000000000	0.998242199421	0.0195312500000	0.508007824421	21.1593761444	15.3226566315	8.73437500000	15.1781253815	14.8558597565	-5.94453144073	-800.000000000	2755.16099604	172.197562253	0.00000000000	24.3001403809	24.9996643066	0.00000000000	3954.00000000	3871.00000000	2954.00000000	2978.00000000	3415.00000000	3561.00000000	64155.0000000	3782.00000000	0.00000000000	0.00000000000	1.06680297852	0.666809082031	0.00000000000	0.00000000000	1.00000000000	5.50000000000	75.2162780762	69.5563203423	52.9616292615	30.0000000000	28.0000000000


















3831353787.18	0.00000000000	1.00000000000	56.0000000000	0.00000000000	0.00000000000	NaN	0.0122728347778	-6.86484676666	0.0168685913086	-57.7544770894	0.0326251983643	0.0306553840637	0.0204792022705	0.0119442939758	0.413131235504	8.26262471008	2.36568159795	600.680255102	-0.00146198272705	0.000319774550445	0.00103049278259	200000.000000	31.0000000000	0.00000000000	130.000000000	203.000000000	5.00000000000	0.950000000000	-0.740000000000	24.3000000000	0.00000000000	352.000000000	0.00000000000	4622888.00000	2500.00000000	2000.00000000	206.200000000	6466.00000000	1700.00000000	6000.00000000	13314.0000000	5801.00000000	2.00000000000	0.100000000000	0.0500000000000	-0.00114402770996	5.49863290787	49.9980468750	50.0000000000	0.998242199421	0.0195312500000	0.508007824421	21.1593761444	15.3226566315	8.73437500000	15.1781253815	14.8558597565	-5.94453144073	-800.000000000	0.00000000000	0.00000000000	0.00000000000	24.3001403809	24.9996643066	0.00000000000	3954.00000000	3871.00000000	2954.00000000	2978.00000000	3415.00000000	3561.00000000	64155.0000000	3782.00000000	0.00000000000	0.00000000000	1.06680297852	0.666809082031	0.00000000000	0.00000000000	1.00000000000	5.50000000000	75.2162780762	69.5563203423	52.9616292615	30.0000000000	28.0000000000


















3831353787.38	0.00000000000	2.00000000000	34.0000000000	0.00000000000	0.00000000000	NaN	0.0155553817749	-6.88154750017	0.00899028778076	-61.6416116857	0.0378775596619	0.0362358093262	0.0208077430725	0.0175251960754	0.546443102646	10.7385350876	2.36195547551	600.137282356	-0.00179004669189	0.000343338788897	0.00102381706238	200000.000000	31.0000000000	0.00000000000	130.000000000	203.000000000	5.00000000000	0.950000000000	-0.740000000000	24.3000000000	0.00000000000	352.000000000	0.00000000000	4622888.00000	2500.00000000	2000.00000000	206.200000000	6466.00000000	1700.00000000	6000.00000000	13314.0000000	5801.00000000	2.00000000000	0.100000000000	0.0500000000000	-0.00108628273010	5.50195312500	50.0058593750	50.0078125000	1.00136721134	-0.0195312500000	0.509375035763	21.1593761444	15.3226566315	8.73437500000	15.1781253815	14.8558597565	-5.94453144073	-800.000000000	0.00000000000	0.00000000000	0.00000000000	24.2995300293	24.9995422363	0.00000000000	3945.00000000	3861.00000000	2954.00000000	2978.00000000	3415.00000000	3561.00000000	64155.0000000	3782.00000000	0.00000000000	0.00000000000	1.06680297852	0.666809082031	0.00000000000	0.00000000000	1.00000000000	5.50000000000	75.2402725220	69.5563203423	52.9518848745	18.0000000000	33.0000000000

















3831353787.58	0.00000000000	6.00000000000	63.0000000000	0.00000000000	0.00000000000	NaN	0.0119442939758	-6.90660744115	0.00997495651245	-60.4100919082	0.0362358093262	0.0345945358276	0.0194945335388	0.0162119865417	0.546443102646	10.5479314842	2.36461579264	598.780047649	-0.00151443481445	0.000341988817180	0.00103244781494	200000.000000	31.0000000000	0.00000000000	130.000000000	203.000000000	5.00000000000	0.950000000000	-0.740000000000	24.3000000000	0.00000000000	352.000000000	0.00000000000	4622888.00000	2500.00000000	2000.00000000	206.200000000	6466.00000000	1700.00000000	6000.00000000	13314.0000000	5801.00000000	2.00000000000	0.100000000000	0.0500000000000	-0.00113873481750	5.50195312500	50.0058593750	50.0078125000	1.00136721134	-0.0195312500000	0.509375035763	21.1703128815	15.3234376907	8.73828125000	15.1773443222	14.8567390442	-5.94062519073	-800.000000000	0.00000000000	0.00000000000	0.00000000000	24.2995300293	24.9995422363	0.00000000000	3945.00000000	3861.00000000	2954.00000000	2978.00000000	3415.00000000	3561.00000000	64155.0000000	3782.00000000	0.00000000000	0.00000000000	1.06680297852	0.666809082031	0.00000000000	0.00000000000	1.00000000000	5.50000000000	75.2402725220	69.5563203423	52.9518848745	18.0000000000	33.0000000000


















3831353787.78	0.00000000000	5.00000000000	47.0000000000	0.00000000000	1.00000000000	NaN	0.0142421722412	-6.78147400531	0.0122728347778	-62.4750170630	0.0339379310608	0.0296707153320	0.0185098648071	0.0188379287720	0.546443102646	9.78634698486	2.36674749920	599.051534022	-0.00161933898926	0.000335696984713	0.00100803375244	200000.000000	31.0000000000	0.00000000000	130.000000000	203.000000000	5.00000000000	0.950000000000	-0.740000000000	24.3000000000	0.00000000000	352.000000000	0.00000000000	4622888.00000	2500.00000000	2000.00000000	206.200000000	6466.00000000	1700.00000000	6000.00000000	13314.0000000	5801.00000000	2.00000000000	0.100000000000	0.0500000000000	-0.00128588676453	5.50195312500	50.0058593750	50.0078125000	1.00136721134	-0.0195312500000	0.509375035763	21.1703128815	15.3234376907	8.73828125000	15.1773443222	14.8567390442	-5.94062519073	-800.000000000	3033.09390354	189.568368971	0.00000000000	24.2998962402	25.0002441406	0.00000000000	3945.00000000	3861.00000000	2954.00000000	2978.00000000	3423.00000000	3561.00000000	64155.0000000	3773.00000000	0.00000000000	0.00000000000	1.06680297852	0.666809082031	0.00000000000	0.00000000000	1.00000000000	5.50000000000	75.2346038818	69.5563203423	52.9518848745	18.0000000000	33.0000000000


















3831353787.98	0.00000000000	3.00000000000	52.0000000000	0.00000000000	1.00000000000	NaN	0.0126008987427	-6.94005668346	0.00833368301392	-61.6416116857	0.0388622283936	0.0372209548950	0.0198225975037	0.0165400505066	0.498833697510	10.1672775536	2.36301833120	599.730151376	-0.00129127502441	0.000329754698495	0.00102648735046	200000.000000	31.0000000000	0.00000000000	130.000000000	203.000000000	5.00000000000	0.950000000000	-0.740000000000	24.3000000000	0.00000000000	352.000000000	0.00000000000	4622888.00000	2500.00000000	2000.00000000	206.200000000	6466.00000000	1700.00000000	6000.00000000	13314.0000000	5801.00000000	2.00000000000	0.100000000000	0.0500000000000	-0.00134229660034	5.49960947037	50.0019531250	50.0039062500	0.999218761921	0.0195312500000	0.507421910763	21.1703128815	15.3234376907	8.73828125000	15.1773443222	14.8567390442	-5.94062519073	-800.000000000	2915.86258611	182.241411632	0.00000000000	24.2998962402	25.0002441406	0.00000000000	3945.00000000	3861.00000000	2954.00000000	2978.00000000	3423.00000000	3561.00000000	64155.0000000	3773.00000000	0.00000000000	0.00000000000	1.06680297852	0.666809082031	0.00000000000	0.00000000000	1.00000000000	5.50000000000	75.2346038818	68.8888298320	52.3340021526	25.0000000000	28.0000000000

















3831353788.18	0.00000000000	5.00000000000	47.0000000000	0.00000000000	1.00000000000	NaN	0.0119442939758	-6.85650543856	0.0162119865417	-58.4974779067	0.0319685935974	0.0309839248657	0.0198225975037	0.0116162300110	0.413131235504	7.88197077942	2.36781504565	599.051534022	-0.00109434127808	0.000328067233849	0.00102512836456	200000.000000	31.0000000000	0.00000000000	130.000000000	203.000000000	5.00000000000	0.950000000000	-0.740000000000	24.3000000000	0.00000000000	352.000000000	0.00000000000	4622888.00000	2500.00000000	2000.00000000	206.200000000	6466.00000000	1700.00000000	6000.00000000	13314.0000000	5801.00000000	2.00000000000	0.100000000000	0.0500000000000	-0.00120968818665	5.49960947037	50.0019531250	50.0039062500	0.999218761921	0.0195312500000	0.507421910763	21.1664066315	15.3226566315	8.73906230927	15.1789064407	14.8564462662	-5.93828153610	-800.000000000	3033.09390354	189.568368971	0.00000000000	24.2998962402	25.0002441406	0.00000000000	3945.00000000	3861.00000000	2954.00000000	2978.00000000	3423.00000000	3561.00000000	64155.0000000	3773.00000000	0.00000000000	0.00000000000	1.06680297852	0.666809082031	0.00000000000	0.00000000000	1.00000000000	5.50000000000	75.2346038818	68.8888298320	52.3340021526	25.0000000000	28.0000000000


















3831353788.38	0.00000000000	4.00000000000	45.0000000000	0.00000000000	0.00000000000	NaN	0.0129294395447	-6.91496068783	0.00997495651245	-60.8584266255	0.0362358093262	0.0349230766296	-0.00479698181152	-0.0333557128906	-0.872350366974	-13.2573243599	2.36674749920	599.594309610	-0.00119924545288	0.000340072339475	0.00103437900543	200000.000000	31.0000000000	0.00000000000	130.000000000	203.000000000	5.00000000000	0.950000000000	-0.740000000000	24.3000000000	0.00000000000	352.000000000	0.00000000000	4622888.00000	2500.00000000	2000.00000000	206.200000000	6466.00000000	1700.00000000	6000.00000000	13314.0000000	5801.00000000	2.00000000000	0.100000000000	0.0500000000000	-0.00123462677002	5.49960947037	50.0019531250	50.0039062500	0.999218761921	0.0195312500000	0.507421910763	21.1664066315	15.3226566315	8.73906230927	15.1789064407	14.8564462662	-5.93828153610	-800.000000000	0.00000000000	0.00000000000	0.00000000000	24.2995300293	25.0002441406	0.00000000000	3936.00000000	3852.00000000	2954.00000000	2978.00000000	3415.00000000	3561.00000000	64155.0000000	3764.00000000	0.00000000000	0.00000000000	1.06680297852	0.666809082031	0.00000000000	0.00000000000	1.00000000000	5.50000000000	75.1970672607	68.8888298320	52.3340021526	25.0000000000	28.0000000000


















3831353788.58	0.00000000000	2.00000000000	48.0000000000	0.00000000000	0.00000000000	NaN	0.0145707130432	-6.88989478041	0.00767707824707	-62.6482496521	0.0395188331604	0.0382056236267	0.0204792022705	0.0168685913086	0.517880225945	10.3576045189	2.36514819943	600.408768729	-0.00131750106812	0.000337372396041	0.00101859569550	200000.000000	31.0000000000	0.00000000000	130.000000000	203.000000000	5.00000000000	0.950000000000	-0.740000000000	24.3000000000	0.00000000000	352.000000000	0.00000000000	4622888.00000	2500.00000000	2000.00000000	206.200000000	6466.00000000	1700.00000000	6000.00000000	13314.0000000	5801.00000000	2.00000000000	0.100000000000	0.0500000000000	-0.00119657516479	5.49746084213	50.0019531250	50.0039062500	0.998632848263	0.00000000000	0.499804705381	21.1664066315	15.3226566315	8.73906230927	15.1789064407	14.8564462662	-5.93828153610	-800.000000000	0.00000000000	0.00000000000	0.00000000000	24.2995300293	25.0002441406	0.00000000000	3936.00000000	3852.00000000	2954.00000000	2978.00000000	3415.00000000	3561.00000000	64155.0000000	3764.00000000	0.00000000000	0.00000000000	1.06680297852	0.666809082031	0.00000000000	0.00000000000	1.00000000000	5.50000000000	75.1970672607	72.1159936396	55.5155445119	31.0000000000	28.0000000000


















3831353788.78	0.00000000000	3.00000000000	57.0000000000	0.00000000000	0.00000000000	NaN	0.0135860443115	-6.82313568733	0.0126008987427	-60.5577731221	0.0378775596619	0.0355796813965	0.0198225975037	0.0158834457397	0.441707944107	8.45322831345	2.36568159795	599.865795983	-0.00117301940918	0.000339674579951	0.00101857185364	200000.000000	31.0000000000	0.00000000000	130.000000000	203.000000000	5.00000000000	0.950000000000	-0.740000000000	24.3000000000	0.00000000000	352.000000000	0.00000000000	4622880.00000	2500.00000000	2000.00000000	206.200000000	6466.00000000	1700.00000000	6000.00000000	13314.0000000	5801.00000000	2.00000000000	0.100000000000	0.0500000000000	-0.00109276771545	5.49746084213	50.0019531250	50.0039062500	0.998632848263	0.00000000000	0.499804705381	21.1640625000	15.3226566315	8.74453163147	15.1789064407	14.8576173782	-5.93281269073	-800.000000000	0.00000000000	0.00000000000	0.00000000000	24.2998657227	24.9997863770	0.00000000000	3936.00000000	3843.00000000	2954.00000000	2978.00000000	3415.00000000	3561.00000000	64155.0000000	3764.00000000	0.00000000000	0.00000000000	1.06680297852	0.666809082031	0.00000000000	0.00000000000	1.00000000000	5.50000000000	75.1723098755	72.1159936396	55.5155445119	31.0000000000	28.0000000000


















3831353788.98	0.00000000000	1.00000000000	45.0000000000	0.00000000000	0.00000000000	NaN	0.0129294395447	-6.92332807124	0.00734901428223	-62.4750170630	0.0372209548950	0.0342664718628	0.0191664695740	0.0168685913086	0.517880225945	9.97667395020	2.36301833120	600.137282356	-0.00163269042969	0.000334696559245	0.00101530551910	200000.000000	31.0000000000	0.00000000000	130.000000000	203.000000000	5.00000000000	0.950000000000	-0.740000000000	24.3000000000	0.00000000000	352.000000000	0.00000000000	4622880.00000	2500.00000000	2000.00000000	206.200000000	6466.00000000	1700.00000000	6000.00000000	13314.0000000	5801.00000000	2.00000000000	0.100000000000	0.0500000000000	-0.00132389068604	5.49746084213	50.0019531250	50.0039062500	0.998632848263	0.00000000000	0.499804705381	21.1640625000	15.3226566315	8.74453163147	15.1789064407	14.8576173782	-5.93281269073	-800.000000000	0.00000000000	0.00000000000	0.00000000000	24.2998657227	24.9997863770	0.00000000000	3936.00000000	3843.00000000	2954.00000000	2978.00000000	3415.00000000	3561.00000000	64155.0000000	3764.00000000	0.00000000000	0.00000000000	1.06680297852	0.666809082031	0.00000000000	0.00000000000	1.00000000000	5.50000000000	75.1723098755	72.1159936396	55.5155445119	31.0000000000	28.0000000000


















3831353789.18	0.00000000000	3.00000000000	45.0000000000	0.00000000000	1.00000000000	NaN	0.0148987770081	-6.79813518355	0.0122728347778	-61.8039641055	0.0332818031311	0.0313119888306	0.0204792022705	0.0122728347778	0.403614887238	8.26262471008	2.36728155120	601.766003436	-0.00176382064819	0.000325114170718	0.00101726055145	200000.000000	31.0000000000	0.00000000000	130.000000000	203.000000000	5.00000000000	0.950000000000	-0.740000000000	24.3000000000	0.00000000000	352.000000000	0.00000000000	4622880.00000	2500.00000000	2000.00000000	206.200000000	6466.00000000	1700.00000000	6000.00000000	13314.0000000	5801.00000000	2.00000000000	0.100000000000	0.0500000000000	-0.00129628181458	5.50117206573	50.0039062500	50.0000000000	1.00195312500	-0.0390625000000	0.501757800579	21.1640625000	15.3226566315	8.74453163147	15.1789064407	14.8576173782	-5.93281269073	-800.000000000	3160.14658038	197.509161274	0.00000000000	24.2998657227	24.9997863770	0.00000000000	3936.00000000	3843.00000000	2954.00000000	2978.00000000	3415.00000000	3561.00000000	64155.0000000	3764.00000000	0.00000000000	0.00000000000	1.06680297852	0.666809082031	0.00000000000	0.00000000000	1.00000000000	5.50000000000	75.1723098755	69.5532198555	53.0891921460	31.0000000000	25.0000000000


















3831353789.38	0.00000000000	1.00000000000	46.0000000000	0.00000000000	0.00000000000	NaN	0.0116162300110	-6.87319007626	0.0152273178101	-59.5564716255	0.0309839248657	0.0306553840637	0.0188379287720	0.0181813240051	0.565489631081	10.9288620529	2.37155792752	600.001637749	-0.00157976150513	0.000332394375335	0.00101919174194	200000.000000	31.0000000000	0.00000000000	130.000000000	203.000000000	5.00000000000	0.950000000000	-0.740000000000	24.3000000000	0.00000000000	352.000000000	0.00000000000	4622880.00000	2500.00000000	2000.00000000	206.200000000	6466.00000000	1700.00000000	6000.00000000	13314.0000000	5801.00000000	2.00000000000	0.100000000000	0.0500000000000	-0.00107965469360	5.50117206573	50.0039062500	50.0000000000	1.00195312500	-0.0390625000000	0.501757800579	21.1570320129	15.3218755722	8.74531269073	15.1773443222	14.8549814224	-5.93203115463	-800.000000000	0.00000000000	0.00000000000	0.00000000000	24.2997436523	24.9997558594	0.00000000000	3926.00000000	3843.00000000	2954.00000000	2978.00000000	3415.00000000	3561.00000000	64155.0000000	3764.00000000	0.00000000000	0.00000000000	1.06680297852	0.666809082031	0.00000000000	0.00000000000	1.00000000000	5.50000000000	75.1646499634	69.5532198555	53.0891921460	31.0000000000	25.0000000000


















3831353789.58	0.00000000000	2.00000000000	50.0000000000	0.00000000000	0.00000000000	NaN	0.0135860443115	-6.79813518355	0.0129294395447	-59.9763015691	0.0355796813965	0.0349230766296	0.0181813240051	0.0188379287720	0.594052507782	11.3097926216	2.36728155120	603.937697262	-0.00155353546143	0.000335046105493	0.00104098320007	200000.000000	31.0000000000	0.00000000000	130.000000000	203.000000000	5.00000000000	0.950000000000	-0.740000000000	24.3000000000	0.00000000000	352.000000000	0.00000000000	4622880.00000	2500.00000000	2000.00000000	206.200000000	6466.00000000	1700.00000000	6000.00000000	13314.0000000	5801.00000000	2.00000000000	0.100000000000	0.0500000000000	-0.00116376876831	5.50117206573	50.0039062500	50.0000000000	1.00195312500	-0.0390625000000	0.501757800579	21.1570320129	15.3218755722	8.74531269073	15.1773443222	14.8549814224	-5.93203115463	-800.000000000	0.00000000000	0.00000000000	0.00000000000	24.2997436523	24.9997558594	0.00000000000	3926.00000000	3843.00000000	2954.00000000	2978.00000000	3415.00000000	3561.00000000	64155.0000000	3764.00000000	0.00000000000	0.00000000000	1.06680297852	0.666809082031	0.00000000000	0.00000000000	1.00000000000	5.50000000000	75.1646499634	69.5532198555	53.0891921460	31.0000000000	25.0000000000

















3831353789.78	0.00000000000	2.00000000000	49.0000000000	0.00000000000	0.00000000000	NaN	0.0116162300110	-6.88989478041	0.0139141082764	-60.1193916187	0.0329532623291	0.0322966575623	0.0201511383057	0.0109596252441	0.413131235504	8.07229774475	2.36674749920	599.187178630	-0.00157976150513	0.000340699112057	0.00102512836456	200000.000000	31.0000000000	0.00000000000	130.000000000	203.000000000	5.00000000000	0.950000000000	-0.740000000000	24.3000000000	0.00000000000	352.000000000	0.00000000000	4622880.00000	2500.00000000	2000.00000000	206.200000000	6466.00000000	1700.00000000	6000.00000000	13314.0000000	5801.00000000	2.00000000000	0.100000000000	0.0500000000000	-0.00124907493591	5.49921894073	49.9941406250	50.0000000000	0.997656285763	0.0195312500000	0.506054699421	21.1570320129	15.3218755722	8.74531269073	15.1773443222	14.8549814224	-5.93203115463	-800.000000000	0.00000000000	0.00000000000	0.00000000000	24.2997436523	24.9997558594	0.00000000000	3926.00000000	3834.00000000	2954.00000000	2978.00000000	3415.00000000	3561.00000000	64155.0000000	3755.00000000	0.00000000000	0.00000000000	1.06680297852	0.666809082031	0.00000000000	0.00000000000	1.00000000000	5.50000000000	75.1827774048	69.5673935094	53.0891921460	21.0000000000	38.0000000000


















3831353789.98	0.00000000000	5.00000000000	50.0000000000	0.00000000000	0.00000000000	NaN	0.0126008987427	-6.83146909951	0.0142421722412	-59.5564716255	0.0336098670959	0.0345945358276	0.0188379287720	0.0175251960754	0.555973282814	10.5479314842	2.36995275119	600.408768729	-0.00181627273560	0.000338047381899	0.00101528167725	200000.000000	31.0000000000	0.00000000000	130.000000000	203.000000000	5.00000000000	0.950000000000	-0.740000000000	24.3000000000	0.00000000000	352.000000000	0.00000000000	4622880.00000	2500.00000000	2000.00000000	206.200000000	6466.00000000	1700.00000000	6000.00000000	13314.0000000	5801.00000000	2.00000000000	0.100000000000	0.0500000000000	-0.00114665031433	5.49921894073	49.9941406250	50.0000000000	0.997656285763	0.0195312500000	0.506054699421	21.1679687500	15.3226566315	8.74687480927	15.1789064407	14.8567390442	-5.93125009537	-800.000000000	0.00000000000	0.00000000000	0.00000000000	24.2997436523	25.0000610352	0.00000000000	3926.00000000	3834.00000000	2954.00000000	2978.00000000	3415.00000000	3561.00000000	64155.0000000	3755.00000000	0.00000000000	0.00000000000	1.06680297852	0.666809082031	0.00000000000	0.00000000000	1.00000000000	5.50000000000	75.1827774048	69.5673935094	53.0891921460	21.0000000000	38.0000000000


















3831353790.18	0.00000000000	1.00000000000	51.0000000000	0.00000000000	0.00000000000	NaN	0.0126008987427	-6.89825618391	0.0126008987427	-60.2638360443	0.0352511405945	0.0349230766296	0.0211358070374	0.0119442939758	0.403614887238	8.07229774475	2.36621443987	599.187178630	-0.00177669525146	0.000333358640847	0.00100281238556	200000.000000	31.0000000000	0.00000000000	130.000000000	203.000000000	5.00000000000	0.950000000000	-0.740000000000	24.3000000000	0.00000000000	352.000000000	0.00000000000	4622880.00000	2500.00000000	2000.00000000	206.200000000	6466.00000000	1700.00000000	6000.00000000	13314.0000000	5801.00000000	2.00000000000	0.100000000000	0.0500000000000	-0.00117020606995	5.49921894073	49.9941406250	50.0000000000	0.997656285763	0.0195312500000	0.506054699421	21.1679687500	15.3226566315	8.74687480927	15.1789064407	14.8567390442	-5.93125009537	-800.000000000	0.00000000000	0.00000000000	0.00000000000	24.2997436523	25.0000610352	0.00000000000	3926.00000000	3834.00000000	2954.00000000	2978.00000000	3415.00000000	3561.00000000	64155.0000000	3755.00000000	0.00000000000	0.00000000000	1.06680297852	0.666809082031	0.00000000000	0.00000000000	1.00000000000	5.50000000000	75.1827774048	69.5673935094	53.0891921460	21.0000000000	38.0000000000



















3831353790.38	0.00000000000	2.00000000000	55.0000000000	0.00000000000	1.00000000000	NaN	0.0135860443115	-6.82313568733	0.00931835174561	-61.8039641055	0.0391902923584	0.0362358093262	0.0208077430725	0.0175251960754	0.479787169075	8.07229774475	2.36248679465	603.394724516	-0.00184249877930	0.000335058158812	0.00103764533997	200000.000000	31.0000000000	0.00000000000	130.000000000	203.000000000	5.00000000000	0.950000000000	-0.740000000000	24.3000000000	0.00000000000	352.000000000	0.00000000000	4622880.00000	2500.00000000	2000.00000000	206.200000000	6466.00000000	1700.00000000	6000.00000000	13314.0000000	5801.00000000	2.00000000000	0.100000000000	0.0500000000000	-0.00112953186035	5.49707031250	50.0117187500	50.0000000000	1.00273442268	-0.0390625000000	0.511523425579	21.1679687500	15.3226566315	8.74687480927	15.1789064407	14.8567390442	-5.93125009537	-800.000000000	3449.10428931	215.569018082	0.00000000000	24.2996215820	24.9996948242	0.00000000000	3917.00000000	3825.00000000	2954.00000000	2978.00000000	3415.00000000	3569.00000000	64155.0000000	3755.00000000	0.00000000000	0.00000000000	1.06680297852	0.666809082031	0.00000000000	0.00000000000	1.00000000000	5.50000000000	75.2166366577	68.9003459257	52.4163865155	25.0000000000	23.0000000000

















3831353790.58	0.00000000000	3.00000000000	45.0000000000	0.00000000000	2.00000000000	NaN	0.0145707130432	-6.78147400531	0.0139141082764	-60.1193916187	0.0362358093262	0.0355796813965	0.0198225975037	0.0194945335388	0.594052507782	11.6907231903	2.36781504565	599.865795983	-0.00179004669189	0.000326078436230	0.00100417137146	200000.000000	31.0000000000	0.00000000000	130.000000000	203.000000000	5.00000000000	0.950000000000	-0.740000000000	24.3000000000	0.00000000000	352.000000000	0.00000000000	4622880.00000	2500.00000000	2000.00000000	206.200000000	6466.00000000	1700.00000000	6000.00000000	13314.0000000	5801.00000000	2.00000000000	0.100000000000	0.0500000000000	-0.00123472213745	5.49707031250	50.0117187500	50.0000000000	1.00273442268	-0.0390625000000	0.511523425579	21.1640625000	15.3234376907	8.74531269073	15.1781253815	14.8576173782	-5.93046903610	-800.000000000	6262.09970901	391.381231813	0.00000000000	24.2996215820	24.9996948242	0.00000000000	3917.00000000	3825.00000000	2954.00000000	2978.00000000	3415.00000000	3569.00000000	64155.0000000	3755.00000000	0.00000000000	0.00000000000	1.06680297852	0.666809082031	0.00000000000	0.00000000000	1.00000000000	5.50000000000	75.2166366577	68.9003459257	52.4163865155	25.0000000000	23.0000000000


















3831353790.78	0.00000000000	5.00000000000	41.0000000000	0.00000000000	2.00000000000	NaN	0.0135860443115	-6.85650543856	0.00800514221191	-61.6416116857	0.0395188331604	0.0378775596619	0.0194945335388	0.0162119865417	0.498833697510	9.59574338150	2.36621443987	600.408768729	-0.00113344192505	0.000325090064081	0.000999593734741	200000.000000	31.0000000000	0.00000000000	130.000000000	203.000000000	5.00000000000	0.950000000000	-0.740000000000	24.3000000000	0.00000000000	352.000000000	0.00000000000	4622880.00000	2500.00000000	2000.00000000	206.200000000	6466.00000000	1700.00000000	6000.00000000	13314.0000000	5801.00000000	2.00000000000	0.100000000000	0.0500000000000	-0.00123724937439	5.49707031250	50.0117187500	50.0000000000	1.00273442268	-0.0390625000000	0.511523425579	21.1640625000	15.3234376907	8.74531269073	15.1781253815	14.8576173782	-5.93046903610	-800.000000000	5668.92341141	354.307713213	0.00000000000	24.2997436523	24.9999084473	0.00000000000	3917.00000000	3825.00000000	2954.00000000	2978.00000000	3415.00000000	3569.00000000	64155.0000000	3746.00000000	0.00000000000	0.00000000000	1.06680297852	0.666809082031	0.00000000000	0.00000000000	1.00000000000	5.50000000000	75.2398757935	68.9003459257	52.4163865155	25.0000000000	23.0000000000


















3831353790.98	0.00000000000	3.00000000000	46.0000000000	0.00000000000	1.00000000000	NaN	0.0103030204773	-6.88154750017	0.0135860443115	-59.4194905411	0.0349230766296	0.0322966575623	0.0185098648071	0.0165400505066	0.546443102646	10.7385350876	2.36674749920	599.730151376	-0.000739574432373	0.000327416354628	0.00101399421692	200000.000000	31.0000000000	0.00000000000	130.000000000	203.000000000	5.00000000000	0.950000000000	-0.740000000000	24.3000000000	0.00000000000	352.000000000	0.00000000000	4622880.00000	2500.00000000	2000.00000000	206.200000000	6466.00000000	1700.00000000	6000.00000000	13314.0000000	5801.00000000	2.00000000000	0.100000000000	0.0500000000000	-0.00118079185486	5.50039052963	49.9960937500	50.0234375000	0.998632848263	0.0195312500000	0.508007824421	21.1640625000	15.3234376907	8.74531269073	15.1781253815	14.8576173782	-5.93046903610	-800.000000000	2915.86258611	182.241411632	0.00000000000	24.2997436523	24.9999084473	0.00000000000	3917.00000000	3825.00000000	2954.00000000	2978.00000000	3415.00000000	3569.00000000	64155.0000000	3746.00000000	0.00000000000	0.00000000000	1.06680297852	0.666809082031	0.00000000000	0.00000000000	1.00000000000	5.50000000000	75.2398757935	67.9449530719	51.4552356148	25.0000000000	30.0000000000


















3831353791.18	0.00000000000	9.00000000000	42.0000000000	0.00000000000	0.00000000000	NaN	0.0119442939758	-6.84815397067	0.0168685913086	-58.4974779067	0.0329532623291	0.0339379310608	0.0214643478394	0.0116162300110	0.403614887238	8.26262471008	2.36781504565	599.865795983	-0.00142240524292	0.000334033626705	0.00102522373199	200000.000000	31.0000000000	0.00000000000	130.000000000	203.000000000	5.00000000000	0.950000000000	-0.740000000000	24.3000000000	0.00000000000	352.000000000	0.00000000000	4622880.00000	2500.00000000	2000.00000000	206.200000000	6466.00000000	1700.00000000	6000.00000000	13314.0000000	5801.00000000	2.00000000000	0.100000000000	0.0500000000000	-0.00116233825684	5.50039052963	49.9960937500	50.0234375000	0.998632848263	0.0195312500000	0.508007824421	21.1656246185	15.3242187500	8.74609375000	15.1804685593	14.8576173782	-5.93203115463	-800.000000000	0.00000000000	0.00000000000	0.00000000000	24.2997436523	24.9999084473	0.00000000000	3917.00000000	3825.00000000	2954.00000000	2978.00000000	3415.00000000	3569.00000000	64155.0000000	3746.00000000	0.00000000000	0.00000000000	1.06680297852	0.666809082031	0.00000000000	0.00000000000	1.00000000000	5.50000000000	75.2398757935	67.9449530719	51.4552356148	25.0000000000	30.0000000000


















3831353791.38	0.00000000000	5.00000000000	47.0000000000	0.00000000000	0.00000000000	NaN	0.0145707130432	-6.81479214052	0.00964689254761	-61.8039641055	0.0368924140930	0.0345945358276	0.0185098648071	0.0188379287720	0.584536159515	11.3097926216	2.36674749920	600.001637749	-0.00129127502441	0.000325427557010	0.00100345611572	200000.000000	31.0000000000	0.00000000000	130.000000000	203.000000000	5.00000000000	0.950000000000	-0.740000000000	24.3000000000	0.00000000000	352.000000000	0.00000000000	4622880.00000	2500.00000000	2000.00000000	206.200000000	6466.00000000	1700.00000000	6000.00000000	13314.0000000	5801.00000000	2.00000000000	0.100000000000	0.0500000000000	-0.00137906074524	5.50039052963	49.9960937500	50.0234375000	0.998632848263	0.0195312500000	0.508007824421	21.1656246185	15.3242187500	8.74609375000	15.1804685593	14.8576173782	-5.93203115463	-800.000000000	0.00000000000	0.00000000000	0.00000000000	24.2997741699	25.0000610352	0.00000000000	3917.00000000	3816.00000000	2954.00000000	2978.00000000	3415.00000000	3569.00000000	64155.0000000	3746.00000000	0.00000000000	0.00000000000	1.06680297852	0.666809082031	0.00000000000	0.00000000000	1.00000000000	5.50000000000	75.2345199585	67.9449530719	51.4552356148	25.0000000000	30.0000000000


















3831353791.58	0.00000000000	0.00000000000	53.0000000000	0.00000000000	1.00000000000	NaN	0.0116162300110	-6.88154750017	0.0126008987427	-59.9763015691	0.0326251983643	0.0306553840637	0.0191664695740	0.0178532600403	0.498833697510	9.59574338150	2.36781504565	598.915692257	-0.000844478607178	0.000326102542868	0.00100941658020	200000.000000	31.0000000000	0.00000000000	130.000000000	203.000000000	5.00000000000	0.950000000000	-0.740000000000	24.3000000000	0.00000000000	352.000000000	0.00000000000	4622880.00000	2500.00000000	2000.00000000	206.200000000	6466.00000000	1700.00000000	6000.00000000	13314.0000000	5801.00000000	2.00000000000	0.100000000000	0.0500000000000	-0.00115451812744	5.50078153610	50.0019531250	49.9921875000	1.00019538403	-0.0195312500000	0.503906250000	21.1656246185	15.3242187500	8.74609375000	15.1804685593	14.8576173782	-5.93203115463	-800.000000000	2915.86258611	182.241411632	0.00000000000	24.2997741699	25.0000610352	0.00000000000	3917.00000000	3816.00000000	2954.00000000	2978.00000000	3415.00000000	3569.00000000	64155.0000000	3746.00000000	0.00000000000	0.00000000000	1.06680297852	0.666809082031	0.00000000000	0.00000000000	1.00000000000	5.50000000000	75.2345199585	66.3233984878	49.8350098108	28.0000000000	18.0000000000


















3831353791.78	0.00000000000	7.00000000000	38.0000000000	0.00000000000	0.00000000000	NaN	0.0132575035095	-6.90660744115	0.0106315612793	-59.1494858445	0.0355796813965	0.0322966575623	0.0201511383057	0.0148987770081	0.441707944107	7.69136717606	2.36674749920	600.137282356	-0.00154066085815	0.000332068935724	0.00103695392609	200000.000000	31.0000000000	0.00000000000	130.000000000	203.000000000	5.00000000000	0.950000000000	-0.740000000000	24.3000000000	0.00000000000	352.000000000	0.00000000000	4622880.00000	2500.00000000	2000.00000000	206.200000000	6466.00000000	1700.00000000	6000.00000000	13314.0000000	5801.00000000	2.00000000000	0.100000000000	0.0500000000000	-0.00123467445374	5.50078153610	50.0019531250	49.9921875000	1.00019538403	-0.0195312500000	0.503906250000	21.1671886444	15.3234376907	8.74531269073	15.1796875000	14.8573246002	-5.93125009537	-800.000000000	0.00000000000	0.00000000000	0.00000000000	24.2997741699	24.9996948242	0.00000000000	3908.00000000	3806.00000000	2954.00000000	2978.00000000	3415.00000000	3569.00000000	64155.0000000	3746.00000000	0.00000000000	0.00000000000	1.06680297852	0.666809082031	0.00000000000	0.00000000000	1.00000000000	5.50000000000	75.2115249634	66.3233984878	49.8350098108	28.0000000000	18.0000000000


















3831353791.98	0.00000000000	4.00000000000	47.0000000000	0.00000000000	0.00000000000	NaN	0.0132575035095	-6.82313568733	0.0109596252441	-61.6416116857	0.0385336875916	0.0362358093262	0.0191664695740	0.0188379287720	0.555973282814	10.3576045189	2.36728155120	599.322823237	-0.000897407531738	0.000329405152247	0.00101861953735	200000.000000	31.0000000000	0.00000000000	130.000000000	203.000000000	5.00000000000	0.950000000000	-0.740000000000	24.3000000000	0.00000000000	352.000000000	0.00000000000	4622880.00000	2500.00000000	2000.00000000	206.200000000	6466.00000000	1700.00000000	6000.00000000	13314.0000000	5801.00000000	2.00000000000	0.100000000000	0.0500000000000	-0.00136456489563	5.50078153610	50.0019531250	49.9921875000	1.00019538403	-0.0195312500000	0.503906250000	21.1671886444	15.3234376907	8.74531269073	15.1796875000	14.8573246002	-5.93125009537	-800.000000000	0.00000000000	0.00000000000	0.00000000000	24.2994079590	24.9996948242	0.00000000000	3908.00000000	3806.00000000	2954.00000000	2978.00000000	3415.00000000	3569.00000000	64155.0000000	3746.00000000	0.00000000000	0.00000000000	1.06680297852	0.666809082031	0.00000000000	0.00000000000	1.00000000000	5.50000000000	75.2115249634	66.3233984878	49.8350098108	28.0000000000	18.0000000000


















3831353792.18	0.00000000000	2.00000000000	49.0000000000	0.00000000000	0.00000000000	NaN	0.0135860443115	-6.88989478041	0.0112881660461	-60.7071306285	0.0355796813965	0.0332818031311	0.0201511383057	0.0119442939758	0.432177763939	8.45322831345	2.36674749920	600.001637749	-0.00156688690186	0.000326753422089	0.00102188587189	200000.000000	31.0000000000	0.00000000000	130.000000000	203.000000000	5.00000000000	0.950000000000	-0.740000000000	24.3000000000	0.00000000000	352.000000000	0.00000000000	4622880.00000	2500.00000000	2000.00000000	206.200000000	6466.00000000	1700.00000000	6000.00000000	13314.0000000	5801.00000000	2.00000000000	0.100000000000	0.0500000000000	-0.00113744735718	5.50039052963	50.0039062500	49.9960937500	1.00039064884	-0.0195312500000	0.494921892881	21.1671886444	15.3234376907	8.74531269073	15.1796875000	14.8573246002	-5.93125009537	-800.000000000	0.00000000000	0.00000000000	0.00000000000	24.2994079590	24.9996948242	0.00000000000	3908.00000000	3806.00000000	2954.00000000	2978.00000000	3415.00000000	3569.00000000	64155.0000000	3746.00000000	0.00000000000	0.00000000000	1.06680297852	0.666809082031	0.00000000000	0.00000000000	1.00000000000	5.50000000000	75.2115249634	65.3688914874	48.8738589101	30.0000000000	30.0000000000


















3831353792.38	0.00000000000	2.00000000000	56.0000000000	0.00000000000	0.00000000000	NaN	0.00964689254761	-6.93168530449	0.0116162300110	-59.8349454567	0.0355796813965	0.0342664718628	0.0194945335388	0.0165400505066	0.517880225945	10.3576045189	2.36621443987	598.915692257	-0.000910282135010	0.000339686633270	0.00103175640106	200000.000000	31.0000000000	0.00000000000	130.000000000	203.000000000	5.00000000000	0.950000000000	-0.740000000000	24.3000000000	0.00000000000	352.000000000	0.00000000000	4622880.00000	2500.00000000	2000.00000000	206.200000000	6466.00000000	1700.00000000	6000.00000000	13314.0000000	5801.00000000	2.00000000000	0.100000000000	0.0500000000000	-0.00121760368347	5.50039052963	50.0039062500	49.9960937500	1.00039064884	-0.0195312500000	0.494921892881	21.1671886444	15.3242187500	8.74765682220	15.1789064407	14.8573246002	-5.92968750000	-800.000000000	0.00000000000	0.00000000000	0.00000000000	24.2994079590	24.9996948242	0.00000000000	3908.00000000	3806.00000000	2954.00000000	2978.00000000	3415.00000000	3569.00000000	64155.0000000	3737.00000000	0.00000000000	0.00000000000	1.06680297852	0.666809082031	0.00000000000	0.00000000000	1.00000000000	5.50000000000	75.2115249634	65.3688914874	48.8738589101	30.0000000000	30.0000000000


















3831353792.58	0.00000000000	2.00000000000	61.0000000000	0.00000000000	0.00000000000	NaN	0.0122728347778	-6.87319007626	0.0148987770081	-59.1494858445	0.0359077453613	0.0424728393555	0.0208077430725	0.0178532600403	0.575005979347	11.1194656563	2.36674749920	600.951544317	-0.000673770904541	0.000333370694166	0.00101139545441	200000.000000	31.0000000000	0.00000000000	130.000000000	203.000000000	5.00000000000	0.950000000000	-0.740000000000	24.3000000000	0.00000000000	352.000000000	0.00000000000	4622880.00000	2500.00000000	2000.00000000	206.200000000	6466.00000000	1700.00000000	6000.00000000	13314.0000000	5801.00000000	2.00000000000	0.100000000000	0.0500000000000	-0.00121889114380	5.50039052963	50.0039062500	49.9960937500	1.00039064884	-0.0195312500000	0.494921892881	21.1671886444	15.3242187500	8.74765682220	15.1789064407	14.8573246002	-5.92968750000	-800.000000000	0.00000000000	0.00000000000	0.00000000000	24.2999572754	24.9997253418	0.00000000000	3908.00000000	3806.00000000	2954.00000000	2978.00000000	3415.00000000	3569.00000000	64155.0000000	3737.00000000	0.00000000000	0.00000000000	1.06680297852	0.666809082031	0.00000000000	0.00000000000	1.00000000000	5.50000000000	75.1681213379	65.3688914874	48.8738589101	30.0000000000	30.0000000000


















3831353792.78	0.00000000000	4.00000000000	56.0000000000	0.00000000000	1.00000000000	NaN	0.0109596252441	-6.94005668346	0.00997495651245	-60.7071306285	0.0359077453613	0.0362358093262	0.0211358070374	0.0178532600403	0.527396574211	9.59574338150	2.36355085820	599.187178630	-0.00146198272705	0.000339373246978	0.00103633403778	200000.000000	31.0000000000	0.00000000000	130.000000000	203.000000000	5.00000000000	0.950000000000	-0.740000000000	24.3000000000	0.00000000000	352.000000000	0.00000000000	4622880.00000	2500.00000000	2000.00000000	206.200000000	6466.00000000	1700.00000000	6000.00000000	13314.0000000	5801.00000000	2.00000000000	0.100000000000	0.0500000000000	-0.00104289054871	5.50058603287	50.0019531250	49.9960937500	1.00039064884	-0.0195312500000	0.495117187500	21.1671886444	15.3242187500	8.74765682220	15.1789064407	14.8573246002	-5.92968750000	-800.000000000	3160.14658038	197.509161274	0.00000000000	24.2999572754	24.9996948242	0.00000000000	3898.00000000	3797.00000000	2954.00000000	2978.00000000	3415.00000000	3569.00000000	64155.0000000	3737.00000000	0.00000000000	0.00000000000	1.06680297852	0.666809082031	0.00000000000	0.00000000000	1.00000000000	5.50000000000	75.1646499634	69.5523340022	53.0001638829	30.0000000000	35.0000000000


















3831353792.98	0.00000000000	1.00000000000	40.0000000000	0.00000000000	0.00000000000	NaN	0.0106315612793	-6.90660744115	0.0142421722412	-58.8848283640	0.0283575057983	0.0283575057983	0.0178532600403	0.0181813240051	0.603582687950	11.5001195869	2.36568159795	600.001637749	-0.000673770904541	0.000336034477643	0.00102579593658	200000.000000	31.0000000000	0.00000000000	130.000000000	203.000000000	5.00000000000	0.950000000000	-0.740000000000	24.3000000000	0.00000000000	352.000000000	0.00000000000	4622880.00000	2500.00000000	2000.00000000	206.200000000	6466.00000000	1700.00000000	6000.00000000	13314.0000000	5801.00000000	2.00000000000	0.100000000000	0.0500000000000	-0.00132913589478	5.50058603287	50.0019531250	49.9960937500	1.00039064884	-0.0195312500000	0.495117187500	21.1640625000	15.3218755722	8.74921894073	15.1773443222	14.8543949127	-5.92968750000	-800.000000000	0.00000000000	0.00000000000	0.00000000000	24.2996215820	24.9996948242	0.00000000000	3898.00000000	3797.00000000	2954.00000000	2978.00000000	3415.00000000	3569.00000000	64155.0000000	3737.00000000	0.00000000000	0.00000000000	1.06680297852	0.666809082031	0.00000000000	0.00000000000	1.00000000000	5.50000000000	75.1646499634	69.5523340022	53.0001638829	30.0000000000	35.0000000000


















3831353793.18	0.00000000000	2.00000000000	47.0000000000	0.00000000000	0.00000000000	NaN	0.0132575035095	-6.91496068783	0.0103030204773	-61.4810297665	0.0355796813965	0.0329532623291	0.0221204757690	0.00964689254761	0.356005482101	7.50104021072	2.36514819943	599.322823237	-0.00179004669189	0.000343664228507	0.00103697776794	200000.000000	31.0000000000	0.00000000000	130.000000000	203.000000000	5.00000000000	0.950000000000	-0.740000000000	24.3000000000	0.00000000000	352.000000000	0.00000000000	4622880.00000	2500.00000000	2000.00000000	206.200000000	6466.00000000	1700.00000000	6000.00000000	13314.0000000	5801.00000000	2.00000000000	0.100000000000	0.0500000000000	-0.00128846168518	5.50058603287	50.0019531250	49.9960937500	1.00039064884	-0.0195312500000	0.495117187500	21.1640625000	15.3218755722	8.74921894073	15.1773443222	14.8543949127	-5.92968750000	-800.000000000	0.00000000000	0.00000000000	0.00000000000	24.2996215820	24.9996948242	0.00000000000	3898.00000000	3797.00000000	2954.00000000	2978.00000000	3415.00000000	3569.00000000	64155.0000000	3737.00000000	0.00000000000	0.00000000000	1.06680297852	0.666809082031	0.00000000000	0.00000000000	1.00000000000	5.50000000000	75.1646499634	69.5523340022	53.0001638829	30.0000000000	35.0000000000


















3831353793.38	0.00000000000	3.00000000000	44.0000000000	0.00000000000	0.00000000000	NaN	0.0109596252441	-6.88154750017	0.0152273178101	-59.5564716255	0.0349230766296	0.0342664718628	0.0208077430725	0.0194945335388	0.594052507782	11.6907231903	2.36621443987	600.408768729	-0.00168514251709	0.000332056882405	0.00103828907013	200000.000000	31.0000000000	0.00000000000	130.000000000	203.000000000	5.00000000000	0.950000000000	-0.740000000000	24.3000000000	0.00000000000	352.000000000	0.00000000000	4622880.00000	2500.00000000	2000.00000000	206.200000000	6466.00000000	1700.00000000	6000.00000000	13314.0000000	5801.00000000	2.00000000000	0.100000000000	0.0500000000000	-0.00117812156677	5.49902343750	49.9941406250	50.0000000000	0.997851550579	0.00000000000	0.500585973263	21.1640625000	15.3218755722	8.74921894073	15.1773443222	14.8543949127	-5.92968750000	-800.000000000	0.00000000000	0.00000000000	0.00000000000	24.3000183105	24.9993286133	0.00000000000	3898.00000000	3797.00000000	2954.00000000	2978.00000000	3415.00000000	3569.00000000	64155.0000000	3728.00000000	0.00000000000	0.00000000000	1.06680297852	0.666809082031	0.00000000000	0.00000000000	1.00000000000	5.50000000000	75.1783065796	66.9904460715	50.4803539870	13.0000000000	38.0000000000


















3831353793.58	0.00000000000	0.00000000000	44.0000000000	0.00000000000	1.00000000000	NaN	0.0112881660461	-6.92332807124	0.0122728347778	-58.4974779067	0.0365643501282	0.0355796813965	0.0201511383057	0.0191664695740	0.613099036217	12.0716537590	2.36461579264	600.137282356	-0.00105476379395	0.000341675430888	0.00104746818542	200000.000000	31.0000000000	0.00000000000	130.000000000	203.000000000	5.00000000000	0.950000000000	-0.740000000000	24.3000000000	0.00000000000	352.000000000	0.00000000000	4622880.00000	2500.00000000	2000.00000000	206.200000000	6466.00000000	1700.00000000	6000.00000000	13314.0000000	5801.00000000	2.00000000000	0.100000000000	0.0500000000000	-0.00126881599426	5.49902343750	49.9941406250	50.0000000000	0.997851550579	0.00000000000	0.500585973263	21.1703128815	15.3226566315	8.74765682220	15.1781253815	14.8561525345	-5.92890644073	-800.000000000	2706.63565560	169.164728475	0.00000000000	24.3000183105	24.9993286133	0.00000000000	3898.00000000	3797.00000000	2954.00000000	2978.00000000	3415.00000000	3569.00000000	64155.0000000	3728.00000000	0.00000000000	0.00000000000	1.06680297852	0.666809082031	0.00000000000	0.00000000000	1.00000000000	5.50000000000	75.1783065796	66.9904460715	50.4803539870	13.0000000000	38.0000000000


















3831353793.78	0.00000000000	2.00000000000	43.0000000000	0.00000000000	1.00000000000	NaN	0.0129294395447	-6.92332807124	0.0103030204773	-60.5577731221	0.0309839248657	0.0322966575623	0.0191664695740	0.0188379287720	0.622629216385	12.4525843277	2.36461579264	600.272926964	-0.00131750106812	0.000333370694166	0.00101268291473	200000.000000	31.0000000000	0.00000000000	130.000000000	203.000000000	5.00000000000	0.950000000000	-0.740000000000	24.3000000000	0.00000000000	352.000000000	0.00000000000	4622880.00000	2500.00000000	2000.00000000	206.200000000	6466.00000000	1700.00000000	6000.00000000	13314.0000000	5801.00000000	2.00000000000	0.100000000000	0.0500000000000	-0.00106520652771	5.49902343750	49.9941406250	50.0000000000	0.997851550579	0.00000000000	0.500585973263	21.1703128815	15.3226566315	8.74765682220	15.1781253815	14.8561525345	-5.92890644073	-800.000000000	2706.63565560	0.00000000000	135.331782780	24.3000183105	25.0003662109	0.00000000000	3889.00000000	3788.00000000	2954.00000000	2978.00000000	3415.00000000	3578.00000000	64155.0000000	3728.00000000	0.00000000000	0.00000000000	1.06680297852	0.666809082031	0.00000000000	0.00000000000	1.00000000000	5.50000000000	75.2108459473	66.9904460715	50.4803539870	13.0000000000	38.0000000000


















3831353793.98	0.00000000000	1.00000000000	57.0000000000	0.00000000000	1.00000000000	NaN	0.0126008987427	-6.90660744115	0.0103030204773	-61.3226322478	0.0355796813965	0.0355796813965	0.0208077430725	0.0178532600403	0.575005979347	11.3097926216	2.36248679465	599.458665003	-0.00181627273560	0.000332382322016	0.00103306770325	200000.000000	31.0000000000	0.00000000000	130.000000000	203.000000000	5.00000000000	0.950000000000	-0.740000000000	24.3000000000	0.00000000000	352.000000000	0.00000000000	4622880.00000	2500.00000000	2000.00000000	206.200000000	6466.00000000	1700.00000000	6000.00000000	13314.0000000	5801.00000000	2.00000000000	0.100000000000	0.0500000000000	-0.00123982429504	5.49960947037	49.9902343750	50.0117187500	0.995507836342	0.0195312500000	0.504492223263	21.1703128815	15.3226566315	8.74765682220	15.1781253815	14.8561525345	-5.92890644073	-800.000000000	3096.47198510	193.529499069	135.331782780	24.2996826172	25.0003662109	0.00000000000	3889.00000000	3788.00000000	2954.00000000	2978.00000000	3415.00000000	3578.00000000	64155.0000000	3728.00000000	0.00000000000	0.00000000000	1.06680297852	0.666809082031	0.00000000000	0.00000000000	1.00000000000	5.50000000000	75.2108459473	69.5523340022	53.0068077831	26.0000000000	26.0000000000


















3831353794.18	0.00000000000	4.00000000000	52.0000000000	0.00000000000	0.00000000000	NaN	0.0109596252441	-6.89825618391	0.0158834457397	-59.2837072791	0.0355796813965	0.0349230766296	0.0217924118042	0.0142421722412	0.479787169075	9.78634698486	2.36568159795	601.358872455	-0.000962734222412	0.000340687058739	0.00103170871735	200000.000000	31.0000000000	0.00000000000	130.000000000	203.000000000	5.00000000000	0.950000000000	-0.740000000000	24.3000000000	0.00000000000	352.000000000	0.00000000000	4622880.00000	2500.00000000	2000.00000000	206.200000000	6466.00000000	1700.00000000	6000.00000000	13314.0000000	5801.00000000	2.00000000000	0.100000000000	0.0500000000000	-0.00108370780945	5.49960947037	49.9902343750	50.0117187500	0.995507836342	0.0195312500000	0.504492223263	21.1648445129	15.3210935593	8.74843788147	15.1765623093	14.8564462662	-5.93125009537	-800.000000000	0.00000000000	0.00000000000	135.331782780	24.2996826172	25.0003662109	0.00000000000	3889.00000000	3788.00000000	2954.00000000	2978.00000000	3415.00000000	3578.00000000	64155.0000000	3728.00000000	0.00000000000	0.00000000000	1.06680297852	0.666809082031	0.00000000000	0.00000000000	1.00000000000	5.50000000000	75.2108459473	69.5523340022	53.0068077831	26.0000000000	26.0000000000


















3831353794.38	0.00000000000	1.00000000000	53.0000000000	0.00000000000	1.00000000000	NaN	0.0142421722412	-6.83146909951	0.0119442939758	-61.1661345049	0.0375490188599	0.0359077453613	0.0221204757690	0.0185098648071	0.527396574211	9.59574338150	2.36674749920	599.730151376	-0.00180292129517	0.000343700388464	0.00102059841156	200000.000000	31.0000000000	0.00000000000	130.000000000	203.000000000	5.00000000000	0.950000000000	-0.740000000000	24.3000000000	0.00000000000	352.000000000	0.00000000000	4622880.00000	2500.00000000	2000.00000000	206.200000000	6466.00000000	1700.00000000	6000.00000000	13314.0000000	5801.00000000	2.00000000000	0.100000000000	0.0500000000000	-0.00118594169617	5.49960947037	49.9902343750	50.0117187500	0.995507836342	0.0195312500000	0.504492223263	21.1648445129	15.3210935593	8.74843788147	15.1765623093	14.8564462662	-5.93125009537	-800.000000000	2915.86258611	182.241411632	135.331782780	24.2999572754	24.9996032715	0.00000000000	3889.00000000	3788.00000000	2954.00000000	2978.00000000	3415.00000000	3578.00000000	64155.0000000	3728.00000000	0.00000000000	0.00000000000	1.06680297852	0.666809082031	0.00000000000	0.00000000000	1.00000000000	5.50000000000	75.2403106689	69.5523340022	53.0068077831	26.0000000000	26.0000000000


















3831353794.58	0.00000000000	4.00000000000	40.0000000000	0.00000000000	0.00000000000	NaN	0.0129294395447	-6.93168530449	0.0132575035095	-59.8349454567	0.0365643501282	0.0355796813965	0.0208077430725	0.0185098648071	0.603582687950	12.0716537590	2.36461579264	600.001637749	-0.00138282775879	0.000333033201236	0.00103569030762	200000.000000	31.0000000000	0.00000000000	130.000000000	203.000000000	5.00000000000	0.950000000000	-0.740000000000	24.3000000000	0.00000000000	352.000000000	0.00000000000	4622880.00000	2500.00000000	2000.00000000	206.200000000	6466.00000000	1700.00000000	6000.00000000	13314.0000000	5801.00000000	2.00000000000	0.100000000000	0.0500000000000	-0.00109410285950	5.49921894073	49.9921875000	49.9843750000	0.997656285763	0.0195312500000	0.505273461342	21.1648445129	15.3210935593	8.74843788147	15.1765623093	14.8564462662	-5.93125009537	-800.000000000	0.00000000000	0.00000000000	135.331782780	24.2999572754	24.9996032715	0.00000000000	3889.00000000	3788.00000000	2954.00000000	2978.00000000	3415.00000000	3578.00000000	64155.0000000	3728.00000000	0.00000000000	0.00000000000	1.06680297852	0.666809082031	0.00000000000	0.00000000000	1.00000000000	5.50000000000	75.2403106689	75.3418286671	58.8149053687	41.0000000000	25.0000000000


















3831353794.78	0.00000000000	1.00000000000	46.0000000000	0.00000000000	0.00000000000	NaN	0.0103030204773	-6.91496068783	0.0132575035095	-59.9763015691	0.0355796813965	0.0352511405945	0.00472259521484	-0.0313863754272	-0.643819689560	-9.44857194901	2.36089271796	599.730151376	-0.00146198272705	0.000341675430888	0.00103237628937	200000.000000	31.0000000000	0.00000000000	130.000000000	203.000000000	5.00000000000	0.950000000000	-0.740000000000	24.3000000000	0.00000000000	352.000000000	0.00000000000	4622881.00000	2500.00000000	2000.00000000	206.200000000	6466.00000000	1700.00000000	6000.00000000	13314.0000000	5801.00000000	2.00000000000	0.100000000000	0.0500000000000	-0.00122146606445	5.49921894073	49.9921875000	49.9843750000	0.997656285763	0.0195312500000	0.505273461342	21.1632823944	15.3218755722	8.74687480927	15.1781253815	14.8564462662	-5.93125009537	-800.000000000	0.00000000000	0.00000000000	0.00000000000	24.2999572754	24.9997863770	0.00000000000	3889.00000000	3779.00000000	2954.00000000	2978.00000000	3415.00000000	3578.00000000	64155.0000000	3719.00000000	0.00000000000	0.00000000000	1.06680297852	0.666809082031	0.00000000000	0.00000000000	1.00000000000	5.50000000000	75.2383956909	75.3418286671	58.8149053687	41.0000000000	25.0000000000


















3831353794.98	0.00000000000	2.00000000000	45.0000000000	0.00000000000	1.00000000000	NaN	0.0145707130432	-6.86484676666	0.00734901428223	-62.1351385709	0.0372209548950	0.0345945358276	0.0204792022705	0.0165400505066	0.517880225945	10.3576045189	2.37155792752	598.915692257	-0.00104141235352	0.000337999168624	0.00103037357330	200000.000000	31.0000000000	0.00000000000	130.000000000	203.000000000	5.00000000000	0.950000000000	-0.740000000000	24.3000000000	0.00000000000	352.000000000	0.00000000000	4622881.00000	2500.00000000	2000.00000000	206.200000000	6466.00000000	1700.00000000	6000.00000000	13314.0000000	5801.00000000	2.00000000000	0.100000000000	0.0500000000000	-0.00124907493591	5.49921894073	49.9921875000	49.9843750000	0.997656285763	0.0195312500000	0.505273461342	21.1632823944	15.3218755722	8.74687480927	15.1781253815	14.8564462662	-5.93125009537	-800.000000000	2756.99166780	172.311979237	0.00000000000	24.2995605469	24.9997863770	0.00000000000	3889.00000000	3779.00000000	2954.00000000	2978.00000000	3415.00000000	3578.00000000	64155.0000000	3719.00000000	0.00000000000	0.00000000000	1.06680297852	0.666809082031	0.00000000000	0.00000000000	1.00000000000	5.50000000000	75.2383956909	75.3418286671	58.8149053687	41.0000000000	25.0000000000


















3831353795.18	0.00000000000	4.00000000000	43.0000000000	0.00000000000	0.00000000000	NaN	0.0139141082764	-6.79813518355	0.0132575035095	-61.0112649107	0.0329532623291	0.0319685935974	0.0217924118042	0.0148987770081	0.479787169075	9.59574338150	2.36728155120	602.444620789	-0.00150108337402	0.000338384874828	0.00105142593384	200000.000000	31.0000000000	0.00000000000	130.000000000	203.000000000	5.00000000000	0.950000000000	-0.740000000000	24.3000000000	0.00000000000	352.000000000	0.00000000000	4622881.00000	2500.00000000	2000.00000000	206.200000000	6466.00000000	1700.00000000	6000.00000000	13314.0000000	5801.00000000	2.00000000000	0.100000000000	0.0500000000000	-0.00126881599426	5.50058603287	50.0039062500	50.0039062500	1.00273442268	-0.0390625000000	0.501562535763	21.1632823944	15.3218755722	8.74687480927	15.1781253815	14.8564462662	-5.93125009537	-800.000000000	0.00000000000	0.00000000000	0.00000000000	24.2995605469	24.9997863770	0.00000000000	3889.00000000	3779.00000000	2954.00000000	2978.00000000	3415.00000000	3578.00000000	64155.0000000	3719.00000000	0.00000000000	0.00000000000	1.06680297852	0.666809082031	0.00000000000	0.00000000000	1.00000000000	5.50000000000	75.2383956909	71.8396073898	55.3410313991	31.0000000000	23.0000000000

















3831353795.38	0.00000000000	2.00000000000	49.0000000000	0.00000000000	0.00000000000	NaN	0.0148987770081	-6.87319007626	0.00800514221191	-61.8039641055	0.0378775596619	0.0306553840637	0.0201511383057	0.0178532600403	0.546443102646	10.9288620529	2.36568159795	599.865795983	-0.00114679336548	0.000343688335145	0.00104224681854	200000.000000	31.0000000000	0.00000000000	130.000000000	203.000000000	5.00000000000	0.950000000000	-0.740000000000	24.3000000000	0.00000000000	352.000000000	0.00000000000	4622881.00000	2500.00000000	2000.00000000	206.200000000	6466.00000000	1700.00000000	6000.00000000	13314.0000000	5801.00000000	2.00000000000	0.100000000000	0.0500000000000	-0.00123062133789	5.50058603287	50.0039062500	50.0039062500	1.00273442268	-0.0390625000000	0.501562535763	21.1617183685	15.3226566315	8.74453163147	15.1781253815	14.8543949127	-5.93125009537	-800.000000000	0.00000000000	0.00000000000	0.00000000000	24.2996215820	24.9998474121	0.00000000000	3880.00000000	3779.00000000	2954.00000000	2978.00000000	3415.00000000	3578.00000000	64155.0000000	3719.00000000	0.00000000000	0.00000000000	1.06680297852	0.666809082031	0.00000000000	0.00000000000	1.00000000000	5.50000000000	75.2110443115	71.8396073898	55.3410313991	31.0000000000	23.0000000000


















3831353795.58	0.00000000000	3.00000000000	49.0000000000	0.00000000000	1.00000000000	NaN	0.0129294395447	-6.85650543856	0.0126008987427	-59.8349454567	0.0349230766296	0.0342664718628	0.0198225975037	0.0188379287720	0.594052507782	11.5001195869	2.36888346298	600.815899710	-0.000621318817139	0.000339674579951	0.00104749202728	200000.000000	31.0000000000	0.00000000000	130.000000000	203.000000000	5.00000000000	0.950000000000	-0.740000000000	24.3000000000	0.00000000000	352.000000000	0.00000000000	4622881.00000	2500.00000000	2000.00000000	206.200000000	6466.00000000	1700.00000000	6000.00000000	13314.0000000	5801.00000000	2.00000000000	0.100000000000	0.0500000000000	-0.00124244689941	5.50058603287	50.0039062500	50.0039062500	1.00273442268	-0.0390625000000	0.501562535763	21.1617183685	15.3226566315	8.74453163147	15.1781253815	14.8543949127	-5.93125009537	-800.000000000	2974.38886024	185.899303765	0.00000000000	24.2996215820	24.9998474121	0.00000000000	3880.00000000	3779.00000000	2954.00000000	2978.00000000	3415.00000000	3578.00000000	64155.0000000	3719.00000000	0.00000000000	0.00000000000	1.06680297852	0.666809082031	0.00000000000	0.00000000000	1.00000000000	5.50000000000	75.2110443115	71.8396073898	55.3410313991	31.0000000000	23.0000000000


















3831353795.78	0.00000000000	8.00000000000	53.0000000000	0.00000000000	1.00000000000	NaN	0.0132575035095	-6.83146909951	0.0122728347778	-60.8584266255	0.0375490188599	0.0332818031311	0.0201511383057	0.0185098648071	0.565489631081	10.3576045189	2.36888346298	601.901648043	-0.00108098983765	0.000339686633270	0.000998234748840	200000.000000	31.0000000000	0.00000000000	130.000000000	203.000000000	5.00000000000	0.950000000000	-0.740000000000	24.3000000000	0.00000000000	352.000000000	0.00000000000	4622881.00000	2500.00000000	2000.00000000	206.200000000	6466.00000000	1700.00000000	6000.00000000	13314.0000000	5801.00000000	2.00000000000	0.100000000000	0.0500000000000	-0.00134482383728	5.49960947037	49.9863281250	49.9882812500	0.997460961342	0.0390625000000	0.495898455381	21.1617183685	15.3226566315	8.74453163147	15.1781253815	14.8543949127	-5.93125009537	-800.000000000	3033.09390354	0.00000000000	151.654695177	24.2996215820	24.9999084473	0.00000000000	3880.00000000	3770.00000000	2954.00000000	2978.00000000	3415.00000000	3578.00000000	64155.0000000	3719.00000000	0.00000000000	0.00000000000	1.06680297852	0.666809082031	0.00000000000	0.00000000000	1.00000000000	5.50000000000	75.1755905151	70.2140664656	53.7208055950	31.0000000000	35.0000000000

















3831353795.98	0.00000000000	0.00000000000	44.0000000000	0.00000000000	0.00000000000	NaN	0.0116162300110	-6.86484676666	0.0165400505066	-58.8848283640	0.0336098670959	0.0322966575623	0.0214643478394	0.0208077430725	0.641661912918	12.4525843277	2.36674749920	598.372916669	-0.00133037567139	0.000344351267684	0.00101728439331	200000.000000	31.0000000000	0.00000000000	130.000000000	203.000000000	5.00000000000	0.950000000000	-0.740000000000	24.3000000000	0.00000000000	352.000000000	0.00000000000	4622881.00000	2500.00000000	2000.00000000	206.200000000	6466.00000000	1700.00000000	6000.00000000	13314.0000000	5801.00000000	2.00000000000	0.100000000000	0.0500000000000	-0.00117154121399	5.49960947037	49.9863281250	49.9882812500	0.997460961342	0.0390625000000	0.495898455381	21.1632823944	15.3210935593	8.74765682220	15.1765623093	14.8555669785	-5.93125009537	-800.000000000	0.00000000000	0.00000000000	151.654695177	24.2996215820	24.9999084473	0.00000000000	3880.00000000	3770.00000000	2954.00000000	2978.00000000	3415.00000000	3578.00000000	64155.0000000	3719.00000000	0.00000000000	0.00000000000	1.06680297852	0.666809082031	0.00000000000	0.00000000000	1.00000000000	5.50000000000	75.1755905151	70.2140664656	53.7208055950	31.0000000000	35.0000000000


















3831353796.18	0.00000000000	2.00000000000	38.0000000000	0.00000000000	0.00000000000	NaN	0.0139141082764	-6.90660744115	0.00931835174561	-61.1661345049	0.0372209548950	0.0352511405945	0.0224490165710	0.0135860443115	0.479787169075	10.1672775536	2.36781504565	601.087386082	-0.00108098983765	0.000337046956430	0.00102577209473	200000.000000	31.0000000000	0.00000000000	130.000000000	203.000000000	5.00000000000	0.950000000000	-0.740000000000	24.3000000000	0.00000000000	352.000000000	0.00000000000	4622881.00000	2500.00000000	2000.00000000	206.200000000	6466.00000000	1700.00000000	6000.00000000	13314.0000000	5801.00000000	2.00000000000	0.100000000000	0.0500000000000	-0.00133829116821	5.49960947037	49.9863281250	49.9882812500	0.997460961342	0.0390625000000	0.495898455381	21.1632823944	15.3210935593	8.74765682220	15.1765623093	14.8555669785	-5.93125009537	-800.000000000	0.00000000000	0.00000000000	151.654695177	24.2996215820	24.9999084473	0.00000000000	3880.00000000	3770.00000000	2954.00000000	2978.00000000	3415.00000000	3578.00000000	64155.0000000	3719.00000000	0.00000000000	0.00000000000	1.06680297852	0.666809082031	0.00000000000	0.00000000000	1.00000000000	5.50000000000	75.1755905151	70.2140664656	53.7208055950	31.0000000000	35.0000000000


















3831353796.38	0.00000000000	2.00000000000	45.0000000000	0.00000000000	0.00000000000	NaN	0.00997495651245	-6.89825618391	0.0126008987427	-59.0164068459	0.0345945358276	0.0332818031311	0.00767707824707	-0.0372948646545	-0.843787490273	-14.2095124626	2.36461579264	600.001637749	-0.00134372711182	0.000331056456937	0.00100874900818	200000.000000	31.0000000000	0.00000000000	130.000000000	203.000000000	5.00000000000	0.950000000000	-0.740000000000	24.3000000000	0.00000000000	352.000000000	0.00000000000	4622881.00000	2500.00000000	2000.00000000	206.200000000	6466.00000000	1700.00000000	6000.00000000	13314.0000000	5801.00000000	2.00000000000	0.100000000000	0.0500000000000	-0.00130290985107	5.50156259537	49.9941406250	49.9921875000	0.995507836342	0.0390625000000	0.499218761921	21.1632823944	15.3210935593	8.74765682220	15.1765623093	14.8555669785	-5.93125009537	-800.000000000	0.00000000000	0.00000000000	151.654695177	24.2997741699	24.9999084473	0.00000000000	3871.00000000	3770.00000000	2954.00000000	2978.00000000	3415.00000000	3578.00000000	64155.0000000	3719.00000000	0.00000000000	0.00000000000	1.06680297852	0.666809082031	0.00000000000	0.00000000000	1.00000000000	5.50000000000	75.1621704102	66.9860168046	50.4803539870	23.0000000000	35.0000000000

















3831353796.58	0.00000000000	4.00000000000	63.0000000000	0.00000000000	1.00000000000	NaN	0.0106315612793	-6.89825618391	0.0122728347778	-59.2837072791	0.0362358093262	0.0319685935974	0.0201511383057	0.0175251960754	0.575005979347	11.3097926216	2.36514819943	599.594309610	-0.000949859619141	0.000329742645176	0.00102977752686	200000.000000	31.0000000000	0.00000000000	130.000000000	203.000000000	5.00000000000	0.950000000000	-0.740000000000	24.3000000000	0.00000000000	352.000000000	0.00000000000	4622881.00000	2500.00000000	2000.00000000	206.200000000	6466.00000000	1700.00000000	6000.00000000	13314.0000000	5801.00000000	2.00000000000	0.100000000000	0.0500000000000	-0.00125036239624	5.50156259537	49.9941406250	49.9921875000	0.995507836342	0.0390625000000	0.499218761921	21.1703128815	15.3226566315	8.74687480927	15.1773443222	14.8558597565	-5.93281269073	-800.000000000	3298.30879176	206.144299485	151.654695177	24.2997741699	24.9999084473	0.00000000000	3871.00000000	3770.00000000	2954.00000000	2978.00000000	3415.00000000	3578.00000000	64155.0000000	3719.00000000	0.00000000000	0.00000000000	1.06680297852	0.666809082031	0.00000000000	0.00000000000	1.00000000000	5.50000000000	75.1621704102	66.9860168046	50.4803539870	23.0000000000	35.0000000000


















3831353796.78	0.00000000000	1.00000000000	45.0000000000	0.00000000000	0.00000000000	NaN	0.0126008987427	-6.85650543856	0.0132575035095	-60.1193916187	0.0352511405945	0.0359077453613	0.0221204757690	0.0175251960754	0.517880225945	9.97667395020	2.36941760996	600.408768729	-0.00122547149658	0.000337360342722	0.00101332664490	200000.000000	31.0000000000	0.00000000000	130.000000000	203.000000000	5.00000000000	0.950000000000	-0.740000000000	24.3000000000	0.00000000000	352.000000000	0.00000000000	4622881.00000	2500.00000000	2000.00000000	206.200000000	6466.00000000	1700.00000000	6000.00000000	13314.0000000	5801.00000000	2.00000000000	0.100000000000	0.0500000000000	-0.00127534866333	5.50156259537	49.9941406250	49.9921875000	0.995507836342	0.0390625000000	0.499218761921	21.1703128815	15.3226566315	8.74687480927	15.1773443222	14.8558597565	-5.93281269073	-800.000000000	0.00000000000	0.00000000000	0.00000000000	24.2997741699	25.0000305176	0.00000000000	3871.00000000	3770.00000000	2954.00000000	2978.00000000	3415.00000000	3578.00000000	64155.0000000	3710.00000000	0.00000000000	0.00000000000	1.06680297852	0.666809082031	0.00000000000	0.00000000000	1.00000000000	5.50000000000	75.1763458252	66.9860168046	50.4803539870	23.0000000000	35.0000000000


















3831353796.98	0.00000000000	2.00000000000	58.0000000000	0.00000000000	0.00000000000	NaN	0.0122728347778	-6.88154750017	0.0168685913086	-57.9976362682	0.0359077453613	0.0352511405945	0.0221204757690	0.0211358070374	0.632145564651	12.4525843277	2.36408282987	600.951544317	-0.00164556503296	0.000338360768191	0.00103962421417	200000.000000	31.0000000000	0.00000000000	130.000000000	203.000000000	5.00000000000	0.950000000000	-0.740000000000	24.3000000000	0.00000000000	352.000000000	0.00000000000	4622880.00000	2500.00000000	2000.00000000	206.200000000	6466.00000000	1700.00000000	6000.00000000	13314.0000000	5801.00000000	2.00000000000	0.100000000000	0.0500000000000	-0.00125036239624	5.50078153610	49.9941406250	50.0195312500	0.996679723263	0.0390625000000	0.499218761921	21.1703128815	15.3226566315	8.74687480927	15.1773443222	14.8558597565	-5.93281269073	-800.000000000	0.00000000000	0.00000000000	0.00000000000	24.2994079590	25.0000305176	0.00000000000	3871.00000000	3770.00000000	2954.00000000	2978.00000000	3415.00000000	3578.00000000	64155.0000000	3710.00000000	0.00000000000	0.00000000000	1.06680297852	0.666809082031	0.00000000000	0.00000000000	1.00000000000	5.50000000000	75.1763458252	68.3196690452	51.8259652480	23.0000000000	35.0000000000


















3831353797.18	0.00000000000	1.00000000000	49.0000000000	0.00000000000	0.00000000000	NaN	0.0116162300110	-6.85650543856	0.0165400505066	-58.7545290066	0.0309839248657	0.0309839248657	0.0224490165710	0.0142421722412	0.470270820808	9.40541641617	2.37155792752	601.630358828	-0.000988960266113	0.000332394375335	0.00104551315308	200000.000000	31.0000000000	0.00000000000	130.000000000	203.000000000	5.00000000000	0.950000000000	-0.740000000000	24.3000000000	0.00000000000	352.000000000	0.00000000000	4622880.00000	2500.00000000	2000.00000000	206.200000000	6466.00000000	1700.00000000	6000.00000000	13314.0000000	5801.00000000	2.00000000000	0.100000000000	0.0500000000000	-0.00116763114929	5.50078153610	49.9941406250	50.0195312500	0.996679723263	0.0390625000000	0.499218761921	21.1703128815	15.3226566315	8.74765682220	15.1789064407	14.8567390442	-5.93203115463	-800.000000000	0.00000000000	0.00000000000	0.00000000000	24.2994079590	25.0000305176	0.00000000000	3871.00000000	3770.00000000	2954.00000000	2978.00000000	3415.00000000	3578.00000000	64155.0000000	3710.00000000	0.00000000000	0.00000000000	1.06680297852	0.666809082031	0.00000000000	0.00000000000	1.00000000000	5.50000000000	75.1763458252	68.3196690452	51.8259652480	23.0000000000	35.0000000000


















3831353797.38	-16866.9612197	1.00000000000	60.0000000000	1.00000000000	0.00000000000	NaN	0.0106315612793	-6.89825618391	0.0155553817749	-58.4974779067	0.0349230766296	0.0306553840637	0.0204792022705	0.0208077430725	0.622629216385	12.0716537590	2.36514819943	600.951544317	-0.00133037567139	0.000329393098928	0.00101335048676	200000.000000	31.0000000000	0.00000000000	130.000000000	203.000000000	5.00000000000	0.950000000000	-0.740000000000	24.3000000000	0.00000000000	352.000000000	0.00000000000	4622880.00000	2500.00000000	2000.00000000	206.200000000	6466.00000000	1700.00000000	6000.00000000	13314.0000000	5801.00000000	2.00000000000	0.100000000000	0.0500000000000	-0.00128054618835	5.50078153610	49.9941406250	50.0195312500	0.996679723263	0.0390625000000	0.499218761921	21.1703128815	15.3226566315	8.74765682220	15.1789064407	14.8567390442	-5.93203115463	-800.000000000	0.00000000000	0.00000000000	0.00000000000	24.2999877930	24.9999084473	0.00000000000	3871.00000000	3761.00000000	2954.00000000	2978.00000000	3415.00000000	3578.00000000	64155.0000000	3710.00000000	0.00000000000	168.669612197	1.06680297852	0.666809082031	0.00000000000	0.00000000000	1.00000000000	5.50000000000	75.2100067139	68.3196690452	51.8259652480	23.0000000000	35.0000000000

















3831353797.58	-16866.9612197	2.00000000000	51.0000000000	0.00000000000	1.00000000000	NaN	0.0109596252441	-6.93168530449	0.0126008987427	-59.2837072791	0.0375490188599	0.0352511405945	0.0217924118042	0.0194945335388	0.622629216385	12.0716537590	2.36461579264	600.137282356	-0.00115966796875	0.000320449536304	0.00100679397583	200000.000000	31.0000000000	0.00000000000	130.000000000	203.000000000	5.00000000000	0.950000000000	-0.740000000000	24.3000000000	0.00000000000	352.000000000	0.00000000000	4622880.00000	2500.00000000	2000.00000000	206.200000000	6466.00000000	1700.00000000	6000.00000000	13314.0000000	5801.00000000	2.00000000000	0.100000000000	0.0500000000000	-0.00123720169067	5.50117206573	49.9960937500	49.9960937500	0.998828113079	0.00000000000	0.501367211342	21.1703128815	15.3226566315	8.74765682220	15.1789064407	14.8567390442	-5.93203115463	-800.000000000	2755.16099604	172.197562253	0.00000000000	24.2999877930	24.9999084473	0.00000000000	3871.00000000	3761.00000000	2954.00000000	2978.00000000	3415.00000000	3578.00000000	64155.0000000	3710.00000000	0.00000000000	168.669612197	1.06680297852	0.666809082031	0.00000000000	0.00000000000	1.00000000000	5.50000000000	75.2100067139	69.2600023918	52.7047317857	28.0000000000	30.0000000000


















3831353797.78	-16866.9612197	2.00000000000	41.0000000000	0.00000000000	0.00000000000	NaN	0.0103030204773	-6.91496068783	0.0162119865417	-58.4974779067	0.0352511405945	0.0342664718628	0.000455379486084	0.0316405296326	1.52722174587	28.4497317467	2.36355085820	600.272926964	-0.000818252563477	0.000338372821510	0.00101661682129	200000.000000	31.0000000000	0.00000000000	130.000000000	203.000000000	5.00000000000	0.950000000000	-0.740000000000	24.3000000000	0.00000000000	352.000000000	0.00000000000	4622880.00000	2500.00000000	2000.00000000	206.200000000	6466.00000000	1700.00000000	6000.00000000	13314.0000000	5801.00000000	2.00000000000	0.100000000000	0.0500000000000	-0.00127530097961	5.50117206573	49.9960937500	49.9960937500	0.998828113079	0.00000000000	0.501367211342	21.1718750000	15.3226566315	8.74609375000	15.1796875000	14.8564462662	-5.93281269073	-800.000000000	0.00000000000	0.00000000000	0.00000000000	24.2999877930	25.0000000000	0.00000000000	3861.00000000	3752.00000000	2954.00000000	2978.00000000	3406.00000000	3587.00000000	64155.0000000	3701.00000000	0.00000000000	168.669612197	1.06680297852	0.666809082031	0.00000000000	0.00000000000	1.00000000000	5.50000000000	75.2331237793	69.2600023918	52.7047317857	28.0000000000	30.0000000000


















3831353797.98	-16866.9612197	5.00000000000	54.0000000000	0.00000000000	0.00000000000	NaN	0.0109596252441	-6.88989478041	0.0129294395447	-59.5564716255	0.0365643501282	0.0349230766296	0.0211358070374	0.0191664695740	0.584536159515	11.5001195869	2.37048733330	600.544413337	-0.000555515289307	0.000334045680024	0.00103435516357	200000.000000	31.0000000000	0.00000000000	130.000000000	203.000000000	5.00000000000	0.950000000000	-0.740000000000	24.3000000000	0.00000000000	352.000000000	0.00000000000	4622880.00000	2500.00000000	2000.00000000	206.200000000	6466.00000000	1700.00000000	6000.00000000	13314.0000000	5801.00000000	2.00000000000	0.100000000000	0.0500000000000	-0.00117554664612	5.50117206573	49.9960937500	49.9960937500	0.998828113079	0.00000000000	0.501367211342	21.1718750000	15.3226566315	8.74609375000	15.1796875000	14.8564462662	-5.93281269073	-800.000000000	0.00000000000	0.00000000000	0.00000000000	24.2994079590	25.0000000000	0.00000000000	3861.00000000	3752.00000000	2954.00000000	2978.00000000	3406.00000000	3587.00000000	64155.0000000	3701.00000000	0.00000000000	168.669612197	1.06680297852	0.666809082031	0.00000000000	0.00000000000	1.00000000000	5.50000000000	75.2331237793	69.2600023918	52.7047317857	28.0000000000	30.0000000000


















3831353798.18	-16866.9612197	1.00000000000	54.0000000000	0.00000000000	1.00000000000	NaN	0.0109596252441	-6.89825618391	0.0135860443115	-59.2837072791	0.0326251983643	0.0326251983643	0.0224490165710	0.0139141082764	0.451224292374	8.83415888214	2.36621443987	600.544413337	-0.000713348388672	0.000340337512490	0.00100750923157	200000.000000	31.0000000000	0.00000000000	130.000000000	203.000000000	5.00000000000	0.950000000000	-0.740000000000	24.3000000000	0.00000000000	352.000000000	0.00000000000	4622880.00000	2500.00000000	2000.00000000	206.200000000	6466.00000000	1700.00000000	6000.00000000	13314.0000000	5801.00000000	2.00000000000	0.100000000000	0.0500000000000	-0.00135149955750	5.50078153610	50.0000000000	50.0000000000	0.999804675579	0.00000000000	0.503515660763	21.1718750000	15.3226566315	8.74609375000	15.1796875000	14.8564462662	-5.93281269073	-800.000000000	2706.63565560	0.00000000000	135.331782780	24.2994079590	25.0000000000	0.00000000000	3861.00000000	3752.00000000	2954.00000000	2978.00000000	3406.00000000	3587.00000000	64155.0000000	3701.00000000	0.00000000000	168.669612197	1.06680297852	0.666809082031	0.00000000000	0.00000000000	1.00000000000	5.50000000000	75.2331237793	71.1703451728	54.6407643143	21.0000000000	26.0000000000

















3831353798.38	0.00000000000	3.00000000000	48.0000000000	0.00000000000	0.00000000000	NaN	0.0122728347778	-6.99866378480	0.00767707824707	-61.3226322478	0.0378775596619	0.0359077453613	0.00111198425293	-0.0189123153687	-0.291507325172	-3.73516669464	2.36248679465	597.015484804	-0.000647544860840	0.000333720240414	0.00100090503693	200000.000000	31.0000000000	0.00000000000	130.000000000	203.000000000	5.00000000000	0.950000000000	-0.740000000000	24.3000000000	0.00000000000	352.000000000	0.00000000000	4622880.00000	2500.00000000	2000.00000000	206.200000000	6466.00000000	1700.00000000	6000.00000000	13314.0000000	5801.00000000	2.00000000000	0.100000000000	0.0500000000000	-0.00113086700439	5.50078153610	50.0000000000	50.0000000000	0.999804675579	0.00000000000	0.503515660763	21.1632823944	15.3226566315	8.74609375000	15.1796875000	14.8573246002	-5.93515634537	-800.000000000	0.00000000000	0.00000000000	135.331782780	24.2993164063	25.0001220703	0.00000000000	3861.00000000	3752.00000000	2954.00000000	2978.00000000	3406.00000000	3587.00000000	64155.0000000	3701.00000000	0.00000000000	0.00000000000	1.06680297852	0.666809082031	0.00000000000	0.00000000000	1.00000000000	5.50000000000	75.2388763428	71.1703451728	54.6407643143	21.0000000000	26.0000000000


















3831353798.58	0.00000000000	2.00000000000	46.0000000000	0.00000000000	0.00000000000	NaN	0.0145707130432	-6.88989478041	0.0112881660461	-60.5577731221	0.0385336875916	0.0368924140930	0.0231056213379	0.0201511383057	0.651192093086	12.6429112930	2.36568159795	602.308976182	-0.00168514251709	0.000337046956430	0.00105466842651	200000.000000	31.0000000000	0.00000000000	130.000000000	203.000000000	5.00000000000	0.950000000000	-0.740000000000	24.3000000000	0.00000000000	352.000000000	0.00000000000	4622880.00000	2500.00000000	2000.00000000	206.200000000	6466.00000000	1700.00000000	6000.00000000	13314.0000000	5801.00000000	2.00000000000	0.100000000000	0.0500000000000	-0.00127000808716	5.50078153610	50.0000000000	50.0000000000	0.999804675579	0.00000000000	0.503515660763	21.1632823944	15.3226566315	8.74609375000	15.1796875000	14.8573246002	-5.93515634537	-800.000000000	0.00000000000	0.00000000000	135.331782780	24.2993164063	25.0001220703	0.00000000000	3861.00000000	3752.00000000	2954.00000000	2978.00000000	3406.00000000	3587.00000000	64155.0000000	3701.00000000	0.00000000000	0.00000000000	1.06680297852	0.666809082031	0.00000000000	0.00000000000	1.00000000000	5.50000000000	75.2388763428	71.1703451728	54.6407643143	21.0000000000	26.0000000000


















3831353798.78	0.00000000000	2.00000000000	44.0000000000	0.00000000000	1.00000000000	NaN	0.0142421722412	-6.91496068783	0.00636386871338	-62.3040826747	0.0372209548950	0.0349230766296	0.0231056213379	0.0175251960754	0.565489631081	9.40541641617	2.36568159795	598.644205884	-0.00136995315552	0.000330706910688	0.00101332664490	200000.000000	31.0000000000	0.00000000000	130.000000000	203.000000000	5.00000000000	0.950000000000	-0.740000000000	24.3000000000	0.00000000000	352.000000000	0.00000000000	4622880.00000	2500.00000000	2000.00000000	206.200000000	6466.00000000	1700.00000000	6000.00000000	13314.0000000	5801.00000000	2.00000000000	0.100000000000	0.0500000000000	-0.00136981010437	5.49765634537	50.0039062500	50.0000000000	0.997851550579	0.0195312500000	0.500585973263	21.1632823944	15.3226566315	8.74609375000	15.1796875000	14.8573246002	-5.93515634537	-800.000000000	2807.35619759	0.00000000000	275.699592660	24.2997436523	24.9999694824	0.00000000000	3852.00000000	3752.00000000	2954.00000000	2978.00000000	3406.00000000	3587.00000000	64155.0000000	3701.00000000	0.00000000000	0.00000000000	1.06680297852	0.666809082031	0.00000000000	0.00000000000	1.00000000000	5.50000000000	75.2181091309	70.2158381723	53.6521519593	20.0000000000	46.0000000000













