Time_s	SO2_ppt	Signal_Dk_Counts	Ref_Dk_Counts	Signal_LIF_Counts	Ref_LIF_Counts	Cal_SB_MFC_Read_NA	Preamp_LD1_PD_Read	Preamp_LD1_T_Read	Preamp_LD2_PD_Read	Preamp_LD2_T_Read	Seed_Laser_PD	DC24V_mon	Main_Pump_1_PD	Main_Pump_2_PD	SO2_Lo_P	SO2_Hi_P	Cell_Flow	Cell_Pressure	EOM_Output_PD	Laser_Power_PT_0	Laser_Power_PT_1	Rep_Rate_Hz	seed_delay_ticks	regen_gate_delay_ticks	regen_gate_length_ticks	counting_gate_delay_ticks	counting_gate_length_ticks	Mod_DC_Fine	Mod_DC_Coarse	seed_laser_T_set	main_LD_current_set	Binary_Out	Binary_In	Binary_Settings	BV_MF_Set_cRIO	BV_MF_Set_Arduino	BV_MF_Read	BV_MF_Position	BV_P_Set_cRIO	BV_P_Set_Arduino	BV_P_Read	BV_P_Position	T_EOM	T_Main_LD_1	T_Main_LD_2	T_Pump_Plate	T_laser_Box	T_LIF_Cell	T_NLO_Plate	T_AIR_IN	T_COMPUTER	T_THERM_BOARD	T10	T11	T12	T13	T14	T15	Task	MF_Gain	P_Gain	Seed_PD	Inlet_ZA_MFC_Read	Cal_ZA_MFC_Read	Ref_ZA_MFC_Read	Cal_SO2_MFC_Read	ZA_SB_MFC_Read	Inlet_ZA_MFC_P	Cal_ZA_MFC_P	Ref_ZA_MFC_P	Cal_SO2_MFC_P	ZA_SB_MFC_P	BBO_Position	Ref_Signal	Ref_Online	Ref_Offline	Seed_Laser_T_Read	SOA_T_Read	PC_Pressure	T_board_main_LD1	T_board_main_LD2	T_board_LIF_cell	T_board_REF_cell	Thermistor_5	T_board_NLO	Thermistor_7	Thermistor_8 	Thermistor_9	Thermistor_10	Thermistor_11	Thermistor_12	Thermistor_13	Thermistor_14	Thermistor_15	Thermistor_16	Sig_Online	Sig_Offline	Seed_Online_V	Seed_Offline_V	Ref_Solenoid	Cal_SB_Vl	SO2_Cal_MFC_Set_P	Inlet_ZA_MFC_Set_P	Dither_Remain_Min

3733299847.93	NaN	1296.00000000	12716.0000000	10.0000000000	97.0000000000	NaN	0.0201411247253	-3.16774066425	1.03278636932	-3.01664661540	1.02786445618	2.44084215164	0.261653423309	0.0854415893555	2.44037622242	54.1380626678	0.0976920337677	1015.32886530	0.0188417434692	0.000693454262707	0.000970387603163	200000.000000	16.0000000000	0.00000000000	166.000000000	232.000000000	5.00000000000	0.950000000000	-0.740000000000	22.3000000000	0.00000000000	104.000000000	32.0000000000	13011488.0000	2500.00000000	2000.00000000	206.200000000	6466.00000000	1700.00000000	6000.00000000	13314.0000000	5801.00000000	23.4081460007	23.5137486754	23.1798541774	-0.365118443319	23.6668057909	26.2141808083	24.1922097605	-10.8927789160	23.5243397747	23.2737861163	23.2758785345	23.8878234650	23.9764863670	22.7635844875	-12.4077104270	0.882295696942	0.00000000000	0.100000000000	0.0500000000000	-0.0111569404602	0.00000000000	45.1269531250	0.00000000000	-0.573242187500	0.00000000000	14.7500000000	15.0812501907	14.7500000000	14.9812498093	14.8312501907	-300.000000000	140915.072521	NaN	0.00000000000	22.3017272949	24.9998168945	640.000000000	24.5021015973	24.5975664191	25.2208788951	25.5964308658	23.9253631651	26.3388779546	-60.1230244068	-61.1076592751	-0.000531673431396	-0.00118780136108	-0.000859737396240	-0.000859737396240	-94.6178526780	-273.150000000	NaN	NaN	NaN	0.00000000000	NaN	NaN	1.00000000000	0.00000000000	5.00000000000	0.00000000000












3733299848.13	NaN	9.00000000000	120.000000000	0.00000000000	2.00000000000	NaN	0.0139064788818	-3.01664661540	1.02819252014	-3.00157193761	1.04066181183	2.47562503815	0.261653423309	0.0759253501892	1.91685258064	43.0963322983	0.102551181793	1015.24156092	0.0173454284668	0.000742244720459	0.00101654529572	200000.000000	16.0000000000	0.00000000000	166.000000000	232.000000000	5.00000000000	0.950000000000	-0.740000000000	22.3000000000	0.00000000000	104.000000000	32.0000000000	13011488.0000	2500.00000000	2000.00000000	206.200000000	6466.00000000	1700.00000000	6000.00000000	13314.0000000	5801.00000000	23.4081460007	23.5137486754	23.1798541774	-0.365118443319	23.6668057909	26.2141808083	24.1922097605	-10.8927789160	23.5243397747	23.2737861163	23.2758785345	23.8878234650	23.9764863670	22.7635844875	-12.4077104270	0.882295696942	0.00000000000	0.100000000000	0.0500000000000	-0.00787677764893	0.00000000000	45.1269531250	0.00000000000	-0.573242187500	0.00000000000	14.7500000000	15.0812501907	14.7500000000	14.9812498093	14.8312501907	-300.000000000	2934.17170229	NaN	0.00000000000	22.3001403809	24.9997253418	640.000000000	24.0195120128	-273.150000000	-273.150000000	-273.150000000	-273.150000000	-273.150000000	-273.150000000	-273.150000000	0.00000000000	0.00000000000	0.00000000000	0.00000000000	-273.150000000	-273.150000000	-273.150000000	-273.150000000	NaN	0.00000000000	NaN	NaN	1.00000000000	0.00000000000	5.00000000000	0.00000000000


















3733299848.33	NaN	18.0000000000	114.000000000	0.00000000000	2.00000000000	NaN	0.0112814903259	-2.97142807622	1.03311443329	-3.00157193761	1.02523899078	2.47660970688	0.261981487274	0.0824880599976	2.40229699745	54.7090435638	0.0976920337677	1015.11054090	0.0168862342834	0.000739598274231	0.000991678237915	200000.000000	16.0000000000	0.00000000000	166.000000000	232.000000000	5.00000000000	0.950000000000	-0.740000000000	22.3000000000	0.00000000000	104.000000000	32.0000000000	13011488.0000	2500.00000000	2000.00000000	206.200000000	6466.00000000	1700.00000000	6000.00000000	13314.0000000	5801.00000000	23.4081460007	23.5137486754	23.1798541774	-0.365118443319	23.6668057909	26.2141808083	24.1922097605	-10.8927789160	23.5243397747	23.2737861163	23.2758785345	23.8878234650	23.9764863670	22.7635844875	-12.4077104270	0.882295696942	0.00000000000	0.100000000000	0.0500000000000	-0.0117278099060	0.00000000000	45.1269531250	0.00000000000	-0.573242187500	0.00000000000	14.7500000000	14.7562503815	14.7500000000	14.7500000000	14.8312501907	-300.000000000	2653.45767142	NaN	0.00000000000	22.2998352051	24.9997863770	640.000000000	24.0195120128	-273.150000000	-273.150000000	-273.150000000	-273.150000000	-273.150000000	-273.150000000	-273.150000000	0.00000000000	0.00000000000	0.00000000000	0.00000000000	-273.150000000	-273.150000000	-273.150000000	-273.150000000	NaN	0.00000000000	NaN	NaN	1.00000000000	0.00000000000	5.00000000000	0.00000000000


















3733299848.53	NaN	7.00000000000	125.000000000	0.00000000000	0.00000000000	NaN	0.0135784149170	-2.98650274234	1.03213024139	-3.06191459222	1.02130126953	2.48021936417	0.263950347900	0.0844569206238	2.42134352589	55.6609550285	0.0993113574982	1015.19784528	0.0203118324280	0.000714039802551	0.000984430313110	200000.000000	16.0000000000	0.00000000000	166.000000000	232.000000000	5.00000000000	0.950000000000	-0.740000000000	22.3000000000	0.00000000000	104.000000000	32.0000000000	13011488.0000	2500.00000000	2000.00000000	206.200000000	6466.00000000	1700.00000000	6000.00000000	13314.0000000	5801.00000000	23.4081460007	23.5137486754	23.1798541774	-0.365118443319	23.6668057909	26.2141808083	24.1922097605	-10.8927789160	23.5243397747	23.2737861163	23.2758785345	23.8878234650	23.9764863670	22.7635844875	-12.4077104270	0.882295696942	0.00000000000	0.100000000000	0.0500000000000	-0.00950446128845	0.00000000000	45.1269531250	0.00000000000	-0.573242187500	0.00000000000	14.7500000000	14.7562503815	14.7500000000	14.7500000000	14.8312501907	-300.000000000	0.00000000000	NaN	0.00000000000	22.2998352051	24.9997863770	640.000000000	24.0195120128	-273.150000000	-273.150000000	-273.150000000	-273.150000000	-273.150000000	-273.150000000	-273.150000000	0.00000000000	0.00000000000	0.00000000000	0.00000000000	-273.150000000	-273.150000000	-273.150000000	-273.150000000	NaN	0.00000000000	NaN	NaN	1.00000000000	0.00000000000	5.00000000000	0.00000000000


















3733299848.73	NaN	6.00000000000	120.000000000	1.00000000000	0.00000000000	NaN	0.00964069366455	-3.17530773014	1.03541135788	-3.00910859070	1.02786445618	2.47070312500	0.262638092041	0.0834727287292	2.28807315445	48.2365435524	0.0993113574982	1015.11054090	0.0230813026428	0.000727152824402	0.000975847244263	200000.000000	16.0000000000	0.00000000000	166.000000000	232.000000000	5.00000000000	0.950000000000	-0.740000000000	22.3000000000	0.00000000000	104.000000000	32.0000000000	13011488.0000	2500.00000000	2000.00000000	206.200000000	6466.00000000	1700.00000000	6000.00000000	13314.0000000	5801.00000000	23.4081460007	23.5137486754	23.1798541774	-0.365118443319	23.6668057909	26.2141808083	24.1922097605	-10.8927789160	23.5243397747	23.2737861163	23.2758785345	23.8878234650	23.9764863670	22.7635844875	-12.4077104270	0.882295696942	0.00000000000	0.100000000000	0.0500000000000	-0.00620856285095	0.00000000000	0.00000000000	0.00000000000	0.00000000000	0.00000000000	14.7500000000	14.7562503815	14.7500000000	14.7500000000	14.8312501907	-300.000000000	0.00000000000	NaN	0.00000000000	22.3000793457	25.0000305176	640.000000000	24.0195120128	-273.150000000	-273.150000000	-273.150000000	-273.150000000	-273.150000000	-273.150000000	-273.150000000	0.00000000000	0.00000000000	0.00000000000	0.00000000000	-273.150000000	-273.150000000	-273.150000000	-273.150000000	NaN	0.00000000000	NaN	NaN	1.00000000000	0.00000000000	5.00000000000	0.00000000000


















3733299848.93	NaN	12.0000000000	108.000000000	0.00000000000	1.00000000000	NaN	0.00537490844727	-3.10723222057	1.03147363663	-3.02419697213	1.02228593826	2.47890663147	0.263622283936	0.0834727287292	2.44037622242	52.6148936691	0.100121019363	1015.06688870	0.0223331451416	0.000719904899597	0.000961422920227	200000.000000	16.0000000000	0.00000000000	166.000000000	232.000000000	5.00000000000	0.950000000000	-0.740000000000	22.3000000000	0.00000000000	104.000000000	32.0000000000	13011488.0000	2500.00000000	2000.00000000	206.200000000	6466.00000000	1700.00000000	6000.00000000	13314.0000000	5801.00000000	23.4081460007	23.5137486754	23.1798541774	-0.365118443319	23.6668057909	26.2141808083	24.1922097605	-10.8927789160	23.5243397747	23.2737861163	23.2758785345	23.8878234650	23.9764863670	22.7635844875	-12.4077104270	0.882295696942	0.00000000000	0.100000000000	0.0500000000000	-0.00994410514832	0.00000000000	0.00000000000	0.00000000000	0.00000000000	0.00000000000	14.7500000000	14.8375005722	14.7500000000	14.8125000000	14.8312501907	-300.000000000	1348.98807899	NaN	0.00000000000	22.3000793457	25.0000305176	640.000000000	24.0195120128	-273.150000000	-273.150000000	-273.150000000	-273.150000000	-273.150000000	-273.150000000	-273.150000000	0.00000000000	0.00000000000	0.00000000000	0.00000000000	-273.150000000	-273.150000000	-273.150000000	-273.150000000	NaN	0.00000000000	NaN	NaN	1.00000000000	0.00000000000	5.00000000000	0.00000000000

















3733299849.13	NaN	11.0000000000	135.000000000	0.00000000000	1.00000000000	NaN	0.0185003280640	-3.14503682610	1.03344249725	-3.03173774501	1.02786445618	2.51237726212	0.263294219971	0.0755972862244	2.32615237942	51.6629822044	0.0936425476074	1015.32886530	0.0181856155396	0.000726485252380	0.000996851921082	200000.000000	16.0000000000	0.00000000000	166.000000000	232.000000000	5.00000000000	0.950000000000	-0.740000000000	22.3000000000	0.00000000000	104.000000000	32.0000000000	13011488.0000	2500.00000000	2000.00000000	206.200000000	6466.00000000	1700.00000000	6000.00000000	13314.0000000	5801.00000000	23.4081460007	23.5137486754	23.1798541774	-0.365118443319	23.6668057909	26.2141808083	24.1922097605	-10.8927789160	23.5243397747	23.2737861163	23.2758785345	23.8878234650	23.9764863670	22.7635844875	-12.4077104270	0.882295696942	0.00000000000	0.100000000000	0.0500000000000	-0.00745811462402	0.00000000000	41.5390625000	0.00000000000	-0.537304699421	0.00000000000	14.7500000000	14.8375005722	14.7500000000	14.8125000000	14.8312501907	-300.000000000	1280.63276119	NaN	0.00000000000	22.3000793457	25.0000305176	640.000000000	24.0195120128	24.4842020144	-273.150000000	-273.150000000	-273.150000000	-273.150000000	-273.150000000	-273.150000000	0.00000000000	0.00000000000	0.00000000000	0.00000000000	-273.150000000	-273.150000000	-273.150000000	-273.150000000	NaN	0.00000000000	NaN	NaN	1.00000000000	0.00000000000	5.00000000000	0.00000000000

















3733299849.33	NaN	16.0000000000	138.000000000	0.00000000000	0.00000000000	NaN	0.00274991989136	-3.06946224789	1.03344249725	-3.01664661540	1.02458286285	2.51368951797	0.266247272491	0.0834727287292	2.43085987415	51.4726552391	0.104170505524	1015.37251749	0.0213489532471	0.000708103179932	0.000957417488098	200000.000000	16.0000000000	0.00000000000	166.000000000	232.000000000	5.00000000000	0.950000000000	-0.740000000000	22.3000000000	0.00000000000	104.000000000	32.0000000000	13011488.0000	2500.00000000	2000.00000000	206.200000000	6466.00000000	1700.00000000	6000.00000000	13314.0000000	5801.00000000	23.4081460007	23.5137486754	23.1798541774	-0.365118443319	23.6668057909	26.2141808083	24.1922097605	-10.8927789160	23.5243397747	23.2737861163	23.2758785345	23.8878234650	23.9764863670	22.7635844875	-12.4077104270	0.882295696942	0.00000000000	0.100000000000	0.0500000000000	-0.00731115341187	0.00000000000	41.5390625000	0.00000000000	-0.537304699421	0.00000000000	14.7500000000	15.0312500000	14.7500000000	14.9437503815	14.8312501907	-300.000000000	0.00000000000	NaN	0.00000000000	22.3000793457	25.0000915527	640.000000000	24.0195120128	24.4842020144	-273.150000000	-273.150000000	-273.150000000	-273.150000000	-273.150000000	-273.150000000	0.00000000000	0.00000000000	0.00000000000	0.00000000000	-273.150000000	-273.150000000	-273.150000000	-273.150000000	NaN	0.00000000000	NaN	NaN	1.00000000000	0.00000000000	5.00000000000	0.00000000000


















3733299849.53	NaN	7.00000000000	116.000000000	0.00000000000	2.00000000000	NaN	0.0158753395081	-3.02419697213	1.03245830536	-2.98650274234	1.02884864807	2.51237726212	0.261325359344	0.0818319320679	2.44037622242	54.5187165985	0.0952618713379	1015.19784528	0.0209550857544	0.000733685493469	0.000983738899231	200000.000000	16.0000000000	0.00000000000	166.000000000	232.000000000	5.00000000000	0.950000000000	-0.740000000000	22.3000000000	0.00000000000	104.000000000	32.0000000000	13011488.0000	2500.00000000	2000.00000000	206.200000000	6466.00000000	1700.00000000	6000.00000000	13314.0000000	5801.00000000	23.4081460007	23.5137486754	23.1798541774	-0.365118443319	23.6668057909	26.2141808083	24.1922097605	-10.8927789160	23.5243397747	23.2737861163	23.2758785345	23.8878234650	23.9764863670	22.7635844875	-12.4077104270	0.882295696942	0.00000000000	0.100000000000	0.0500000000000	-0.00965919494629	0.00000000000	49.6523437500	0.00000000000	-0.656835973263	0.00000000000	14.7500000000	15.0312500000	14.7500000000	14.9437503815	14.8312501907	-300.000000000	2564.15648256	NaN	0.00000000000	22.3000793457	25.0000915527	640.000000000	24.0195120128	24.4842020144	-273.150000000	-273.150000000	-273.150000000	-273.150000000	-273.150000000	-273.150000000	0.00000000000	0.00000000000	0.00000000000	0.00000000000	-273.150000000	-273.150000000	-273.150000000	-273.150000000	NaN	0.00000000000	NaN	NaN	1.00000000000	0.00000000000	5.00000000000	0.00000000000


















3733299849.73	NaN	10.0000000000	123.000000000	0.00000000000	0.00000000000	NaN	0.00668764114380	-3.06946224789	1.03409910202	-3.02419697213	1.02491092682	2.51434612274	0.264278411865	0.0454082489014	1.85022431087	43.0963322983	0.0985016956329	1015.19784528	0.0226349830627	0.000717282295227	0.000990343093872	200000.000000	16.0000000000	0.00000000000	166.000000000	232.000000000	5.00000000000	0.950000000000	-0.740000000000	22.3000000000	0.00000000000	104.000000000	32.0000000000	13011488.0000	2500.00000000	2000.00000000	206.200000000	6466.00000000	1700.00000000	6000.00000000	13314.0000000	5801.00000000	23.4081460007	23.5137486754	23.1798541774	-0.365118443319	23.6668057909	26.2141808083	24.1922097605	-10.8927789160	23.5243397747	23.2737861163	23.2758785345	23.8878234650	23.9764863670	22.7635844875	-12.4077104270	0.882295696942	0.00000000000	0.100000000000	0.0500000000000	-0.00712862014771	0.00000000000	49.6523437500	0.00000000000	-0.656835973263	0.00000000000	14.7500000000	15.0749998093	14.7500000000	14.9750003815	14.8312501907	-300.000000000	0.00000000000	NaN	0.00000000000	22.3000793457	25.0000915527	640.000000000	24.0195120128	24.4842020144	-273.150000000	-273.150000000	-273.150000000	-273.150000000	-273.150000000	-273.150000000	0.00000000000	0.00000000000	0.00000000000	0.00000000000	-273.150000000	-273.150000000	-273.150000000	-273.150000000	NaN	0.00000000000	NaN	NaN	1.00000000000	0.00000000000	5.00000000000	0.00000000000


















3733299849.93	NaN	11.0000000000	119.000000000	0.00000000000	1.00000000000	NaN	0.00176525115967	-3.12991521496	1.03147363663	-3.03173774501	1.02392673492	2.51401805878	0.265263080597	0.0824880599976	2.43085987415	51.4726552391	0.102551181793	1015.11054090	0.0209026336670	0.000719928741455	0.00101063251495	200000.000000	16.0000000000	0.00000000000	166.000000000	232.000000000	5.00000000000	0.950000000000	-0.740000000000	22.3000000000	0.00000000000	104.000000000	32.0000000000	13011488.0000	2500.00000000	2000.00000000	206.200000000	6466.00000000	1700.00000000	6000.00000000	13314.0000000	5801.00000000	23.4081460007	23.5137486754	23.1798541774	-0.365118443319	23.6668057909	26.2141808083	24.1922097605	-10.8927789160	23.5243397747	23.2737861163	23.2758785345	23.8878234650	23.9764863670	22.7635844875	-12.4077104270	0.882295696942	0.00000000000	0.100000000000	0.0500000000000	-0.00834140777588	0.00000000000	50.0859375000	0.00000000000	-0.646484375000	0.00000000000	14.7500000000	15.0749998093	14.7500000000	14.9750003815	14.8312501907	-300.000000000	1398.45097522	NaN	0.00000000000	22.2998657227	25.0001831055	640.000000000	24.0195120128	24.4842020144	-273.150000000	-273.150000000	-273.150000000	-273.150000000	-273.150000000	-273.150000000	0.00000000000	0.00000000000	0.00000000000	0.00000000000	-273.150000000	-273.150000000	-273.150000000	-273.150000000	NaN	0.00000000000	NaN	NaN	1.00000000000	0.00000000000	5.00000000000	0.00000000000


















3733299850.13	NaN	18.0000000000	119.000000000	0.00000000000	0.00000000000	NaN	0.00898456573486	-2.97897019818	1.03344249725	-3.03173774501	1.02261400223	2.53534698486	0.263950347900	0.0723156929016	2.28807315445	53.9474590645	0.101740343094	1015.32886530	0.0241312980652	0.000715994834900	0.00100281238556	200000.000000	16.0000000000	0.00000000000	166.000000000	232.000000000	5.00000000000	0.950000000000	-0.740000000000	22.3000000000	0.00000000000	104.000000000	32.0000000000	13011488.0000	2500.00000000	2000.00000000	206.200000000	6466.00000000	1700.00000000	6000.00000000	13314.0000000	5801.00000000	23.4081460007	23.5137486754	23.1798541774	-0.365118443319	23.6668057909	26.2141808083	24.1922097605	-10.8927789160	23.5243397747	23.2737861163	23.2758785345	23.8878234650	23.9764863670	22.7635844875	-12.4077104270	0.882295696942	0.00000000000	0.100000000000	0.0500000000000	-0.00721259117126	0.00000000000	50.0859375000	0.00000000000	-0.646484375000	0.00000000000	14.7562503815	15.0937500000	14.7500000000	14.9875001907	14.8312501907	-300.000000000	0.00000000000	NaN	0.00000000000	22.2998657227	25.0001831055	640.000000000	24.0195120128	24.4842020144	25.2501849421	-273.150000000	-273.150000000	-273.150000000	-273.150000000	-273.150000000	0.00000000000	0.00000000000	0.00000000000	0.00000000000	-273.150000000	-273.150000000	-273.150000000	-273.150000000	NaN	0.00000000000	NaN	NaN	1.00000000000	0.00000000000	5.00000000000	0.00000000000


















3733299850.33	NaN	10.0000000000	104.000000000	0.00000000000	3.00000000000	NaN	0.0132503509521	-2.95636982635	1.03278636932	-3.02419697213	1.02786445618	2.53206539154	0.263622283936	0.0805191993713	2.42134352589	54.1380626678	0.100930681229	1015.28521311	0.0199050903320	0.000717282295227	0.000997543334961	200000.000000	16.0000000000	0.00000000000	166.000000000	232.000000000	5.00000000000	0.950000000000	-0.740000000000	22.3000000000	0.00000000000	104.000000000	32.0000000000	13011488.0000	2500.00000000	2000.00000000	206.200000000	6466.00000000	1700.00000000	6000.00000000	13314.0000000	5801.00000000	23.4081460007	23.5137486754	23.1798541774	-0.365118443319	23.6668057909	26.2141808083	24.1922097605	-10.8927789160	23.5243397747	23.2737861163	23.2758785345	23.8878234650	23.9764863670	22.7635844875	-12.4077104270	0.882295696942	0.00000000000	0.100000000000	0.0500000000000	-0.00875492095947	0.00000000000	45.3828125000	0.00000000000	-0.633007824421	0.00000000000	14.7562503815	15.0937500000	14.7500000000	14.9875001907	14.8312501907	-300.000000000	4267.13337728	NaN	0.00000000000	22.2998962402	24.9994812012	640.000000000	24.0195120128	24.4842020144	25.2501849421	-273.150000000	-273.150000000	-273.150000000	-273.150000000	-273.150000000	0.00000000000	0.00000000000	0.00000000000	0.00000000000	-273.150000000	-273.150000000	-273.150000000	-273.150000000	NaN	0.00000000000	NaN	NaN	1.00000000000	0.00000000000	5.00000000000	0.00000000000

















3733299850.53	NaN	6.00000000000	124.000000000	0.00000000000	1.00000000000	NaN	0.0145626068115	-3.18287618955	1.03377103806	-2.97897019818	1.02852058411	2.53370618820	0.263294219971	0.0818319320679	2.43085987415	53.7571320992	0.100121019363	1015.37251749	0.0180807113647	0.000725817680359	0.000971198081970	200000.000000	16.0000000000	0.00000000000	166.000000000	232.000000000	5.00000000000	0.950000000000	-0.740000000000	22.3000000000	0.00000000000	104.000000000	32.0000000000	13011488.0000	2500.00000000	2000.00000000	206.200000000	6466.00000000	1700.00000000	6000.00000000	13314.0000000	5801.00000000	23.4081460007	23.5137486754	23.1798541774	-0.365118443319	23.6668057909	26.2141808083	24.1922097605	-10.8927789160	23.5243397747	23.2737861163	23.2758785345	23.8878234650	23.9764863670	22.7635844875	-12.4077104270	0.882295696942	0.00000000000	0.100000000000	0.0500000000000	-0.0109835624695	0.00000000000	45.3828125000	0.00000000000	-0.633007824421	0.00000000000	14.7500000000	15.0250005722	14.7500000000	14.9812498093	14.8289070129	-300.000000000	1302.90463530	NaN	0.00000000000	22.2998962402	24.9994812012	640.000000000	24.0195120128	24.4842020144	25.2501849421	-273.150000000	-273.150000000	-273.150000000	-273.150000000	-273.150000000	0.00000000000	0.00000000000	0.00000000000	0.00000000000	-273.150000000	-273.150000000	-273.150000000	-273.150000000	NaN	0.00000000000	NaN	NaN	1.00000000000	0.00000000000	5.00000000000	0.00000000000


















3733299850.73	NaN	4.00000000000	111.000000000	0.00000000000	3.00000000000	NaN	0.00701570510864	-3.13747532628	1.03442716599	-3.06191459222	1.02622365952	2.53272199631	0.264278411865	0.0818319320679	2.30711968288	48.0459399490	0.102551181793	1015.37251749	0.0180807113647	0.000732994079590	0.000984358787537	200000.000000	16.0000000000	0.00000000000	166.000000000	232.000000000	5.00000000000	0.950000000000	-0.740000000000	22.3000000000	0.00000000000	104.000000000	32.0000000000	13011488.0000	2500.00000000	2000.00000000	206.200000000	6466.00000000	1700.00000000	6000.00000000	13314.0000000	5801.00000000	23.4081460007	23.5137486754	23.1798541774	-0.365118443319	23.6668057909	26.2141808083	24.1922097605	-10.8927789160	23.5243397747	23.2737861163	23.2758785345	23.8878234650	23.9764863670	22.7635844875	-12.4077104270	0.882295696942	0.00000000000	0.100000000000	0.0500000000000	-0.0115782737732	0.00000000000	48.6269531250	0.00000000000	-0.617773473263	0.00000000000	14.7500000000	15.0250005722	14.7500000000	14.9812498093	14.8289070129	-300.000000000	4181.72008675	NaN	0.00000000000	22.3000183105	25.0001831055	640.000000000	24.0195120128	24.4842020144	25.2501849421	-273.150000000	-273.150000000	-273.150000000	-273.150000000	-273.150000000	0.00000000000	0.00000000000	0.00000000000	0.00000000000	-273.150000000	-273.150000000	-273.150000000	-273.150000000	NaN	0.00000000000	NaN	NaN	1.00000000000	0.00000000000	5.00000000000	0.00000000000

















3733299850.93	NaN	8.00000000000	148.000000000	0.00000000000	3.00000000000	NaN	0.00537490844727	-3.10723222057	1.03180217743	-3.04682341551	1.02556705475	2.53206539154	0.264606952667	0.0821599960327	2.45940891895	54.1380626678	0.0976920337677	1015.32886530	0.0204691886902	0.000740265846252	0.00101323127747	200000.000000	16.0000000000	0.00000000000	166.000000000	232.000000000	5.00000000000	0.950000000000	-0.740000000000	22.3000000000	0.00000000000	104.000000000	32.0000000000	13011488.0000	2500.00000000	2000.00000000	206.200000000	6466.00000000	1700.00000000	6000.00000000	13314.0000000	5801.00000000	23.4081460007	23.5137486754	23.1798541774	-0.365118443319	23.6668057909	26.2141808083	24.1922097605	-10.8927789160	23.5243397747	23.2737861163	23.2758785345	23.8878234650	23.9764863670	22.7635844875	-12.4077104270	0.882295696942	0.00000000000	0.100000000000	0.0500000000000	-0.00747513771057	0.00000000000	48.6269531250	0.00000000000	-0.617773473263	0.00000000000	14.7500000000	15.1062498093	14.7500000000	14.9812498093	14.8312501907	-300.000000000	4262.58960718	NaN	0.00000000000	22.3000183105	25.0001831055	640.000000000	24.0195120128	24.4842020144	25.2501849421	-273.150000000	-273.150000000	-273.150000000	-273.150000000	-273.150000000	0.00000000000	0.00000000000	0.00000000000	0.00000000000	-273.150000000	-273.150000000	-273.150000000	-273.150000000	NaN	0.00000000000	NaN	NaN	1.00000000000	0.00000000000	5.00000000000	0.00000000000

















3733299851.13	NaN	12.0000000000	130.000000000	0.00000000000	3.00000000000	NaN	0.0139064788818	-2.98650274234	1.03245830536	-2.96389826843	1.02884864807	2.44117021561	0.260341167450	0.0703468322754	2.27855680618	52.0439127731	0.100930681229	1015.45982187	0.0191173553467	0.000723838806152	0.000982403755188	200000.000000	16.0000000000	0.00000000000	166.000000000	232.000000000	5.00000000000	0.950000000000	-0.740000000000	22.3000000000	0.00000000000	104.000000000	32.0000000000	13011488.0000	2500.00000000	2000.00000000	206.200000000	6466.00000000	1700.00000000	6000.00000000	13314.0000000	5801.00000000	23.4081460007	23.5137486754	23.1798541774	-0.365118443319	23.6668057909	26.2141808083	24.1922097605	-10.8927789160	23.5243397747	23.2737861163	23.2758785345	23.8878234650	23.9764863670	22.7635844875	-12.4077104270	0.882295696942	0.00000000000	0.100000000000	0.0500000000000	-0.00347046852112	0.00000000000	50.9042968750	-0.000390625005821	-0.615039050579	0.00000000000	14.7500000000	15.1062498093	14.7500000000	14.9812498093	14.8312501907	-300.000000000	4120.26396444	NaN	0.00000000000	22.3000183105	25.0001831055	640.000000000	24.0195120128	24.4842020144	25.2501849421	25.5729260508	-273.150000000	-273.150000000	-273.150000000	-273.150000000	0.00000000000	0.00000000000	0.00000000000	0.00000000000	-273.150000000	-273.150000000	-273.150000000	-273.150000000	NaN	0.00000000000	NaN	NaN	1.00000000000	0.00000000000	5.00000000000	0.00000000000

















3733299851.33	NaN	11.0000000000	113.000000000	0.00000000000	2.00000000000	NaN	0.00603103637695	-3.20558993899	1.02884864807	-3.06946224789	1.02458286285	2.44510793686	0.263294219971	0.0821599960327	2.44037622242	52.0439127731	0.107410329819	1015.45982187	0.0169515609741	0.000708699226379	0.000992918014526	200000.000000	16.0000000000	0.00000000000	166.000000000	232.000000000	5.00000000000	0.950000000000	-0.740000000000	22.3000000000	0.00000000000	104.000000000	32.0000000000	13011488.0000	2500.00000000	2000.00000000	206.200000000	6466.00000000	1700.00000000	6000.00000000	13314.0000000	5801.00000000	23.4081460007	23.5137486754	23.1798541774	-0.365118443319	23.6668057909	26.2141808083	24.1922097605	-10.8927789160	23.5243397747	23.2737861163	23.2758785345	23.8878234650	23.9764863670	22.7635844875	-12.4077104270	0.882295696942	0.00000000000	0.100000000000	0.0500000000000	-0.00871558189392	0.00000000000	50.9042968750	-0.000390625005821	-0.615039050579	0.00000000000	14.7500000000	15.0312500000	14.7500000000	14.9812498093	14.8312501907	-300.000000000	2562.77037874	NaN	0.00000000000	22.3003234863	25.0001525879	640.000000000	24.0195120128	24.4842020144	25.2501849421	25.5729260508	-273.150000000	-273.150000000	-273.150000000	-273.150000000	0.00000000000	0.00000000000	0.00000000000	0.00000000000	-273.150000000	-273.150000000	-273.150000000	-273.150000000	NaN	0.00000000000	NaN	NaN	1.00000000000	0.00000000000	5.00000000000	0.00000000000

















3733299851.53	NaN	14.0000000000	110.000000000	0.00000000000	2.00000000000	NaN	0.00832796096802	-2.91873713574	1.03016138077	-3.05436831509	1.02327013016	2.44838953018	0.262638092041	0.0808472633362	2.42134352589	55.4706280632	0.0993113574982	1015.37251749	0.0179228782654	0.000729751586914	0.00101583003998	200000.000000	16.0000000000	0.00000000000	166.000000000	232.000000000	5.00000000000	0.950000000000	-0.740000000000	22.3000000000	0.00000000000	104.000000000	32.0000000000	13011488.0000	2500.00000000	2000.00000000	206.200000000	6466.00000000	1700.00000000	6000.00000000	13314.0000000	5801.00000000	23.4081460007	23.5137486754	23.1798541774	-0.365118443319	23.6668057909	26.2141808083	24.1922097605	-10.8927789160	23.5243397747	23.2737861163	23.2758785345	23.8878234650	23.9764863670	22.7635844875	-12.4077104270	0.882295696942	0.00000000000	0.100000000000	0.0500000000000	-0.00666666030884	0.00000000000	54.6406250000	0.00000000000	-0.602539062500	0.00000000000	14.7500000000	15.0312500000	14.7500000000	14.9812498093	14.8312501907	-300.000000000	2773.07257514	NaN	0.00000000000	22.3003234863	25.0001525879	640.000000000	24.0195120128	24.4842020144	25.2501849421	25.5729260508	-273.150000000	-273.150000000	-273.150000000	-273.150000000	0.00000000000	0.00000000000	0.00000000000	0.00000000000	-273.150000000	-273.150000000	-273.150000000	-273.150000000	NaN	0.00000000000	NaN	NaN	1.00000000000	0.00000000000	5.00000000000	0.00000000000

















3733299851.73	NaN	16.0000000000	119.000000000	1.00000000000	0.00000000000	NaN	0.0122656822205	-2.95636982635	1.03081750870	-3.03173774501	1.02687978745	2.44149875641	0.260669231415	0.0388455390930	1.80262873764	43.6675898323	0.100930681229	1015.41616968	0.0168333053589	0.000723195075989	0.00102109909058	200000.000000	16.0000000000	0.00000000000	166.000000000	232.000000000	5.00000000000	0.950000000000	-0.740000000000	22.3000000000	0.00000000000	104.000000000	32.0000000000	13011488.0000	2500.00000000	2000.00000000	206.200000000	6466.00000000	1700.00000000	6000.00000000	13314.0000000	5801.00000000	23.4081460007	23.5137486754	23.1798541774	-0.365118443319	23.6668057909	26.2141808083	24.1922097605	-10.8927789160	23.5243397747	23.2737861163	23.2758785345	23.8878234650	23.9764863670	22.7635844875	-12.4077104270	0.882295696942	0.00000000000	0.100000000000	0.0500000000000	-0.00716934204102	0.00000000000	54.6406250000	0.00000000000	-0.602539062500	0.00000000000	14.7562503815	15.1250000000	14.7500000000	14.9875001907	14.8312501907	-300.000000000	0.00000000000	NaN	0.00000000000	22.3003234863	25.0001525879	640.000000000	24.0195120128	24.4842020144	25.2501849421	25.5729260508	-273.150000000	-273.150000000	-273.150000000	-273.150000000	0.00000000000	0.00000000000	0.00000000000	0.00000000000	-273.150000000	-273.150000000	-273.150000000	-273.150000000	NaN	0.00000000000	NaN	NaN	1.00000000000	0.00000000000	5.00000000000	0.00000000000


















3733299851.93	NaN	9.00000000000	114.000000000	0.00000000000	0.00000000000	NaN	0.0185003280640	-2.95636982635	1.02983331680	-3.02419697213	1.02753591537	2.44576454163	0.261325359344	0.0798630714417	2.44989257069	52.9958242378	0.0968823719025	1015.32886530	0.0183167457581	0.000729060173035	0.000994896888733	200000.000000	16.0000000000	0.00000000000	166.000000000	232.000000000	5.00000000000	0.950000000000	-0.740000000000	22.3000000000	0.00000000000	104.000000000	32.0000000000	13011488.0000	2500.00000000	2000.00000000	206.200000000	6466.00000000	1700.00000000	6000.00000000	13314.0000000	5801.00000000	23.4081460007	23.5137486754	23.1798541774	-0.365118443319	23.6668057909	26.2141808083	24.1922097605	-10.8927789160	23.5243397747	23.2737861163	23.2758785345	23.8878234650	23.9764863670	22.7635844875	-12.4077104270	0.882295696942	0.00000000000	0.100000000000	0.0500000000000	-0.00748953819275	0.00000000000	53.5839843750	0.00000000000	-0.601367175579	0.00000000000	14.7562503815	15.1250000000	14.7500000000	14.9875001907	14.8312501907	-300.000000000	0.00000000000	NaN	0.00000000000	22.2998962402	24.9996948242	640.000000000	24.0195120128	24.4842020144	25.2501849421	25.5729260508	-273.150000000	-273.150000000	-273.150000000	-273.150000000	0.00000000000	0.00000000000	0.00000000000	0.00000000000	-273.150000000	-273.150000000	-273.150000000	-273.150000000	NaN	0.00000000000	NaN	NaN	1.00000000000	0.00000000000	5.00000000000	0.00000000000


















3733299852.13	NaN	14.0000000000	122.000000000	0.00000000000	1.00000000000	NaN	0.00898456573486	-2.91121686936	1.02917671204	-3.03927989248	1.02556705475	2.58063077927	0.265263080597	0.0723156929016	2.36423160439	51.6629822044	0.106599491119	1015.37251749	0.0175423622131	0.000731015205383	0.000973820686340	200000.000000	16.0000000000	0.00000000000	166.000000000	232.000000000	5.00000000000	0.950000000000	-0.740000000000	22.3000000000	0.00000000000	104.000000000	32.0000000000	13011488.0000	2500.00000000	2000.00000000	206.200000000	6466.00000000	1700.00000000	6000.00000000	13314.0000000	5801.00000000	23.4081460007	23.5137486754	23.1798541774	-0.365118443319	23.6668057909	26.2141808083	24.1922097605	-10.8927789160	23.5243397747	23.2737861163	23.2758785345	23.8878234650	23.9764863670	22.7635844875	-12.4077104270	0.882295696942	0.00000000000	0.100000000000	0.0500000000000	-0.00890974998474	0.00000000000	53.5839843750	0.00000000000	-0.601367175579	0.00000000000	14.7500000000	15.0062503815	14.7500000000	14.9875001907	14.8312501907	-300.000000000	1372.82491023	NaN	0.00000000000	22.2998962402	24.9996948242	640.000000000	24.0195120128	24.4842020144	25.2501849421	25.5729260508	24.0358397467	-273.150000000	-273.150000000	-273.150000000	0.00000000000	0.00000000000	0.00000000000	0.00000000000	-273.150000000	-273.150000000	-273.150000000	-273.150000000	NaN	0.00000000000	NaN	NaN	1.00000000000	0.00000000000	5.00000000000	0.00000000000

















3733299852.33	NaN	13.0000000000	112.000000000	0.00000000000	2.00000000000	NaN	0.00767183303833	-3.13747532628	1.02753591537	-3.00157193761	1.02392673492	2.58030223846	0.265919208527	0.0821599960327	2.48797179565	54.3283896332	0.105789829254	1015.28521311	0.0158100128174	0.000706124305725	0.000973892211914	200000.000000	16.0000000000	0.00000000000	166.000000000	232.000000000	5.00000000000	0.950000000000	-0.740000000000	22.3000000000	0.00000000000	104.000000000	32.0000000000	13011488.0000	2500.00000000	2000.00000000	206.200000000	6466.00000000	1700.00000000	6000.00000000	13314.0000000	5801.00000000	23.4081460007	23.5137486754	23.1798541774	-0.365118443319	23.6668057909	26.2141808083	24.1922097605	-10.8927789160	23.5243397747	23.2737861163	23.2758785345	23.8878234650	23.9764863670	22.7635844875	-12.4077104270	0.882295696942	0.00000000000	0.100000000000	0.0500000000000	-0.00719685554504	0.00000000000	53.2656250000	0.00000000000	-0.592968761921	0.00000000000	14.7500000000	15.0062503815	14.7500000000	14.9875001907	14.8312501907	-300.000000000	2773.07257514	NaN	0.00000000000	22.2999877930	24.9998474121	640.000000000	24.0195120128	24.4842020144	25.2501849421	25.5729260508	24.0358397467	-273.150000000	-273.150000000	-273.150000000	0.00000000000	0.00000000000	0.00000000000	0.00000000000	-273.150000000	-273.150000000	-273.150000000	-273.150000000	NaN	0.00000000000	NaN	NaN	1.00000000000	0.00000000000	5.00000000000	0.00000000000

















3733299852.53	NaN	18.0000000000	141.000000000	0.00000000000	1.00000000000	NaN	0.0162034034729	-3.13747532628	1.02655172348	-3.01664661540	1.02622365952	2.57669305801	0.264935016632	0.0824880599976	2.51652084045	54.8993705292	0.101740343094	1015.54718970	0.00995588302612	0.000711369514465	0.000988316535950	200000.000000	16.0000000000	0.00000000000	166.000000000	232.000000000	5.00000000000	0.950000000000	-0.740000000000	22.3000000000	0.00000000000	104.000000000	32.0000000000	13011488.0000	2500.00000000	2000.00000000	206.200000000	6466.00000000	1700.00000000	6000.00000000	13314.0000000	5801.00000000	23.4081460007	23.5137486754	23.1798541774	-0.365118443319	23.6668057909	26.2141808083	24.1922097605	-10.8927789160	23.5243397747	23.2737861163	23.2758785345	23.8878234650	23.9764863670	22.7635844875	-12.4077104270	0.882295696942	0.00000000000	0.100000000000	0.0500000000000	-0.00342974662781	0.00000000000	53.2656250000	0.00000000000	-0.592968761921	0.00000000000	14.7562503815	15.0875005722	14.7500000000	14.9875001907	14.8312501907	-300.000000000	1571.29323058	NaN	0.00000000000	22.2999877930	24.9998474121	640.000000000	24.0195120128	24.4842020144	25.2501849421	25.5729260508	24.0358397467	-273.150000000	-273.150000000	-273.150000000	0.00000000000	0.00000000000	0.00000000000	0.00000000000	-273.150000000	-273.150000000	-273.150000000	-273.150000000	NaN	0.00000000000	NaN	NaN	1.00000000000	0.00000000000	5.00000000000	0.00000000000

















3733299852.73	NaN	16.0000000000	121.000000000	0.00000000000	0.00000000000	NaN	0.00110912322998	-3.11478817035	1.02130126953	-3.03927989248	1.02720785141	2.57833337784	0.267888069153	0.0834727287292	2.18337949162	46.5230475883	0.0968823719025	1015.15419309	0.00613641738892	0.000703477859497	0.000998115539551	200000.000000	16.0000000000	0.00000000000	166.000000000	232.000000000	5.00000000000	0.950000000000	-0.740000000000	22.3000000000	0.00000000000	104.000000000	32.0000000000	13011488.0000	2500.00000000	2000.00000000	206.200000000	6466.00000000	1700.00000000	6000.00000000	13314.0000000	5801.00000000	23.4081460007	23.5137486754	23.1798541774	-0.365118443319	23.6668057909	26.2141808083	24.1922097605	-10.8927789160	23.5243397747	23.2737861163	23.2758785345	23.8878234650	23.9764863670	22.7635844875	-12.4077104270	0.882295696942	0.00000000000	0.100000000000	0.0500000000000	-0.00941252708435	0.00000000000	51.4296875000	0.00000000000	-0.592187523842	0.00000000000	14.7562503815	15.0875005722	14.7500000000	14.9875001907	14.8312501907	-300.000000000	0.00000000000	NaN	0.00000000000	22.3001403809	25.0000915527	640.000000000	24.0195120128	24.4842020144	25.2501849421	25.5729260508	24.0358397467	-273.150000000	-273.150000000	-273.150000000	0.00000000000	0.00000000000	0.00000000000	0.00000000000	-273.150000000	-273.150000000	-273.150000000	-273.150000000	NaN	0.00000000000	NaN	NaN	1.00000000000	0.00000000000	5.00000000000	0.00000000000


















3733299852.93	NaN	14.0000000000	121.000000000	0.00000000000	0.00000000000	NaN	0.00570297241211	-3.03927989248	1.02261400223	-3.07702225654	1.01933240891	2.58063077927	0.266247272491	0.0838007926941	2.55460006542	55.0896974945	0.0976920337677	1015.32886530	0.00998210906982	0.000743532180786	0.00102379322052	200000.000000	16.0000000000	0.00000000000	166.000000000	232.000000000	5.00000000000	0.950000000000	-0.740000000000	22.3000000000	0.00000000000	104.000000000	32.0000000000	13011488.0000	2500.00000000	2000.00000000	206.200000000	6466.00000000	1700.00000000	6000.00000000	13314.0000000	5801.00000000	23.4081460007	23.5137486754	23.1798541774	-0.365118443319	23.6668057909	26.2141808083	24.1922097605	-10.8927789160	23.5243397747	23.2737861163	23.2758785345	23.8878234650	23.9764863670	22.7635844875	-12.4077104270	0.882295696942	0.00000000000	0.100000000000	0.0500000000000	-0.00690026283264	0.00000000000	51.4296875000	0.00000000000	-0.592187523842	0.00000000000	14.7562503815	15.0062503815	14.7500000000	14.9875001907	14.8312501907	-300.000000000	0.00000000000	NaN	0.00000000000	22.3001403809	25.0000915527	640.000000000	24.0195120128	24.4842020144	25.2501849421	25.5729260508	24.0358397467	-273.150000000	-273.150000000	-273.150000000	0.00000000000	0.00000000000	0.00000000000	0.00000000000	-273.150000000	-273.150000000	-273.150000000	-273.150000000	NaN	0.00000000000	NaN	NaN	1.00000000000	0.00000000000	5.00000000000	0.00000000000


















3733299853.13	NaN	10.0000000000	124.000000000	0.00000000000	3.00000000000	NaN	0.0142345428467	-3.07702225654	1.03114557266	-2.84358459232	1.03770828247	0.0240788459778	0.0116095542908	0.0207977294922	0.698469532585	34.5296823921	0.103360843658	1015.24156092	-0.0155210494995	0.000726532936096	0.000988984107971	200000.000000	16.0000000000	0.00000000000	166.000000000	232.000000000	5.00000000000	0.950000000000	-0.740000000000	22.3000000000	0.00000000000	104.000000000	32.0000000000	13011488.0000	2500.00000000	2000.00000000	206.200000000	6466.00000000	1700.00000000	6000.00000000	13314.0000000	5801.00000000	23.4081460007	23.5137486754	23.1798541774	-0.365118443319	23.6668057909	26.2141808083	24.1922097605	-10.8927789160	23.5243397747	23.2737861163	23.2758785345	23.8878234650	23.9764863670	22.7635844875	-12.4077104270	0.882295696942	0.00000000000	0.100000000000	0.0500000000000	-0.0257842063904	0.00000000000	52.6914062500	0.00000000000	-0.584765613079	0.00000000000	14.7562503815	15.0062503815	14.7500000000	14.9875001907	14.8312501907	-300.000000000	3971.31962848	NaN	0.00000000000	22.3001403809	25.0000915527	640.000000000	24.0195120128	24.4842020144	25.2501849421	25.5729260508	24.0358397467	26.4452938315	-273.150000000	-273.150000000	0.00000000000	0.00000000000	0.00000000000	0.00000000000	-273.150000000	-273.150000000	-273.150000000	-273.150000000	NaN	0.00000000000	NaN	NaN	1.00000000000	0.00000000000	5.00000000000	0.00000000000

















3733299853.33	NaN	10.0000000000	111.000000000	0.00000000000	1.00000000000	NaN	0.00439023971558	-3.04682341551	1.02195787430	-3.03927989248	1.02556705475	0.0267038345337	0.0145626068115	0.0244069099426	0.793660679054	19.6805828018	0.104980167389	1015.37251749	0.00486278533936	0.000710701942444	0.000989651679993	200000.000000	16.0000000000	0.00000000000	166.000000000	232.000000000	5.00000000000	0.950000000000	-0.740000000000	22.3000000000	0.00000000000	104.000000000	32.0000000000	13011488.0000	2500.00000000	2000.00000000	206.200000000	6466.00000000	1700.00000000	6000.00000000	13314.0000000	5801.00000000	23.4081460007	23.5137486754	23.1798541774	-0.365118443319	23.6668057909	26.2141808083	24.1922097605	-10.8927789160	23.5243397747	23.2737861163	23.2758785345	23.8878234650	23.9764863670	22.7635844875	-12.4077104270	0.882295696942	0.00000000000	0.100000000000	0.0500000000000	-0.0118407726288	0.00000000000	52.6914062500	0.00000000000	-0.584765613079	0.00000000000	14.7562503815	15.1187505722	14.7500000000	14.9875001907	14.8289070129	-300.000000000	1302.90463530	NaN	0.00000000000	22.2997741699	24.9999084473	640.000000000	24.0195120128	24.4842020144	25.2501849421	25.5729260508	24.0358397467	26.4452938315	-273.150000000	-273.150000000	0.00000000000	0.00000000000	0.00000000000	0.00000000000	-273.150000000	-273.150000000	-273.150000000	-273.150000000	NaN	0.00000000000	NaN	NaN	1.00000000000	0.00000000000	5.00000000000	0.00000000000

















3733299853.53	NaN	7.00000000000	128.000000000	0.00000000000	0.00000000000	NaN	0.00504684448242	-3.10723222057	1.01998901367	-3.08457267427	1.02031707764	0.0263757705688	0.0135784149170	0.0250635147095	0.784144330788	18.5383443718	0.101740343094	1015.37251749	0.00507307052612	0.000706791877747	0.00101327896118	200000.000000	16.0000000000	0.00000000000	166.000000000	232.000000000	5.00000000000	0.950000000000	-0.740000000000	22.3000000000	0.00000000000	104.000000000	32.0000000000	13011488.0000	2500.00000000	2000.00000000	206.200000000	6466.00000000	1700.00000000	6000.00000000	13314.0000000	5801.00000000	23.4081460007	23.5137486754	23.1798541774	-0.365118443319	23.6668057909	26.2141808083	24.1922097605	-10.8927789160	23.5243397747	23.2737861163	23.2758785345	23.8878234650	23.9764863670	22.7635844875	-12.4077104270	0.882295696942	0.00000000000	0.100000000000	0.0500000000000	-0.00993618965149	0.00000000000	53.1777343750	0.00000000000	-0.587109386921	0.00000000000	14.7562503815	15.1187505722	14.7500000000	14.9875001907	14.8289070129	-300.000000000	0.00000000000	NaN	0.00000000000	22.2997741699	24.9999084473	640.000000000	24.0195120128	24.4842020144	25.2501849421	25.5729260508	24.0358397467	26.4452938315	-273.150000000	-273.150000000	0.00000000000	0.00000000000	0.00000000000	0.00000000000	-273.150000000	-273.150000000	-273.150000000	-273.150000000	NaN	0.00000000000	NaN	NaN	1.00000000000	0.00000000000	5.00000000000	0.00000000000

















3733299853.73	NaN	11.0000000000	125.000000000	0.00000000000	1.00000000000	NaN	0.00635910034180	-3.15259971543	1.01736354828	-3.08457267427	1.02261400223	0.0227665901184	0.0106253623962	-0.00676631927490	0.279653385544	11.3042598610	0.0993113574982	1015.41616968	0.00117444992065	0.000715970993042	0.000992274284363	200000.000000	16.0000000000	0.00000000000	166.000000000	232.000000000	5.00000000000	0.950000000000	-0.740000000000	22.3000000000	0.00000000000	104.000000000	32.0000000000	13011488.0000	2500.00000000	2000.00000000	206.200000000	6466.00000000	1700.00000000	6000.00000000	13314.0000000	5801.00000000	23.4081460007	23.5137486754	23.1798541774	-0.365118443319	23.6668057909	26.2141808083	24.1922097605	-10.8927789160	23.5243397747	23.2737861163	23.2758785345	23.8878234650	23.9764863670	22.7635844875	-12.4077104270	0.882295696942	0.00000000000	0.100000000000	0.0500000000000	-0.0110978126526	0.00000000000	53.1777343750	0.00000000000	-0.587109386921	0.00000000000	14.7500000000	15.0000000000	14.7500000000	14.9875001907	14.8312501907	-300.000000000	1325.12726647	NaN	0.00000000000	22.2997741699	24.9999084473	640.000000000	24.0195120128	24.4842020144	25.2501849421	25.5729260508	24.0358397467	26.4452938315	-273.150000000	-273.150000000	0.00000000000	0.00000000000	0.00000000000	0.00000000000	-273.150000000	-273.150000000	-273.150000000	-273.150000000	NaN	0.00000000000	NaN	NaN	1.00000000000	0.00000000000	5.00000000000	0.00000000000


















3733299853.93	NaN	12.0000000000	106.000000000	0.00000000000	2.00000000000	NaN	0.00898456573486	-3.16774066425	1.01703548431	-3.07702225654	1.02228593826	0.0244069099426	0.0119376182556	0.0250635147095	0.812693375587	18.9189983025	0.100121019363	1015.41616968	0.00129270553589	0.000711321830750	0.000974559783936	200000.000000	16.0000000000	0.00000000000	166.000000000	232.000000000	5.00000000000	0.950000000000	-0.740000000000	22.3000000000	0.00000000000	104.000000000	32.0000000000	13011488.0000	2500.00000000	2000.00000000	206.200000000	6466.00000000	1700.00000000	6000.00000000	13314.0000000	5801.00000000	23.4081460007	23.5137486754	23.1798541774	-0.365118443319	23.6668057909	26.2141808083	24.1922097605	-10.8927789160	23.5243397747	23.2737861163	23.2758785345	23.8878234650	23.9764863670	22.7635844875	-12.4077104270	0.882295696942	0.00000000000	0.100000000000	0.0500000000000	-0.00819449424744	0.00000000000	45.4687500000	0.00000000000	-0.579296886921	0.00000000000	14.7500000000	15.0000000000	14.7500000000	14.9875001907	14.8312501907	-300.000000000	2907.57073265	NaN	0.00000000000	22.2997436523	24.9999084473	640.000000000	24.0195120128	24.4842020144	25.2501849421	25.5729260508	24.0358397467	26.4452938315	-273.150000000	-273.150000000	0.00000000000	0.00000000000	0.00000000000	0.00000000000	-273.150000000	-273.150000000	-273.150000000	-273.150000000	NaN	0.00000000000	NaN	NaN	1.00000000000	0.00000000000	5.00000000000	0.00000000000

















3733299854.13	NaN	15.0000000000	134.000000000	0.00000000000	2.00000000000	NaN	0.0191569328308	-3.27382881653	1.01933240891	-3.02419697213	1.02458286285	0.0247354507446	0.0106253623962	0.0217819213867	0.784144330788	17.7767598724	0.102551181793	1015.37251749	0.00735664367676	0.000719237327576	0.000981092453003	200000.000000	16.0000000000	0.00000000000	166.000000000	232.000000000	5.00000000000	0.950000000000	-0.740000000000	22.3000000000	0.00000000000	104.000000000	32.0000000000	13011488.0000	2500.00000000	2000.00000000	206.200000000	6466.00000000	1700.00000000	6000.00000000	13314.0000000	5801.00000000	23.4081460007	23.5137486754	23.1798541774	-0.365118443319	23.6668057909	26.2141808083	24.1922097605	-10.8927789160	23.5243397747	23.2737861163	23.2758785345	23.8878234650	23.9764863670	22.7635844875	-12.4077104270	0.882295696942	0.00000000000	0.100000000000	0.0500000000000	-0.00905413627625	0.00000000000	45.4687500000	0.00000000000	-0.579296886921	0.00000000000	14.7500000000	15.1250000000	14.7562503815	14.9875001907	14.8312501907	-300.000000000	2903.35842606	NaN	0.00000000000	22.2997436523	24.9999084473	640.000000000	24.0195120128	24.4842020144	25.2501849421	25.5729260508	24.0358397467	26.4452938315	-59.8109731922	-273.150000000	0.00000000000	0.00000000000	0.00000000000	0.00000000000	-273.150000000	-273.150000000	-273.150000000	-273.150000000	NaN	0.00000000000	NaN	NaN	1.00000000000	0.00000000000	5.00000000000	0.00000000000


















3733299854.33	NaN	11.0000000000	147.000000000	1.00000000000	0.00000000000	NaN	0.00209331512451	-3.03173774501	1.01605129242	-3.09212447352	1.01802015305	0.0260477066040	0.0135784149170	0.0260477066040	0.860288948822	20.8228212318	0.100930681229	1015.32886530	0.00246095657349	0.000694274902344	0.000969290733337	200000.000000	16.0000000000	0.00000000000	166.000000000	232.000000000	5.00000000000	0.950000000000	-0.740000000000	22.3000000000	0.00000000000	104.000000000	32.0000000000	13011488.0000	2500.00000000	2000.00000000	206.200000000	6466.00000000	1700.00000000	6000.00000000	13314.0000000	5801.00000000	23.4081460007	23.5137486754	23.1798541774	-0.365118443319	23.6668057909	26.2141808083	24.1922097605	-10.8927789160	23.5243397747	23.2737861163	23.2758785345	23.8878234650	23.9764863670	22.7635844875	-12.4077104270	0.882295696942	0.00000000000	0.100000000000	0.0500000000000	-0.00860400199890	0.00000000000	51.8789062500	0.00000000000	-0.582812488079	0.00000000000	14.7500000000	15.1250000000	14.7562503815	14.9875001907	14.8312501907	-300.000000000	0.00000000000	NaN	0.00000000000	22.2997741699	25.0000000000	640.000000000	24.0195120128	24.4842020144	25.2501849421	25.5729260508	24.0358397467	26.4452938315	-59.8109731922	-273.150000000	0.00000000000	0.00000000000	0.00000000000	0.00000000000	-273.150000000	-273.150000000	-273.150000000	-273.150000000	NaN	0.00000000000	NaN	NaN	1.00000000000	0.00000000000	5.00000000000	0.00000000000

















3733299854.53	NaN	10.0000000000	111.000000000	0.00000000000	0.00000000000	NaN	0.0168600082397	-3.04682341551	1.01375436783	-3.06191459222	1.02392673492	0.0250635147095	0.0116095542908	0.0263757705688	0.869805297089	20.0612367325	0.0976920337677	1015.41616968	-0.00202798843384	0.000724506378174	0.000984406471252	200000.000000	16.0000000000	0.00000000000	166.000000000	232.000000000	5.00000000000	0.950000000000	-0.740000000000	22.3000000000	0.00000000000	104.000000000	32.0000000000	13011488.0000	2500.00000000	2000.00000000	206.200000000	6466.00000000	1700.00000000	6000.00000000	13314.0000000	5801.00000000	23.4081460007	23.5137486754	23.1798541774	-0.365118443319	23.6668057909	26.2141808083	24.1922097605	-10.8927789160	23.5243397747	23.2737861163	23.2758785345	23.8878234650	23.9764863670	22.7635844875	-12.4077104270	0.882295696942	0.00000000000	0.100000000000	0.0500000000000	-0.0107828140259	0.00000000000	51.8789062500	0.00000000000	-0.582812488079	0.00000000000	14.7562503815	15.0000000000	14.7500000000	14.9812498093	14.8312501907	-300.000000000	0.00000000000	NaN	0.00000000000	22.2997741699	25.0000000000	640.000000000	24.0195120128	24.4842020144	25.2501849421	25.5729260508	24.0358397467	26.4452938315	-59.8109731922	-273.150000000	0.00000000000	0.00000000000	0.00000000000	0.00000000000	-273.150000000	-273.150000000	-273.150000000	-273.150000000	NaN	0.00000000000	NaN	NaN	1.00000000000	0.00000000000	5.00000000000	0.00000000000


















3733299854.73	NaN	11.0000000000	107.000000000	0.00000000000	2.00000000000	NaN	0.0129222869873	-2.91121686936	1.01178550720	-3.02419697213	1.02162981033	0.0247354507446	0.0122656822205	0.0214538574219	0.431956453514	10.7330023270	0.102551181793	1015.41616968	-0.00542736053467	0.000721168518066	0.00100338459015	200000.000000	16.0000000000	0.00000000000	166.000000000	232.000000000	5.00000000000	0.950000000000	-0.740000000000	22.3000000000	0.00000000000	104.000000000	32.0000000000	13011488.0000	2500.00000000	2000.00000000	206.200000000	6466.00000000	1700.00000000	6000.00000000	13314.0000000	5801.00000000	23.4081460007	23.5137486754	23.1798541774	-0.365118443319	23.6668057909	26.2141808083	24.1922097605	-10.8927789160	23.5243397747	23.2737861163	23.2758785345	23.8878234650	23.9764863670	22.7635844875	-12.4077104270	0.882295696942	0.00000000000	0.100000000000	0.0500000000000	-0.00938220024109	0.00000000000	50.4082031250	-0.000390625005821	-0.575585961342	0.00000000000	14.7562503815	15.0000000000	14.7500000000	14.9812498093	14.8312501907	-300.000000000	2650.91759390	NaN	0.00000000000	22.3000793457	25.0000305176	640.000000000	24.0195120128	24.4842020144	25.2501849421	25.5729260508	24.0358397467	26.4452938315	-59.8109731922	-273.150000000	0.00000000000	0.00000000000	0.00000000000	0.00000000000	-273.150000000	-273.150000000	-273.150000000	-273.150000000	NaN	0.00000000000	NaN	NaN	1.00000000000	0.00000000000	5.00000000000	0.00000000000


















3733299854.93	NaN	10.0000000000	136.000000000	0.00000000000	0.00000000000	NaN	0.0132503509521	-3.19801729297	1.01178550720	-3.06191459222	1.02392673492	0.0234227180481	0.00996875762939	0.0286726951599	0.888837993622	18.3480174065	0.100930681229	1015.32886530	-0.00189685821533	0.000686407089233	0.000950241088867	200000.000000	16.0000000000	0.00000000000	166.000000000	232.000000000	5.00000000000	0.950000000000	-0.740000000000	22.3000000000	0.00000000000	104.000000000	32.0000000000	13011488.0000	2500.00000000	2000.00000000	206.200000000	6466.00000000	1700.00000000	6000.00000000	13314.0000000	5801.00000000	23.4081460007	23.5137486754	23.1798541774	-0.365118443319	23.6668057909	26.2141808083	24.1922097605	-10.8927789160	23.5243397747	23.2737861163	23.2758785345	23.8878234650	23.9764863670	22.7635844875	-12.4077104270	0.882295696942	0.00000000000	0.100000000000	0.0500000000000	-0.00863676071167	0.00000000000	50.4082031250	-0.000390625005821	-0.575585961342	0.00000000000	14.7500000000	15.1187505722	14.7500000000	14.9812498093	14.8312501907	-300.000000000	0.00000000000	NaN	0.00000000000	22.3000793457	25.0000305176	640.000000000	24.0195120128	24.4842020144	25.2501849421	25.5729260508	24.0358397467	26.4452938315	-59.8109731922	-273.150000000	0.00000000000	0.00000000000	0.00000000000	0.00000000000	-273.150000000	-273.150000000	-273.150000000	-273.150000000	NaN	0.00000000000	NaN	NaN	1.00000000000	0.00000000000	5.00000000000	0.00000000000

















3733299855.13	NaN	6.00000000000	122.000000000	0.00000000000	1.00000000000	NaN	0.00964069366455	-3.13747532628	1.00981664658	-3.10723222057	1.01867628098	0.000124454498291	0.00865650177002	0.0217819213867	0.803177027321	18.9189983025	0.0993113574982	1015.19784528	-0.00870895385742	0.000716662406921	0.000992894172668	200000.000000	16.0000000000	0.00000000000	166.000000000	232.000000000	5.00000000000	0.950000000000	-0.740000000000	22.3000000000	0.00000000000	104.000000000	32.0000000000	13011488.0000	2500.00000000	2000.00000000	206.200000000	6466.00000000	1700.00000000	6000.00000000	13314.0000000	5801.00000000	23.4081460007	23.5137486754	23.1798541774	-0.365118443319	23.6668057909	26.2141808083	24.1922097605	-10.8927789160	23.5243397747	23.2737861163	23.2758785345	23.8878234650	23.9764863670	22.7635844875	-12.4077104270	0.882295696942	0.00000000000	0.100000000000	0.0500000000000	-0.0124130249023	0.00000000000	53.6855468750	0.00000000000	-0.580273449421	0.00000000000	14.7500000000	15.1187505722	14.7500000000	14.9812498093	14.8312501907	-300.000000000	1302.90463530	NaN	0.00000000000	22.3000793457	25.0000305176	640.000000000	24.0195120128	24.4842020144	25.2501849421	25.5729260508	24.0358397467	26.4452938315	-59.8109731922	-60.2819306401	0.00000000000	0.00000000000	0.00000000000	0.00000000000	-273.150000000	-273.150000000	-273.150000000	-273.150000000	NaN	0.00000000000	NaN	NaN	1.00000000000	0.00000000000	5.00000000000	0.00000000000

















3733299855.33	NaN	16.0000000000	103.000000000	0.00000000000	1.00000000000	NaN	0.0129222869873	-3.16016399527	1.00981664658	-3.07702225654	1.02327013016	-0.000859737396240	0.00603103637695	0.0276885032654	0.898368173790	17.0154520111	0.0985016956329	1015.28521311	-0.00309133529663	0.000692963600159	0.00101389884949	200000.000000	16.0000000000	0.00000000000	166.000000000	232.000000000	5.00000000000	0.950000000000	-0.740000000000	22.3000000000	0.00000000000	104.000000000	32.0000000000	13011488.0000	2500.00000000	2000.00000000	206.200000000	6466.00000000	1700.00000000	6000.00000000	13314.0000000	5801.00000000	23.4081460007	23.5137486754	23.1798541774	-0.365118443319	23.6668057909	26.2141808083	24.1922097605	-10.8927789160	23.5243397747	23.2737861163	23.2758785345	23.8878234650	23.9764863670	22.7635844875	-12.4077104270	0.882295696942	0.00000000000	0.100000000000	0.0500000000000	-0.00343637466431	0.00000000000	53.6855468750	0.00000000000	-0.580273449421	0.00000000000	14.7500000000	15.0250005722	14.7500000000	14.9812498093	14.8312501907	-300.000000000	1219.57933885	NaN	0.00000000000	22.3000793457	24.9996948242	640.000000000	24.0195120128	24.4842020144	25.2501849421	25.5729260508	24.0358397467	26.4452938315	-59.8109731922	-60.2819306401	0.00000000000	0.00000000000	0.00000000000	0.00000000000	-273.150000000	-273.150000000	-273.150000000	-273.150000000	NaN	0.00000000000	NaN	NaN	1.00000000000	0.00000000000	5.00000000000	0.00000000000

















3733299855.53	NaN	14.0000000000	110.000000000	0.00000000000	0.00000000000	NaN	0.0139064788818	-3.21317499237	1.00784778595	-3.08457267427	1.02261400223	-0.000859737396240	0.00668764114380	0.0286726951599	0.888837993622	17.9673634758	0.102551181793	1015.24156092	-0.00735712051392	0.000718617439270	0.00101265907288	200000.000000	16.0000000000	0.00000000000	166.000000000	232.000000000	5.00000000000	0.950000000000	-0.740000000000	22.3000000000	0.00000000000	104.000000000	32.0000000000	13011488.0000	2500.00000000	2000.00000000	206.200000000	6466.00000000	1700.00000000	6000.00000000	13314.0000000	5801.00000000	23.4081460007	23.5137486754	23.1798541774	-0.365118443319	23.6668057909	26.2141808083	24.1922097605	-10.8927789160	23.5243397747	23.2737861163	23.2758785345	23.8878234650	23.9764863670	22.7635844875	-12.4077104270	0.882295696942	0.00000000000	0.100000000000	0.0500000000000	-0.00947813987732	0.00000000000	46.5878906250	0.00000000000	-0.573828160763	0.00000000000	14.7500000000	15.0250005722	14.7500000000	14.9812498093	14.8312501907	-300.000000000	0.00000000000	NaN	0.00000000000	22.3000793457	24.9996948242	640.000000000	24.0195120128	24.4842020144	25.2501849421	25.5729260508	24.0358397467	26.4452938315	-59.8109731922	-60.2819306401	0.00000000000	0.00000000000	0.00000000000	0.00000000000	-273.150000000	-273.150000000	-273.150000000	-273.150000000	NaN	0.00000000000	NaN	NaN	1.00000000000	0.00000000000	5.00000000000	0.00000000000


















3733299855.73	NaN	12.0000000000	100.000000000	0.00000000000	1.00000000000	NaN	0.00471878051758	-3.14503682610	1.00555086136	-3.13747532628	1.01703548431	-0.000531673431396	0.00865650177002	0.000124454498291	0.479538194847	11.1139328957	0.102551181793	1015.32886530	-0.0112156867981	0.000727081298828	0.00101525783539	200000.000000	16.0000000000	0.00000000000	166.000000000	232.000000000	5.00000000000	0.950000000000	-0.740000000000	22.3000000000	0.00000000000	104.000000000	32.0000000000	13011488.0000	2500.00000000	2000.00000000	206.200000000	6466.00000000	1700.00000000	6000.00000000	13314.0000000	5801.00000000	23.4081460007	23.5137486754	23.1798541774	-0.365118443319	23.6668057909	26.2141808083	24.1922097605	-10.8927789160	23.5243397747	23.2737861163	23.2758785345	23.8878234650	23.9764863670	22.7635844875	-12.4077104270	0.882295696942	0.00000000000	0.100000000000	0.0500000000000	-0.00888485908508	0.00000000000	46.5878906250	0.00000000000	-0.573828160763	0.00000000000	14.7500000000	15.1187505722	14.7500000000	14.9812498093	14.8312501907	-300.000000000	1325.12726647	NaN	0.00000000000	22.3000793457	24.9996948242	640.000000000	24.0195120128	24.4842020144	25.2501849421	25.5729260508	24.0358397467	26.4452938315	-59.8109731922	-60.2819306401	0.00000000000	0.00000000000	0.00000000000	0.00000000000	-273.150000000	-273.150000000	-273.150000000	-273.150000000	NaN	0.00000000000	NaN	NaN	1.00000000000	0.00000000000	5.00000000000	0.00000000000

















3733299855.93	NaN	13.0000000000	105.000000000	0.00000000000	0.00000000000	NaN	0.00603103637695	-2.91121686936	1.00522232056	-3.06946224789	1.01900434494	-0.000531673431396	0.00996875762939	0.0303134918213	0.936433566856	20.6324942665	0.100121019363	1015.45982187	-0.0118460655212	0.000750780105591	0.000989675521851	200000.000000	16.0000000000	0.00000000000	166.000000000	232.000000000	5.00000000000	0.950000000000	-0.740000000000	22.3000000000	0.00000000000	104.000000000	32.0000000000	13011488.0000	2500.00000000	2000.00000000	206.200000000	6466.00000000	1700.00000000	6000.00000000	13314.0000000	5801.00000000	23.4081460007	23.5137486754	23.1798541774	-0.365118443319	23.6668057909	26.2141808083	24.1922097605	-10.8927789160	23.5243397747	23.2737861163	23.2758785345	23.8878234650	23.9764863670	22.7635844875	-12.4077104270	0.882295696942	0.00000000000	0.100000000000	0.0500000000000	-0.00548920631409	0.00000000000	51.0644531250	0.00000000000	-0.577929675579	0.00000000000	14.7500000000	15.1187505722	14.7500000000	14.9812498093	14.8312501907	-300.000000000	0.00000000000	NaN	0.00000000000	22.3001098633	24.9998779297	640.000000000	24.0195120128	24.4842020144	25.2501849421	25.5729260508	24.0358397467	26.4452938315	-59.8109731922	-60.2819306401	0.00000000000	0.00000000000	0.00000000000	0.00000000000	-273.150000000	-273.150000000	-273.150000000	-273.150000000	NaN	0.00000000000	NaN	NaN	1.00000000000	0.00000000000	5.00000000000	0.00000000000


















3733299856.13	NaN	17.0000000000	124.000000000	0.00000000000	1.00000000000	NaN	0.0148911476135	-3.06191459222	1.00226926804	-3.06191459222	1.02392673492	-0.000859737396240	0.00734376907349	0.0257196426392	0.898368173790	18.3480174065	0.101740343094	1015.45982187	-0.0112814903259	0.000722527503967	0.000981712341309	200000.000000	16.0000000000	0.00000000000	166.000000000	232.000000000	5.00000000000	0.950000000000	-0.740000000000	22.3000000000	0.00000000000	104.000000000	32.0000000000	13011488.0000	2500.00000000	2000.00000000	206.200000000	6466.00000000	1700.00000000	6000.00000000	13314.0000000	5801.00000000	23.4081460007	23.5137486754	23.1798541774	-0.365118443319	23.6668057909	26.2141808083	24.1922097605	-10.8927789160	23.5243397747	23.2737861163	23.2758785345	23.8878234650	23.9764863670	22.7635844875	-12.4077104270	0.882295696942	0.00000000000	0.100000000000	0.0500000000000	-0.00594468116760	0.00000000000	51.0644531250	0.00000000000	-0.577929675579	0.00000000000	14.7562503815	15.0062503815	14.7500000000	14.9812498093	14.8289070129	-300.000000000	1571.29323058	NaN	0.00000000000	22.3001098633	24.9998779297	640.000000000	24.0195120128	24.4842020144	25.2501849421	25.5729260508	24.0358397467	26.4452938315	-59.8109731922	-60.2819306401	-0.000531673431396	0.00000000000	0.00000000000	0.00000000000	-273.150000000	-273.150000000	-273.150000000	-273.150000000	NaN	0.00000000000	NaN	NaN	1.00000000000	0.00000000000	5.00000000000	0.00000000000


















3733299856.33	NaN	11.0000000000	123.000000000	0.00000000000	1.00000000000	NaN	0.0207977294922	-3.05436831509	1.00062847137	-3.12235649115	1.02130126953	-0.000531673431396	0.00832796096802	0.0329389572144	0.993545488358	16.8251250458	0.103360843658	1015.45982187	-0.0139460563660	0.000724482536316	0.000996875762939	200000.000000	16.0000000000	0.00000000000	166.000000000	232.000000000	5.00000000000	0.950000000000	-0.740000000000	22.3000000000	0.00000000000	104.000000000	32.0000000000	13011488.0000	2500.00000000	2000.00000000	206.200000000	6466.00000000	1700.00000000	6000.00000000	13314.0000000	5801.00000000	23.4081460007	23.5137486754	23.1798541774	-0.365118443319	23.6668057909	26.2141808083	24.1922097605	-10.8927789160	23.5243397747	23.2737861163	23.2758785345	23.8878234650	23.9764863670	22.7635844875	-12.4077104270	0.882295696942	0.00000000000	0.100000000000	0.0500000000000	-0.0100596427917	0.00000000000	46.6621093750	0.00000000000	-0.571484386921	0.00000000000	14.7562503815	15.0062503815	14.7500000000	14.9812498093	14.8289070129	-300.000000000	1509.11975743	NaN	0.00000000000	22.3000183105	25.0001220703	640.000000000	24.0195120128	24.4842020144	25.2501849421	25.5729260508	24.0358397467	26.4452938315	-59.8109731922	-60.2819306401	-0.000531673431396	0.00000000000	0.00000000000	0.00000000000	-273.150000000	-273.150000000	-273.150000000	-273.150000000	NaN	0.00000000000	NaN	NaN	1.00000000000	0.00000000000	5.00000000000	0.00000000000


















3733299856.53	NaN	15.0000000000	83.0000000000	0.00000000000	3.00000000000	NaN	0.0125937461853	-3.00910859070	1.00062847137	-3.06191459222	1.02228593826	-0.000531673431396	0.00767183303833	0.0319542884827	1.00306183662	20.0612367325	0.100121019363	1015.54718970	-0.0187239646912	0.000748157501221	0.000985074043274	200000.000000	16.0000000000	0.00000000000	166.000000000	232.000000000	5.00000000000	0.950000000000	-0.740000000000	22.3000000000	0.00000000000	104.000000000	32.0000000000	13011488.0000	2500.00000000	2000.00000000	206.200000000	6466.00000000	1700.00000000	6000.00000000	13314.0000000	5801.00000000	23.4081460007	23.5137486754	23.1798541774	-0.365118443319	23.6668057909	26.2141808083	24.1922097605	-10.8927789160	23.5243397747	23.2737861163	23.2758785345	23.8878234650	23.9764863670	22.7635844875	-12.4077104270	0.882295696942	0.00000000000	0.100000000000	0.0500000000000	-0.00966711044312	0.00000000000	46.6621093750	0.00000000000	-0.571484386921	0.00000000000	14.7562503815	15.1187505722	14.7500000000	14.9875001907	14.8312501907	-300.000000000	4169.72686067	NaN	0.00000000000	22.3000183105	25.0001220703	640.000000000	24.0195120128	24.4842020144	25.2501849421	25.5729260508	24.0358397467	26.4452938315	-59.8109731922	-60.2819306401	-0.000531673431396	0.00000000000	0.00000000000	0.00000000000	-273.150000000	-273.150000000	-273.150000000	-273.150000000	NaN	0.00000000000	NaN	NaN	1.00000000000	0.00000000000	5.00000000000	0.00000000000

















3733299856.73	NaN	9.00000000000	128.000000000	0.00000000000	1.00000000000	NaN	0.00898456573486	-2.96389826843	0.996690750122	-3.13747532628	1.01408243179	-0.000531673431396	0.0109534263611	0.0309700965881	0.727032409286	12.2561713257	0.104170505524	1015.37251749	-0.0157966613770	0.000706124305725	0.00100603103638	200000.000000	16.0000000000	0.00000000000	166.000000000	232.000000000	5.00000000000	0.950000000000	-0.740000000000	22.3000000000	0.00000000000	104.000000000	32.0000000000	13011488.0000	2500.00000000	2000.00000000	206.200000000	6466.00000000	1700.00000000	6000.00000000	13314.0000000	5801.00000000	23.4081460007	23.5137486754	23.1798541774	-0.365118443319	23.6668057909	26.2141808083	24.1922097605	-10.8927789160	23.5243397747	23.2737861163	23.2758785345	23.8878234650	23.9764863670	22.7635844875	-12.4077104270	0.882295696942	0.00000000000	0.100000000000	0.0500000000000	-0.00560345649719	0.00000000000	52.8671875000	-0.000390625005821	-0.576562523842	0.00000000000	14.7562503815	15.1187505722	14.7500000000	14.9875001907	14.8312501907	-300.000000000	1425.05194486	NaN	0.00000000000	22.3001708984	24.9998168945	640.000000000	24.0195120128	24.4842020144	25.2501849421	25.5729260508	24.0358397467	26.4452938315	-59.8109731922	-60.2819306401	-0.000531673431396	0.00000000000	0.00000000000	0.00000000000	-273.150000000	-273.150000000	-273.150000000	-273.150000000	NaN	0.00000000000	NaN	NaN	1.00000000000	0.00000000000	5.00000000000	0.00000000000

















3733299856.93	NaN	6.00000000000	102.000000000	0.00000000000	0.00000000000	NaN	0.0102968215942	-3.13747532628	0.994721889496	-3.09212447352	1.01933240891	-0.000531673431396	0.0102968215942	0.0355639457703	1.09825298309	18.5383443718	0.100930681229	1015.15419309	-0.0191440582275	0.000721883773804	0.00100474357605	200000.000000	16.0000000000	0.00000000000	166.000000000	232.000000000	5.00000000000	0.950000000000	-0.740000000000	22.3000000000	0.00000000000	104.000000000	32.0000000000	13011488.0000	2500.00000000	2000.00000000	206.200000000	6466.00000000	1700.00000000	6000.00000000	13314.0000000	5801.00000000	23.4081460007	23.5137486754	23.1798541774	-0.365118443319	23.6668057909	26.2141808083	24.1922097605	-10.8927789160	23.5243397747	23.2737861163	23.2758785345	23.8878234650	23.9764863670	22.7635844875	-12.4077104270	0.882295696942	0.00000000000	0.100000000000	0.0500000000000	-0.00740818977356	0.00000000000	52.8671875000	-0.000390625005821	-0.576562523842	0.00000000000	14.7500000000	15.0062503815	14.7500000000	14.9812498093	14.8312501907	-300.000000000	0.00000000000	NaN	0.00000000000	22.3001708984	24.9998168945	640.000000000	24.0195120128	24.4842020144	25.2501849421	25.5729260508	24.0358397467	26.4452938315	-59.8109731922	-60.2819306401	-0.000531673431396	0.00000000000	0.00000000000	0.00000000000	-273.150000000	-273.150000000	-273.150000000	-273.150000000	NaN	0.00000000000	NaN	NaN	1.00000000000	0.00000000000	5.00000000000	0.00000000000

















3733299857.13	NaN	9.00000000000	135.000000000	0.00000000000	0.00000000000	NaN	0.0119376182556	-2.95636982635	0.994393825531	-3.13747532628	1.01867628098	-0.000531673431396	0.00964069366455	0.0316262245178	1.06017375813	17.2057789764	0.0993113574982	1015.32886530	-0.0222282409668	0.000704789161682	0.000988364219666	200000.000000	16.0000000000	0.00000000000	166.000000000	232.000000000	5.00000000000	0.950000000000	-0.740000000000	22.3000000000	0.00000000000	104.000000000	32.0000000000	13011488.0000	2500.00000000	2000.00000000	206.200000000	6466.00000000	1700.00000000	6000.00000000	13314.0000000	5801.00000000	23.4081460007	23.5137486754	23.1798541774	-0.365118443319	23.6668057909	26.2141808083	24.1922097605	-10.8927789160	23.5243397747	23.2737861163	23.2758785345	23.8878234650	23.9764863670	22.7635844875	-12.4077104270	0.882295696942	0.00000000000	0.100000000000	0.0500000000000	-0.00776648521423	0.00000000000	50.1601562500	0.00000000000	-0.570898473263	0.00000000000	14.7500000000	15.0062503815	14.7500000000	14.9812498093	14.8312501907	-300.000000000	0.00000000000	NaN	0.00000000000	22.3001708984	24.9998168945	640.000000000	24.0195120128	24.4842020144	25.2501849421	25.5729260508	24.0358397467	26.4452938315	-59.8109731922	-60.2819306401	-0.000531673431396	-0.000531673431396	0.00000000000	0.00000000000	-273.150000000	-273.150000000	-273.150000000	-273.150000000	NaN	0.00000000000	NaN	NaN	1.00000000000	0.00000000000	5.00000000000	0.00000000000

















3733299857.33	NaN	12.0000000000	106.000000000	0.00000000000	0.00000000000	NaN	0.00537490844727	-3.13747532628	0.990784168243	-3.16016399527	1.01605129242	-0.000859737396240	0.0122656822205	0.0372047424316	1.12681585979	19.2999288712	0.101740343094	1015.37251749	-0.0210471153259	0.000700855255127	0.000998830795288	200000.000000	16.0000000000	0.00000000000	166.000000000	232.000000000	5.00000000000	0.950000000000	-0.740000000000	22.3000000000	0.00000000000	104.000000000	32.0000000000	13011488.0000	2500.00000000	2000.00000000	206.200000000	6466.00000000	1700.00000000	6000.00000000	13314.0000000	5801.00000000	23.4081460007	23.5137486754	23.1798541774	-0.365118443319	23.6668057909	26.2141808083	24.1922097605	-10.8927789160	23.5243397747	23.2737861163	23.2758785345	23.8878234650	23.9764863670	22.7635844875	-12.4077104270	0.882295696942	0.00000000000	0.100000000000	0.0500000000000	-0.00839529037476	0.00000000000	50.1601562500	0.00000000000	-0.570898473263	0.00000000000	14.7500000000	15.1250000000	14.7500000000	14.9812498093	14.8312501907	-300.000000000	0.00000000000	NaN	0.00000000000	22.2998962402	24.9998168945	640.000000000	24.0195120128	24.4842020144	25.2501849421	25.5729260508	24.0358397467	26.4452938315	-59.8109731922	-60.2819306401	-0.000531673431396	-0.000531673431396	0.00000000000	0.00000000000	-273.150000000	-273.150000000	-273.150000000	-273.150000000	NaN	0.00000000000	NaN	NaN	1.00000000000	0.00000000000	5.00000000000	0.00000000000


















3733299857.53	NaN	11.0000000000	116.000000000	0.00000000000	3.00000000000	NaN	0.00603103637695	-3.11478817035	0.988815307617	-3.13747532628	1.01670742035	-0.000859737396240	0.0116095542908	0.0381889343262	1.15536490459	16.8251250458	0.101740343094	1015.28521311	-0.0246696472168	0.000711369514465	0.00100870132446	200000.000000	16.0000000000	0.00000000000	166.000000000	232.000000000	5.00000000000	0.950000000000	-0.740000000000	22.3000000000	0.00000000000	104.000000000	32.0000000000	13011488.0000	2500.00000000	2000.00000000	206.200000000	6466.00000000	1700.00000000	6000.00000000	13314.0000000	5801.00000000	23.4081460007	23.5137486754	23.1798541774	-0.365118443319	23.6668057909	26.2141808083	24.1922097605	-10.8927789160	23.5243397747	23.2737861163	23.2758785345	23.8878234650	23.9764863670	22.7635844875	-12.4077104270	0.882295696942	0.00000000000	0.100000000000	0.0500000000000	-0.00709581375122	0.00000000000	50.3847656250	-0.000390625005821	-0.575390636921	0.00000000000	14.7500000000	15.1250000000	14.7500000000	14.9812498093	14.8312501907	-300.000000000	4368.19518102	NaN	0.00000000000	22.2998962402	24.9998168945	640.000000000	24.0195120128	24.4842020144	25.2501849421	25.5729260508	24.0358397467	26.4452938315	-59.8109731922	-60.2819306401	-0.000531673431396	-0.000531673431396	0.00000000000	0.00000000000	-273.150000000	-273.150000000	-273.150000000	-273.150000000	NaN	0.00000000000	NaN	NaN	1.00000000000	0.00000000000	5.00000000000	0.00000000000

















3733299857.73	NaN	16.0000000000	126.000000000	0.00000000000	0.00000000000	NaN	0.0112814903259	-2.98650274234	0.988815307617	-3.09212447352	1.01473855972	-0.000531673431396	0.0109534263611	0.0191569328308	0.793660679054	13.7790636864	0.0952618713379	1015.32886530	-0.0282268524170	0.000687718391418	0.000990295410156	200000.000000	16.0000000000	0.00000000000	166.000000000	232.000000000	5.00000000000	0.950000000000	-0.740000000000	22.3000000000	0.00000000000	104.000000000	32.0000000000	13011488.0000	2500.00000000	2000.00000000	206.200000000	6466.00000000	1700.00000000	6000.00000000	13314.0000000	5801.00000000	23.4081460007	23.5137486754	23.1798541774	-0.365118443319	23.6668057909	26.2141808083	24.1922097605	-10.8927789160	23.5243397747	23.2737861163	23.2758785345	23.8878234650	23.9764863670	22.7635844875	-12.4077104270	0.882295696942	0.00000000000	0.100000000000	0.0500000000000	-0.0102499485016	0.00000000000	50.3847656250	-0.000390625005821	-0.575390636921	0.00000000000	14.7562503815	15.0500001907	14.7500000000	14.9812498093	14.8312501907	-300.000000000	0.00000000000	NaN	0.00000000000	22.2999572754	24.9999694824	640.000000000	24.0195120128	24.4842020144	25.2501849421	25.5729260508	24.0358397467	26.4452938315	-59.8109731922	-60.2819306401	-0.000531673431396	-0.000531673431396	0.00000000000	0.00000000000	-273.150000000	-273.150000000	-273.150000000	-273.150000000	NaN	0.00000000000	NaN	NaN	1.00000000000	0.00000000000	5.00000000000	0.00000000000

















3733299857.93	NaN	18.0000000000	108.000000000	0.00000000000	3.00000000000	NaN	0.0122656822205	-2.96389826843	0.986190319061	-3.16016399527	1.01605129242	-0.000531673431396	0.0129222869873	0.0381889343262	1.14584855633	21.0131481972	0.102551181793	1015.45982187	-0.0247616767883	0.000710058212280	0.000996208190918	200000.000000	16.0000000000	0.00000000000	166.000000000	232.000000000	5.00000000000	0.950000000000	-0.740000000000	22.3000000000	0.00000000000	104.000000000	32.0000000000	13011488.0000	2500.00000000	2000.00000000	206.200000000	6466.00000000	1700.00000000	6000.00000000	13314.0000000	5801.00000000	23.4081460007	23.5137486754	23.1798541774	-0.365118443319	23.6668057909	26.2141808083	24.1922097605	-10.8927789160	23.5243397747	23.2737861163	23.2758785345	23.8878234650	23.9764863670	22.7635844875	-12.4077104270	0.882295696942	0.00000000000	0.100000000000	0.0500000000000	-0.00602607727051	0.00000000000	51.0839843750	-0.000390625005821	-0.569726586342	0.00000000000	14.7562503815	15.0500001907	14.7500000000	14.9812498093	14.8312501907	-300.000000000	4057.46744421	NaN	0.00000000000	22.2999572754	24.9999694824	640.000000000	24.0195120128	24.4842020144	25.2501849421	25.5729260508	24.0358397467	26.4452938315	-59.8109731922	-60.2819306401	-0.000531673431396	-0.000531673431396	0.00000000000	0.00000000000	-273.150000000	-273.150000000	-273.150000000	-273.150000000	NaN	0.00000000000	NaN	NaN	1.00000000000	0.00000000000	5.00000000000	0.00000000000


















3733299858.13	NaN	9.00000000000	106.000000000	0.00000000000	1.00000000000	NaN	0.00340604782104	-2.96389826843	0.984877586365	-3.20558993899	1.01178550720	-0.00118780136108	0.0135784149170	0.0378608703613	1.16488125286	21.7747326965	0.103360843658	1015.37251749	-0.0316786766052	0.000703454017639	0.000995564460754	200000.000000	16.0000000000	0.00000000000	166.000000000	232.000000000	5.00000000000	0.950000000000	-0.740000000000	22.3000000000	0.00000000000	104.000000000	32.0000000000	13011488.0000	2500.00000000	2000.00000000	206.200000000	6466.00000000	1700.00000000	6000.00000000	13314.0000000	5801.00000000	23.4081460007	23.5137486754	23.1798541774	-0.365118443319	23.6668057909	26.2141808083	24.1922097605	-10.8927789160	23.5243397747	23.2737861163	23.2758785345	23.8878234650	23.9764863670	22.7635844875	-12.4077104270	0.882295696942	0.00000000000	0.100000000000	0.0500000000000	-0.00898456573486	0.00000000000	51.0839843750	-0.000390625005821	-0.569726586342	0.00000000000	14.7562503815	15.0937500000	14.7500000000	14.9812498093	14.8312501907	-300.000000000	1675.46043357	NaN	0.00000000000	22.2999572754	24.9999694824	640.000000000	24.0195120128	24.4842020144	25.2501849421	25.5729260508	24.0358397467	26.4452938315	-59.8109731922	-60.2819306401	-0.000531673431396	-0.000531673431396	-0.000531673431396	0.00000000000	-273.150000000	-273.150000000	-273.150000000	-273.150000000	NaN	0.00000000000	NaN	NaN	1.00000000000	0.00000000000	5.00000000000	0.00000000000

















3733299858.33	NaN	10.0000000000	112.000000000	0.00000000000	2.00000000000	NaN	0.0139064788818	-2.93379268458	0.984549522400	-3.17530773014	1.01834821701	-0.000531673431396	0.0119376182556	0.0398297309875	1.19344412956	19.6805828018	0.100121019363	1015.37251749	-0.0301957130432	0.000734376907349	0.00103094577789	200000.000000	16.0000000000	0.00000000000	166.000000000	232.000000000	5.00000000000	0.950000000000	-0.740000000000	22.3000000000	0.00000000000	104.000000000	32.0000000000	13011488.0000	2500.00000000	2000.00000000	206.200000000	6466.00000000	1700.00000000	6000.00000000	13314.0000000	5801.00000000	23.4081460007	23.5137486754	23.1798541774	-0.365118443319	23.6668057909	26.2141808083	24.1922097605	-10.8927789160	23.5243397747	23.2737861163	23.2758785345	23.8878234650	23.9764863670	22.7635844875	-12.4077104270	0.882295696942	0.00000000000	0.100000000000	0.0500000000000	-0.0114075660706	0.00000000000	54.0644531250	-0.000390625005821	-0.573437511921	0.00000000000	14.7562503815	15.0937500000	14.7500000000	14.9812498093	14.8312501907	-300.000000000	2991.82345887	NaN	0.00000000000	22.3000183105	24.9999084473	640.000000000	24.0195120128	24.4842020144	25.2501849421	25.5729260508	24.0358397467	26.4452938315	-59.8109731922	-60.2819306401	-0.000531673431396	-0.000531673431396	-0.000531673431396	0.00000000000	-273.150000000	-273.150000000	-273.150000000	-273.150000000	NaN	0.00000000000	NaN	NaN	1.00000000000	0.00000000000	5.00000000000	0.00000000000


















3733299858.53	NaN	5.00000000000	128.000000000	0.00000000000	1.00000000000	NaN	0.00603103637695	-3.12235649115	0.981924533844	-3.21317499237	1.01145696640	-0.000531673431396	0.0139064788818	0.0431113243103	1.26007239933	19.2999288712	0.0993113574982	1015.50353751	-0.0323090553284	0.000714659690857	0.000992298126221	200000.000000	16.0000000000	0.00000000000	166.000000000	232.000000000	5.00000000000	0.950000000000	-0.740000000000	22.3000000000	0.00000000000	104.000000000	32.0000000000	13011488.0000	2500.00000000	2000.00000000	206.200000000	6466.00000000	1700.00000000	6000.00000000	13314.0000000	5801.00000000	23.4081460007	23.5137486754	23.1798541774	-0.365118443319	23.6668057909	26.2141808083	24.1922097605	-10.8927789160	23.5243397747	23.2737861163	23.2758785345	23.8878234650	23.9764863670	22.7635844875	-12.4077104270	0.882295696942	0.00000000000	0.100000000000	0.0500000000000	-0.0126073837280	0.00000000000	54.0644531250	-0.000390625005821	-0.573437511921	0.00000000000	14.7562503815	15.0062503815	14.7500000000	14.9812498093	14.8289070129	-300.000000000	1398.45097522	NaN	0.00000000000	22.3000183105	24.9999084473	640.000000000	24.0195120128	24.4842020144	25.2501849421	25.5729260508	24.0358397467	26.4452938315	-59.8109731922	-60.2819306401	-0.000531673431396	-0.000531673431396	-0.000531673431396	0.00000000000	-273.150000000	-273.150000000	-273.150000000	-273.150000000	NaN	0.00000000000	NaN	NaN	1.00000000000	0.00000000000	5.00000000000	0.00000000000

















3733299858.73	NaN	16.0000000000	95.0000000000	0.00000000000	0.00000000000	NaN	0.00406217575073	-2.94131703540	0.983236789703	-3.12235649115	1.01080083847	-0.000859737396240	0.0145626068115	0.0378608703613	1.09825298309	16.0635405464	0.102551181793	1015.15419309	-0.0301823616028	0.000714015960693	0.000991606712341	200000.000000	16.0000000000	0.00000000000	166.000000000	232.000000000	5.00000000000	0.950000000000	-0.740000000000	22.3000000000	0.00000000000	104.000000000	32.0000000000	13011488.0000	2500.00000000	2000.00000000	206.200000000	6466.00000000	1700.00000000	6000.00000000	13314.0000000	5801.00000000	23.4081460007	23.5137486754	23.1798541774	-0.365118443319	23.6668057909	26.2141808083	24.1922097605	-10.8927789160	23.5243397747	23.2737861163	23.2758785345	23.8878234650	23.9764863670	22.7635844875	-12.4077104270	0.882295696942	0.00000000000	0.100000000000	0.0500000000000	-0.00914731025696	0.00000000000	46.4082031250	0.00000000000	-0.568945348263	0.00000000000	14.7562503815	15.0062503815	14.7500000000	14.9812498093	14.8289070129	-300.000000000	0.00000000000	NaN	0.00000000000	22.2997131348	25.0000610352	640.000000000	24.0195120128	24.4842020144	25.2501849421	25.5729260508	24.0358397467	26.4452938315	-59.8109731922	-60.2819306401	-0.000531673431396	-0.000531673431396	-0.000531673431396	0.00000000000	-273.150000000	-273.150000000	-273.150000000	-273.150000000	NaN	0.00000000000	NaN	NaN	1.00000000000	0.00000000000	5.00000000000	0.00000000000


















3733299858.93	NaN	13.0000000000	111.000000000	0.00000000000	0.00000000000	NaN	0.00635910034180	-3.00910859070	0.980939865112	-3.14503682610	1.01244163513	-0.000531673431396	0.0148911476135	0.0434393882751	1.26007239933	16.6345214424	0.104980167389	1015.11054090	-0.0330438613892	0.000711369514465	0.000994873046875	200000.000000	16.0000000000	0.00000000000	166.000000000	232.000000000	5.00000000000	0.950000000000	-0.740000000000	22.3000000000	0.00000000000	104.000000000	32.0000000000	13011488.0000	2500.00000000	2000.00000000	206.200000000	6466.00000000	1700.00000000	6000.00000000	13314.0000000	5801.00000000	23.4081460007	23.5137486754	23.1798541774	-0.365118443319	23.6668057909	26.2141808083	24.1922097605	-10.8927789160	23.5243397747	23.2737861163	23.2758785345	23.8878234650	23.9764863670	22.7635844875	-12.4077104270	0.882295696942	0.00000000000	0.100000000000	0.0500000000000	-0.00881533622742	0.00000000000	46.4082031250	0.00000000000	-0.568945348263	0.00000000000	14.7562503815	15.1187505722	14.7500000000	14.9812498093	14.8312501907	-300.000000000	0.00000000000	NaN	0.00000000000	22.2997131348	25.0000610352	640.000000000	24.0195120128	24.4842020144	25.2501849421	25.5729260508	24.0358397467	26.4452938315	-59.8109731922	-60.2819306401	-0.000531673431396	-0.000531673431396	-0.000531673431396	0.00000000000	-273.150000000	-273.150000000	-273.150000000	-273.150000000	NaN	0.00000000000	NaN	NaN	1.00000000000	0.00000000000	5.00000000000	0.00000000000

















3733299859.13	NaN	16.0000000000	122.000000000	0.00000000000	0.00000000000	NaN	0.00996875762939	-2.98650274234	0.978971004486	-3.18287618955	1.01080083847	0.000452518463135	0.0155472755432	0.0424547195435	1.25055605106	20.6324942665	0.0976920337677	1015.45982187	-0.0332803726196	0.000741529464722	0.00103557109833	200000.000000	16.0000000000	0.00000000000	166.000000000	232.000000000	5.00000000000	0.950000000000	-0.740000000000	22.3000000000	0.00000000000	104.000000000	32.0000000000	13011488.0000	2500.00000000	2000.00000000	206.200000000	6466.00000000	1700.00000000	6000.00000000	13314.0000000	5801.00000000	23.4081460007	23.5137486754	23.1798541774	-0.365118443319	23.6668057909	26.2141808083	24.1922097605	-10.8927789160	23.5243397747	23.2737861163	23.2758785345	23.8878234650	23.9764863670	22.7635844875	-12.4077104270	0.882295696942	0.00000000000	0.100000000000	0.0500000000000	-0.00994415283203	0.00000000000	52.4238281250	0.00000000000	-0.574609398842	0.00000000000	14.7562503815	15.1187505722	14.7500000000	14.9812498093	14.8312501907	-300.000000000	0.00000000000	NaN	0.00000000000	22.2997131348	25.0000610352	640.000000000	24.0195120128	24.4842020144	25.2501849421	25.5729260508	24.0358397467	26.4452938315	-59.8109731922	-60.2819306401	-0.000531673431396	-0.000531673431396	-0.000531673431396	-0.000531673431396	-273.150000000	-273.150000000	-273.150000000	-273.150000000	NaN	0.00000000000	NaN	NaN	1.00000000000	0.00000000000	5.00000000000	0.00000000000


















3733299859.33	NaN	10.0000000000	129.000000000	0.00000000000	0.00000000000	NaN	0.00307798385620	-3.16774066425	0.978971004486	-3.12991521496	1.01375436783	0.000452518463135	0.0145626068115	0.0444235801697	1.31718432083	18.7286713371	0.102551181793	1015.45982187	-0.0388717651367	0.000752711296082	0.00100011825562	200000.000000	16.0000000000	0.00000000000	166.000000000	232.000000000	5.00000000000	0.950000000000	-0.740000000000	22.3000000000	0.00000000000	104.000000000	32.0000000000	13011488.0000	2500.00000000	2000.00000000	206.200000000	6466.00000000	1700.00000000	6000.00000000	13314.0000000	5801.00000000	23.4081460007	23.5137486754	23.1798541774	-0.365118443319	23.6668057909	26.2141808083	24.1922097605	-10.8927789160	23.5243397747	23.2737861163	23.2758785345	23.8878234650	23.9764863670	22.7635844875	-12.4077104270	0.882295696942	0.00000000000	0.100000000000	0.0500000000000	-0.00793199539185	0.00000000000	52.4238281250	0.00000000000	-0.574609398842	0.00000000000	14.7500000000	14.9937505722	14.7500000000	14.9875001907	14.8312501907	-300.000000000	0.00000000000	NaN	0.00000000000	22.3001403809	24.9998779297	640.000000000	24.0195120128	24.4842020144	25.2501849421	25.5729260508	24.0358397467	26.4452938315	-59.8109731922	-60.2819306401	-0.000531673431396	-0.000531673431396	-0.000531673431396	-0.000531673431396	-273.150000000	-273.150000000	-273.150000000	-273.150000000	NaN	0.00000000000	NaN	NaN	1.00000000000	0.00000000000	5.00000000000	0.00000000000

















3733299859.53	NaN	17.0000000000	113.000000000	1.00000000000	2.00000000000	NaN	0.00767183303833	-3.16774066425	0.977986812592	-3.06191459222	1.02884864807	0.00799989700317	0.0165314674377	0.0470490455627	1.36477989407	19.4902558365	0.0976920337677	1015.32886530	-0.0384912490845	0.000744175910950	0.00102443695068	200000.000000	16.0000000000	0.00000000000	166.000000000	232.000000000	5.00000000000	0.950000000000	-0.740000000000	22.3000000000	0.00000000000	106.000000000	32.0000000000	13011488.0000	2500.00000000	2000.00000000	206.200000000	6466.00000000	1700.00000000	6000.00000000	13314.0000000	5801.00000000	23.4081460007	23.5137486754	23.1798541774	-0.365118443319	23.6668057909	26.2141808083	24.1922097605	-10.8927789160	23.5243397747	23.2737861163	23.2758785345	23.8878234650	23.9764863670	22.7635844875	-12.4077104270	0.882295696942	0.00000000000	0.100000000000	0.0500000000000	-0.0183037757874	0.00000000000	48.3085937500	0.00000000000	-0.570703148842	0.00000000000	14.7500000000	14.9937505722	14.7500000000	14.9875001907	14.8312501907	-300.000000000	2608.85382243	NaN	0.00000000000	22.3001403809	24.9998779297	640.000000000	24.0195120128	24.4842020144	25.2501849421	25.5729260508	24.0358397467	26.4452938315	-59.8109731922	-60.2819306401	-0.000531673431396	-0.000531673431396	-0.000531673431396	-0.000531673431396	-273.150000000	-273.150000000	-273.150000000	-273.150000000	NaN	0.00000000000	NaN	NaN	1.00000000000	0.00000000000	5.00000000000	0.00000000000


















3733299859.73	NaN	12.0000000000	117.000000000	0.00000000000	0.00000000000	NaN	0.00898456573486	-3.12991521496	0.963220596313	-3.38779926978	1.03770828247	-0.00151634216309	0.00406217575073	0.0401577949524	0.936433566856	10.7330023270	0.108219991684	1015.37251749	-0.0433869361877	0.000719285011292	0.000983762741089	200000.000000	16.0000000000	0.00000000000	166.000000000	232.000000000	5.00000000000	0.950000000000	-0.740000000000	22.3000000000	0.00000000000	106.000000000	32.0000000000	13011488.0000	2500.00000000	2000.00000000	206.200000000	6466.00000000	1700.00000000	6000.00000000	13314.0000000	5801.00000000	23.4081460007	23.5137486754	23.1798541774	-0.365118443319	23.6668057909	26.2141808083	24.1922097605	-10.8927789160	23.5243397747	23.2737861163	23.2758785345	23.8878234650	23.9764863670	22.7635844875	-12.4077104270	0.882295696942	0.00000000000	0.100000000000	0.0500000000000	-0.00689101219177	0.00000000000	48.3085937500	0.00000000000	-0.570703148842	0.00000000000	14.7562503815	15.1312503815	14.7500000000	14.9812498093	14.8312501907	-300.000000000	0.00000000000	NaN	0.00000000000	22.2999877930	25.0003662109	640.000000000	24.0195120128	24.4842020144	25.2501849421	25.5729260508	24.0358397467	26.4452938315	-59.8109731922	-60.2819306401	-0.000531673431396	-0.000531673431396	-0.000531673431396	-0.000531673431396	-273.150000000	-273.150000000	-273.150000000	-273.150000000	NaN	0.00000000000	NaN	NaN	1.00000000000	0.00000000000	5.00000000000	0.00000000000

















3733299859.93	NaN	17.0000000000	118.000000000	0.00000000000	3.00000000000	NaN	0.00471878051758	-3.00910859070	0.979627609253	-3.16016399527	1.01112890244	0.000452518463135	0.0158753395081	0.0460643768311	1.29813779240	21.5844057312	0.102551181793	1015.37251749	-0.0350522994995	0.000684428215027	0.000977778434753	200000.000000	16.0000000000	0.00000000000	166.000000000	232.000000000	5.00000000000	0.950000000000	-0.740000000000	22.3000000000	0.00000000000	106.000000000	32.0000000000	13011488.0000	2500.00000000	2000.00000000	206.200000000	6466.00000000	1700.00000000	6000.00000000	13314.0000000	5801.00000000	23.4081460007	23.5137486754	23.1798541774	-0.365118443319	23.6668057909	26.2141808083	24.1922097605	-10.8927789160	23.5243397747	23.2737861163	23.2758785345	23.8878234650	23.9764863670	22.7635844875	-12.4077104270	0.882295696942	0.00000000000	0.100000000000	0.0500000000000	-0.00776267051697	0.00000000000	48.3984375000	0.00000000000	-0.574609398842	0.00000000000	14.7562503815	15.1312503815	14.7500000000	14.9812498093	14.8312501907	-300.000000000	4302.89994761	NaN	0.00000000000	22.2999877930	25.0003662109	640.000000000	24.0195120128	24.4842020144	25.2501849421	25.5729260508	24.0358397467	26.4452938315	-59.8109731922	-60.2819306401	-0.000531673431396	-0.000531673431396	-0.000531673431396	-0.000531673431396	-273.150000000	-273.150000000	-273.150000000	-273.150000000	NaN	0.00000000000	NaN	NaN	1.00000000000	0.00000000000	5.00000000000	0.00000000000

















3733299860.13	NaN	14.0000000000	118.000000000	1.00000000000	3.00000000000	NaN	0.00832796096802	-3.10723222057	0.977658748627	-3.16016399527	1.01276969910	0.000124454498291	0.0162034034729	0.0444235801697	1.31718432083	21.2034751625	0.0993113574982	1015.06688870	-0.0348157882690	0.000703477859497	0.000998163223267	200000.000000	16.0000000000	0.00000000000	166.000000000	232.000000000	5.00000000000	0.950000000000	-0.740000000000	22.3000000000	0.00000000000	106.000000000	32.0000000000	13011488.0000	2500.00000000	2000.00000000	206.200000000	6466.00000000	1700.00000000	6000.00000000	13314.0000000	5801.00000000	23.4081460007	23.5137486754	23.1798541774	-0.365118443319	23.6668057909	26.2141808083	24.1922097605	-10.8927789160	23.5243397747	23.2737861163	23.2758785345	23.8878234650	23.9764863670	22.7635844875	-12.4077104270	0.882295696942	0.00000000000	0.100000000000	0.0500000000000	-0.00766677856445	0.00000000000	48.3984375000	0.00000000000	-0.574609398842	0.00000000000	14.7500000000	15.0187501907	14.7500000000	14.9812498093	14.8312501907	-300.000000000	4197.15707129	NaN	0.00000000000	22.2999877930	25.0003662109	640.000000000	24.0195120128	24.4842020144	25.2501849421	25.5729260508	24.0358397467	26.4452938315	-59.8109731922	-60.2819306401	-0.000531673431396	-0.000531673431396	-0.000531673431396	-0.000531673431396	-98.9704909459	-273.150000000	-273.150000000	-273.150000000	NaN	0.00000000000	NaN	NaN	1.00000000000	0.00000000000	5.00000000000	0.00000000000


















3733299860.33	NaN	9.00000000000	101.000000000	0.00000000000	1.00000000000	NaN	0.00406217575073	-2.91873713574	0.979955673218	-3.18287618955	1.01309776306	0.000452518463135	0.0158753395081	0.0480332374573	1.35524971390	22.5363171959	0.0976920337677	1015.24156092	-0.0343303680420	0.000742268562317	0.00100474357605	200000.000000	16.0000000000	0.00000000000	166.000000000	232.000000000	5.00000000000	0.950000000000	-0.740000000000	22.3000000000	0.00000000000	106.000000000	32.0000000000	13011488.0000	2500.00000000	2000.00000000	206.200000000	6466.00000000	1700.00000000	6000.00000000	13314.0000000	5801.00000000	23.4081460007	23.5137486754	23.1798541774	-0.365118443319	23.6668057909	26.2141808083	24.1922097605	-10.8927789160	23.5243397747	23.2737861163	23.2758785345	23.8878234650	23.9764863670	22.7635844875	-12.4077104270	0.882295696942	0.00000000000	0.100000000000	0.0500000000000	-0.00843334197998	0.00000000000	45.2324218750	0.00000000000	-0.568945348263	0.00000000000	14.7500000000	15.0187501907	14.7500000000	14.9812498093	14.8312501907	-300.000000000	1325.12726647	NaN	0.00000000000	22.2997436523	25.0000000000	640.000000000	24.0195120128	24.4842020144	25.2501849421	25.5729260508	24.0358397467	26.4452938315	-59.8109731922	-60.2819306401	-0.000531673431396	-0.000531673431396	-0.000531673431396	-0.000531673431396	-98.9704909459	-273.150000000	-273.150000000	-273.150000000	NaN	0.00000000000	NaN	NaN	1.00000000000	0.00000000000	5.00000000000	0.00000000000

















3733299860.53	NaN	12.0000000000	120.000000000	0.00000000000	0.00000000000	NaN	0.00799989700317	-3.12235649115	0.977986812592	-3.16016399527	1.01375436783	0.000124454498291	0.0152192115784	0.0463924407959	1.32670066910	20.0612367325	0.104980167389	1015.19784528	-0.0378479957581	0.000741577148438	0.00101134777069	200000.000000	16.0000000000	0.00000000000	166.000000000	232.000000000	5.00000000000	0.950000000000	-0.740000000000	22.3000000000	0.00000000000	106.000000000	32.0000000000	13011488.0000	2500.00000000	2000.00000000	206.200000000	6466.00000000	1700.00000000	6000.00000000	13314.0000000	5801.00000000	23.4081460007	23.5137486754	23.1798541774	-0.365118443319	23.6668057909	26.2141808083	24.1922097605	-10.8927789160	23.5243397747	23.2737861163	23.2758785345	23.8878234650	23.9764863670	22.7635844875	-12.4077104270	0.882295696942	0.00000000000	0.100000000000	0.0500000000000	-0.00988636016846	0.00000000000	45.2324218750	0.00000000000	-0.568945348263	0.00000000000	14.7500000000	15.0812501907	14.7500000000	14.9812498093	14.8312501907	-300.000000000	0.00000000000	NaN	0.00000000000	22.2997436523	25.0000000000	640.000000000	24.0195120128	24.4842020144	25.2501849421	25.5729260508	24.0358397467	26.4452938315	-59.8109731922	-60.2819306401	-0.000531673431396	-0.000531673431396	-0.000531673431396	-0.000531673431396	-98.9704909459	-273.150000000	-273.150000000	-273.150000000	NaN	0.00000000000	NaN	NaN	1.00000000000	0.00000000000	5.00000000000	0.00000000000


















3733299860.73	NaN	11.0000000000	124.000000000	0.00000000000	0.00000000000	NaN	0.0129222869873	-3.18287618955	0.974705219269	-3.19044604349	1.01670742035	-0.000859737396240	0.0145626068115	0.0417985916138	1.14584855633	15.8732135811	0.103360843658	1015.32886530	-0.0388059616089	0.000744867324829	0.00103754997253	200000.000000	16.0000000000	0.00000000000	166.000000000	232.000000000	5.00000000000	0.950000000000	-0.740000000000	22.3000000000	0.00000000000	106.000000000	32.0000000000	13011488.0000	2500.00000000	2000.00000000	206.200000000	6466.00000000	1700.00000000	6000.00000000	13314.0000000	5801.00000000	23.4081460007	23.5137486754	23.1798541774	-0.365118443319	23.6668057909	26.2141808083	24.1922097605	-10.8927789160	23.5243397747	23.2737861163	23.2758785345	23.8878234650	23.9764863670	22.7635844875	-12.4077104270	0.882295696942	0.00000000000	0.100000000000	0.0500000000000	-0.0101645946503	0.00000000000	52.0644531250	-0.000390625005821	-0.574218750000	0.00000000000	14.7500000000	15.0812501907	14.7500000000	14.9812498093	14.8312501907	-300.000000000	0.00000000000	NaN	0.00000000000	22.2999267578	25.0002746582	640.000000000	24.0195120128	24.4842020144	25.2501849421	25.5729260508	24.0358397467	26.4452938315	-59.8109731922	-60.2819306401	-0.000531673431396	-0.000531673431396	-0.000531673431396	-0.000531673431396	-98.9704909459	-273.150000000	-273.150000000	-273.150000000	NaN	0.00000000000	NaN	NaN	1.00000000000	0.00000000000	5.00000000000	0.00000000000

















3733299860.93	NaN	8.00000000000	113.000000000	0.00000000000	1.00000000000	NaN	0.00176525115967	-3.13747532628	0.977002143860	-3.14503682610	1.01309776306	-0.000531673431396	0.0148911476135	0.0477051734924	1.34573336563	19.2999288712	0.100121019363	1015.54718970	-0.0385174751282	0.000733661651611	0.00100471973419	200000.000000	16.0000000000	0.00000000000	166.000000000	232.000000000	5.00000000000	0.950000000000	-0.740000000000	22.3000000000	0.00000000000	106.000000000	32.0000000000	13011488.0000	2500.00000000	2000.00000000	206.200000000	6466.00000000	1700.00000000	6000.00000000	13314.0000000	5801.00000000	23.4081460007	23.5137486754	23.1798541774	-0.365118443319	23.6668057909	26.2141808083	24.1922097605	-10.8927789160	23.5243397747	23.2737861163	23.2758785345	23.8878234650	23.9764863670	22.7635844875	-12.4077104270	0.882295696942	0.00000000000	0.100000000000	0.0500000000000	-0.00919866561890	0.00000000000	52.0644531250	-0.000390625005821	-0.574218750000	0.00000000000	14.7500000000	15.0250005722	14.7500000000	14.9812498093	14.8312501907	-300.000000000	1280.63276119	NaN	0.00000000000	22.2999267578	25.0002746582	640.000000000	24.0195120128	24.4842020144	25.2501849421	25.5729260508	24.0358397467	26.4452938315	-59.8109731922	-60.2819306401	-0.000531673431396	-0.000531673431396	-0.000531673431396	-0.000531673431396	-98.9704909459	-273.150000000	-273.150000000	-273.150000000	NaN	0.00000000000	NaN	NaN	1.00000000000	0.00000000000	5.00000000000	0.00000000000

















3733299861.13	NaN	9.00000000000	134.000000000	0.00000000000	1.00000000000	NaN	0.0132503509521	-2.98650274234	0.977986812592	-3.15259971543	1.01441049576	-0.00118780136108	0.0145626068115	0.0447516441345	1.27910509586	19.2999288712	0.100930681229	1015.59084189	-0.0362334251404	0.000766491889954	0.00100605487823	200000.000000	16.0000000000	0.00000000000	166.000000000	232.000000000	5.00000000000	0.950000000000	-0.740000000000	22.3000000000	0.00000000000	106.000000000	32.0000000000	13011488.0000	2500.00000000	2000.00000000	206.200000000	6466.00000000	1700.00000000	6000.00000000	13314.0000000	5801.00000000	23.4081460007	23.5137486754	23.1798541774	-0.365118443319	23.6668057909	26.2141808083	24.1922097605	-10.8927789160	23.5243397747	23.2737861163	23.2758785345	23.8878234650	23.9764863670	22.7635844875	-12.4077104270	0.882295696942	0.00000000000	0.100000000000	0.0500000000000	-0.00935206413269	0.00000000000	52.9667968750	0.00000000000	-0.568750023842	0.00000000000	14.7500000000	15.0250005722	14.7500000000	14.9812498093	14.8312501907	-300.000000000	1398.45097522	NaN	0.00000000000	22.2999267578	25.0002746582	640.000000000	24.0195120128	24.4842020144	25.2501849421	25.5729260508	24.0358397467	26.4452938315	-59.8109731922	-60.2819306401	-0.000531673431396	-0.000531673431396	-0.000531673431396	-0.000531673431396	-98.9704909459	NaN	-273.150000000	-273.150000000	NaN	0.00000000000	NaN	NaN	1.00000000000	0.00000000000	5.00000000000	0.00000000000

















3733299861.33	NaN	16.0000000000	133.000000000	0.00000000000	2.00000000000	NaN	0.00668764114380	-3.01664661540	0.975689888000	-3.22832728027	1.00981664658	0.000452518463135	0.0171880722046	0.0483613014221	1.33621701736	22.5363171959	0.0976920337677	1015.37251749	-0.0374016761780	0.000743508338928	0.00104606151581	200000.000000	16.0000000000	0.00000000000	166.000000000	232.000000000	5.00000000000	0.950000000000	-0.740000000000	22.3000000000	0.00000000000	106.000000000	32.0000000000	13011488.0000	2500.00000000	2000.00000000	206.200000000	6466.00000000	1700.00000000	6000.00000000	13314.0000000	5801.00000000	23.4081460007	23.5137486754	23.1798541774	-0.365118443319	23.6668057909	26.2141808083	24.1922097605	-10.8927789160	23.5243397747	23.2737861163	23.2758785345	23.8878234650	23.9764863670	22.7635844875	-12.4077104270	0.882295696942	0.00000000000	0.100000000000	0.0500000000000	-0.0115205287933	0.00000000000	52.9667968750	0.00000000000	-0.568750023842	0.00000000000	14.7562503815	15.1125001907	14.7500000000	14.9812498093	14.8312501907	-300.000000000	2919.44249777	NaN	0.00000000000	22.3002014160	24.9997863770	640.000000000	24.0195120128	24.4842020144	25.2501849421	25.5729260508	24.0358397467	26.4452938315	-59.8109731922	-60.2819306401	-0.000531673431396	-0.000531673431396	-0.000531673431396	-0.000531673431396	-98.9704909459	NaN	-273.150000000	-273.150000000	NaN	0.00000000000	NaN	NaN	1.00000000000	0.00000000000	5.00000000000	0.00000000000

















3733299861.53	NaN	8.00000000000	121.000000000	0.00000000000	1.00000000000	NaN	0.00635910034180	-2.94131703540	0.978642940521	-3.16016399527	1.01112890244	0.000452518463135	0.0168600082397	0.0467205047607	1.31718432083	21.5844057312	0.104170505524	1015.45982187	-0.0345797538757	0.000711393356323	0.00101065635681	200000.000000	16.0000000000	0.00000000000	166.000000000	232.000000000	5.00000000000	0.950000000000	-0.740000000000	22.3000000000	0.00000000000	106.000000000	32.0000000000	13011488.0000	2500.00000000	2000.00000000	206.200000000	6466.00000000	1700.00000000	6000.00000000	13314.0000000	5801.00000000	23.4081460007	23.5137486754	23.1798541774	-0.365118443319	23.6668057909	26.2141808083	24.1922097605	-10.8927789160	23.5243397747	23.2737861163	23.2758785345	23.8878234650	23.9764863670	22.7635844875	-12.4077104270	0.882295696942	0.00000000000	0.100000000000	0.0500000000000	-0.00767860412598	0.00000000000	47.6425781250	0.00000000000	-0.574023425579	0.00000000000	14.7562503815	15.1125001907	14.7500000000	14.9812498093	14.8312501907	-300.000000000	1325.12726647	NaN	0.00000000000	22.3002014160	24.9997863770	640.000000000	24.0195120128	24.4842020144	25.2501849421	25.5729260508	24.0358397467	26.4452938315	-59.8109731922	-60.2819306401	-0.000531673431396	-0.000531673431396	-0.000531673431396	-0.000531673431396	-98.9704909459	NaN	-273.150000000	-273.150000000	NaN	0.00000000000	NaN	NaN	1.00000000000	0.00000000000	5.00000000000	0.00000000000


















3733299861.73	NaN	10.0000000000	95.0000000000	0.00000000000	1.00000000000	NaN	0.00799989700317	-3.17530773014	0.986846446991	-2.87362498121	1.00226926804	-0.000859737396240	0.0303134918213	0.0650968551636	1.20296047783	17.2057789764	0.101740343094	1015.19784528	-0.0371651649475	0.000707483291626	0.000970554351807	200000.000000	16.0000000000	0.00000000000	166.000000000	232.000000000	5.00000000000	0.950000000000	-0.740000000000	22.3000000000	0.00000000000	106.000000000	32.0000000000	13011488.0000	2500.00000000	2000.00000000	206.200000000	6466.00000000	1700.00000000	6000.00000000	13314.0000000	5801.00000000	23.4081460007	23.5137486754	23.1798541774	-0.365118443319	23.6668057909	26.2141808083	24.1922097605	-10.8927789160	23.5243397747	23.2737861163	23.2758785345	23.8878234650	23.9764863670	22.7635844875	-12.4077104270	0.882295696942	0.00000000000	0.100000000000	0.0500000000000	-0.00871953964233	0.00000000000	47.6425781250	0.00000000000	-0.574023425579	0.00000000000	14.7500000000	15.0000000000	14.7500000000	14.9812498093	14.8312501907	-300.000000000	1372.82491023	NaN	0.00000000000	22.3002014160	24.9997863770	640.000000000	24.0195120128	24.4842020144	25.2501849421	25.5729260508	24.0358397467	26.4452938315	-59.8109731922	-60.2819306401	-0.000531673431396	-0.000531673431396	-0.000531673431396	-0.000531673431396	-98.9704909459	NaN	-273.150000000	-273.150000000	NaN	0.00000000000	NaN	NaN	1.00000000000	0.00000000000	5.00000000000	0.00000000000

















3733299861.93	NaN	9.00000000000	128.000000000	0.00000000000	1.00000000000	NaN	0.00209331512451	-3.09212447352	0.980283737183	-3.16774066425	1.01342582703	0.000124454498291	0.0162034034729	0.0470490455627	1.33621701736	18.5383443718	0.103360843658	1015.24156092	-0.0378346443176	0.000747466087341	0.00101718902588	200000.000000	16.0000000000	0.00000000000	166.000000000	232.000000000	5.00000000000	0.950000000000	-0.740000000000	22.3000000000	0.00000000000	106.000000000	32.0000000000	13011488.0000	2500.00000000	2000.00000000	206.200000000	6466.00000000	1700.00000000	6000.00000000	13314.0000000	5801.00000000	23.4081460007	23.5137486754	23.1798541774	-0.365118443319	23.6668057909	26.2141808083	24.1922097605	-10.8927789160	23.5243397747	23.2737861163	23.2758785345	23.8878234650	23.9764863670	22.7635844875	-12.4077104270	0.882295696942	0.00000000000	0.100000000000	0.0500000000000	-0.0101226329803	0.00000000000	48.2304687500	0.00000000000	-0.569531261921	0.00000000000	14.7500000000	15.0000000000	14.7500000000	14.9812498093	14.8312501907	-300.000000000	1280.63276119	NaN	0.00000000000	22.2997741699	24.9996643066	640.000000000	24.0195120128	24.4842020144	25.2501849421	25.5729260508	24.0358397467	26.4452938315	-59.8109731922	-60.2819306401	-0.000531673431396	-0.000531673431396	-0.000531673431396	-0.000531673431396	-98.9704909459	NaN	-273.150000000	-273.150000000	NaN	0.00000000000	NaN	NaN	1.00000000000	0.00000000000	5.00000000000	0.00000000000

















3733299862.13	NaN	12.0000000000	132.000000000	0.00000000000	0.00000000000	NaN	0.00996875762939	-2.97897019818	0.980939865112	-3.13747532628	1.01441049576	-0.00118780136108	0.0155472755432	0.0431113243103	1.25055605106	19.4902558365	0.102551181793	1015.24156092	-0.0346059799194	0.000736284255981	0.00102436542511	200000.000000	16.0000000000	0.00000000000	166.000000000	232.000000000	5.00000000000	0.950000000000	-0.740000000000	22.3000000000	0.00000000000	106.000000000	32.0000000000	13011488.0000	2500.00000000	2000.00000000	206.200000000	6466.00000000	1700.00000000	6000.00000000	13314.0000000	5801.00000000	23.4081460007	23.5137486754	23.1798541774	-0.365118443319	23.6668057909	26.2141808083	24.1922097605	-10.8927789160	23.5243397747	23.2737861163	23.2758785345	23.8878234650	23.9764863670	22.7635844875	-12.4077104270	0.882295696942	0.00000000000	0.100000000000	0.0500000000000	-0.00832438468933	0.00000000000	48.2304687500	0.00000000000	-0.569531261921	0.00000000000	14.7562503815	15.1000003815	14.7500000000	14.9812498093	14.8312501907	-300.000000000	0.00000000000	NaN	0.00000000000	22.2997741699	24.9996643066	640.000000000	24.0195120128	24.4842020144	25.2501849421	25.5729260508	24.0358397467	26.4452938315	-59.8109731922	-60.2819306401	-0.000531673431396	-0.000531673431396	-0.000531673431396	-0.000531673431396	-98.9704909459	NaN	-273.150000000	-273.150000000	NaN	0.00000000000	NaN	NaN	1.00000000000	0.00000000000	5.00000000000	0.00000000000


















3733299862.33	NaN	11.0000000000	119.000000000	1.00000000000	1.00000000000	NaN	0.0102968215942	-3.05436831509	0.981924533844	-3.15259971543	1.01309776306	0.000124454498291	0.0162034034729	0.0454082489014	1.26007239933	22.1553866272	0.100930681229	1015.41616968	-0.0349736213684	0.000712037086487	0.000998830795288	200000.000000	16.0000000000	0.00000000000	166.000000000	232.000000000	5.00000000000	0.950000000000	-0.740000000000	22.3000000000	0.00000000000	106.000000000	32.0000000000	13011488.0000	2500.00000000	2000.00000000	206.200000000	6466.00000000	1700.00000000	6000.00000000	13314.0000000	5801.00000000	23.4081460007	23.5137486754	23.1798541774	-0.365118443319	23.6668057909	26.2141808083	24.1922097605	-10.8927789160	23.5243397747	23.2737861163	23.2758785345	23.8878234650	23.9764863670	22.7635844875	-12.4077104270	0.882295696942	0.00000000000	0.100000000000	0.0500000000000	-0.00929179191589	0.00000000000	52.0332031250	0.00000000000	-0.573242187500	0.00000000000	14.7562503815	15.1000003815	14.7500000000	14.9812498093	14.8312501907	-300.000000000	1302.90463530	NaN	0.00000000000	22.3000793457	25.0001831055	640.000000000	24.0195120128	24.4842020144	25.2501849421	25.5729260508	24.0358397467	26.4452938315	-59.8109731922	-60.2819306401	-0.000531673431396	-0.000531673431396	-0.000531673431396	-0.000531673431396	-98.9704909459	NaN	-273.150000000	-273.150000000	NaN	0.00000000000	NaN	NaN	1.00000000000	0.00000000000	5.00000000000	0.00000000000


















3733299862.53	NaN	13.0000000000	112.000000000	0.00000000000	2.00000000000	NaN	0.0112814903259	-3.09967765529	0.981924533844	-3.15259971543	1.01703548431	-0.000859737396240	0.0132503509521	0.0467205047607	1.30766797256	21.2034751625	0.0993113574982	1015.37251749	-0.0309834480286	0.000738310813904	0.00100605487823	200000.000000	16.0000000000	0.00000000000	166.000000000	232.000000000	5.00000000000	0.950000000000	-0.740000000000	22.3000000000	0.00000000000	106.000000000	32.0000000000	13011488.0000	2500.00000000	2000.00000000	206.200000000	6466.00000000	1700.00000000	6000.00000000	13314.0000000	5801.00000000	23.4081460007	23.5137486754	23.1798541774	-0.365118443319	23.6668057909	26.2141808083	24.1922097605	-10.8927789160	23.5243397747	23.2737861163	23.2758785345	23.8878234650	23.9764863670	22.7635844875	-12.4077104270	0.882295696942	0.00000000000	0.100000000000	0.0500000000000	-0.00740823745728	0.00000000000	52.0332031250	0.00000000000	-0.573242187500	0.00000000000	14.7562503815	15.0062503815	14.7500000000	14.9812498093	14.8312501907	-300.000000000	2865.27151231	NaN	0.00000000000	22.3000793457	25.0001831055	640.000000000	24.0195120128	24.4842020144	25.2501849421	25.5729260508	24.0358397467	26.4452938315	-59.8109731922	-60.2819306401	-0.000531673431396	-0.000531673431396	-0.000531673431396	-0.000531673431396	-98.9704909459	NaN	-273.150000000	-273.150000000	NaN	0.00000000000	NaN	NaN	1.00000000000	0.00000000000	5.00000000000	0.00000000000


















3733299862.73	NaN	21.0000000000	111.000000000	0.00000000000	1.00000000000	NaN	0.0116095542908	-2.93379268458	0.985534191132	-3.17530773014	1.01605129242	-0.00184440612793	0.0148911476135	0.0362200737000	1.00306183662	15.8732135811	0.0993113574982	1015.28521311	-0.0258774757385	0.000692343711853	0.000957441329956	200000.000000	16.0000000000	0.00000000000	166.000000000	232.000000000	5.00000000000	0.950000000000	-0.740000000000	22.3000000000	0.00000000000	106.000000000	32.0000000000	13011488.0000	2500.00000000	2000.00000000	206.200000000	6466.00000000	1700.00000000	6000.00000000	13314.0000000	5801.00000000	23.4081460007	23.5137486754	23.1798541774	-0.365118443319	23.6668057909	26.2141808083	24.1922097605	-10.8927789160	23.5243397747	23.2737861163	23.2758785345	23.8878234650	23.9764863670	22.7635844875	-12.4077104270	0.882295696942	0.00000000000	0.100000000000	0.0500000000000	-0.00773630142212	0.00000000000	48.7656250000	0.00000000000	-0.569335937500	0.00000000000	14.7562503815	15.0062503815	14.7500000000	14.9812498093	14.8312501907	-300.000000000	1239.02921608	NaN	0.00000000000	22.2998657227	24.9998168945	640.000000000	24.0195120128	24.4842020144	25.2501849421	25.5729260508	24.0358397467	26.4452938315	-59.8109731922	-60.2819306401	-0.000531673431396	-0.000531673431396	-0.000531673431396	-0.000531673431396	-98.9704909459	NaN	-273.150000000	-273.150000000	NaN	0.00000000000	NaN	NaN	1.00000000000	0.00000000000	5.00000000000	0.00000000000

















3733299862.93	NaN	5.00000000000	102.000000000	0.00000000000	4.00000000000	NaN	0.0109534263611	-3.11478817035	0.983893394470	-3.16016399527	1.01244163513	0.000452518463135	0.0158753395081	0.0457363128662	1.26958874760	20.0612367325	0.102551181793	1015.11054090	-0.0280823707581	0.000691676139832	0.000988364219666	200000.000000	16.0000000000	0.00000000000	166.000000000	232.000000000	5.00000000000	0.950000000000	-0.740000000000	22.3000000000	0.00000000000	106.000000000	32.0000000000	13011488.0000	2500.00000000	2000.00000000	206.200000000	6466.00000000	1700.00000000	6000.00000000	13314.0000000	5801.00000000	23.4081460007	23.5137486754	23.1798541774	-0.365118443319	23.6668057909	26.2141808083	24.1922097605	-10.8927789160	23.5243397747	23.2737861163	23.2758785345	23.8878234650	23.9764863670	22.7635844875	-12.4077104270	0.882295696942	0.00000000000	0.100000000000	0.0500000000000	-0.00715346336365	0.00000000000	48.7656250000	0.00000000000	-0.569335937500	0.00000000000	14.7500000000	15.1312503815	14.7500000000	14.9812498093	14.8312501907	-300.000000000	5581.68607811	NaN	0.00000000000	22.2998657227	24.9998168945	640.000000000	24.0195120128	24.4842020144	25.2501849421	25.5729260508	24.0358397467	26.4452938315	-59.8109731922	-60.2819306401	-0.000531673431396	-0.000531673431396	-0.000531673431396	-0.000531673431396	-98.9704909459	NaN	-273.150000000	-273.150000000	NaN	0.00000000000	NaN	NaN	1.00000000000	0.00000000000	5.00000000000	0.00000000000

















3733299863.13	NaN	17.0000000000	123.000000000	0.00000000000	0.00000000000	NaN	0.00307798385620	-3.08457267427	0.976346015930	-3.33457270069	1.00325345993	2.46807813644	0.266247272491	0.104145526886	3.11620293217	38.9083091469	0.0985016956329	1015.41616968	-0.000164031982422	0.000719928741455	0.00101394653320	200000.000000	16.0000000000	0.00000000000	166.000000000	232.000000000	5.00000000000	0.950000000000	-0.740000000000	22.3000000000	0.00000000000	106.000000000	32.0000000000	13011488.0000	2500.00000000	2000.00000000	206.200000000	6466.00000000	1700.00000000	6000.00000000	13314.0000000	5801.00000000	23.4081460007	23.5137486754	23.1798541774	-0.365118443319	23.6668057909	26.2141808083	24.1922097605	-10.8927789160	23.5243397747	23.2737861163	23.2758785345	23.8878234650	23.9764863670	22.7635844875	-12.4077104270	0.882295696942	0.00000000000	0.100000000000	0.0500000000000	0.0119559764862	0.00000000000	51.3613281250	-0.000390625005821	-0.573632836342	0.00000000000	14.7500000000	15.1312503815	14.7500000000	14.9812498093	14.8312501907	-300.000000000	0.00000000000	NaN	0.00000000000	22.2998657227	24.9998168945	640.000000000	24.0195120128	24.4842020144	25.2501849421	25.5729260508	24.0358397467	26.4452938315	-59.8109731922	-60.2819306401	-0.000531673431396	-0.000531673431396	-0.000531673431396	-0.000531673431396	-98.9704909459	NaN	-273.150000000	-273.150000000	NaN	0.00000000000	NaN	NaN	1.00000000000	0.00000000000	5.00000000000	0.00000000000


















3733299863.33	NaN	3.00000000000	114.000000000	0.00000000000	1.00000000000	NaN	0.00799989700317	-3.18287618955	0.988159179687	-3.16016399527	1.01244163513	2.46118688583	0.263950347900	0.108739376068	3.07812370720	54.5187165985	0.0976920337677	1015.37251749	-0.0217819213867	0.000734996795654	0.00103492736816	200000.000000	16.0000000000	0.00000000000	166.000000000	232.000000000	5.00000000000	0.950000000000	-0.740000000000	22.3000000000	0.00000000000	106.000000000	32.0000000000	13011488.0000	2500.00000000	2000.00000000	206.200000000	6466.00000000	1700.00000000	6000.00000000	13314.0000000	5801.00000000	23.4081460007	23.5137486754	23.1798541774	-0.365118443319	23.6668057909	26.2141808083	24.1922097605	-10.8927789160	23.5243397747	23.2737861163	23.2758785345	23.8878234650	23.9764863670	22.7635844875	-12.4077104270	0.882295696942	0.00000000000	0.100000000000	0.0500000000000	-0.00636734962463	0.00000000000	51.3613281250	-0.000390625005821	-0.573632836342	0.00000000000	14.7500000000	15.0312500000	14.7500000000	14.9812498093	14.8312501907	-300.000000000	1348.98807899	NaN	0.00000000000	22.2998352051	24.9999694824	640.000000000	24.0195120128	24.4842020144	25.2501849421	25.5729260508	24.0358397467	26.4452938315	-59.8109731922	-60.2819306401	-0.000531673431396	-0.000531673431396	-0.000531673431396	-0.000531673431396	-98.9704909459	NaN	-273.150000000	-273.150000000	NaN	0.00000000000	NaN	NaN	1.00000000000	0.00000000000	5.00000000000	0.00000000000


















3733299863.53	NaN	11.0000000000	118.000000000	0.00000000000	1.00000000000	NaN	0.00734376907349	-3.12991521496	0.989799976349	-3.13747532628	1.01539468765	2.46545267105	0.264606952667	0.109067440033	3.04004448223	57.1838473892	0.0960715332031	1015.41616968	-0.0218348503113	0.000710105895996	0.000977873802185	200000.000000	16.0000000000	0.00000000000	166.000000000	232.000000000	5.00000000000	0.950000000000	-0.740000000000	22.3000000000	0.00000000000	106.000000000	32.0000000000	13011488.0000	2500.00000000	2000.00000000	206.200000000	6466.00000000	1700.00000000	6000.00000000	13314.0000000	5801.00000000	23.4081460007	23.5137486754	23.1798541774	-0.365118443319	23.6668057909	26.2141808083	24.1922097605	-10.8927789160	23.5243397747	23.2737861163	23.2758785345	23.8878234650	23.9764863670	22.7635844875	-12.4077104270	0.882295696942	0.00000000000	0.100000000000	0.0500000000000	-0.00744495391846	0.00000000000	50.7812500000	0.00000000000	-0.568164050579	0.00000000000	14.7500000000	15.0312500000	14.7500000000	14.9812498093	14.8312501907	-300.000000000	1398.45097522	NaN	0.00000000000	22.2998352051	24.9999694824	640.000000000	24.0195120128	24.4842020144	25.2501849421	25.5729260508	24.0358397467	26.4452938315	-59.8109731922	-60.2819306401	-0.000531673431396	-0.000531673431396	-0.000531673431396	-0.000531673431396	-98.9704909459	NaN	-273.150000000	-273.150000000	NaN	0.00000000000	NaN	NaN	1.00000000000	0.00000000000	5.00000000000	0.00000000000


















3733299863.73	NaN	12.0000000000	134.000000000	0.00000000000	3.00000000000	NaN	0.00537490844727	-2.97897019818	0.990456104279	-3.16774066425	1.01342582703	2.46742153168	0.264935016632	0.0739564895630	2.50700449219	49.3785053444	0.0976920337677	1015.45982187	-0.0254573822021	0.000721907615662	0.000973224639893	200000.000000	16.0000000000	0.00000000000	166.000000000	232.000000000	5.00000000000	0.950000000000	-0.740000000000	22.3000000000	0.00000000000	106.000000000	32.0000000000	13011488.0000	2500.00000000	2000.00000000	206.200000000	6466.00000000	1700.00000000	6000.00000000	13314.0000000	5801.00000000	23.4081460007	23.5137486754	23.1798541774	-0.365118443319	23.6668057909	26.2141808083	24.1922097605	-10.8927789160	23.5243397747	23.2737861163	23.2758785345	23.8878234650	23.9764863670	22.7635844875	-12.4077104270	0.882295696942	0.00000000000	0.100000000000	0.0500000000000	-0.00896492004395	0.00000000000	50.7812500000	0.00000000000	-0.568164050579	0.00000000000	14.7500000000	15.1187505722	14.7500000000	14.9875001907	14.8312501907	-300.000000000	4153.03482355	NaN	0.00000000000	22.2998352051	24.9999694824	640.000000000	24.0195120128	24.4842020144	25.2501849421	25.5729260508	24.0358397467	26.4452938315	-59.8109731922	-60.2819306401	-0.000531673431396	-0.000531673431396	-0.000531673431396	-0.000531673431396	-98.9704909459	NaN	-273.150000000	-273.150000000	NaN	0.00000000000	NaN	NaN	1.00000000000	0.00000000000	5.00000000000	0.00000000000


















3733299863.93	NaN	10.0000000000	113.000000000	0.00000000000	0.00000000000	NaN	0.0119376182556	-3.07702225654	0.989143371582	-3.12991521496	1.01769208908	2.46676540375	0.263622283936	0.106770515442	3.04956083050	60.6105626793	0.106599491119	1015.41616968	-0.0206007957458	0.000697588920593	0.000975918769836	200000.000000	16.0000000000	0.00000000000	166.000000000	232.000000000	5.00000000000	0.950000000000	-0.740000000000	22.3000000000	0.00000000000	106.000000000	32.0000000000	13011488.0000	2500.00000000	2000.00000000	206.200000000	6466.00000000	1700.00000000	6000.00000000	13314.0000000	5801.00000000	23.4081460007	23.5137486754	23.1798541774	-0.365118443319	23.6668057909	26.2141808083	24.1922097605	-10.8927789160	23.5243397747	23.2737861163	23.2758785345	23.8878234650	23.9764863670	22.7635844875	-12.4077104270	0.882295696942	0.00000000000	0.100000000000	0.0500000000000	-0.0106830596924	0.00000000000	48.9257812500	0.00000000000	-0.573828160763	0.00000000000	14.7500000000	15.1187505722	14.7500000000	14.9875001907	14.8312501907	-300.000000000	0.00000000000	NaN	0.00000000000	22.2999877930	24.9999389648	640.000000000	24.0195120128	24.4842020144	25.2501849421	25.5729260508	24.0358397467	26.4452938315	-59.8109731922	-60.2819306401	-0.000531673431396	-0.000531673431396	-0.000531673431396	-0.000531673431396	-98.9704909459	NaN	-273.150000000	-273.150000000	NaN	0.00000000000	NaN	NaN	1.00000000000	0.00000000000	5.00000000000	0.00000000000


















3733299864.13	NaN	18.0000000000	103.000000000	0.00000000000	2.00000000000	NaN	0.00865650177002	-3.16016399527	0.993081092834	-3.10723222057	1.01834821701	2.47267198563	0.263950347900	0.104473590851	2.98293256073	56.2319359245	0.100121019363	1015.41616968	-0.0214538574219	0.000707411766052	0.000995540618896	200000.000000	16.0000000000	0.00000000000	166.000000000	232.000000000	5.00000000000	0.950000000000	-0.740000000000	22.3000000000	0.00000000000	106.000000000	32.0000000000	13011488.0000	2500.00000000	2000.00000000	206.200000000	6466.00000000	1700.00000000	6000.00000000	13314.0000000	5801.00000000	23.4081460007	23.5137486754	23.1798541774	-0.365118443319	23.6668057909	26.2141808083	24.1922097605	-10.8927789160	23.5243397747	23.2737861163	23.2758785345	23.8878234650	23.9764863670	22.7635844875	-12.4077104270	0.882295696942	0.00000000000	0.100000000000	0.0500000000000	-0.00745668411255	0.00000000000	48.9257812500	0.00000000000	-0.573828160763	0.00000000000	14.7562503815	15.0124998093	14.7500000000	14.9812498093	14.8312501907	-300.000000000	2944.11814081	NaN	0.00000000000	22.2999877930	24.9999389648	640.000000000	24.4126381535	24.4842020144	25.2501849421	25.5729260508	24.0358397467	26.4452938315	-59.8109731922	-60.2819306401	-0.000531673431396	-0.000531673431396	-0.000531673431396	-0.000531673431396	-98.9704909459	NaN	-273.150000000	-273.150000000	NaN	0.00000000000	NaN	NaN	1.00000000000	0.00000000000	5.00000000000	0.00000000000

















3733299864.33	NaN	11.0000000000	121.000000000	0.00000000000	2.00000000000	NaN	0.0135784149170	-2.96389826843	0.996034622192	-3.15259971543	1.01703548431	2.47792243958	0.263294219971	0.105129718781	3.01149543743	56.9935204239	0.0960715332031	1015.28521311	-0.0157442092896	0.000711369514465	0.000996208190918	200000.000000	16.0000000000	0.00000000000	166.000000000	232.000000000	5.00000000000	0.950000000000	-0.740000000000	22.3000000000	0.00000000000	106.000000000	32.0000000000	13011488.0000	2500.00000000	2000.00000000	206.200000000	6466.00000000	1700.00000000	6000.00000000	13314.0000000	5801.00000000	23.4081460007	23.5137486754	23.1798541774	-0.365118443319	23.6668057909	26.2141808083	24.1922097605	-10.8927789160	23.5243397747	23.2737861163	23.2758785345	23.8878234650	23.9764863670	22.7635844875	-12.4077104270	0.882295696942	0.00000000000	0.100000000000	0.0500000000000	-0.00855793952942	0.00000000000	54.6074218750	0.00000000000	-0.568554699421	0.00000000000	14.7562503815	15.0124998093	14.7500000000	14.9812498093	14.8312501907	-300.000000000	2853.18938646	NaN	0.00000000000	22.3001708984	25.0001220703	640.000000000	24.4126381535	24.4842020144	25.2501849421	25.5729260508	24.0358397467	26.4452938315	-59.8109731922	-60.2819306401	-0.000531673431396	-0.000531673431396	-0.000531673431396	-0.000531673431396	-98.9704909459	NaN	-273.150000000	-273.150000000	NaN	0.00000000000	NaN	NaN	1.00000000000	0.00000000000	5.00000000000	0.00000000000

















3733299864.53	NaN	10.0000000000	96.0000000000	0.00000000000	0.00000000000	NaN	0.0152192115784	-3.02419697213	0.993409156799	-3.17530773014	1.01408243179	2.47726583481	0.264606952667	0.106770515442	2.99244890900	56.2319359245	0.102551181793	1015.28521311	-0.0171751976013	0.000697565078735	0.000982308387756	200000.000000	16.0000000000	0.00000000000	166.000000000	232.000000000	5.00000000000	0.950000000000	-0.740000000000	22.3000000000	0.00000000000	106.000000000	32.0000000000	13011488.0000	2500.00000000	2000.00000000	206.200000000	6466.00000000	1700.00000000	6000.00000000	13314.0000000	5801.00000000	23.4081460007	23.5137486754	23.1798541774	-0.365118443319	23.6668057909	26.2141808083	24.1922097605	-10.8927789160	23.5243397747	23.2737861163	23.2758785345	23.8878234650	23.9764863670	22.7635844875	-12.4077104270	0.882295696942	0.00000000000	0.100000000000	0.0500000000000	-0.00940728187561	0.00000000000	54.6074218750	0.00000000000	-0.568554699421	0.00000000000	14.7500000000	15.1250000000	14.7500000000	14.9812498093	14.8312501907	-300.000000000	0.00000000000	NaN	0.00000000000	22.3001708984	25.0001220703	640.000000000	24.4126381535	24.4842020144	25.2501849421	25.5729260508	24.0358397467	26.4452938315	-59.8109731922	-60.2819306401	-0.000531673431396	-0.000531673431396	-0.000531673431396	-0.000531673431396	-98.9704909459	NaN	-273.150000000	-273.150000000	NaN	0.00000000000	NaN	NaN	1.00000000000	0.00000000000	5.00000000000	0.00000000000

















3733299864.73	NaN	18.0000000000	117.000000000	0.00000000000	0.00000000000	NaN	0.0119376182556	-2.92625876197	0.999315738678	-3.09212447352	1.01998901367	2.47628164291	0.263622283936	0.105129718781	2.86870871773	52.4245667038	0.0976920337677	1015.41616968	-0.0168466567993	0.000714039802551	0.000973248481750	200000.000000	16.0000000000	0.00000000000	166.000000000	232.000000000	5.00000000000	0.950000000000	-0.740000000000	22.3000000000	0.00000000000	106.000000000	32.0000000000	13011488.0000	2500.00000000	2000.00000000	206.200000000	6466.00000000	1700.00000000	6000.00000000	13314.0000000	5801.00000000	23.4081460007	23.5137486754	23.1798541774	-0.365118443319	23.6668057909	26.2141808083	24.1922097605	-10.8927789160	23.5243397747	23.2737861163	23.2758785345	23.8878234650	23.9764863670	22.7635844875	-12.4077104270	0.882295696942	0.00000000000	0.100000000000	0.0500000000000	-0.00931925773621	0.00000000000	50.9414062500	0.00000000000	-0.572851598263	0.00000000000	14.7500000000	15.1250000000	14.7500000000	14.9812498093	14.8312501907	-300.000000000	0.00000000000	NaN	0.00000000000	22.3001403809	25.0002136230	640.000000000	24.4126381535	24.4842020144	25.2501849421	25.5729260508	24.0358397467	26.4452938315	-59.8109731922	-60.2819306401	-0.000531673431396	-0.000531673431396	-0.000531673431396	-0.000531673431396	-98.9704909459	NaN	-273.150000000	-273.150000000	NaN	0.00000000000	NaN	NaN	1.00000000000	0.00000000000	5.00000000000	0.00000000000

















3733299864.93	NaN	20.0000000000	131.000000000	0.00000000000	1.00000000000	NaN	0.00537490844727	-3.11478817035	0.999644279480	-3.11478817035	1.01441049576	2.48054742813	0.265263080597	0.106114387512	2.97341621246	56.0416089592	0.0976920337677	1015.37251749	-0.0144972801208	0.000696873664856	0.000972557067871	200000.000000	16.0000000000	0.00000000000	166.000000000	232.000000000	5.00000000000	0.950000000000	-0.740000000000	22.3000000000	0.00000000000	106.000000000	32.0000000000	13011488.0000	2500.00000000	2000.00000000	206.200000000	6466.00000000	1700.00000000	6000.00000000	13314.0000000	5801.00000000	23.4081460007	23.5137486754	23.1798541774	-0.365118443319	23.6668057909	26.2141808083	24.1922097605	-10.8927789160	23.5243397747	23.2737861163	23.2758785345	23.8878234650	23.9764863670	22.7635844875	-12.4077104270	0.882295696942	0.00000000000	0.100000000000	0.0500000000000	-0.00872216224670	0.00000000000	50.9414062500	0.00000000000	-0.572851598263	0.00000000000	14.7500000000	15.0000000000	14.7500000000	14.9812498093	14.8289070129	-300.000000000	1325.12726647	NaN	0.00000000000	22.3001403809	25.0002136230	640.000000000	24.4126381535	24.4842020144	25.2501849421	25.5729260508	24.0358397467	26.4452938315	-59.8109731922	-60.2819306401	-0.000531673431396	-0.000531673431396	-0.000531673431396	-0.000531673431396	-98.9704909459	NaN	-273.150000000	-273.150000000	NaN	0.00000000000	NaN	NaN	1.00000000000	0.00000000000	5.00000000000	0.00000000000

















3733299865.13	NaN	13.0000000000	114.000000000	0.00000000000	1.00000000000	NaN	0.00668764114380	-2.98650274234	0.999972343445	-3.14503682610	1.01441049576	2.51467418671	0.266247272491	0.100207805634	2.87823889790	56.4225395279	0.0985016956329	1015.19784528	-0.0155081748962	0.000704789161682	0.000974583625793	200000.000000	16.0000000000	0.00000000000	166.000000000	232.000000000	5.00000000000	0.950000000000	-0.740000000000	22.3000000000	0.00000000000	106.000000000	32.0000000000	13011488.0000	2500.00000000	2000.00000000	206.200000000	6466.00000000	1700.00000000	6000.00000000	13314.0000000	5801.00000000	23.4081460007	23.5137486754	23.1798541774	-0.365118443319	23.6668057909	26.2141808083	24.1922097605	-10.8927789160	23.5243397747	23.2737861163	23.2758785345	23.8878234650	23.9764863670	22.7635844875	-12.4077104270	0.882295696942	0.00000000000	0.100000000000	0.0500000000000	-0.00833749771118	0.00000000000	50.8750000000	0.00000000000	-0.568359375000	0.00000000000	14.7500000000	15.0000000000	14.7500000000	14.9812498093	14.8289070129	-300.000000000	1325.12726647	NaN	0.00000000000	22.3001403809	25.0002136230	640.000000000	24.4126381535	24.6632328248	25.2501849421	25.5729260508	24.0358397467	26.4452938315	-59.8109731922	-60.2819306401	-0.000531673431396	-0.000531673431396	-0.000531673431396	-0.000531673431396	-98.9704909459	NaN	-273.150000000	-273.150000000	NaN	0.00000000000	NaN	NaN	1.00000000000	0.00000000000	5.00000000000	0.00000000000

















3733299865.33	NaN	13.0000000000	123.000000000	0.00000000000	2.00000000000	NaN	0.00373411178589	-3.06191459222	1.00358200073	-3.11478817035	1.01539468765	2.51303339005	0.265919208527	0.104801654816	2.93533698750	55.6609550285	0.100930681229	1015.32886530	-0.0110321044922	0.000734400749207	0.00100665092468	200000.000000	16.0000000000	0.00000000000	166.000000000	232.000000000	5.00000000000	0.950000000000	-0.740000000000	22.3000000000	0.00000000000	106.000000000	32.0000000000	13011488.0000	2500.00000000	2000.00000000	206.200000000	6466.00000000	1700.00000000	6000.00000000	13314.0000000	5801.00000000	23.4081460007	23.5137486754	23.1798541774	-0.365118443319	23.6668057909	26.2141808083	24.1922097605	-10.8927789160	23.5243397747	23.2737861163	23.2758785345	23.8878234650	23.9764863670	22.7635844875	-12.4077104270	0.882295696942	0.00000000000	0.100000000000	0.0500000000000	-0.0104126453400	0.00000000000	50.8750000000	0.00000000000	-0.568359375000	0.00000000000	14.7562503815	15.1250000000	14.7500000000	14.9812498093	14.8312501907	-300.000000000	2643.66383500	NaN	0.00000000000	22.3000793457	24.9996032715	640.000000000	24.4126381535	24.6632328248	25.2501849421	25.5729260508	24.0358397467	26.4452938315	-59.8109731922	-60.2819306401	-0.000531673431396	-0.000531673431396	-0.000531673431396	-0.000531673431396	-98.9704909459	NaN	-273.150000000	-273.150000000	NaN	0.00000000000	NaN	NaN	1.00000000000	0.00000000000	5.00000000000	0.00000000000


















3733299865.53	NaN	8.00000000000	115.000000000	0.00000000000	0.00000000000	NaN	0.00701570510864	-3.07702225654	1.00325345993	-3.13747532628	1.01670742035	2.51533031464	0.265263080597	0.103817462921	2.89727159443	57.3741743546	0.100121019363	1015.28521311	-0.0126204490662	0.000704813003540	0.00100469589233	200000.000000	16.0000000000	0.00000000000	166.000000000	232.000000000	5.00000000000	0.950000000000	-0.740000000000	22.3000000000	0.00000000000	106.000000000	32.0000000000	13011488.0000	2500.00000000	2000.00000000	206.200000000	6466.00000000	1700.00000000	6000.00000000	13314.0000000	5801.00000000	23.4081460007	23.5137486754	23.1798541774	-0.365118443319	23.6668057909	26.2141808083	24.1922097605	-10.8927789160	23.5243397747	23.2737861163	23.2758785345	23.8878234650	23.9764863670	22.7635844875	-12.4077104270	0.882295696942	0.00000000000	0.100000000000	0.0500000000000	-0.00904626846313	0.00000000000	47.6835937500	0.00000000000	-0.572460949421	0.00000000000	14.7562503815	15.1250000000	14.7500000000	14.9812498093	14.8312501907	-300.000000000	0.00000000000	NaN	0.00000000000	22.3000793457	24.9996032715	640.000000000	24.4126381535	24.6632328248	25.2501849421	25.5729260508	24.0358397467	26.4452938315	-59.8109731922	-60.2819306401	-0.000531673431396	-0.000531673431396	-0.000531673431396	-0.000531673431396	-98.9704909459	NaN	-273.150000000	-273.150000000	NaN	0.00000000000	NaN	NaN	1.00000000000	0.00000000000	5.00000000000	0.00000000000


















3733299865.73	NaN	11.0000000000	128.000000000	0.00000000000	0.00000000000	NaN	0.00176525115967	-3.05436831509	1.00522232056	-3.12235649115	1.01802015305	2.51434612274	0.266247272491	0.0713315010071	2.37374795265	48.0459399490	0.0985016956329	1015.24156092	-0.00578212738037	0.000728368759155	0.00100083351135	200000.000000	16.0000000000	0.00000000000	166.000000000	232.000000000	5.00000000000	0.950000000000	-0.740000000000	22.3000000000	0.00000000000	106.000000000	32.0000000000	13011488.0000	2500.00000000	2000.00000000	206.200000000	6466.00000000	1700.00000000	6000.00000000	13314.0000000	5801.00000000	23.4081460007	23.5137486754	23.1798541774	-0.365118443319	23.6668057909	26.2141808083	24.1922097605	-10.8927789160	23.5243397747	23.2737861163	23.2758785345	23.8878234650	23.9764863670	22.7635844875	-12.4077104270	0.882295696942	0.00000000000	0.100000000000	0.0500000000000	-0.00847926139832	0.00000000000	47.6835937500	0.00000000000	-0.572460949421	0.00000000000	14.7500000000	15.0250005722	14.7500000000	14.9875001907	14.8289070129	-300.000000000	0.00000000000	NaN	0.00000000000	22.3000793457	24.9996032715	640.000000000	24.4126381535	24.6632328248	25.2501849421	25.5729260508	24.0358397467	26.4452938315	-59.8109731922	-60.2819306401	-0.000531673431396	-0.000531673431396	-0.000531673431396	-0.000531673431396	-98.9704909459	NaN	-273.150000000	-273.150000000	NaN	0.00000000000	NaN	NaN	1.00000000000	0.00000000000	5.00000000000	0.00000000000

















3733299865.93	NaN	18.0000000000	115.000000000	0.00000000000	1.00000000000	NaN	0.0155472755432	-3.13747532628	1.00751972198	-3.09212447352	1.02359819412	2.50975179672	0.262966156006	0.102176666260	2.84015967293	56.2319359245	0.100930681229	1015.19784528	-0.00370788574219	0.000742197036743	0.00100345611572	200000.000000	16.0000000000	0.00000000000	166.000000000	232.000000000	5.00000000000	0.950000000000	-0.740000000000	22.3000000000	0.00000000000	106.000000000	32.0000000000	13011488.0000	2500.00000000	2000.00000000	206.200000000	6466.00000000	1700.00000000	6000.00000000	13314.0000000	5801.00000000	23.4081460007	23.5137486754	23.1798541774	-0.365118443319	23.6668057909	26.2141808083	24.1922097605	-10.8927789160	23.5243397747	23.2737861163	23.2758785345	23.8878234650	23.9764863670	22.7635844875	-12.4077104270	0.882295696942	0.00000000000	0.100000000000	0.0500000000000	-0.00900163650513	0.00000000000	53.1367187500	0.00000000000	-0.568164050579	0.00000000000	14.7500000000	15.0250005722	14.7500000000	14.9875001907	14.8289070129	-300.000000000	1509.11975743	NaN	0.00000000000	22.2996826172	25.0000610352	640.000000000	24.4126381535	24.6632328248	25.2501849421	25.5729260508	24.0358397467	26.4452938315	-59.8109731922	-60.2819306401	-0.000531673431396	-0.000531673431396	-0.000531673431396	-0.000531673431396	-98.9704909459	NaN	-273.150000000	-273.150000000	NaN	0.00000000000	NaN	NaN	1.00000000000	0.00000000000	5.00000000000	0.00000000000


















3733299866.13	NaN	9.00000000000	118.000000000	0.00000000000	1.00000000000	NaN	0.00734376907349	-3.20558993899	1.00850391388	-3.06946224789	1.01933240891	2.53206539154	0.266247272491	0.0952858924866	2.76401505489	55.0896974945	0.0968823719025	1015.28521311	-0.00310420989990	0.000723862648010	0.000993561744690	200000.000000	16.0000000000	0.00000000000	166.000000000	232.000000000	5.00000000000	0.950000000000	-0.740000000000	22.3000000000	0.00000000000	106.000000000	32.0000000000	13011488.0000	2500.00000000	2000.00000000	206.200000000	6466.00000000	1700.00000000	6000.00000000	13314.0000000	5801.00000000	23.4081460007	23.5137486754	23.1798541774	-0.365118443319	23.6668057909	26.2141808083	24.1922097605	-10.8927789160	23.5243397747	23.2737861163	23.2758785345	23.8878234650	23.9764863670	22.7635844875	-12.4077104270	0.882295696942	0.00000000000	0.100000000000	0.0500000000000	-0.00823774337769	0.00000000000	53.1367187500	0.00000000000	-0.568164050579	0.00000000000	14.7562503815	15.1000003815	14.7500000000	14.9812498093	14.8312501907	-300.000000000	1571.29323058	NaN	0.00000000000	22.2996826172	25.0000610352	640.000000000	24.4126381535	24.6632328248	25.1739981715	25.5729260508	24.0358397467	26.4452938315	-59.8109731922	-60.2819306401	-0.000531673431396	-0.000531673431396	-0.000531673431396	-0.000531673431396	-98.9704909459	NaN	-273.150000000	-273.150000000	NaN	0.00000000000	NaN	NaN	1.00000000000	0.00000000000	5.00000000000	0.00000000000
















3733299866.33	NaN	13.0000000000	141.000000000	0.00000000000	0.00000000000	NaN	0.00964069366455	-2.91121686936	1.01342582703	-3.03173774501	1.02195787430	2.52484655380	0.264935016632	0.0988950729370	2.78304775143	54.5187165985	0.101740343094	1015.37251749	-0.00234317779541	0.000738310813904	0.00102639198303	200000.000000	16.0000000000	0.00000000000	166.000000000	232.000000000	5.00000000000	0.950000000000	-0.740000000000	22.3000000000	0.00000000000	106.000000000	32.0000000000	13011488.0000	2500.00000000	2000.00000000	206.200000000	6466.00000000	1700.00000000	6000.00000000	13314.0000000	5801.00000000	23.4081460007	23.5137486754	23.1798541774	-0.365118443319	23.6668057909	26.2141808083	24.1922097605	-10.8927789160	23.5243397747	23.2737861163	23.2758785345	23.8878234650	23.9764863670	22.7635844875	-12.4077104270	0.882295696942	0.00000000000	0.100000000000	0.0500000000000	-0.00742654800415	0.00000000000	46.1621093750	0.00000000000	-0.573242187500	0.00000000000	14.7562503815	15.1000003815	14.7500000000	14.9812498093	14.8312501907	-300.000000000	0.00000000000	NaN	0.00000000000	22.3002319336	24.9996643066	640.000000000	24.4126381535	24.6632328248	25.1739981715	25.5729260508	24.0358397467	26.4452938315	-59.8109731922	-60.2819306401	-0.000531673431396	-0.000531673431396	-0.000531673431396	-0.000531673431396	-98.9704909459	NaN	-273.150000000	-273.150000000	NaN	0.00000000000	NaN	NaN	1.00000000000	0.00000000000	5.00000000000	0.00000000000


















3733299866.53	NaN	4.00000000000	120.000000000	0.00000000000	2.00000000000	NaN	0.00865650177002	-3.16774066425	1.01080083847	-3.06946224789	1.01966094971	2.53075313568	0.265263080597	0.0998797416687	2.78304775143	54.8993705292	0.104170505524	1015.50353751	0.000938415527344	0.000723147392273	0.00100014209747	200000.000000	16.0000000000	0.00000000000	166.000000000	232.000000000	5.00000000000	0.950000000000	-0.740000000000	22.3000000000	0.00000000000	106.000000000	32.0000000000	13011488.0000	2500.00000000	2000.00000000	206.200000000	6466.00000000	1700.00000000	6000.00000000	13314.0000000	5801.00000000	23.4081460007	23.5137486754	23.1798541774	-0.365118443319	23.6668057909	26.2141808083	24.1922097605	-10.8927789160	23.5243397747	23.2737861163	23.2758785345	23.8878234650	23.9764863670	22.7635844875	-12.4077104270	0.882295696942	0.00000000000	0.100000000000	0.0500000000000	-0.00881919860840	0.00000000000	46.1621093750	0.00000000000	-0.573242187500	0.00000000000	14.7500000000	15.0000000000	14.7500000000	14.9812498093	14.8312501907	-300.000000000	2773.07257514	NaN	0.00000000000	22.3002319336	24.9996643066	640.000000000	24.4126381535	24.6632328248	25.1739981715	25.5729260508	24.0358397467	26.4452938315	-59.8109731922	-60.2819306401	-0.000531673431396	-0.000531673431396	-0.000531673431396	-0.000531673431396	-98.9704909459	NaN	-273.150000000	-273.150000000	NaN	0.00000000000	NaN	NaN	1.00000000000	0.00000000000	5.00000000000	0.00000000000

















3733299866.73	NaN	14.0000000000	103.000000000	0.00000000000	1.00000000000	NaN	0.0171880722046	-3.19801729297	1.01309776306	-3.07702225654	1.02491092682	2.53009700775	0.264935016632	0.0995516777039	2.42134352589	46.5230475883	0.101740343094	1015.32886530	-0.00488948822021	0.000746798515320	0.00100085735321	200000.000000	16.0000000000	0.00000000000	166.000000000	232.000000000	5.00000000000	0.950000000000	-0.740000000000	22.3000000000	0.00000000000	106.000000000	32.0000000000	13011488.0000	2500.00000000	2000.00000000	206.200000000	6466.00000000	1700.00000000	6000.00000000	13314.0000000	5801.00000000	23.4081460007	23.5137486754	23.1798541774	-0.365118443319	23.6668057909	26.2141808083	24.1922097605	-10.8927789160	23.5243397747	23.2737861163	23.2758785345	23.8878234650	23.9764863670	22.7635844875	-12.4077104270	0.882295696942	0.00000000000	0.100000000000	0.0500000000000	-0.00989294052124	0.00000000000	48.1816406250	0.00000000000	-0.568945348263	0.00000000000	14.7500000000	15.0000000000	14.7500000000	14.9812498093	14.8312501907	-300.000000000	1451.67921303	NaN	0.00000000000	22.2999572754	25.0000610352	640.000000000	24.4126381535	24.6632328248	25.1739981715	25.5729260508	24.0358397467	26.4452938315	-59.8109731922	-60.2819306401	-0.000531673431396	-0.000531673431396	-0.000531673431396	-0.000531673431396	-98.9704909459	NaN	-273.150000000	-273.150000000	NaN	0.00000000000	NaN	NaN	1.00000000000	0.00000000000	5.00000000000	0.00000000000


















3733299866.93	NaN	9.00000000000	128.000000000	0.00000000000	1.00000000000	NaN	0.00406217575073	-3.08457267427	1.01473855972	-3.09967765529	1.01769208908	2.53272199631	0.267231941223	0.0982389450073	2.75448487473	56.0416089592	0.104170505524	1015.24156092	0.00571632385254	0.000729107856750	0.00100340843201	200000.000000	16.0000000000	0.00000000000	166.000000000	232.000000000	5.00000000000	0.950000000000	-0.740000000000	22.3000000000	0.00000000000	106.000000000	32.0000000000	13011488.0000	2500.00000000	2000.00000000	206.200000000	6466.00000000	1700.00000000	6000.00000000	13314.0000000	5801.00000000	23.4081460007	23.5137486754	23.1798541774	-0.365118443319	23.6668057909	26.2141808083	24.1922097605	-10.8927789160	23.5243397747	23.2737861163	23.2758785345	23.8878234650	23.9764863670	22.7635844875	-12.4077104270	0.882295696942	0.00000000000	0.100000000000	0.0500000000000	-0.00768384933472	0.00000000000	48.1816406250	0.00000000000	-0.568945348263	0.00000000000	14.7562503815	15.1312503815	14.7500000000	14.9812498093	14.8312501907	-300.000000000	1451.67921303	NaN	0.00000000000	22.2999572754	25.0000610352	640.000000000	24.4126381535	24.6632328248	25.1739981715	25.5729260508	24.0358397467	26.4452938315	-59.8109731922	-60.2819306401	-0.000531673431396	-0.000531673431396	-0.000531673431396	-0.000531673431396	-98.9704909459	NaN	-273.150000000	-273.150000000	NaN	0.00000000000	NaN	NaN	1.00000000000	0.00000000000	5.00000000000	0.00000000000

















3733299867.13	NaN	15.0000000000	114.000000000	0.00000000000	1.00000000000	NaN	0.0129222869873	-2.97897019818	1.01900434494	-3.06946224789	1.02261400223	2.44576454163	0.261981487274	0.0874104499817	2.59267929039	54.1380626678	0.0993113574982	1015.24156092	0.00545358657837	0.000730419158936	0.00100405216217	200000.000000	16.0000000000	0.00000000000	166.000000000	232.000000000	5.00000000000	0.950000000000	-0.740000000000	22.3000000000	0.00000000000	106.000000000	32.0000000000	13011488.0000	2500.00000000	2000.00000000	206.200000000	6466.00000000	1700.00000000	6000.00000000	13314.0000000	5801.00000000	23.4081460007	23.5137486754	23.1798541774	-0.365118443319	23.6668057909	26.2141808083	24.1922097605	-10.8927789160	23.5243397747	23.2737861163	23.2758785345	23.8878234650	23.9764863670	22.7635844875	-12.4077104270	0.882295696942	0.00000000000	0.100000000000	0.0500000000000	-0.00952410697937	0.00000000000	49.4179687500	0.00000000000	-0.573242187500	0.00000000000	14.7562503815	15.1312503815	14.7500000000	14.9812498093	14.8312501907	-300.000000000	1398.45097522	NaN	0.00000000000	22.2999572754	25.0000610352	640.000000000	24.4126381535	24.6632328248	25.1739981715	25.5846822245	24.0358397467	26.4452938315	-59.8109731922	-60.2819306401	-0.000531673431396	-0.000531673431396	-0.000531673431396	-0.000531673431396	-98.9704909459	NaN	-273.150000000	-273.150000000	NaN	0.00000000000	NaN	NaN	1.00000000000	0.00000000000	5.00000000000	0.00000000000

















3733299867.33	NaN	8.00000000000	113.000000000	0.00000000000	2.00000000000	NaN	0.00964069366455	-2.90369796184	1.01736354828	-3.09212447352	1.02294206619	2.44904565811	0.262638092041	0.0949573516846	2.67834025669	55.4706280632	0.102551181793	1015.54718970	0.00635910034180	0.000743603706360	0.00104537010193	200000.000000	16.0000000000	0.00000000000	166.000000000	232.000000000	5.00000000000	0.950000000000	-0.740000000000	22.3000000000	0.00000000000	106.000000000	32.0000000000	13011488.0000	2500.00000000	2000.00000000	206.200000000	6466.00000000	1700.00000000	6000.00000000	13314.0000000	5801.00000000	23.4081460007	23.5137486754	23.1798541774	-0.365118443319	23.6668057909	26.2141808083	24.1922097605	-10.8927789160	23.5243397747	23.2737861163	23.2758785345	23.8878234650	23.9764863670	22.7635844875	-12.4077104270	0.882295696942	0.00000000000	0.100000000000	0.0500000000000	-0.00904364585876	0.00000000000	49.4179687500	0.00000000000	-0.573242187500	0.00000000000	14.7500000000	15.0062503815	14.7500000000	14.9812498093	14.8312501907	-300.000000000	2502.94837833	NaN	0.00000000000	22.3002014160	25.0000610352	640.000000000	24.4126381535	24.6632328248	25.1739981715	25.5846822245	24.0358397467	26.4452938315	-59.8109731922	-60.2819306401	-0.000531673431396	-0.000531673431396	-0.000531673431396	-0.000531673431396	-98.9704909459	NaN	-273.150000000	-273.150000000	NaN	0.00000000000	NaN	NaN	1.00000000000	0.00000000000	5.00000000000	0.00000000000

















3733299867.53	NaN	11.0000000000	110.000000000	0.00000000000	3.00000000000	NaN	0.00603103637695	-3.10723222057	1.01900434494	-3.06946224789	1.02064514160	2.44281101227	0.263622283936	0.0956139564514	2.68785660496	54.7090435638	0.102551181793	1015.11054090	0.00530910491943	0.000725126266479	0.00102834701538	200000.000000	16.0000000000	0.00000000000	166.000000000	232.000000000	5.00000000000	0.950000000000	-0.740000000000	22.3000000000	0.00000000000	106.000000000	32.0000000000	13011488.0000	2500.00000000	2000.00000000	206.200000000	6466.00000000	1700.00000000	6000.00000000	13314.0000000	5801.00000000	23.4081460007	23.5137486754	23.1798541774	-0.365118443319	23.6668057909	26.2141808083	24.1922097605	-10.8927789160	23.5243397747	23.2737861163	23.2758785345	23.8878234650	23.9764863670	22.7635844875	-12.4077104270	0.882295696942	0.00000000000	0.100000000000	0.0500000000000	-0.00764708518982	0.00000000000	52.7753906250	0.00000000000	-0.570312500000	0.00000000000	14.7500000000	15.0062503815	14.7500000000	14.9812498093	14.8312501907	-300.000000000	4060.53303546	NaN	0.00000000000	22.3002014160	25.0000610352	640.000000000	24.4126381535	24.6632328248	25.1739981715	25.5846822245	24.0358397467	26.4452938315	-59.8109731922	-60.2819306401	-0.000531673431396	-0.000531673431396	-0.000531673431396	-0.000531673431396	-98.9704909459	NaN	-273.150000000	-273.150000000	NaN	0.00000000000	NaN	NaN	1.00000000000	0.00000000000	5.00000000000	0.00000000000

















3733299867.73	NaN	18.0000000000	129.000000000	0.00000000000	2.00000000000	NaN	0.00471878051758	-3.17530773014	1.01867628098	-3.07702225654	1.02359819412	2.44412374496	0.263294219971	0.0568928718567	1.91685258064	41.5734399376	0.100930681229	1015.15419309	0.00713348388672	0.000733041763306	0.00102443695068	200000.000000	16.0000000000	0.00000000000	166.000000000	232.000000000	5.00000000000	0.950000000000	-0.740000000000	22.3000000000	0.00000000000	106.000000000	32.0000000000	13011488.0000	2500.00000000	2000.00000000	206.200000000	6466.00000000	1700.00000000	6000.00000000	13314.0000000	5801.00000000	23.4081460007	23.5137486754	23.1798541774	-0.365118443319	23.6668057909	26.2141808083	24.1922097605	-10.8927789160	23.5243397747	23.2737861163	23.2758785345	23.8878234650	23.9764863670	22.7635844875	-12.4077104270	0.882295696942	0.00000000000	0.100000000000	0.0500000000000	-0.00710239410400	0.00000000000	52.7753906250	0.00000000000	-0.570312500000	0.00000000000	14.7500000000	15.1125001907	14.7500000000	14.9812498093	14.8312501907	-300.000000000	2747.43905421	NaN	0.00000000000	22.2998352051	24.9997558594	640.000000000	24.4126381535	24.6632328248	25.1739981715	25.5846822245	24.0358397467	26.4452938315	-59.8109731922	-60.2819306401	-0.000531673431396	-0.000531673431396	-0.000531673431396	-0.000531673431396	-98.9704909459	NaN	-273.150000000	-273.150000000	NaN	0.00000000000	NaN	NaN	1.00000000000	0.00000000000	5.00000000000	0.00000000000

















3733299867.93	NaN	7.00000000000	102.000000000	0.00000000000	0.00000000000	NaN	0.00603103637695	-2.92625876197	1.02228593826	-3.09212447352	1.02031707764	2.44674873352	0.262966156006	0.0923323631287	2.63074468346	56.4225395279	0.0976920337677	1015.24156092	0.0113863945007	0.000746750831604	0.00101652145386	200000.000000	16.0000000000	0.00000000000	166.000000000	232.000000000	5.00000000000	0.950000000000	-0.740000000000	22.3000000000	0.00000000000	106.000000000	32.0000000000	13011488.0000	2500.00000000	2000.00000000	206.200000000	6466.00000000	1700.00000000	6000.00000000	13314.0000000	5801.00000000	23.4081460007	23.5137486754	23.1798541774	-0.365118443319	23.6668057909	26.2141808083	24.1922097605	-10.8927789160	23.5243397747	23.2737861163	23.2758785345	23.8878234650	23.9764863670	22.7635844875	-12.4077104270	0.882295696942	0.00000000000	0.100000000000	0.0500000000000	-0.00797920227051	0.00000000000	47.0507812500	0.00000000000	-0.574218750000	0.00000000000	14.7500000000	15.1125001907	14.7500000000	14.9812498093	14.8312501907	-300.000000000	0.00000000000	NaN	0.00000000000	22.2998352051	24.9997558594	640.000000000	24.4126381535	24.6632328248	25.1739981715	25.5846822245	24.0358397467	26.4452938315	-59.8109731922	-60.2819306401	-0.000531673431396	-0.000531673431396	-0.000531673431396	-0.000531673431396	-98.9704909459	NaN	-273.150000000	-273.150000000	NaN	0.00000000000	NaN	NaN	1.00000000000	0.00000000000	5.00000000000	0.00000000000


















3733299868.13	NaN	10.0000000000	112.000000000	0.00000000000	0.00000000000	NaN	0.0102968215942	-2.97897019818	1.02162981033	-3.04682341551	1.02097320557	2.57931804657	0.264935016632	0.0851130485535	2.50700449219	55.0896974945	0.103360843658	1015.59084189	0.0128169059753	0.000718569755554	0.00100209712982	200000.000000	16.0000000000	0.00000000000	166.000000000	232.000000000	5.00000000000	0.950000000000	-0.740000000000	22.3000000000	0.00000000000	106.000000000	32.0000000000	13011488.0000	2500.00000000	2000.00000000	206.200000000	6466.00000000	1700.00000000	6000.00000000	13314.0000000	5801.00000000	23.4081460007	23.5137486754	23.1798541774	-0.365118443319	23.6668057909	26.2141808083	24.1922097605	-10.8927789160	23.5243397747	23.2737861163	23.2758785345	23.8878234650	23.9764863670	22.7635844875	-12.4077104270	0.882295696942	0.00000000000	0.100000000000	0.0500000000000	-0.00792012214661	0.00000000000	47.0507812500	0.00000000000	-0.574218750000	0.00000000000	14.7500000000	15.0437498093	14.7500000000	14.9812498093	14.8312501907	-300.000000000	0.00000000000	NaN	0.00000000000	22.2998352051	24.9997558594	640.000000000	24.4126381535	24.6632328248	25.1739981715	25.5846822245	24.0532857960	26.4452938315	-59.8109731922	-60.2819306401	-0.000531673431396	-0.000531673431396	-0.000531673431396	-0.000531673431396	-98.9704909459	NaN	-273.150000000	-273.150000000	NaN	0.00000000000	NaN	NaN	1.00000000000	0.00000000000	5.00000000000	0.00000000000


















3733299868.33	NaN	12.0000000000	98.0000000000	0.00000000000	0.00000000000	NaN	0.00504684448242	-3.07702225654	1.02195787430	-3.10723222057	1.02031707764	2.57833337784	0.267560005188	0.0939731597900	2.63074468346	55.0896974945	0.0993113574982	1015.41616968	0.0148649215698	0.000744199752808	0.00101587772369	200000.000000	16.0000000000	0.00000000000	166.000000000	232.000000000	5.00000000000	0.950000000000	-0.740000000000	22.3000000000	0.00000000000	106.000000000	32.0000000000	13011488.0000	2500.00000000	2000.00000000	206.200000000	6466.00000000	1700.00000000	6000.00000000	13314.0000000	5801.00000000	23.4081460007	23.5137486754	23.1798541774	-0.365118443319	23.6668057909	26.2141808083	24.1922097605	-10.8927789160	23.5243397747	23.2737861163	23.2758785345	23.8878234650	23.9764863670	22.7635844875	-12.4077104270	0.882295696942	0.00000000000	0.100000000000	0.0500000000000	-0.00763659477234	0.00000000000	54.5625000000	0.00000000000	-0.567773461342	0.00000000000	14.7500000000	15.0437498093	14.7500000000	14.9812498093	14.8312501907	-300.000000000	0.00000000000	NaN	0.00000000000	22.3002014160	25.0000305176	640.000000000	24.4126381535	24.6632328248	25.1739981715	25.5846822245	24.0532857960	26.4452938315	-59.8109731922	-60.2819306401	-0.000531673431396	-0.000531673431396	-0.000531673431396	-0.000531673431396	-98.9704909459	NaN	-273.150000000	-273.150000000	NaN	0.00000000000	NaN	NaN	1.00000000000	0.00000000000	5.00000000000	0.00000000000

















3733299868.53	NaN	16.0000000000	123.000000000	0.00000000000	1.00000000000	NaN	0.0109534263611	-3.16774066425	1.02622365952	-3.02419697213	1.02491092682	2.57636451721	0.265919208527	0.0920042991638	2.58314911022	53.3764781685	0.102551181793	1015.41616968	0.0149040222168	0.000725793838501	0.000998139381409	200000.000000	16.0000000000	0.00000000000	166.000000000	232.000000000	5.00000000000	0.950000000000	-0.740000000000	22.3000000000	0.00000000000	106.000000000	32.0000000000	13011488.0000	2500.00000000	2000.00000000	206.200000000	6466.00000000	1700.00000000	6000.00000000	13314.0000000	5801.00000000	23.4081460007	23.5137486754	23.1798541774	-0.365118443319	23.6668057909	26.2141808083	24.1922097605	-10.8927789160	23.5243397747	23.2737861163	23.2758785345	23.8878234650	23.9764863670	22.7635844875	-12.4077104270	0.882295696942	0.00000000000	0.100000000000	0.0500000000000	-0.00662989616394	0.00000000000	54.5625000000	0.00000000000	-0.567773461342	0.00000000000	14.7500000000	15.0875005722	14.7500000000	14.9812498093	14.8312501907	-300.000000000	1259.86574344	NaN	0.00000000000	22.3002014160	25.0000305176	640.000000000	24.4126381535	24.6632328248	25.1739981715	25.5846822245	24.0532857960	26.4452938315	-59.8109731922	-60.2819306401	-0.000531673431396	-0.000531673431396	-0.000531673431396	-0.000531673431396	-98.9704909459	NaN	-273.150000000	-273.150000000	NaN	0.00000000000	NaN	NaN	1.00000000000	0.00000000000	5.00000000000	0.00000000000

















3733299868.73	NaN	7.00000000000	125.000000000	0.00000000000	2.00000000000	NaN	0.00701570510864	-3.01664661540	1.02556705475	-3.07702225654	1.01769208908	2.57833337784	0.265591144562	0.0903635025024	2.19289583988	45.0001552277	0.103360843658	1015.32886530	0.0148777961731	0.000727176666260	0.000982427597046	200000.000000	16.0000000000	0.00000000000	166.000000000	232.000000000	5.00000000000	0.950000000000	-0.740000000000	22.3000000000	0.00000000000	106.000000000	32.0000000000	13011488.0000	2500.00000000	2000.00000000	206.200000000	6466.00000000	1700.00000000	6000.00000000	13314.0000000	5801.00000000	23.4081460007	23.5137486754	23.1798541774	-0.365118443319	23.6668057909	26.2141808083	24.1922097605	-10.8927789160	23.5243397747	23.2737861163	23.2758785345	23.8878234650	23.9764863670	22.7635844875	-12.4077104270	0.882295696942	0.00000000000	0.100000000000	0.0500000000000	-0.00807633399963	0.00000000000	45.2988281250	0.000390625005821	-0.573437511921	0.00000000000	14.7500000000	15.0875005722	14.7500000000	14.9812498093	14.8312501907	-300.000000000	2848.16899230	NaN	0.00000000000	22.3001708984	24.9998168945	640.000000000	24.4126381535	24.6632328248	25.1739981715	25.5846822245	24.0532857960	26.4452938315	-59.8109731922	-60.2819306401	-0.000531673431396	-0.000531673431396	-0.000531673431396	-0.000531673431396	-98.9704909459	NaN	-273.150000000	-273.150000000	NaN	0.00000000000	NaN	NaN	1.00000000000	0.00000000000	5.00000000000	0.00000000000


















3733299868.93	NaN	11.0000000000	115.000000000	0.00000000000	0.00000000000	NaN	0.00373411178589	-3.11478817035	1.02819252014	-3.04682341551	1.02327013016	2.57702112198	0.267231941223	0.0910196304321	2.56411641369	54.3283896332	0.0985016956329	1015.19784528	0.0164661407471	0.000698208808899	0.000992894172668	200000.000000	16.0000000000	0.00000000000	166.000000000	232.000000000	5.00000000000	0.950000000000	-0.740000000000	22.3000000000	0.00000000000	106.000000000	32.0000000000	13011488.0000	2500.00000000	2000.00000000	206.200000000	6466.00000000	1700.00000000	6000.00000000	13314.0000000	5801.00000000	23.4081460007	23.5137486754	23.1798541774	-0.365118443319	23.6668057909	26.2141808083	24.1922097605	-10.8927789160	23.5243397747	23.2737861163	23.2758785345	23.8878234650	23.9764863670	22.7635844875	-12.4077104270	0.882295696942	0.00000000000	0.100000000000	0.0500000000000	-0.00754871368408	0.00000000000	45.2988281250	0.000390625005821	-0.573437511921	0.00000000000	14.7500000000	15.0187501907	14.7500000000	14.9812498093	14.8312501907	-300.000000000	0.00000000000	NaN	0.00000000000	22.3001708984	24.9998168945	640.000000000	24.4126381535	24.6632328248	25.1739981715	25.5846822245	24.0532857960	26.4452938315	-59.8109731922	-60.2819306401	-0.000531673431396	-0.000531673431396	-0.000531673431396	-0.000531673431396	-98.9704909459	NaN	-273.150000000	-273.150000000	NaN	0.00000000000	NaN	NaN	1.00000000000	0.00000000000	5.00000000000	0.00000000000


















3733299869.13	NaN	11.0000000000	116.000000000	0.00000000000	0.00000000000	NaN	0.00603103637695	-3.01664661540	1.04033374786	-2.85860208264	1.03344249725	0.0270323753357	0.0162034034729	0.0214538574219	0.622324914551	37.9563976822	0.0976920337677	1015.50353751	-0.00968027114868	0.000708150863647	0.00100474357605	200000.000000	16.0000000000	0.00000000000	166.000000000	232.000000000	5.00000000000	0.950000000000	-0.740000000000	22.3000000000	0.00000000000	106.000000000	32.0000000000	13011488.0000	2500.00000000	2000.00000000	206.200000000	6466.00000000	1700.00000000	6000.00000000	13314.0000000	5801.00000000	23.4081460007	23.5137486754	23.1798541774	-0.365118443319	23.6668057909	26.2141808083	24.1922097605	-10.8927789160	23.5243397747	23.2737861163	23.2758785345	23.8878234650	23.9764863670	22.7635844875	-12.4077104270	0.882295696942	0.00000000000	0.100000000000	0.0500000000000	-0.0264010429382	0.00000000000	54.5058593750	-0.000390625005821	-0.568945348263	0.00000000000	14.7500000000	15.0187501907	14.7500000000	14.9812498093	14.8312501907	-300.000000000	0.00000000000	NaN	0.00000000000	22.3001708984	24.9998168945	640.000000000	24.4126381535	24.6632328248	25.1739981715	25.5846822245	24.0532857960	26.3802496378	-59.8109731922	-60.2819306401	-0.000531673431396	-0.000531673431396	-0.000531673431396	-0.000531673431396	-98.9704909459	NaN	-273.150000000	-273.150000000	NaN	0.00000000000	NaN	NaN	1.00000000000	0.00000000000	5.00000000000	0.00000000000


















3733299869.33	NaN	12.0000000000	122.000000000	0.00000000000	1.00000000000	NaN	0.00964069366455	-3.18287618955	1.02852058411	-3.02419697213	1.02786445618	0.0247354507446	0.0125937461853	0.0221099853516	0.679436836052	18.7286713371	0.105789829254	1015.41616968	0.0163345336914	0.000699567794800	0.000968623161316	200000.000000	16.0000000000	0.00000000000	166.000000000	232.000000000	5.00000000000	0.950000000000	-0.740000000000	22.3000000000	0.00000000000	106.000000000	32.0000000000	13011488.0000	2500.00000000	2000.00000000	206.200000000	6466.00000000	1700.00000000	6000.00000000	13314.0000000	5801.00000000	23.4081460007	23.5137486754	23.1798541774	-0.365118443319	23.6668057909	26.2141808083	24.1922097605	-10.8927789160	23.5243397747	23.2737861163	23.2758785345	23.8878234650	23.9764863670	22.7635844875	-12.4077104270	0.882295696942	0.00000000000	0.100000000000	0.0500000000000	-0.0116937637329	0.00000000000	54.5058593750	-0.000390625005821	-0.568945348263	0.00000000000	14.7500000000	15.1062498093	14.7500000000	14.9812498093	14.8312501907	-300.000000000	1479.32049565	NaN	0.00000000000	22.2997741699	25.0002441406	640.000000000	24.4126381535	24.6632328248	25.1739981715	25.5846822245	24.0532857960	26.3802496378	-59.8109731922	-60.2819306401	-0.000531673431396	-0.000531673431396	-0.000531673431396	-0.000531673431396	-98.9704909459	NaN	-273.150000000	-273.150000000	NaN	0.00000000000	NaN	NaN	1.00000000000	0.00000000000	5.00000000000	0.00000000000

















3733299869.53	NaN	8.00000000000	109.000000000	0.00000000000	5.00000000000	NaN	0.00209331512451	-3.02419697213	1.03048944473	-3.04682341551	1.02195787430	0.0276885032654	0.0132503509521	0.0207977294922	0.669920487785	21.2034751625	0.104980167389	1015.24156092	0.0184741020203	0.000727128982544	0.000978493690491	200000.000000	16.0000000000	0.00000000000	166.000000000	232.000000000	5.00000000000	0.950000000000	-0.740000000000	22.3000000000	0.00000000000	106.000000000	32.0000000000	13011488.0000	2500.00000000	2000.00000000	206.200000000	6466.00000000	1700.00000000	6000.00000000	13314.0000000	5801.00000000	23.4081460007	23.5137486754	23.1798541774	-0.365118443319	23.6668057909	26.2141808083	24.1922097605	-10.8927789160	23.5243397747	23.2737861163	23.2758785345	23.8878234650	23.9764863670	22.7635844875	-12.4077104270	0.882295696942	0.00000000000	0.100000000000	0.0500000000000	-0.00893077850342	0.00000000000	54.6738281250	-0.000390625005821	-0.571484386921	0.00000000000	14.7500000000	15.1062498093	14.7500000000	14.9812498093	14.8312501907	-300.000000000	6780.35339151	NaN	0.00000000000	22.2997741699	25.0002441406	640.000000000	24.4126381535	24.6632328248	25.1739981715	25.5846822245	24.0532857960	26.3802496378	-59.8109731922	-60.2819306401	-0.000531673431396	-0.000531673431396	-0.000531673431396	-0.000531673431396	-98.9704909459	NaN	-273.150000000	-273.150000000	NaN	0.00000000000	NaN	NaN	1.00000000000	0.00000000000	5.00000000000	0.00000000000


















3733299869.73	NaN	13.0000000000	88.0000000000	0.00000000000	2.00000000000	NaN	0.00504684448242	-3.05436831509	1.03213024139	-3.02419697213	1.02064514160	0.0283446311951	0.0132503509521	-0.00348472595215	0.155913194275	9.40043693161	0.101740343094	1015.24156092	0.0189728736877	0.000691008567810	0.000994896888733	200000.000000	16.0000000000	0.00000000000	166.000000000	232.000000000	5.00000000000	0.950000000000	-0.740000000000	22.3000000000	0.00000000000	106.000000000	32.0000000000	13011488.0000	2500.00000000	2000.00000000	206.200000000	6466.00000000	1700.00000000	6000.00000000	13314.0000000	5801.00000000	23.4081460007	23.5137486754	23.1798541774	-0.365118443319	23.6668057909	26.2141808083	24.1922097605	-10.8927789160	23.5243397747	23.2737861163	23.2758785345	23.8878234650	23.9764863670	22.7635844875	-12.4077104270	0.882295696942	0.00000000000	0.100000000000	0.0500000000000	-0.00929703712463	0.00000000000	54.6738281250	-0.000390625005821	-0.571484386921	0.00000000000	14.7500000000	15.0000000000	14.7500000000	14.9812498093	14.8312501907	-300.000000000	2800.66729202	NaN	0.00000000000	22.2997741699	25.0002441406	640.000000000	24.4126381535	24.6632328248	25.1739981715	25.5846822245	24.0532857960	26.3802496378	-59.8109731922	-60.2819306401	-0.000531673431396	-0.000531673431396	-0.000531673431396	-0.000531673431396	-98.9704909459	NaN	-273.150000000	-273.150000000	NaN	0.00000000000	NaN	NaN	1.00000000000	0.00000000000	5.00000000000	0.00000000000

















3733299869.93	NaN	16.0000000000	85.0000000000	0.00000000000	1.00000000000	NaN	0.00504684448242	-3.05436831509	1.03048944473	-3.09967765529	1.02195787430	0.0273604393005	0.0132503509521	0.0201411247253	0.603292218018	15.3019560471	0.100930681229	1015.32886530	0.0187497138977	0.000710010528564	0.000980424880981	200000.000000	16.0000000000	0.00000000000	166.000000000	232.000000000	5.00000000000	0.950000000000	-0.740000000000	22.3000000000	0.00000000000	106.000000000	32.0000000000	13011488.0000	2500.00000000	2000.00000000	206.200000000	6466.00000000	1700.00000000	6000.00000000	13314.0000000	5801.00000000	23.4081460007	23.5137486754	23.1798541774	-0.365118443319	23.6668057909	26.2141808083	24.1922097605	-10.8927789160	23.5243397747	23.2737861163	23.2758785345	23.8878234650	23.9764863670	22.7635844875	-12.4077104270	0.882295696942	0.00000000000	0.100000000000	0.0500000000000	-0.00931930541992	0.00000000000	45.1015625000	0.00000000000	-0.570312500000	0.00000000000	14.7500000000	15.0000000000	14.7500000000	14.9812498093	14.8312501907	-300.000000000	1280.63276119	NaN	0.00000000000	22.3003234863	24.9996948242	640.000000000	24.4126381535	24.6632328248	25.1739981715	25.5846822245	24.0532857960	26.3802496378	-59.8109731922	-60.2819306401	-0.000531673431396	-0.000531673431396	-0.000531673431396	-0.000531673431396	-98.9704909459	NaN	-273.150000000	-273.150000000	NaN	0.00000000000	NaN	NaN	1.00000000000	0.00000000000	5.00000000000	0.00000000000


















3733299870.13	NaN	12.0000000000	119.000000000	0.00000000000	0.00000000000	NaN	0.0142345428467	-3.16774066425	1.03409910202	-3.00157193761	1.02753591537	0.0234227180481	0.00865650177002	0.0148911476135	0.555696644783	17.5864329071	0.0985016956329	1015.41616968	0.0188155174255	0.000700879096985	0.000994896888733	200000.000000	16.0000000000	0.00000000000	166.000000000	232.000000000	5.00000000000	0.950000000000	-0.740000000000	22.3000000000	0.00000000000	106.000000000	32.0000000000	13011488.0000	2500.00000000	2000.00000000	206.200000000	6466.00000000	1700.00000000	6000.00000000	13314.0000000	5801.00000000	23.4081460007	23.5137486754	23.1798541774	-0.365118443319	23.6668057909	26.2141808083	24.1922097605	-10.8927789160	23.5243397747	23.2737861163	23.2758785345	23.8878234650	23.9764863670	22.7635844875	-12.4077104270	0.882295696942	0.00000000000	0.100000000000	0.0500000000000	-0.00972752571106	0.00000000000	45.1015625000	0.00000000000	-0.570312500000	0.00000000000	14.7500000000	15.1250000000	14.7500000000	14.9812498093	14.8312501907	-300.000000000	0.00000000000	NaN	0.00000000000	22.3003234863	24.9996948242	640.000000000	24.4126381535	24.6632328248	25.1739981715	25.5846822245	24.0532857960	26.3802496378	-58.4924120055	-60.2819306401	-0.000531673431396	-0.000531673431396	-0.000531673431396	-0.000531673431396	-98.9704909459	NaN	-273.150000000	-273.150000000	NaN	0.00000000000	NaN	NaN	1.00000000000	0.00000000000	5.00000000000	0.00000000000

















3733299870.33	NaN	8.00000000000	131.000000000	0.00000000000	1.00000000000	NaN	0.0155472755432	-3.22075043653	1.03377103806	-3.00157193761	1.02753591537	0.0247354507446	0.00898456573486	0.0181722640991	0.603292218018	17.0154520111	0.100121019363	1015.32886530	0.0194587707520	0.000721907615662	0.000990295410156	200000.000000	16.0000000000	0.00000000000	166.000000000	232.000000000	5.00000000000	0.950000000000	-0.740000000000	22.3000000000	0.00000000000	106.000000000	32.0000000000	13011488.0000	2500.00000000	2000.00000000	206.200000000	6466.00000000	1700.00000000	6000.00000000	13314.0000000	5801.00000000	23.4081460007	23.5137486754	23.1798541774	-0.365118443319	23.6668057909	26.2141808083	24.1922097605	-10.8927789160	23.5243397747	23.2737861163	23.2758785345	23.8878234650	23.9764863670	22.7635844875	-12.4077104270	0.882295696942	0.00000000000	0.100000000000	0.0500000000000	-0.00812230110168	0.00000000000	48.9824218750	0.00000000000	-0.570507824421	0.00000000000	14.7500000000	15.1250000000	14.7500000000	14.9812498093	14.8312501907	-300.000000000	1325.12726647	NaN	0.00000000000	22.2998962402	25.0000610352	640.000000000	24.4126381535	24.6632328248	25.1739981715	25.5846822245	24.0532857960	26.3802496378	-58.4924120055	-60.2819306401	-0.000531673431396	-0.000531673431396	-0.000531673431396	-0.000531673431396	-98.9704909459	NaN	-273.150000000	-273.150000000	NaN	0.00000000000	NaN	NaN	1.00000000000	0.00000000000	5.00000000000	0.00000000000


















3733299870.53	NaN	8.00000000000	108.000000000	0.00000000000	0.00000000000	NaN	0.0125937461853	-3.16016399527	1.03147363663	-3.01664661540	1.02852058411	0.0234227180481	0.00832796096802	0.0191569328308	0.612808566284	17.3961059418	0.104170505524	1015.37251749	0.0210204124451	0.000715351104736	0.00100142955780	200000.000000	16.0000000000	0.00000000000	166.000000000	232.000000000	5.00000000000	0.950000000000	-0.740000000000	22.3000000000	0.00000000000	106.000000000	32.0000000000	13011488.0000	2500.00000000	2000.00000000	206.200000000	6466.00000000	1700.00000000	6000.00000000	13314.0000000	5801.00000000	23.4081460007	23.5137486754	23.1798541774	-0.365118443319	23.6668057909	26.2141808083	24.1922097605	-10.8927789160	23.5243397747	23.2737861163	23.2758785345	23.8878234650	23.9764863670	22.7635844875	-12.4077104270	0.882295696942	0.00000000000	0.100000000000	0.0500000000000	-0.00848326683044	0.00000000000	48.9824218750	0.00000000000	-0.570507824421	0.00000000000	14.7500000000	15.0000000000	14.7562503815	14.9812498093	14.8289070129	-300.000000000	0.00000000000	NaN	0.00000000000	22.2998962402	25.0000610352	640.000000000	24.4126381535	24.6632328248	25.1739981715	25.5846822245	24.0532857960	26.3802496378	-58.4924120055	-60.2819306401	-0.000531673431396	-0.000531673431396	-0.000531673431396	-0.000531673431396	-98.9704909459	NaN	-273.150000000	-273.150000000	NaN	0.00000000000	NaN	NaN	1.00000000000	0.00000000000	5.00000000000	0.00000000000

















3733299870.73	NaN	12.0000000000	123.000000000	0.00000000000	0.00000000000	NaN	0.00964069366455	-2.93379268458	1.02852058411	-3.03173774501	1.02917671204	0.0286726951599	0.0116095542908	0.00406217575073	0.127350317574	11.4945868263	0.0985016956329	1015.37251749	0.0182247161865	0.000732374191284	0.00102310180664	200000.000000	16.0000000000	0.00000000000	166.000000000	232.000000000	5.00000000000	0.950000000000	-0.740000000000	22.3000000000	0.00000000000	106.000000000	32.0000000000	13011488.0000	2500.00000000	2000.00000000	206.200000000	6466.00000000	1700.00000000	6000.00000000	13314.0000000	5801.00000000	23.4081460007	23.5137486754	23.1798541774	-0.365118443319	23.6668057909	26.2141808083	24.1922097605	-10.8927789160	23.5243397747	23.2737861163	23.2758785345	23.8878234650	23.9764863670	22.7635844875	-12.4077104270	0.882295696942	0.00000000000	0.100000000000	0.0500000000000	-0.00717201232910	0.00000000000	47.4902343750	0.00000000000	-0.568164050579	0.00000000000	14.7500000000	15.0000000000	14.7562503815	14.9812498093	14.8289070129	-300.000000000	0.00000000000	NaN	0.00000000000	22.3002319336	25.0001220703	640.000000000	24.4126381535	24.6632328248	25.1739981715	25.5846822245	24.0532857960	26.3802496378	-58.4924120055	-60.2819306401	-0.000531673431396	-0.000531673431396	-0.000531673431396	-0.000531673431396	-98.9704909459	NaN	-273.150000000	-273.150000000	NaN	0.00000000000	NaN	NaN	1.00000000000	0.00000000000	5.00000000000	0.00000000000


















3733299870.93	NaN	8.00000000000	126.000000000	0.00000000000	0.00000000000	NaN	0.0116095542908	-3.17530773014	1.02983331680	-3.07702225654	1.02195787430	0.0250635147095	0.0129222869873	0.0194849967957	0.631841262817	16.4441944771	0.101740343094	1015.59084189	0.0209550857544	0.000718569755554	0.000992918014526	200000.000000	16.0000000000	0.00000000000	166.000000000	232.000000000	5.00000000000	0.950000000000	-0.740000000000	22.3000000000	0.00000000000	106.000000000	32.0000000000	13011488.0000	2500.00000000	2000.00000000	206.200000000	6466.00000000	1700.00000000	6000.00000000	13314.0000000	5801.00000000	23.4081460007	23.5137486754	23.1798541774	-0.365118443319	23.6668057909	26.2141808083	24.1922097605	-10.8927789160	23.5243397747	23.2737861163	23.2758785345	23.8878234650	23.9764863670	22.7635844875	-12.4077104270	0.882295696942	0.00000000000	0.100000000000	0.0500000000000	-0.00915389060974	0.00000000000	47.4902343750	0.00000000000	-0.568164050579	0.00000000000	14.7562503815	15.1062498093	14.7500000000	14.9812498093	14.8312501907	-300.000000000	0.00000000000	NaN	0.00000000000	22.3002319336	25.0001220703	640.000000000	24.4126381535	24.6632328248	25.1739981715	25.5846822245	24.0532857960	26.3802496378	-58.4924120055	-60.2819306401	-0.000531673431396	-0.000531673431396	-0.000531673431396	-0.000531673431396	-98.9704909459	NaN	-273.150000000	-273.150000000	NaN	0.00000000000	NaN	NaN	1.00000000000	0.00000000000	5.00000000000	0.00000000000

















3733299871.13	NaN	16.0000000000	121.000000000	0.00000000000	0.00000000000	NaN	0.000781059265137	-3.08457267427	1.03311443329	-3.02419697213	1.02294206619	-0.000859737396240	0.00570297241211	0.0119376182556	0.508101071548	14.5406481857	0.102551181793	1015.28521311	0.0236849784851	0.000740909576416	0.00103032588959	200000.000000	16.0000000000	0.00000000000	166.000000000	232.000000000	5.00000000000	0.950000000000	-0.740000000000	22.3000000000	0.00000000000	106.000000000	32.0000000000	13011488.0000	2500.00000000	2000.00000000	206.200000000	6466.00000000	1700.00000000	6000.00000000	13314.0000000	5801.00000000	23.4081460007	23.5137486754	23.1798541774	-0.365118443319	23.6668057909	26.2141808083	24.1922097605	-10.8927789160	23.5243397747	23.2737861163	23.2758785345	23.8878234650	23.9764863670	22.7635844875	-12.4077104270	0.882295696942	0.00000000000	0.100000000000	0.0500000000000	-0.00744242668152	0.00000000000	47.8613281250	-0.000390625005821	-0.569531261921	0.00000000000	14.7562503815	15.1062498093	14.7500000000	14.9812498093	14.8312501907	-300.000000000	0.00000000000	NaN	0.00000000000	22.3002319336	25.0001220703	640.000000000	24.4126381535	24.6632328248	25.1739981715	25.5846822245	24.0532857960	26.3802496378	-58.4924120055	-59.5060620420	-0.000531673431396	-0.000531673431396	-0.000531673431396	-0.000531673431396	-98.9704909459	NaN	-273.150000000	-273.150000000	NaN	0.00000000000	NaN	NaN	1.00000000000	0.00000000000	5.00000000000	0.00000000000

















3733299871.33	NaN	16.0000000000	106.000000000	0.00000000000	2.00000000000	NaN	0.0155472755432	-2.85860208264	1.03475522995	-2.99403665515	1.02753591537	-0.000531673431396	0.00340604782104	0.0155472755432	0.508101071548	17.2057789764	0.0993113574982	1015.37251749	0.0185661315918	0.000750088691711	0.00100667476654	200000.000000	16.0000000000	0.00000000000	166.000000000	232.000000000	5.00000000000	0.950000000000	-0.740000000000	22.3000000000	0.00000000000	106.000000000	32.0000000000	13011488.0000	2500.00000000	2000.00000000	206.200000000	6466.00000000	1700.00000000	6000.00000000	13314.0000000	5801.00000000	23.4081460007	23.5137486754	23.1798541774	-0.365118443319	23.6668057909	26.2141808083	24.1922097605	-10.8927789160	23.5243397747	23.2737861163	23.2758785345	23.8878234650	23.9764863670	22.7635844875	-12.4077104270	0.882295696942	0.00000000000	0.100000000000	0.0500000000000	-0.00946230888367	0.00000000000	47.8613281250	-0.000390625005821	-0.569531261921	0.00000000000	14.7500000000	15.0062503815	14.7500000000	14.9812498093	14.8312501907	-300.000000000	2701.35561052	NaN	0.00000000000	22.2997436523	24.9998474121	640.000000000	24.4126381535	24.6632328248	25.1739981715	25.5846822245	24.0532857960	26.3802496378	-58.4924120055	-59.5060620420	-0.000531673431396	-0.000531673431396	-0.000531673431396	-0.000531673431396	-98.9704909459	NaN	-273.150000000	-273.150000000	NaN	0.00000000000	NaN	NaN	1.00000000000	0.00000000000	5.00000000000	0.00000000000


















3733299871.53	NaN	11.0000000000	138.000000000	1.00000000000	0.00000000000	NaN	0.0152192115784	-3.16774066425	1.03147363663	-3.03927989248	1.02786445618	-0.000531673431396	0.00340604782104	0.0171880722046	0.536650116348	14.5406481857	0.0993113574982	1015.06688870	0.0183563232422	0.000727725028992	0.00102045536041	200000.000000	16.0000000000	0.00000000000	166.000000000	232.000000000	5.00000000000	0.950000000000	-0.740000000000	22.3000000000	0.00000000000	106.000000000	32.0000000000	13011488.0000	2500.00000000	2000.00000000	206.200000000	6466.00000000	1700.00000000	6000.00000000	13314.0000000	5801.00000000	23.4081460007	23.5137486754	23.1798541774	-0.365118443319	23.6668057909	26.2141808083	24.1922097605	-10.8927789160	23.5243397747	23.2737861163	23.2758785345	23.8878234650	23.9764863670	22.7635844875	-12.4077104270	0.882295696942	0.00000000000	0.100000000000	0.0500000000000	-0.00933241844177	0.00000000000	54.1425781250	0.00000000000	-0.568945348263	0.00000000000	14.7500000000	15.0062503815	14.7500000000	14.9812498093	14.8312501907	-300.000000000	0.00000000000	NaN	0.00000000000	22.2997436523	24.9998474121	640.000000000	24.4126381535	24.6632328248	25.1739981715	25.5846822245	24.0532857960	26.3802496378	-58.4924120055	-59.5060620420	-0.000531673431396	-0.000531673431396	-0.000531673431396	-0.000531673431396	-98.9704909459	NaN	-273.150000000	-273.150000000	NaN	0.00000000000	NaN	NaN	1.00000000000	0.00000000000	5.00000000000	0.00000000000


















3733299871.73	NaN	15.0000000000	111.000000000	0.00000000000	1.00000000000	NaN	0.0135784149170	-2.94131703540	1.03245830536	-2.98650274234	1.02392673492	-0.00118780136108	0.00307798385620	-0.0149698257446	-0.0439854469299	8.44852546692	0.0985016956329	1015.19784528	0.0202722549438	0.000705504417419	0.000977182388306	200000.000000	16.0000000000	0.00000000000	166.000000000	232.000000000	5.00000000000	0.950000000000	-0.740000000000	22.3000000000	0.00000000000	106.000000000	32.0000000000	13011488.0000	2500.00000000	2000.00000000	206.200000000	6466.00000000	1700.00000000	6000.00000000	13314.0000000	5801.00000000	23.4081460007	23.5137486754	23.1798541774	-0.365118443319	23.6668057909	26.2141808083	24.1922097605	-10.8927789160	23.5243397747	23.2737861163	23.2758785345	23.8878234650	23.9764863670	22.7635844875	-12.4077104270	0.882295696942	0.00000000000	0.100000000000	0.0500000000000	-0.00983638763428	0.00000000000	54.1425781250	0.00000000000	-0.568945348263	0.00000000000	14.7562503815	15.0749998093	14.7500000000	14.9812498093	14.8312501907	-300.000000000	1372.82491023	NaN	0.00000000000	22.2997436523	25.0000305176	640.000000000	24.4126381535	24.6632328248	25.1739981715	25.5846822245	24.0532857960	26.3802496378	-58.4924120055	-59.5060620420	-0.000531673431396	-0.000531673431396	-0.000531673431396	-0.000531673431396	-98.9704909459	NaN	-273.150000000	-273.150000000	NaN	0.00000000000	NaN	NaN	1.00000000000	0.00000000000	5.00000000000	0.00000000000

















3733299871.93	NaN	14.0000000000	117.000000000	0.00000000000	1.00000000000	NaN	0.0116095542908	-3.27382881653	1.03245830536	-3.03927989248	1.02720785141	-0.000531673431396	0.00373411178589	0.0168600082397	0.546180296516	16.8251250458	0.0968823719025	1015.41616968	0.0206136703491	0.000722551345825	0.00100340843201	200000.000000	16.0000000000	0.00000000000	166.000000000	232.000000000	5.00000000000	0.950000000000	-0.740000000000	22.3000000000	0.00000000000	106.000000000	32.0000000000	13011488.0000	2500.00000000	2000.00000000	206.200000000	6466.00000000	1700.00000000	6000.00000000	13314.0000000	5801.00000000	23.4081460007	23.5137486754	23.1798541774	-0.365118443319	23.6668057909	26.2141808083	24.1922097605	-10.8927789160	23.5243397747	23.2737861163	23.2758785345	23.8878234650	23.9764863670	22.7635844875	-12.4077104270	0.882295696942	0.00000000000	0.100000000000	0.0500000000000	-0.00872607231140	0.00000000000	46.0019531250	0.00000000000	-0.571093738079	0.00000000000	14.7562503815	15.0749998093	14.7500000000	14.9812498093	14.8312501907	-300.000000000	1480.36447624	NaN	0.00000000000	22.3002624512	25.0000305176	640.000000000	24.4126381535	24.6632328248	25.1739981715	25.5846822245	24.0532857960	26.3802496378	-58.4924120055	-59.5060620420	-0.000531673431396	-0.000531673431396	-0.000531673431396	-0.000531673431396	-98.9704909459	NaN	-273.150000000	-273.150000000	NaN	0.00000000000	NaN	NaN	1.00000000000	0.00000000000	5.00000000000	0.00000000000


















3733299872.13	NaN	11.0000000000	108.000000000	0.00000000000	0.00000000000	NaN	0.00274991989136	-2.97142807622	1.03377103806	-3.05436831509	1.02359819412	-0.000531673431396	0.00668764114380	0.0116095542908	0.517617419815	15.4922830124	0.104170505524	1015.28521311	0.0164790153503	0.000727081298828	0.00101392269135	200000.000000	16.0000000000	0.00000000000	166.000000000	232.000000000	5.00000000000	0.950000000000	-0.740000000000	22.3000000000	0.00000000000	106.000000000	32.0000000000	13011488.0000	2500.00000000	2000.00000000	206.200000000	6466.00000000	1700.00000000	6000.00000000	13314.0000000	5801.00000000	23.4081460007	23.5137486754	23.1798541774	-0.365118443319	23.6668057909	26.2141808083	24.1922097605	-10.8927789160	23.5243397747	23.2737861163	23.2758785345	23.8878234650	23.9764863670	22.7635844875	-12.4077104270	0.882295696942	0.00000000000	0.100000000000	0.0500000000000	-0.0110269546509	0.00000000000	46.0019531250	0.00000000000	-0.571093738079	0.00000000000	14.7500000000	15.0375003815	14.7500000000	14.9812498093	14.8312501907	-300.000000000	0.00000000000	NaN	0.00000000000	22.3002624512	25.0000305176	640.000000000	24.4126381535	24.6632328248	25.1739981715	25.5846822245	24.0532857960	26.3802496378	-58.4924120055	-59.5060620420	-0.000531673431396	-0.000531673431396	-0.000531673431396	-0.000531673431396	-98.9704909459	NaN	-273.150000000	-273.150000000	NaN	0.00000000000	NaN	NaN	1.00000000000	0.00000000000	5.00000000000	0.00000000000


















3733299872.33	NaN	14.0000000000	128.000000000	0.00000000000	0.00000000000	NaN	0.00635910034180	-3.05436831509	1.03016138077	-3.06191459222	1.02294206619	-0.000859737396240	0.00570297241211	0.0168600082397	0.574729341316	17.5864329071	0.100121019363	1015.41616968	0.0172405242920	0.000700211524963	0.000996232032776	200000.000000	16.0000000000	0.00000000000	166.000000000	232.000000000	5.00000000000	0.950000000000	-0.740000000000	22.3000000000	0.00000000000	106.000000000	32.0000000000	13011488.0000	2500.00000000	2000.00000000	206.200000000	6466.00000000	1700.00000000	6000.00000000	13314.0000000	5801.00000000	23.4081460007	23.5137486754	23.1798541774	-0.365118443319	23.6668057909	26.2141808083	24.1922097605	-10.8927789160	23.5243397747	23.2737861163	23.2758785345	23.8878234650	23.9764863670	22.7635844875	-12.4077104270	0.882295696942	0.00000000000	0.100000000000	0.0500000000000	-0.0104770183563	0.00000000000	54.5566406250	-0.000390625005821	-0.573242187500	0.00000000000	14.7500000000	15.0375003815	14.7500000000	14.9812498093	14.8312501907	-300.000000000	0.00000000000	NaN	0.00000000000	22.3000793457	25.0003051758	640.000000000	24.4126381535	24.6632328248	25.1739981715	25.5846822245	24.0532857960	26.3802496378	-58.4924120055	-59.5060620420	-0.000531673431396	-0.000531673431396	-0.000531673431396	-0.000531673431396	-98.9704909459	NaN	-273.150000000	-273.150000000	NaN	0.00000000000	NaN	NaN	1.00000000000	0.00000000000	5.00000000000	0.00000000000


















3733299872.53	NaN	15.0000000000	103.000000000	1.00000000000	2.00000000000	NaN	0.0119376182556	-2.94131703540	1.02983331680	-3.07702225654	1.02359819412	-0.000531673431396	0.00504684448242	0.0162034034729	0.565212993050	18.5383443718	0.0985016956329	1015.37251749	0.0190520286560	0.000717306137085	0.000983071327209	200000.000000	16.0000000000	0.00000000000	166.000000000	232.000000000	5.00000000000	0.950000000000	-0.740000000000	22.3000000000	0.00000000000	106.000000000	32.0000000000	13011488.0000	2500.00000000	2000.00000000	206.200000000	6466.00000000	1700.00000000	6000.00000000	13314.0000000	5801.00000000	23.4081460007	23.5137486754	23.1798541774	-0.365118443319	23.6668057909	26.2141808083	24.1922097605	-10.8927789160	23.5243397747	23.2737861163	23.2758785345	23.8878234650	23.9764863670	22.7635844875	-12.4077104270	0.882295696942	0.00000000000	0.100000000000	0.0500000000000	-0.0115978717804	0.00000000000	54.5566406250	-0.000390625005821	-0.573242187500	0.00000000000	14.7562503815	15.0312500000	14.7500000000	14.9812498093	14.8312501907	-300.000000000	2875.76370918	NaN	0.00000000000	22.3000793457	25.0003051758	640.000000000	24.4126381535	24.6632328248	25.1739981715	25.5846822245	24.0532857960	26.3802496378	-58.4924120055	-59.5060620420	-0.000531673431396	-0.000531673431396	-0.000531673431396	-0.000531673431396	-98.9704909459	NaN	-273.150000000	-273.150000000	NaN	0.00000000000	NaN	NaN	1.00000000000	0.00000000000	5.00000000000	0.00000000000

















3733299872.73	NaN	8.00000000000	112.000000000	0.00000000000	1.00000000000	NaN	0.0129222869873	-3.19801729297	1.03442716599	-2.98650274234	1.02753591537	-0.000531673431396	0.00242137908936	0.00701570510864	0.279653385544	10.1620214310	0.104170505524	1015.28521311	0.0186843872070	0.000690317153931	0.000997495651245	200000.000000	16.0000000000	0.00000000000	166.000000000	232.000000000	5.00000000000	0.950000000000	-0.740000000000	22.3000000000	0.00000000000	106.000000000	32.0000000000	13011488.0000	2500.00000000	2000.00000000	206.200000000	6466.00000000	1700.00000000	6000.00000000	13314.0000000	5801.00000000	23.4081460007	23.5137486754	23.1798541774	-0.365118443319	23.6668057909	26.2141808083	24.1922097605	-10.8927789160	23.5243397747	23.2737861163	23.2758785345	23.8878234650	23.9764863670	22.7635844875	-12.4077104270	0.882295696942	0.00000000000	0.100000000000	0.0500000000000	-0.00587253570557	0.00000000000	45.1152343750	0.00000000000	-0.568359375000	0.00000000000	14.7562503815	15.0312500000	14.7500000000	14.9812498093	14.8312501907	-300.000000000	1451.67921303	NaN	0.00000000000	22.3001098633	25.0000610352	640.000000000	24.4126381535	24.6632328248	25.1739981715	25.5846822245	24.0532857960	26.3802496378	-58.4924120055	-59.5060620420	-0.000531673431396	-0.000531673431396	-0.000531673431396	-0.000531673431396	-98.9704909459	NaN	-273.150000000	-273.150000000	NaN	0.00000000000	NaN	NaN	1.00000000000	0.00000000000	5.00000000000	0.00000000000

















3733299872.93	NaN	11.0000000000	121.000000000	0.00000000000	0.00000000000	NaN	0.0135784149170	-2.93379268458	1.03016138077	-3.03927989248	1.02523899078	-0.000531673431396	0.00537490844727	0.0158753395081	0.565212993050	17.5864329071	0.104170505524	1015.28521311	0.0199704170227	0.000685763359070	0.000978446006775	200000.000000	16.0000000000	0.00000000000	166.000000000	232.000000000	5.00000000000	0.950000000000	-0.740000000000	22.3000000000	0.00000000000	106.000000000	32.0000000000	13011488.0000	2500.00000000	2000.00000000	206.200000000	6466.00000000	1700.00000000	6000.00000000	13314.0000000	5801.00000000	23.4081460007	23.5137486754	23.1798541774	-0.365118443319	23.6668057909	26.2141808083	24.1922097605	-10.8927789160	23.5243397747	23.2737861163	23.2758785345	23.8878234650	23.9764863670	22.7635844875	-12.4077104270	0.882295696942	0.00000000000	0.100000000000	0.0500000000000	-0.00864863395691	0.00000000000	45.1152343750	0.00000000000	-0.568359375000	0.00000000000	14.7500000000	15.0625000000	14.7500000000	14.9812498093	14.8312501907	-300.000000000	0.00000000000	NaN	0.00000000000	22.3001098633	25.0000610352	640.000000000	24.4126381535	24.6632328248	25.1739981715	25.5846822245	24.0532857960	26.3802496378	-58.4924120055	-59.5060620420	-0.000531673431396	-0.000531673431396	-0.000531673431396	-0.000531673431396	-98.9704909459	NaN	-273.150000000	-273.150000000	NaN	0.00000000000	NaN	NaN	1.00000000000	0.00000000000	5.00000000000	0.00000000000

















3733299873.13	NaN	14.0000000000	120.000000000	0.00000000000	1.00000000000	NaN	0.00274991989136	-3.06946224789	1.03016138077	-3.02419697213	1.02359819412	-0.000531673431396	0.00635910034180	0.0135784149170	0.527133768082	13.7790636864	0.0993113574982	1015.41616968	0.0170698165894	0.000707435607910	0.00100407600403	200000.000000	16.0000000000	0.00000000000	166.000000000	232.000000000	5.00000000000	0.950000000000	-0.740000000000	22.3000000000	0.00000000000	106.000000000	32.0000000000	13011488.0000	2500.00000000	2000.00000000	206.200000000	6466.00000000	1700.00000000	6000.00000000	13314.0000000	5801.00000000	23.4081460007	23.5137486754	23.1798541774	-0.365118443319	23.6668057909	26.2141808083	24.1922097605	-10.8927789160	23.5243397747	23.2737861163	23.2758785345	23.8878234650	23.9764863670	22.7635844875	-12.4077104270	0.882295696942	0.00000000000	0.100000000000	0.0500000000000	-0.00915517807007	0.00000000000	54.8847656250	0.00000000000	-0.573437511921	0.00000000000	14.7500000000	15.0625000000	14.7500000000	14.9812498093	14.8312501907	-300.000000000	1509.11975743	NaN	0.00000000000	22.3001098633	25.0000610352	640.000000000	24.4126381535	24.6632328248	25.1739981715	25.5846822245	24.0532857960	26.3802496378	-58.4924120055	-59.5060620420	-0.000531673431396	-0.000531673431396	-0.000531673431396	-0.000531673431396	-98.9704909459	NaN	-273.150000000	-273.150000000	NaN	0.00000000000	NaN	NaN	1.00000000000	0.00000000000	5.00000000000	0.00000000000


















3733299873.33	NaN	14.0000000000	122.000000000	0.00000000000	0.00000000000	NaN	0.0162034034729	-3.19044604349	1.02983331680	-3.01664661540	1.02917671204	-0.000531673431396	0.00307798385620	0.0175161361694	0.574729341316	13.9693906517	0.102551181793	1015.24156092	0.0142869949341	0.000717949867249	0.00100870132446	200000.000000	16.0000000000	0.00000000000	166.000000000	232.000000000	5.00000000000	0.950000000000	-0.740000000000	22.3000000000	0.00000000000	106.000000000	32.0000000000	13011488.0000	2500.00000000	2000.00000000	206.200000000	6466.00000000	1700.00000000	6000.00000000	13314.0000000	5801.00000000	23.4081460007	23.5137486754	23.1798541774	-0.365118443319	23.6668057909	26.2141808083	24.1922097605	-10.8927789160	23.5243397747	23.2737861163	23.2758785345	23.8878234650	23.9764863670	22.7635844875	-12.4077104270	0.882295696942	0.00000000000	0.100000000000	0.0500000000000	-0.0113958358765	0.00000000000	54.8847656250	0.00000000000	-0.573437511921	0.00000000000	14.7562503815	15.0562505722	14.7562503815	14.9812498093	14.8312501907	-300.000000000	0.00000000000	NaN	0.00000000000	22.3003234863	24.9998168945	640.000000000	24.4126381535	24.6632328248	25.1739981715	25.5846822245	24.0532857960	26.3802496378	-58.4924120055	-59.5060620420	-0.000531673431396	-0.000531673431396	-0.000531673431396	-0.000531673431396	-98.9704909459	NaN	-273.150000000	-273.150000000	NaN	0.00000000000	NaN	NaN	1.00000000000	0.00000000000	5.00000000000	0.00000000000

















3733299873.53	NaN	8.00000000000	121.000000000	0.00000000000	1.00000000000	NaN	0.00668764114380	-3.15259971543	1.02819252014	-3.06191459222	1.02228593826	-0.000859737396240	0.00668764114380	0.0194849967957	0.631841262817	17.2057789764	0.0976920337677	1015.63449409	0.0128302574158	0.000716686248779	0.00101919174194	200000.000000	16.0000000000	0.00000000000	166.000000000	232.000000000	5.00000000000	0.950000000000	-0.740000000000	22.3000000000	0.00000000000	106.000000000	32.0000000000	13011488.0000	2500.00000000	2000.00000000	206.200000000	6466.00000000	1700.00000000	6000.00000000	13314.0000000	5801.00000000	23.4081460007	23.5137486754	23.1798541774	-0.365118443319	23.6668057909	26.2141808083	24.1922097605	-10.8927789160	23.5243397747	23.2737861163	23.2758785345	23.8878234650	23.9764863670	22.7635844875	-12.4077104270	0.882295696942	0.00000000000	0.100000000000	0.0500000000000	-0.00967235565186	0.00000000000	46.5000000000	0.00000000000	-0.571093738079	0.00000000000	14.7562503815	15.0562505722	14.7562503815	14.9812498093	14.8312501907	-300.000000000	1372.82491023	NaN	0.00000000000	22.3003234863	24.9998168945	640.000000000	24.4126381535	24.6632328248	25.1739981715	25.5846822245	24.0532857960	26.3802496378	-58.4924120055	-59.5060620420	-0.000531673431396	-0.000531673431396	-0.000531673431396	-0.000531673431396	-98.9704909459	NaN	-273.150000000	-273.150000000	NaN	0.00000000000	NaN	NaN	1.00000000000	0.00000000000	5.00000000000	0.00000000000

















3733299873.73	NaN	18.0000000000	115.000000000	0.00000000000	1.00000000000	NaN	0.00176525115967	-3.06191459222	1.02884864807	-3.03173774501	1.02327013016	-0.000203609466553	0.00570297241211	-0.00971984863281	0.146396846008	6.54497917557	0.104170505524	1015.24156092	0.0160851478577	0.000719237327576	0.000987672805786	200000.000000	16.0000000000	0.00000000000	166.000000000	232.000000000	5.00000000000	0.950000000000	-0.740000000000	22.3000000000	0.00000000000	106.000000000	32.0000000000	13011488.0000	2500.00000000	2000.00000000	206.200000000	6466.00000000	1700.00000000	6000.00000000	13314.0000000	5801.00000000	23.4081460007	23.5137486754	23.1798541774	-0.365118443319	23.6668057909	26.2141808083	24.1922097605	-10.8927789160	23.5243397747	23.2737861163	23.2758785345	23.8878234650	23.9764863670	22.7635844875	-12.4077104270	0.882295696942	0.00000000000	0.100000000000	0.0500000000000	-0.00723237991333	0.00000000000	46.5000000000	0.00000000000	-0.571093738079	0.00000000000	14.7500000000	15.0687503815	14.7562503815	14.9875001907	14.8312501907	-300.000000000	1302.90463530	NaN	0.00000000000	22.3003234863	24.9998168945	640.000000000	24.4126381535	24.6632328248	25.1739981715	25.5846822245	24.0532857960	26.3802496378	-58.4924120055	-59.5060620420	-0.000531673431396	-0.000531673431396	-0.000531673431396	-0.000531673431396	-98.9704909459	NaN	-273.150000000	-273.150000000	NaN	0.00000000000	NaN	NaN	1.00000000000	0.00000000000	5.00000000000	0.00000000000

















3733299873.93	NaN	12.0000000000	114.000000000	1.00000000000	0.00000000000	NaN	0.0168600082397	-3.03173774501	1.02622365952	-3.03173774501	1.02884864807	-0.000859737396240	0.00340604782104	0.0178442001343	0.631841262817	16.4441944771	0.104980167389	1015.28521311	0.0147070884705	0.000729751586914	0.000994229316711	200000.000000	16.0000000000	0.00000000000	166.000000000	232.000000000	5.00000000000	0.950000000000	-0.740000000000	22.3000000000	0.00000000000	106.000000000	32.0000000000	13011488.0000	2500.00000000	2000.00000000	206.200000000	6466.00000000	1700.00000000	6000.00000000	13314.0000000	5801.00000000	23.4081460007	23.5137486754	23.1798541774	-0.365118443319	23.6668057909	26.2141808083	24.1922097605	-10.8927789160	23.5243397747	23.2737861163	23.2758785345	23.8878234650	23.9764863670	22.7635844875	-12.4077104270	0.882295696942	0.00000000000	0.100000000000	0.0500000000000	-0.00933113098145	0.00000000000	54.6914062500	-0.000390625005821	-0.572265625000	0.00000000000	14.7500000000	15.0687503815	14.7562503815	14.9875001907	14.8312501907	-300.000000000	0.00000000000	NaN	0.00000000000	22.3000183105	24.9998474121	640.000000000	24.4126381535	24.6632328248	25.1739981715	25.5846822245	24.0532857960	26.3802496378	-58.4924120055	-59.5060620420	-0.000531673431396	-0.000531673431396	-0.000531673431396	-0.000531673431396	-98.9704909459	NaN	-273.150000000	-273.150000000	NaN	0.00000000000	NaN	NaN	1.00000000000	0.00000000000	5.00000000000	0.00000000000

















3733299874.13	NaN	12.0000000000	138.000000000	0.00000000000	2.00000000000	NaN	0.00143718719482	-3.17530773014	1.02097320557	-3.14503682610	1.01834821701	-0.000203609466553	0.00767183303833	0.0165314674377	0.631841262817	18.1576904411	0.100930681229	1015.32886530	0.0118851661682	0.000686430931091	0.000983738899231	200000.000000	16.0000000000	0.00000000000	166.000000000	232.000000000	5.00000000000	0.950000000000	-0.740000000000	22.3000000000	0.00000000000	106.000000000	32.0000000000	13011488.0000	2500.00000000	2000.00000000	206.200000000	6466.00000000	1700.00000000	6000.00000000	13314.0000000	5801.00000000	23.4081460007	23.5137486754	23.1798541774	-0.365118443319	23.6668057909	26.2141808083	24.1922097605	-10.8927789160	23.5243397747	23.2737861163	23.2758785345	23.8878234650	23.9764863670	22.7635844875	-12.4077104270	0.882295696942	0.00000000000	0.100000000000	0.0500000000000	-0.00866956710815	0.00000000000	54.6914062500	-0.000390625005821	-0.572265625000	0.00000000000	14.7500000000	15.0000000000	14.7500000000	14.9812498093	14.8312501907	-300.000000000	2889.13232482	NaN	0.00000000000	22.3000183105	24.9998474121	640.000000000	24.4126381535	24.6632328248	25.1739981715	25.5846822245	24.0532857960	26.3802496378	-58.4924120055	-59.5060620420	-0.000531673431396	-0.000531673431396	-0.000859737396240	-0.000531673431396	-98.9704909459	NaN	-273.150000000	-273.150000000	NaN	0.00000000000	NaN	NaN	1.00000000000	0.00000000000	5.00000000000	0.00000000000

















3733299874.33	NaN	14.0000000000	133.000000000	0.00000000000	1.00000000000	NaN	0.00570297241211	-3.25106621904	1.02031707764	-3.09212447352	1.02130126953	-0.000531673431396	0.00635910034180	0.0207977294922	0.698469532585	17.2057789764	0.110648977280	1015.41616968	0.00722551345825	0.000701498985291	0.000994873046875	200000.000000	16.0000000000	0.00000000000	166.000000000	232.000000000	5.00000000000	0.950000000000	-0.740000000000	22.3000000000	0.00000000000	106.000000000	32.0000000000	13011488.0000	2500.00000000	2000.00000000	206.200000000	6466.00000000	1700.00000000	6000.00000000	13314.0000000	5801.00000000	23.4081460007	23.5137486754	23.1798541774	-0.365118443319	23.6668057909	26.2141808083	24.1922097605	-10.8927789160	23.5243397747	23.2737861163	23.2758785345	23.8878234650	23.9764863670	22.7635844875	-12.4077104270	0.882295696942	0.00000000000	0.100000000000	0.0500000000000	-0.00868535041809	0.00000000000	47.3320312500	-0.000390625005821	-0.568750023842	0.00000000000	14.7500000000	15.0000000000	14.7500000000	14.9812498093	14.8312501907	-300.000000000	1540.14424584	NaN	0.00000000000	22.3540954590	25.0299682617	640.000000000	24.4126381535	24.6632328248	25.1739981715	25.5846822245	24.0532857960	26.3802496378	-58.4924120055	-59.5060620420	-0.000531673431396	-0.000531673431396	-0.000859737396240	-0.000531673431396	-98.9704909459	NaN	-273.150000000	-273.150000000	NaN	0.00000000000	NaN	NaN	1.00000000000	0.00000000000	5.00000000000	0.00000000000

















3733299874.53	NaN	12.0000000000	122.000000000	0.00000000000	2.00000000000	NaN	0.0102968215942	-3.02419697213	1.01802015305	-3.15259971543	1.01998901367	-0.000531673431396	0.00767183303833	0.0211257934570	0.707985880852	18.9189983025	0.0960715332031	1015.24156092	0.00843334197998	0.000672602653503	0.000982403755188	200000.000000	16.0000000000	0.00000000000	166.000000000	232.000000000	5.00000000000	0.950000000000	-0.740000000000	22.3000000000	0.00000000000	106.000000000	32.0000000000	13011488.0000	2500.00000000	2000.00000000	206.200000000	6466.00000000	1700.00000000	6000.00000000	13314.0000000	5801.00000000	23.4081460007	23.5137486754	23.1798541774	-0.365118443319	23.6668057909	26.2141808083	24.1922097605	-10.8927789160	23.5243397747	23.2737861163	23.2758785345	23.8878234650	23.9764863670	22.7635844875	-12.4077104270	0.882295696942	0.00000000000	0.100000000000	0.0500000000000	-0.00909881591797	0.00000000000	47.3320312500	-0.000390625005821	-0.568750023842	0.00000000000	14.7500000000	15.1250000000	14.7500000000	14.9812498093	14.8312501907	-300.000000000	2960.79897046	NaN	0.00000000000	22.3540954590	25.0299682617	640.000000000	24.4126381535	24.6632328248	25.1739981715	25.5846822245	24.0532857960	26.3802496378	-58.4924120055	-59.5060620420	-0.000531673431396	-0.000531673431396	-0.000859737396240	-0.000531673431396	-98.9704909459	NaN	-273.150000000	-273.150000000	NaN	0.00000000000	NaN	NaN	1.00000000000	0.00000000000	5.00000000000	0.00000000000

















3733299874.73	NaN	14.0000000000	120.000000000	0.00000000000	1.00000000000	NaN	0.00734376907349	-3.02419697213	1.01834821701	-3.11478817035	1.01900434494	-0.000531673431396	0.00635910034180	0.0142345428467	0.517617419815	11.6849137917	0.106599491119	1015.37251749	0.0114912986755	0.000703454017639	0.000986385345459	200000.000000	16.0000000000	0.00000000000	166.000000000	232.000000000	5.00000000000	0.950000000000	-0.740000000000	22.3000000000	0.00000000000	106.000000000	32.0000000000	13011488.0000	2500.00000000	2000.00000000	206.200000000	6466.00000000	1700.00000000	6000.00000000	13314.0000000	5801.00000000	23.4081460007	23.5137486754	23.1798541774	-0.365118443319	23.6668057909	26.2141808083	24.1922097605	-10.8927789160	23.5243397747	23.2737861163	23.2758785345	23.8878234650	23.9764863670	22.7635844875	-12.4077104270	0.882295696942	0.00000000000	0.100000000000	0.0500000000000	-0.00176153182983	0.00000000000	49.7714843750	-0.000390625005821	-0.572851598263	0.00000000000	14.7500000000	15.1250000000	14.7500000000	14.9812498093	14.8312501907	-300.000000000	1398.45097522	NaN	0.00000000000	22.3670349121	25.0468139648	640.000000000	24.4126381535	24.6632328248	25.1739981715	25.5846822245	24.0532857960	26.3802496378	-58.4924120055	-59.5060620420	-0.000531673431396	-0.000531673431396	-0.000859737396240	-0.000531673431396	-98.9704909459	NaN	-273.150000000	-273.150000000	NaN	0.00000000000	NaN	NaN	1.00000000000	0.00000000000	5.00000000000	0.00000000000


















3733299874.93	NaN	8.00000000000	99.0000000000	0.00000000000	3.00000000000	NaN	0.0135784149170	-3.03927989248	1.01736354828	-3.10723222057	1.02327013016	-0.000859737396240	0.00570297241211	0.0221099853516	0.736548757553	16.6345214424	0.102551181793	1015.45982187	0.00922060012817	0.000698208808899	0.000977778434753	200000.000000	16.0000000000	0.00000000000	166.000000000	232.000000000	5.00000000000	0.950000000000	-0.740000000000	22.3000000000	0.00000000000	106.000000000	32.0000000000	13011488.0000	2500.00000000	2000.00000000	206.200000000	6466.00000000	1700.00000000	6000.00000000	13314.0000000	5801.00000000	23.4081460007	23.5137486754	23.1798541774	-0.365118443319	23.6668057909	26.2141808083	24.1922097605	-10.8927789160	23.5243397747	23.2737861163	23.2758785345	23.8878234650	23.9764863670	22.7635844875	-12.4077104270	0.882295696942	0.00000000000	0.100000000000	0.0500000000000	-0.00659570693970	0.00000000000	49.7714843750	-0.000390625005821	-0.572851598263	0.00000000000	14.7500000000	15.0000000000	14.7500000000	14.9812498093	14.8312501907	-300.000000000	4280.39564288	NaN	0.00000000000	22.3670349121	25.0468139648	640.000000000	24.4126381535	24.6632328248	25.1739981715	25.5846822245	24.0532857960	26.3802496378	-58.4924120055	-59.5060620420	-0.000531673431396	-0.000531673431396	-0.000859737396240	-0.000531673431396	-98.9704909459	NaN	-273.150000000	-273.150000000	NaN	0.00000000000	NaN	NaN	1.00000000000	0.00000000000	5.00000000000	0.00000000000

















3733299875.13	NaN	9.00000000000	115.000000000	0.00000000000	0.00000000000	NaN	0.00931262969971	-3.22832728027	1.01802015305	-3.11478817035	1.02130126953	-0.00184440612793	0.00603103637695	0.0201411247253	0.707985880852	17.3961059418	0.0993113574982	1015.45982187	0.00273656845093	0.000694942474365	0.000963377952576	200000.000000	16.0000000000	0.00000000000	166.000000000	232.000000000	5.00000000000	0.950000000000	-0.740000000000	22.3000000000	0.00000000000	106.000000000	32.0000000000	13011488.0000	2500.00000000	2000.00000000	206.200000000	6466.00000000	1700.00000000	6000.00000000	13314.0000000	5801.00000000	23.4081460007	23.5137486754	23.1798541774	-0.365118443319	23.6668057909	26.2141808083	24.1922097605	-10.8927789160	23.5243397747	23.2737861163	23.2758785345	23.8878234650	23.9764863670	22.7635844875	-12.4077104270	0.882295696942	0.00000000000	0.100000000000	0.0500000000000	-0.00973019599915	0.00000000000	46.8437500000	0.00000000000	-0.568554699421	0.00000000000	14.7500000000	15.0000000000	14.7500000000	14.9812498093	14.8312501907	-300.000000000	0.00000000000	NaN	0.00000000000	22.3670349121	25.0468139648	640.000000000	24.4126381535	24.6632328248	25.1739981715	25.5846822245	24.0532857960	26.3802496378	-58.4924120055	-59.5060620420	-0.000531673431396	-0.000531673431396	-0.000859737396240	-0.000859737396240	-98.9704909459	NaN	-273.150000000	-273.150000000	NaN	0.00000000000	NaN	NaN	1.00000000000	0.00000000000	5.00000000000	0.00000000000

















3733299875.33	NaN	9.00000000000	118.000000000	0.00000000000	3.00000000000	NaN	0.00209331512451	-3.12235649115	1.01572322845	-3.15259971543	1.01867628098	0.000452518463135	0.00832796096802	0.0237507820129	0.784144330788	19.8709097672	0.100121019363	1015.45982187	0.00530910491943	0.000729036331177	0.000971984863281	200000.000000	16.0000000000	0.00000000000	166.000000000	232.000000000	5.00000000000	0.950000000000	-0.740000000000	22.3000000000	0.00000000000	106.000000000	32.0000000000	13011488.0000	2500.00000000	2000.00000000	206.200000000	6466.00000000	1700.00000000	6000.00000000	13314.0000000	5801.00000000	23.4081460007	23.5137486754	23.1798541774	-0.365118443319	23.6668057909	26.2141808083	24.1922097605	-10.8927789160	23.5243397747	23.2737861163	23.2758785345	23.8878234650	23.9764863670	22.7635844875	-12.4077104270	0.882295696942	0.00000000000	0.100000000000	0.0500000000000	-0.00935997962952	0.00000000000	46.8437500000	0.00000000000	-0.568554699421	0.00000000000	14.7500000000	15.1062498093	14.7500000000	14.9875001907	14.8312501907	-300.000000000	4338.02110092	NaN	0.00000000000	22.3131408691	24.9900817871	640.000000000	24.4126381535	24.6632328248	25.1739981715	25.5846822245	24.0532857960	26.3802496378	-58.4924120055	-59.5060620420	-0.000531673431396	-0.000531673431396	-0.000859737396240	-0.000859737396240	-98.9704909459	NaN	-273.150000000	-273.150000000	NaN	0.00000000000	NaN	NaN	1.00000000000	0.00000000000	5.00000000000	0.00000000000


















3733299875.53	NaN	10.0000000000	146.000000000	1.00000000000	0.00000000000	NaN	0.0132503509521	-3.26624355205	1.01441049576	-3.10723222057	1.02228593826	-0.00184440612793	0.00635910034180	0.0250635147095	0.822209723854	18.7286713371	0.100121019363	1015.24156092	0.00453472137451	0.000737643241882	0.000983691215515	200000.000000	16.0000000000	0.00000000000	166.000000000	232.000000000	5.00000000000	0.950000000000	-0.740000000000	22.3000000000	0.00000000000	106.000000000	32.0000000000	15108640.0000	2500.00000000	2000.00000000	206.200000000	6466.00000000	1700.00000000	6000.00000000	13314.0000000	5801.00000000	23.4081460007	23.5137486754	23.1798541774	-0.365118443319	23.6668057909	26.2141808083	24.1922097605	-10.8927789160	23.5243397747	23.2737861163	23.2758785345	23.8878234650	23.9764863670	22.7635844875	-12.4077104270	0.882295696942	0.00000000000	0.100000000000	0.0500000000000	-0.0106555461884	0.00000000000	46.4667968750	0.00000000000	-0.573632836342	0.00000000000	14.7500000000	15.1062498093	14.7500000000	14.9875001907	14.8312501907	-300.000000000	0.00000000000	NaN	0.00000000000	22.3131408691	24.9900817871	640.000000000	24.4126381535	24.6632328248	25.1739981715	25.5846822245	24.0532857960	26.3802496378	-58.4924120055	-59.5060620420	-0.000531673431396	-0.000531673431396	-0.000859737396240	-0.000859737396240	-98.9704909459	NaN	-273.150000000	-273.150000000	NaN	0.00000000000	NaN	NaN	1.00000000000	0.00000000000	5.00000000000	0.00000000000

















3733299875.73	NaN	7.00000000000	113.000000000	1.00000000000	1.00000000000	NaN	-0.000203609466553	-3.19801729297	1.02064514160	-3.06191459222	1.01834821701	0.00209331512451	0.00898456573486	-0.00807905197144	0.127350317574	6.54497917557	0.100930681229	1015.15419309	0.000479221343994	0.000702810287476	0.000919389724731	200000.000000	16.0000000000	0.00000000000	166.000000000	232.000000000	5.00000000000	0.950000000000	-0.740000000000	22.3000000000	0.00000000000	106.000000000	32.0000000000	15108640.0000	2500.00000000	2000.00000000	206.200000000	6466.00000000	1700.00000000	6000.00000000	13314.0000000	5801.00000000	23.4081460007	23.5137486754	23.1798541774	-0.365118443319	23.6668057909	26.2141808083	24.1922097605	-10.8927789160	23.5243397747	23.2737861163	23.2758785345	23.8878234650	23.9764863670	22.7635844875	-12.4077104270	0.882295696942	0.00000000000	0.100000000000	0.0500000000000	-0.00961589813232	0.00000000000	46.4667968750	0.00000000000	-0.573632836342	0.00000000000	14.7562503815	14.9937505722	14.7500000000	14.9812498093	14.8312501907	-300.000000000	1480.36447624	NaN	0.00000000000	22.3081054688	24.9971618652	640.000000000	24.4126381535	24.6632328248	25.1739981715	25.5846822245	24.0532857960	26.3802496378	-58.4924120055	-59.5060620420	-0.000531673431396	-0.000531673431396	-0.000859737396240	-0.000859737396240	-98.9704909459	NaN	-273.150000000	-273.150000000	NaN	0.00000000000	NaN	NaN	1.00000000000	0.00000000000	5.00000000000	0.00000000000

















3733299875.93	NaN	13.0000000000	113.000000000	0.00000000000	0.00000000000	NaN	0.00307798385620	-3.11478817035	1.01933240891	-3.08457267427	1.01867628098	0.000452518463135	0.00996875762939	0.0280165672302	0.907884522057	20.2518403358	0.100121019363	1015.37251749	0.00231647491455	0.000690364837646	0.000883913040161	200000.000000	16.0000000000	0.00000000000	166.000000000	232.000000000	5.00000000000	0.950000000000	-0.740000000000	22.3000000000	0.00000000000	106.000000000	32.0000000000	15108640.0000	2500.00000000	2000.00000000	206.200000000	6466.00000000	1700.00000000	6000.00000000	13314.0000000	5801.00000000	23.4081460007	23.5137486754	23.1798541774	-0.365118443319	23.6668057909	26.2141808083	24.1922097605	-10.8927789160	23.5243397747	23.2737861163	23.2758785345	23.8878234650	23.9764863670	22.7635844875	-12.4077104270	0.882295696942	0.00000000000	0.100000000000	0.0500000000000	-0.00612583160400	0.00000000000	48.7871093750	0.00000000000	-0.568945348263	0.00000000000	14.7562503815	14.9937505722	14.7500000000	14.9812498093	14.8312501907	-300.000000000	0.00000000000	NaN	0.00000000000	22.3081054688	24.9971618652	640.000000000	24.4126381535	24.6632328248	25.1739981715	25.5846822245	24.0532857960	26.3802496378	-58.4924120055	-59.5060620420	-0.000531673431396	-0.000531673431396	-0.000859737396240	-0.000859737396240	-98.9704909459	NaN	-273.150000000	-273.150000000	NaN	0.00000000000	NaN	NaN	1.00000000000	0.00000000000	5.00000000000	0.00000000000


















3733299876.13	NaN	11.0000000000	107.000000000	0.00000000000	0.00000000000	NaN	0.00274991989136	-3.02419697213	1.01966094971	-3.09212447352	1.02064514160	0.00110912322998	0.0102968215942	0.0250635147095	0.860288948822	18.7286713371	0.100930681229	1015.24156092	0.00323534011841	0.000729751586914	0.000901007652283	200000.000000	16.0000000000	0.00000000000	166.000000000	232.000000000	5.00000000000	0.950000000000	-0.740000000000	22.3000000000	0.00000000000	106.000000000	32.0000000000	15108640.0000	2500.00000000	2000.00000000	206.200000000	6466.00000000	1700.00000000	6000.00000000	13314.0000000	5801.00000000	23.4081460007	23.5137486754	23.1798541774	-0.365118443319	23.6668057909	26.2141808083	24.1922097605	-10.8927789160	23.5243397747	23.2737861163	23.2758785345	23.8878234650	23.9764863670	22.7635844875	-12.4077104270	0.882295696942	0.00000000000	0.100000000000	0.0500000000000	-0.00816426277161	0.00000000000	48.7871093750	0.00000000000	-0.568945348263	0.00000000000	14.7562503815	15.1125001907	14.7500000000	14.9812498093	14.8312501907	-300.000000000	0.00000000000	NaN	0.00000000000	22.3081054688	24.9971618652	640.000000000	24.4126381535	24.6632328248	25.1739981715	25.5846822245	24.0532857960	26.3802496378	-58.4924120055	-59.5060620420	-0.000531673431396	-0.000531673431396	-0.000859737396240	-0.000859737396240	-98.9704909459	NaN	-273.150000000	-273.150000000	NaN	0.00000000000	NaN	NaN	1.00000000000	0.00000000000	5.00000000000	0.00000000000

















3733299876.33	NaN	13.0000000000	110.000000000	0.00000000000	0.00000000000	NaN	0.00537490844727	-3.05436831509	1.01769208908	-3.09212447352	1.02228593826	-0.000203609466553	0.00996875762939	0.0280165672302	0.907884522057	18.3480174065	0.103360843658	1015.41616968	0.000833511352539	0.000706124305725	0.000911474227905	200000.000000	16.0000000000	0.00000000000	166.000000000	232.000000000	5.00000000000	0.950000000000	-0.740000000000	22.3000000000	0.00000000000	106.000000000	32.0000000000	15108640.0000	2500.00000000	2000.00000000	206.200000000	6466.00000000	1700.00000000	6000.00000000	13314.0000000	5801.00000000	23.4081460007	23.5137486754	23.1798541774	-0.365118443319	23.6668057909	26.2141808083	24.1922097605	-10.8927789160	23.5243397747	23.2737861163	23.2758785345	23.8878234650	23.9764863670	22.7635844875	-12.4077104270	0.882295696942	0.00000000000	0.100000000000	0.0500000000000	-0.00670328140259	0.00000000000	49.7128906250	0.00000000000	-0.572460949421	0.00000000000	14.7562503815	15.1125001907	14.7500000000	14.9812498093	14.8312501907	-300.000000000	0.00000000000	NaN	0.00000000000	22.2948913574	24.9978637695	640.000000000	24.4126381535	24.6632328248	25.1739981715	25.5846822245	24.0532857960	26.3802496378	-58.4924120055	-59.5060620420	-0.000531673431396	-0.000531673431396	-0.000859737396240	-0.000859737396240	-98.9704909459	NaN	-273.150000000	-273.150000000	NaN	0.00000000000	NaN	NaN	1.00000000000	0.00000000000	5.00000000000	0.00000000000


















3733299876.53	NaN	15.0000000000	127.000000000	0.00000000000	1.00000000000	NaN	0.0125937461853	-3.09967765529	0.988487243652	-3.89314409843	0.999644279480	-0.000531673431396	0.00734376907349	0.0257196426392	0.784144330788	25.9627558479	0.100930681229	1015.24156092	0.00680541992187	0.000689077377319	0.00100672245026	200000.000000	16.0000000000	0.00000000000	166.000000000	232.000000000	5.00000000000	0.950000000000	-0.740000000000	22.3000000000	0.00000000000	106.000000000	32.0000000000	15108704.0000	2500.00000000	2000.00000000	206.200000000	6466.00000000	1700.00000000	6000.00000000	13314.0000000	5801.00000000	23.4081460007	23.5137486754	23.1798541774	-0.365118443319	23.6668057909	26.2141808083	24.1922097605	-10.8927789160	23.5243397747	23.2737861163	23.2758785345	23.8878234650	23.9764863670	22.7635844875	-12.4077104270	0.882295696942	0.00000000000	0.100000000000	0.0500000000000	-0.000712776184082	0.00000000000	49.7128906250	0.00000000000	-0.572460949421	0.00000000000	14.7562503815	15.0000000000	14.7500000000	14.9812498093	14.8312501907	-300.000000000	1372.82491023	NaN	0.00000000000	22.2948913574	24.9978637695	640.000000000	24.4126381535	24.6632328248	25.1739981715	25.5846822245	24.0532857960	26.3802496378	-58.4924120055	-59.5060620420	-0.000531673431396	-0.000531673431396	-0.000859737396240	-0.000859737396240	-98.9704909459	NaN	-273.150000000	-273.150000000	NaN	0.00000000000	NaN	NaN	1.00000000000	0.00000000000	5.00000000000	0.00000000000


















3733299876.73	NaN	11.0000000000	107.000000000	0.00000000000	0.00000000000	NaN	-0.00217247009277	-3.14503682610	0.984221458435	-4.07076318234	0.984221458435	0.00110912322998	0.00832796096802	-0.00446939468384	0.298686082077	16.0635405464	0.104170505524	1015.28521311	0.00608348846436	0.000694942474365	0.00114841461182	200000.000000	16.0000000000	0.00000000000	166.000000000	232.000000000	5.00000000000	0.950000000000	-0.740000000000	22.3000000000	0.00000000000	106.000000000	32.0000000000	15108704.0000	2500.00000000	2000.00000000	206.200000000	6466.00000000	1700.00000000	6000.00000000	13314.0000000	5801.00000000	23.4081460007	23.5137486754	23.1798541774	-0.365118443319	23.6668057909	26.2141808083	24.1922097605	-10.8927789160	23.5243397747	23.2737861163	23.2758785345	23.8878234650	23.9764863670	22.7635844875	-12.4077104270	0.882295696942	0.00000000000	0.100000000000	0.0500000000000	0.00265264511108	0.00000000000	51.5703125000	0.00000000000	-0.569335937500	0.00000000000	14.7562503815	15.0000000000	14.7500000000	14.9812498093	14.8312501907	-300.000000000	0.00000000000	NaN	0.00000000000	22.2948913574	24.9951477051	640.000000000	24.4126381535	24.6632328248	25.1739981715	25.5846822245	24.0532857960	26.3802496378	-58.4924120055	-59.5060620420	-0.000531673431396	-0.000531673431396	-0.000859737396240	-0.000859737396240	-98.9704909459	NaN	-273.150000000	-273.150000000	NaN	0.00000000000	NaN	NaN	1.00000000000	0.00000000000	5.00000000000	0.00000000000

















3733299876.93	NaN	12.0000000000	120.000000000	0.00000000000	1.00000000000	NaN	0.0116095542908	-3.09212447352	0.980611801147	-4.08624217178	0.985205650330	-0.000859737396240	0.00799989700317	0.0267038345337	0.822209723854	26.7243403473	0.109839315414	1015.15419309	0.00599193572998	0.000698208808899	0.00114514827728	200000.000000	16.0000000000	0.00000000000	166.000000000	232.000000000	5.00000000000	0.950000000000	-0.740000000000	22.3000000000	0.00000000000	106.000000000	32.0000000000	15108704.0000	2500.00000000	2000.00000000	206.200000000	6466.00000000	1700.00000000	6000.00000000	13314.0000000	5801.00000000	23.4081460007	23.5137486754	23.1798541774	-0.365118443319	23.6668057909	26.2141808083	24.1922097605	-10.8927789160	23.5243397747	23.2737861163	23.2758785345	23.8878234650	23.9764863670	22.7635844875	-12.4077104270	0.882295696942	0.00000000000	0.100000000000	0.0500000000000	0.00330505371094	0.00000000000	51.5703125000	0.00000000000	-0.569335937500	0.00000000000	14.7500000000	15.1312503815	14.7500000000	14.9812498093	14.8312501907	-300.000000000	1398.45097522	NaN	0.00000000000	22.2962646484	24.9951477051	640.000000000	24.4126381535	24.6632328248	25.1739981715	25.5846822245	24.0532857960	26.3802496378	-58.4924120055	-59.5060620420	-0.000531673431396	-0.000531673431396	-0.000859737396240	-0.000859737396240	-98.9704909459	NaN	-273.150000000	-273.150000000	NaN	0.00000000000	NaN	NaN	1.00000000000	0.00000000000	5.00000000000	0.00000000000


















3733299877.13	NaN	11.0000000000	120.000000000	0.00000000000	2.00000000000	NaN	0.0129222869873	-3.01664661540	0.978642940521	-4.14047783686	0.984221458435	-0.000531673431396	0.00767183303833	0.0237507820129	0.784144330788	25.2014479866	0.101740343094	1015.28521311	0.00347185134888	0.000709342956543	0.00116746425629	200000.000000	16.0000000000	0.00000000000	166.000000000	232.000000000	5.00000000000	0.950000000000	-0.740000000000	22.3000000000	0.00000000000	106.000000000	32.0000000000	15108704.0000	2500.00000000	2000.00000000	206.200000000	6466.00000000	1700.00000000	6000.00000000	13314.0000000	5801.00000000	23.4081460007	23.5137486754	23.1798541774	-0.365118443319	23.6668057909	26.2141808083	24.1922097605	-10.8927789160	23.5243397747	23.2737861163	23.2758785345	23.8878234650	23.9764863670	22.7635844875	-12.4077104270	0.882295696942	0.00000000000	0.100000000000	0.0500000000000	0.00234937667847	0.00000000000	46.4296875000	0.00000000000	-0.573437511921	0.00000000000	14.7500000000	15.1312503815	14.7500000000	14.9812498093	14.8312501907	-300.000000000	2850.13018825	NaN	0.00000000000	22.2962646484	24.9951477051	640.000000000	24.4126381535	24.6632328248	25.1739981715	25.5846822245	24.0532857960	26.3802496378	-58.4924120055	-59.5060620420	-0.000531673431396	-0.000531673431396	-0.000859737396240	-0.000859737396240	-98.9704909459	NaN	-273.150000000	-273.150000000	NaN	0.00000000000	NaN	NaN	1.00000000000	0.00000000000	5.00000000000	0.00000000000


















3733299877.33	NaN	11.0000000000	124.000000000	0.00000000000	0.00000000000	NaN	0.00274991989136	-3.24348517051	0.975689888000	-4.14823028365	0.980283737183	-0.00118780136108	0.00898456573486	0.0283446311951	0.860288948822	24.8205174179	0.105789829254	1015.37251749	0.000964641571045	0.000696921348572	0.00117475986481	200000.000000	16.0000000000	0.00000000000	166.000000000	232.000000000	5.00000000000	0.950000000000	-0.740000000000	22.3000000000	0.00000000000	106.000000000	32.0000000000	15108704.0000	2500.00000000	2000.00000000	206.200000000	6466.00000000	1700.00000000	6000.00000000	13314.0000000	5801.00000000	23.4081460007	23.5137486754	23.1798541774	-0.365118443319	23.6668057909	26.2141808083	24.1922097605	-10.8927789160	23.5243397747	23.2737861163	23.2758785345	23.8878234650	23.9764863670	22.7635844875	-12.4077104270	0.882295696942	0.00000000000	0.100000000000	0.0500000000000	-0.000634050369263	0.00000000000	46.4296875000	0.00000000000	-0.573437511921	0.00000000000	14.7562503815	15.0500001907	14.7500000000	14.9812498093	14.8312501907	-300.000000000	0.00000000000	NaN	0.00000000000	22.2984313965	25.0001220703	640.000000000	24.4126381535	24.6632328248	25.1739981715	25.5846822245	24.0532857960	26.3802496378	-58.4924120055	-59.5060620420	-0.000531673431396	-0.000531673431396	-0.000859737396240	-0.000859737396240	-98.9704909459	NaN	-273.150000000	-273.150000000	NaN	0.00000000000	NaN	NaN	1.00000000000	0.00000000000	5.00000000000	0.00000000000


















3733299877.53	NaN	19.0000000000	117.000000000	0.00000000000	2.00000000000	NaN	0.00635910034180	-3.31938101759	0.974705219269	-4.11722965848	0.982580661774	-0.00184440612793	0.00865650177002	0.0303134918213	0.869805297089	27.8665787773	0.0976920337677	1015.41616968	-0.00134563446045	0.000730419158936	0.00118718147278	200000.000000	16.0000000000	0.00000000000	166.000000000	232.000000000	5.00000000000	0.950000000000	-0.740000000000	22.3000000000	0.00000000000	106.000000000	32.0000000000	15108704.0000	2500.00000000	2000.00000000	206.200000000	6466.00000000	1700.00000000	6000.00000000	13314.0000000	5801.00000000	23.4081460007	23.5137486754	23.1798541774	-0.365118443319	23.6668057909	26.2141808083	24.1922097605	-10.8927789160	23.5243397747	23.2737861163	23.2758785345	23.8878234650	23.9764863670	22.7635844875	-12.4077104270	0.882295696942	0.00000000000	0.100000000000	0.0500000000000	0.00697484016418	0.00000000000	54.6445312500	0.00000000000	-0.568359375000	0.00000000000	14.7562503815	15.0500001907	14.7500000000	14.9812498093	14.8312501907	-300.000000000	3018.23951486	NaN	0.00000000000	22.2984313965	25.0001220703	640.000000000	24.4126381535	24.6632328248	25.1739981715	25.5846822245	24.0532857960	26.3802496378	-58.4924120055	-59.5060620420	-0.000531673431396	-0.000531673431396	-0.000859737396240	-0.000859737396240	-98.9704909459	NaN	-273.150000000	-273.150000000	NaN	0.00000000000	NaN	NaN	1.00000000000	0.00000000000	5.00000000000	0.00000000000


















3733299877.73	NaN	4.00000000000	132.000000000	0.00000000000	0.00000000000	NaN	-0.000859737396240	-3.13747532628	0.956985473633	-4.46748958575	1.00095653534	0.000781059265137	0.0244069099426	0.0460643768311	0.765097802353	30.7223131714	0.100930681229	1015.37251749	-0.00794744491577	0.000730419158936	0.00117278099060	200000.000000	16.0000000000	0.00000000000	166.000000000	232.000000000	5.00000000000	0.950000000000	-0.740000000000	22.3000000000	0.00000000000	234.000000000	32.0000000000	15108704.0000	2500.00000000	2000.00000000	206.200000000	6466.00000000	1700.00000000	6000.00000000	13314.0000000	5801.00000000	23.4081460007	23.5137486754	23.1798541774	-0.365118443319	23.6668057909	26.2141808083	24.1922097605	-10.8927789160	23.5243397747	23.2737861163	23.2758785345	23.8878234650	23.9764863670	22.7635844875	-12.4077104270	0.882295696942	0.00000000000	0.100000000000	0.0500000000000	-0.00777044296265	0.00000000000	54.6445312500	0.00000000000	-0.568359375000	0.00000000000	14.7500000000	15.0749998093	14.7562503815	14.9812498093	14.8312501907	-300.000000000	0.00000000000	NaN	0.00000000000	22.2984313965	25.0001220703	640.000000000	24.4126381535	24.6632328248	25.1739981715	25.5846822245	24.0532857960	26.3802496378	-58.4924120055	-59.5060620420	-0.000531673431396	-0.000531673431396	-0.000859737396240	-0.000859737396240	-98.9704909459	NaN	-273.150000000	-273.150000000	NaN	0.00000000000	NaN	NaN	1.00000000000	0.00000000000	5.00000000000	0.00000000000


















3733299877.93	NaN	16.0000000000	135.000000000	0.00000000000	1.00000000000	NaN	0.00242137908936	-3.13747532628	0.972408294678	-4.13272691782	0.977658748627	0.000452518463135	0.0116095542908	0.0316262245178	0.936433566856	26.5340133820	0.104980167389	1015.45982187	-0.00339317321777	0.000729107856750	0.00118715763092	200000.000000	16.0000000000	0.00000000000	166.000000000	232.000000000	5.00000000000	0.950000000000	-0.740000000000	22.3000000000	0.00000000000	234.000000000	32.0000000000	15108704.0000	2500.00000000	2000.00000000	206.200000000	6466.00000000	1700.00000000	6000.00000000	13314.0000000	5801.00000000	23.4081460007	23.5137486754	23.1798541774	-0.365118443319	23.6668057909	26.2141808083	24.1922097605	-10.8927789160	23.5243397747	23.2737861163	23.2758785345	23.8878234650	23.9764863670	22.7635844875	-12.4077104270	0.882295696942	0.00000000000	0.100000000000	0.0500000000000	0.00184006690979	0.00000000000	45.8750000000	0.00000000000	-0.572851598263	0.00000000000	14.7500000000	15.0749998093	14.7562503815	14.9812498093	14.8312501907	-300.000000000	1479.32049565	NaN	0.00000000000	22.3008117676	25.0001831055	640.000000000	24.4126381535	24.6632328248	25.1739981715	25.5846822245	24.0532857960	26.3802496378	-58.4924120055	-59.5060620420	-0.000531673431396	-0.000531673431396	-0.000859737396240	-0.000859737396240	-98.9704909459	NaN	-273.150000000	-273.150000000	NaN	0.00000000000	NaN	NaN	1.00000000000	0.00000000000	5.00000000000	0.00000000000

















3733299878.13	NaN	19.0000000000	117.000000000	0.00000000000	1.00000000000	NaN	0.00570297241211	-3.06946224789	0.972408294678	-4.19478839294	0.977002143860	0.000781059265137	0.0112814903259	0.0290012359619	0.898368173790	25.2014479866	0.0985016956329	1015.32886530	-0.00272369384766	0.000692343711853	0.00115566253662	200000.000000	16.0000000000	0.00000000000	166.000000000	232.000000000	5.00000000000	0.950000000000	-0.740000000000	22.3000000000	0.00000000000	234.000000000	32.0000000000	15108704.0000	2500.00000000	2000.00000000	206.200000000	6466.00000000	1700.00000000	6000.00000000	13314.0000000	5801.00000000	23.4081460007	23.5137486754	23.1798541774	-0.365118443319	23.6668057909	26.2141808083	24.1922097605	-10.8927789160	23.5243397747	23.2737861163	23.2758785345	23.8878234650	23.9764863670	22.7635844875	-12.4077104270	0.882295696942	0.00000000000	0.100000000000	0.0500000000000	0.00473442077637	0.00000000000	45.8750000000	0.00000000000	-0.572851598263	0.00000000000	14.7500000000	15.0000000000	14.7500000000	14.9812498093	14.8312501907	-300.000000000	1451.67921303	NaN	0.00000000000	22.3008117676	25.0001831055	640.000000000	24.4126381535	24.6632328248	25.1739981715	25.5846822245	24.0532857960	26.3802496378	-58.4924120055	-59.5060620420	-0.000531673431396	-0.000531673431396	-0.000859737396240	-0.000859737396240	-98.9704909459	NaN	-273.150000000	-273.150000000	NaN	0.00000000000	NaN	NaN	1.00000000000	0.00000000000	5.00000000000	0.00000000000


















3733299878.33	NaN	10.0000000000	130.000000000	0.00000000000	2.00000000000	NaN	0.00340604782104	-3.04682341551	0.971752166748	-4.13272691782	0.979955673218	-0.000203609466553	0.0102968215942	0.0339231491089	0.964996443558	28.8184902420	0.0993113574982	1015.28521311	-0.00844669342041	0.000690960884094	0.00114185810089	200000.000000	16.0000000000	0.00000000000	166.000000000	232.000000000	5.00000000000	0.950000000000	-0.740000000000	22.3000000000	0.00000000000	234.000000000	32.0000000000	15108704.0000	2500.00000000	2000.00000000	206.200000000	6466.00000000	1700.00000000	6000.00000000	13314.0000000	5801.00000000	23.4081460007	23.5137486754	23.1798541774	-0.365118443319	23.6668057909	26.2141808083	24.1922097605	-10.8927789160	23.5243397747	23.2737861163	23.2758785345	23.8878234650	23.9764863670	22.7635844875	-12.4077104270	0.882295696942	0.00000000000	0.100000000000	0.0500000000000	0.00114307403564	0.00000000000	54.6640625000	0.00000000000	-0.570117175579	0.00000000000	14.7500000000	15.0000000000	14.7500000000	14.9812498093	14.8312501907	-300.000000000	2938.59522105	NaN	0.00000000000	22.3013000488	25.0000305176	640.000000000	24.4126381535	24.6632328248	25.1739981715	25.5846822245	24.0532857960	26.3802496378	-58.4924120055	-59.5060620420	-0.000531673431396	-0.000531673431396	-0.000859737396240	-0.000859737396240	-98.9704909459	NaN	-273.150000000	-273.150000000	NaN	0.00000000000	NaN	NaN	1.00000000000	0.00000000000	5.00000000000	0.00000000000

















3733299878.53	NaN	16.0000000000	104.000000000	0.00000000000	2.00000000000	NaN	0.0116095542908	-3.15259971543	0.968142509460	-4.16375103863	0.981267929077	-0.00217247009277	0.00964069366455	0.0329389572144	0.974512791824	25.7724288826	0.104980167389	1015.24156092	-0.00979852676392	0.000702810287476	0.00115497112274	200000.000000	16.0000000000	0.00000000000	166.000000000	232.000000000	5.00000000000	0.950000000000	-0.740000000000	22.3000000000	0.00000000000	234.000000000	32.0000000000	15108704.0000	2500.00000000	2000.00000000	206.200000000	6466.00000000	1700.00000000	6000.00000000	13314.0000000	5801.00000000	23.4081460007	23.5137486754	23.1798541774	-0.365118443319	23.6668057909	26.2141808083	24.1922097605	-10.8927789160	23.5243397747	23.2737861163	23.2758785345	23.8878234650	23.9764863670	22.7635844875	-12.4077104270	0.882295696942	0.00000000000	0.100000000000	0.0500000000000	0.00197925567627	0.00000000000	54.6640625000	0.00000000000	-0.570117175579	0.00000000000	14.7500000000	15.0687503815	14.7500000000	14.9875001907	14.8312501907	-300.000000000	2797.87685508	NaN	0.00000000000	22.3013000488	25.0000305176	640.000000000	24.4126381535	24.6632328248	25.1739981715	25.5846822245	24.0532857960	26.3802496378	-58.4924120055	-59.5060620420	-0.000531673431396	-0.000531673431396	-0.000859737396240	-0.000859737396240	-98.9704909459	NaN	-273.150000000	-273.150000000	NaN	0.00000000000	NaN	NaN	1.00000000000	0.00000000000	5.00000000000	0.00000000000

















3733299878.73	NaN	8.00000000000	149.000000000	0.00000000000	1.00000000000	NaN	-0.000531673431396	-3.13747532628	0.964860916138	-4.19478839294	0.979299068451	0.000452518463135	0.0122656822205	0.0309700965881	0.841256252289	21.7747326965	0.102551181793	1015.37251749	-0.0115442276001	0.000665378570557	0.00113928318024	200000.000000	16.0000000000	0.00000000000	166.000000000	232.000000000	5.00000000000	0.950000000000	-0.740000000000	22.3000000000	0.00000000000	234.000000000	32.0000000000	15108704.0000	2500.00000000	2000.00000000	206.200000000	6466.00000000	1700.00000000	6000.00000000	13314.0000000	5801.00000000	23.4081460007	23.5137486754	23.1798541774	-0.365118443319	23.6668057909	26.2141808083	24.1922097605	-10.8927789160	23.5243397747	23.2737861163	23.2758785345	23.8878234650	23.9764863670	22.7635844875	-12.4077104270	0.882295696942	0.00000000000	0.100000000000	0.0500000000000	0.00157237052917	0.00000000000	47.6972656250	0.00000000000	-0.571484386921	0.00000000000	14.7500000000	15.0687503815	14.7500000000	14.9875001907	14.8312501907	-300.000000000	1479.32049565	NaN	0.00000000000	22.3018188477	25.0005493164	640.000000000	24.4126381535	24.6632328248	25.1739981715	25.5846822245	24.0532857960	26.3802496378	-58.4924120055	-59.5060620420	-0.000531673431396	-0.000531673431396	-0.000859737396240	-0.000859737396240	-98.9704909459	NaN	-273.150000000	-273.150000000	NaN	0.00000000000	NaN	NaN	1.00000000000	0.00000000000	5.00000000000	0.00000000000

















3733299878.93	NaN	13.0000000000	117.000000000	0.00000000000	0.00000000000	NaN	0.00471878051758	-3.06946224789	0.965845584869	-4.17150807767	0.976017951965	0.000124454498291	0.0125937461853	0.0352358818054	0.993545488358	27.1049942780	0.0976920337677	1015.37251749	-0.0164923667908	0.000700235366821	0.00115964412689	200000.000000	16.0000000000	0.00000000000	166.000000000	232.000000000	5.00000000000	0.950000000000	-0.740000000000	22.3000000000	0.00000000000	234.000000000	32.0000000000	15108704.0000	2500.00000000	2000.00000000	206.200000000	6466.00000000	1700.00000000	6000.00000000	13314.0000000	5801.00000000	23.4081460007	23.5137486754	23.1798541774	-0.365118443319	23.6668057909	26.2141808083	24.1922097605	-10.8927789160	23.5243397747	23.2737861163	23.2758785345	23.8878234650	23.9764863670	22.7635844875	-12.4077104270	0.882295696942	0.00000000000	0.100000000000	0.0500000000000	-0.000450277328491	0.00000000000	47.6972656250	0.00000000000	-0.571484386921	0.00000000000	14.7500000000	15.0625000000	14.7500000000	14.9812498093	14.8312501907	-300.000000000	0.00000000000	NaN	0.00000000000	22.3018188477	25.0005493164	640.000000000	24.4126381535	24.6632328248	25.1739981715	25.5846822245	24.0532857960	26.3802496378	-58.4924120055	-59.5060620420	-0.000531673431396	-0.000531673431396	-0.000859737396240	-0.000859737396240	-98.9704909459	NaN	-273.150000000	-273.150000000	NaN	0.00000000000	NaN	NaN	1.00000000000	0.00000000000	5.00000000000	0.00000000000

















3733299879.13	NaN	16.0000000000	113.000000000	1.00000000000	0.00000000000	NaN	0.0112814903259	-3.00910859070	0.954360485077	-4.46748958575	0.951407432556	2.46840620041	0.261981487274	0.0864257812500	2.82112697639	44.8098282623	0.100121019363	1015.37251749	0.0110187530518	0.000684428215027	0.00116941928864	200000.000000	16.0000000000	0.00000000000	166.000000000	232.000000000	5.00000000000	0.950000000000	-0.740000000000	22.3000000000	0.00000000000	232.000000000	32.0000000000	15108704.0000	2500.00000000	2000.00000000	206.200000000	6466.00000000	1700.00000000	6000.00000000	13314.0000000	5801.00000000	23.4081460007	23.5137486754	23.1798541774	-0.365118443319	23.6668057909	26.2141808083	24.1922097605	-10.8927789160	23.5243397747	23.2737861163	23.2758785345	23.8878234650	23.9764863670	22.7635844875	-12.4077104270	0.882295696942	0.00000000000	0.100000000000	0.0500000000000	0.0265491962433	0.00000000000	54.7539062500	0.00000000000	-0.568750023842	0.00000000000	14.7500000000	15.0625000000	14.7500000000	14.9812498093	14.8312501907	-300.000000000	0.00000000000	NaN	0.00000000000	22.3018188477	25.0005493164	640.000000000	24.4126381535	24.6632328248	25.1739981715	25.5846822245	24.0532857960	26.3802496378	-58.4924120055	-59.5060620420	-0.000531673431396	-0.000531673431396	-0.000859737396240	-0.000859737396240	-98.9704909459	NaN	-273.150000000	-273.150000000	NaN	0.00000000000	NaN	NaN	1.00000000000	0.00000000000	5.00000000000	0.00000000000


















3733299879.33	NaN	7.00000000000	145.000000000	0.00000000000	1.00000000000	NaN	0.00406217575073	-3.02419697213	0.964204788208	-4.21032756663	0.971095561981	2.47267198563	0.263622283936	0.0952858924866	2.83064332466	60.8008896446	0.0985016956329	1015.45982187	-0.0143003463745	0.000691652297974	0.00119638442993	200000.000000	16.0000000000	0.00000000000	166.000000000	232.000000000	5.00000000000	0.950000000000	-0.740000000000	22.3000000000	0.00000000000	232.000000000	32.0000000000	15108704.0000	2500.00000000	2000.00000000	206.200000000	6466.00000000	1700.00000000	6000.00000000	13314.0000000	5801.00000000	23.4081460007	23.5137486754	23.1798541774	-0.365118443319	23.6668057909	26.2141808083	24.1922097605	-10.8927789160	23.5243397747	23.2737861163	23.2758785345	23.8878234650	23.9764863670	22.7635844875	-12.4077104270	0.882295696942	0.00000000000	0.100000000000	0.0500000000000	0.00436291694641	0.00000000000	54.7539062500	0.00000000000	-0.568750023842	0.00000000000	14.7562503815	15.0937500000	14.7500000000	14.9812498093	14.8312501907	-300.000000000	1348.98807899	NaN	0.00000000000	22.3011779785	24.9999694824	640.000000000	24.4126381535	24.6632328248	25.1739981715	25.5846822245	24.0532857960	26.3802496378	-58.4924120055	-59.5060620420	-0.000531673431396	-0.000531673431396	-0.000859737396240	-0.000859737396240	-98.9704909459	NaN	-273.150000000	-273.150000000	NaN	0.00000000000	NaN	NaN	1.00000000000	0.00000000000	5.00000000000	0.00000000000

















3733299879.53	NaN	17.0000000000	129.000000000	0.00000000000	1.00000000000	NaN	0.00176525115967	-3.31178729575	0.962563991547	-4.19478839294	0.974377155304	2.46807813644	0.263950347900	0.0965981483459	2.88775524616	62.3240586433	0.104170505524	1015.59084189	-0.0128698348999	0.000703430175781	0.00120091438293	200000.000000	16.0000000000	0.00000000000	166.000000000	232.000000000	5.00000000000	0.950000000000	-0.740000000000	22.3000000000	0.00000000000	232.000000000	32.0000000000	15108704.0000	2500.00000000	2000.00000000	206.200000000	6466.00000000	1700.00000000	6000.00000000	13314.0000000	5801.00000000	23.4081460007	23.5137486754	23.1798541774	-0.365118443319	23.6668057909	26.2141808083	24.1922097605	-10.8927789160	23.5243397747	23.2737861163	23.2758785345	23.8878234650	23.9764863670	22.7635844875	-12.4077104270	0.882295696942	0.00000000000	0.100000000000	0.0500000000000	0.00395340919495	0.00000000000	45.2695312500	0.000390625005821	-0.568164050579	0.00000000000	14.7562503815	15.0937500000	14.7500000000	14.9812498093	14.8312501907	-300.000000000	1451.67921303	NaN	0.00000000000	22.3011779785	24.9999694824	640.000000000	24.4126381535	24.6632328248	25.1739981715	25.5846822245	24.0532857960	26.3802496378	-58.4924120055	-59.5060620420	-0.000531673431396	-0.000531673431396	-0.000859737396240	-0.000859737396240	-98.9704909459	NaN	-273.150000000	-273.150000000	NaN	0.00000000000	NaN	NaN	1.00000000000	0.00000000000	5.00000000000	0.00000000000

















3733299879.73	NaN	11.0000000000	121.000000000	1.00000000000	2.00000000000	NaN	0.00668764114380	-3.28141548769	0.962563991547	-4.14047783686	0.981596469879	2.46282768250	0.260997295380	0.0568928718567	2.30711968288	52.8052206345	0.0976920337677	1015.45982187	-0.0151405334473	0.000697612762451	0.00121011734009	200000.000000	16.0000000000	0.00000000000	166.000000000	232.000000000	5.00000000000	0.950000000000	-0.740000000000	22.3000000000	0.00000000000	232.000000000	32.0000000000	15108704.0000	2500.00000000	2000.00000000	206.200000000	6466.00000000	1700.00000000	6000.00000000	13314.0000000	5801.00000000	23.4081460007	23.5137486754	23.1798541774	-0.365118443319	23.6668057909	26.2141808083	24.1922097605	-10.8927789160	23.5243397747	23.2737861163	23.2758785345	23.8878234650	23.9764863670	22.7635844875	-12.4077104270	0.882295696942	0.00000000000	0.100000000000	0.0500000000000	0.00162229537964	0.00000000000	45.2695312500	0.000390625005821	-0.568164050579	0.00000000000	14.7500000000	15.0375003815	14.7500000000	14.9812498093	14.8312501907	-300.000000000	2824.50412326	NaN	0.00000000000	22.3011779785	24.9999694824	640.000000000	24.4126381535	24.6632328248	25.1739981715	25.5846822245	24.0532857960	26.3802496378	-58.4924120055	-59.5060620420	-0.000531673431396	-0.000531673431396	-0.000859737396240	-0.000859737396240	-98.9704909459	NaN	-273.150000000	-273.150000000	NaN	0.00000000000	NaN	NaN	1.00000000000	0.00000000000	5.00000000000	0.00000000000

















3733299879.93	NaN	11.0000000000	138.000000000	0.00000000000	2.00000000000	NaN	0.00176525115967	-3.19044604349	0.959610939026	-4.17926664898	0.976017951965	2.46742153168	0.263294219971	0.0985670089722	2.91630429096	62.7047125740	0.0960715332031	1015.24156092	-0.0180282592773	0.000696277618408	0.00119044780731	200000.000000	16.0000000000	0.00000000000	166.000000000	232.000000000	5.00000000000	0.950000000000	-0.740000000000	22.3000000000	0.00000000000	232.000000000	32.0000000000	15108704.0000	2500.00000000	2000.00000000	206.200000000	6466.00000000	1700.00000000	6000.00000000	13314.0000000	5801.00000000	23.4081460007	23.5137486754	23.1798541774	-0.365118443319	23.6668057909	26.2141808083	24.1922097605	-10.8927789160	23.5243397747	23.2737861163	23.2758785345	23.8878234650	23.9764863670	22.7635844875	-12.4077104270	0.882295696942	0.00000000000	0.100000000000	0.0500000000000	0.00291380882263	0.00000000000	54.9042968750	0.00000000000	-0.570117175579	0.00000000000	14.7500000000	15.0375003815	14.7500000000	14.9812498093	14.8312501907	-300.000000000	2991.82345887	NaN	0.00000000000	22.3012390137	25.0003967285	640.000000000	24.4126381535	24.6632328248	25.1739981715	25.5846822245	24.0532857960	26.3802496378	-58.4924120055	-59.5060620420	-0.000531673431396	-0.000531673431396	-0.000859737396240	-0.000859737396240	-98.9704909459	NaN	-273.150000000	-273.150000000	NaN	0.00000000000	NaN	NaN	1.00000000000	0.00000000000	5.00000000000	0.00000000000


















3733299880.13	NaN	13.0000000000	120.000000000	0.00000000000	0.00000000000	NaN	0.000781059265137	-3.09212447352	0.959282875061	-4.21032756663	0.974705219269	2.48087549210	0.264278411865	0.0949573516846	2.87823889790	65.3698433647	0.102551181793	1015.45982187	-0.0147337913513	0.000712752342224	0.00121798515320	200000.000000	16.0000000000	0.00000000000	166.000000000	232.000000000	5.00000000000	0.950000000000	-0.740000000000	22.3000000000	0.00000000000	232.000000000	32.0000000000	15108704.0000	2500.00000000	2000.00000000	206.200000000	6466.00000000	1700.00000000	6000.00000000	13314.0000000	5801.00000000	23.4081460007	23.5137486754	23.1798541774	-0.365118443319	23.6668057909	26.2141808083	24.1922097605	-10.8927789160	23.5243397747	23.2737861163	23.2758785345	23.8878234650	23.9764863670	22.7635844875	-12.4077104270	0.882295696942	0.00000000000	0.100000000000	0.0500000000000	0.00313172340393	0.00000000000	54.9042968750	0.00000000000	-0.570117175579	0.00000000000	14.7562503815	15.0062503815	14.7500000000	14.9812498093	14.8312501907	-300.000000000	0.00000000000	NaN	0.00000000000	22.3012390137	25.0003967285	640.000000000	24.4245606809	24.6632328248	25.1739981715	25.5846822245	24.0532857960	26.3802496378	-58.4924120055	-59.5060620420	-0.000531673431396	-0.000531673431396	-0.000859737396240	-0.000859737396240	-98.9704909459	NaN	-273.150000000	-273.150000000	NaN	0.00000000000	NaN	NaN	1.00000000000	0.00000000000	5.00000000000	0.00000000000

















3733299880.33	NaN	13.0000000000	117.000000000	0.00000000000	0.00000000000	NaN	0.00471878051758	-3.02419697213	0.958298206329	-4.20256285267	0.974705219269	2.47956275940	0.263294219971	0.0975828170776	2.91630429096	64.9891894341	0.0976920337677	1015.50353751	-0.0188026428223	0.000694918632507	0.00116486549377	200000.000000	16.0000000000	0.00000000000	166.000000000	232.000000000	5.00000000000	0.950000000000	-0.740000000000	22.3000000000	0.00000000000	232.000000000	32.0000000000	15108704.0000	2500.00000000	2000.00000000	206.200000000	6466.00000000	1700.00000000	6000.00000000	13314.0000000	5801.00000000	23.4081460007	23.5137486754	23.1798541774	-0.365118443319	23.6668057909	26.2141808083	24.1922097605	-10.8927789160	23.5243397747	23.2737861163	23.2758785345	23.8878234650	23.9764863670	22.7635844875	-12.4077104270	0.882295696942	0.00000000000	0.100000000000	0.0500000000000	0.00139908790588	0.00000000000	48.6562500000	0.00000000000	-0.570312500000	0.00000000000	14.7562503815	15.0062503815	14.7500000000	14.9812498093	14.8312501907	-300.000000000	0.00000000000	NaN	0.00000000000	22.3006896973	24.9999084473	640.000000000	24.4245606809	24.6632328248	25.1739981715	25.5846822245	24.0532857960	26.3802496378	-58.4924120055	-59.5060620420	-0.000531673431396	-0.000531673431396	-0.000859737396240	-0.000859737396240	-98.9704909459	NaN	-273.150000000	-273.150000000	NaN	0.00000000000	NaN	NaN	1.00000000000	0.00000000000	5.00000000000	0.00000000000

















3733299880.53	NaN	15.0000000000	115.000000000	0.00000000000	1.00000000000	NaN	0.0132503509521	-3.30419498567	0.958298206329	-4.15599553074	0.979299068451	2.47595357895	0.261653423309	0.0992236137390	2.93533698750	61.9431280746	0.0976920337677	1015.24156092	-0.0177130699158	0.000719237327576	0.00117864608765	200000.000000	16.0000000000	0.00000000000	166.000000000	232.000000000	5.00000000000	0.950000000000	-0.740000000000	22.3000000000	0.00000000000	232.000000000	32.0000000000	15108704.0000	2500.00000000	2000.00000000	206.200000000	6466.00000000	1700.00000000	6000.00000000	13314.0000000	5801.00000000	23.4081460007	23.5137486754	23.1798541774	-0.365118443319	23.6668057909	26.2141808083	24.1922097605	-10.8927789160	23.5243397747	23.2737861163	23.2758785345	23.8878234650	23.9764863670	22.7635844875	-12.4077104270	0.882295696942	0.00000000000	0.100000000000	0.0500000000000	0.00294923782349	0.00000000000	48.6562500000	0.00000000000	-0.570312500000	0.00000000000	14.7562503815	15.1250000000	14.7500000000	14.9812498093	14.8312501907	-300.000000000	1325.12726647	NaN	0.00000000000	22.3006896973	24.9999084473	640.000000000	24.4245606809	24.6632328248	25.1739981715	25.5846822245	24.0532857960	26.3802496378	-58.4924120055	-59.5060620420	-0.000531673431396	-0.000531673431396	-0.000859737396240	-0.000859737396240	-98.9704909459	NaN	-273.150000000	-273.150000000	NaN	0.00000000000	NaN	NaN	1.00000000000	0.00000000000	5.00000000000	0.00000000000

















3733299880.73	NaN	15.0000000000	118.000000000	0.00000000000	0.00000000000	NaN	0.00898456573486	-3.15259971543	0.954360485077	-4.19478839294	0.981267929077	2.47496891022	0.261653423309	0.0995516777039	2.91630429096	61.1818202133	0.100930681229	1015.32886530	-0.0237507820129	0.000698924064636	0.00114183425903	200000.000000	16.0000000000	0.00000000000	166.000000000	232.000000000	5.00000000000	0.950000000000	-0.740000000000	22.3000000000	0.00000000000	232.000000000	32.0000000000	15108704.0000	2500.00000000	2000.00000000	206.200000000	6466.00000000	1700.00000000	6000.00000000	13314.0000000	5801.00000000	23.4081460007	23.5137486754	23.1798541774	-0.365118443319	23.6668057909	26.2141808083	24.1922097605	-10.8927789160	23.5243397747	23.2737861163	23.2758785345	23.8878234650	23.9764863670	22.7635844875	-12.4077104270	0.882295696942	0.00000000000	0.100000000000	0.0500000000000	0.000980472564697	0.00000000000	54.3203125000	0.00000000000	-0.572656273842	0.00000000000	14.7562503815	15.1250000000	14.7500000000	14.9812498093	14.8312501907	-300.000000000	0.00000000000	NaN	0.00000000000	22.3006591797	24.9999694824	640.000000000	24.4245606809	24.6632328248	25.1739981715	25.5846822245	24.0532857960	26.3802496378	-58.4924120055	-59.5060620420	-0.000531673431396	-0.000531673431396	-0.000859737396240	-0.000859737396240	-98.9704909459	NaN	-273.150000000	-273.150000000	NaN	0.00000000000	NaN	NaN	1.00000000000	0.00000000000	5.00000000000	0.00000000000

















3733299880.93	NaN	11.0000000000	123.000000000	1.00000000000	1.00000000000	NaN	0.00471878051758	-3.07702225654	0.955016613007	-4.21032756663	0.972080230713	2.48054742813	0.263622283936	0.100535869598	2.97341621246	66.5120817947	0.104980167389	1015.19784528	-0.0198659896851	0.000698304176331	0.00116751194000	200000.000000	16.0000000000	0.00000000000	166.000000000	232.000000000	5.00000000000	0.950000000000	-0.740000000000	22.3000000000	0.00000000000	232.000000000	32.0000000000	15108704.0000	2500.00000000	2000.00000000	206.200000000	6466.00000000	1700.00000000	6000.00000000	13314.0000000	5801.00000000	23.4081460007	23.5137486754	23.1798541774	-0.365118443319	23.6668057909	26.2141808083	24.1922097605	-10.8927789160	23.5243397747	23.2737861163	23.2758785345	23.8878234650	23.9764863670	22.7635844875	-12.4077104270	0.882295696942	0.00000000000	0.100000000000	0.0500000000000	0.00164718627930	0.00000000000	54.3203125000	0.00000000000	-0.572656273842	0.00000000000	14.7562503815	15.0062503815	14.7562503815	14.9812498093	14.8312501907	-300.000000000	1348.98807899	NaN	0.00000000000	22.3006591797	24.9999694824	640.000000000	24.4245606809	24.6632328248	25.1739981715	25.5846822245	24.0532857960	26.3802496378	-58.4924120055	-59.5060620420	-0.000531673431396	-0.000531673431396	-0.000859737396240	-0.000859737396240	-98.9704909459	NaN	-273.150000000	-273.150000000	NaN	0.00000000000	NaN	NaN	1.00000000000	0.00000000000	5.00000000000	0.00000000000


















3733299881.13	NaN	22.0000000000	116.000000000	1.00000000000	2.00000000000	NaN	0.00110912322998	-3.19044604349	0.953376293182	-4.20256285267	0.974705219269	2.51204919815	0.265919208527	0.0979108810425	2.95438351593	61.7528011093	0.100930681229	1015.28521311	-0.0217165946960	0.000683093070984	0.00116941928864	200000.000000	16.0000000000	0.00000000000	166.000000000	232.000000000	5.00000000000	0.950000000000	-0.740000000000	22.3000000000	0.00000000000	232.000000000	32.0000000000	15108704.0000	2500.00000000	2000.00000000	206.200000000	6466.00000000	1700.00000000	6000.00000000	13314.0000000	5801.00000000	23.4081460007	23.5137486754	23.1798541774	-0.365118443319	23.6668057909	26.2141808083	24.1922097605	-10.8927789160	23.5243397747	23.2737861163	23.2758785345	23.8878234650	23.9764863670	22.7635844875	-12.4077104270	0.882295696942	0.00000000000	0.100000000000	0.0500000000000	0.00405964851379	0.00000000000	45.3320312500	0.00000000000	-0.567968785763	0.00000000000	14.7562503815	15.0062503815	14.7562503815	14.9812498093	14.8312501907	-300.000000000	2960.79897046	NaN	0.00000000000	22.3006591797	24.9999694824	640.000000000	24.4245606809	24.6632328248	25.1739981715	25.5846822245	24.0532857960	26.3802496378	-58.4924120055	-59.5060620420	-0.000531673431396	-0.000531673431396	-0.000859737396240	-0.000859737396240	-98.9704909459	NaN	-273.150000000	-273.150000000	NaN	0.00000000000	NaN	NaN	1.00000000000	0.00000000000	5.00000000000	0.00000000000


















3733299881.33	NaN	12.0000000000	165.000000000	0.00000000000	1.00000000000	NaN	0.00996875762939	-3.13747532628	0.955016613007	-4.16375103863	0.977002143860	2.51172065735	0.263294219971	0.100207805634	2.96389986420	61.9431280746	0.103360843658	1015.41616968	-0.0232520103455	0.000693631172180	0.00117275714874	200000.000000	16.0000000000	0.00000000000	166.000000000	232.000000000	5.00000000000	0.950000000000	-0.740000000000	22.3000000000	0.00000000000	232.000000000	32.0000000000	15108704.0000	2500.00000000	2000.00000000	206.200000000	6466.00000000	1700.00000000	6000.00000000	13314.0000000	5801.00000000	23.4081460007	23.5137486754	23.1798541774	-0.365118443319	23.6668057909	26.2141808083	24.1922097605	-10.8927789160	23.5243397747	23.2737861163	23.2758785345	23.8878234650	23.9764863670	22.7635844875	-12.4077104270	0.882295696942	0.00000000000	0.100000000000	0.0500000000000	0.00704317092896	0.00000000000	45.3320312500	0.00000000000	-0.567968785763	0.00000000000	14.7500000000	15.0875005722	14.7562503815	14.9812498093	14.8312501907	-300.000000000	1424.08449615	NaN	0.00000000000	22.3007202148	24.9999694824	640.000000000	24.4245606809	24.6632328248	25.1739981715	25.5846822245	24.0532857960	26.3802496378	-58.4924120055	-59.5060620420	-0.000531673431396	-0.000531673431396	-0.000859737396240	-0.000859737396240	-98.9704909459	NaN	-273.150000000	-273.150000000	NaN	0.00000000000	NaN	NaN	1.00000000000	0.00000000000	5.00000000000	0.00000000000


















3733299881.53	NaN	15.0000000000	119.000000000	0.00000000000	1.00000000000	NaN	0.00996875762939	-3.01664661540	0.953704357147	-4.21032756663	0.976346015930	2.51237726212	0.262966156006	0.101191997528	3.02101178570	64.7988624687	0.0960715332031	1015.06688870	-0.0197081565857	0.000715303421021	0.00116748809814	200000.000000	16.0000000000	0.00000000000	166.000000000	232.000000000	5.00000000000	0.950000000000	-0.740000000000	22.3000000000	0.00000000000	232.000000000	32.0000000000	15108704.0000	2500.00000000	2000.00000000	206.200000000	6466.00000000	1700.00000000	6000.00000000	13314.0000000	5801.00000000	23.4081460007	23.5137486754	23.1798541774	-0.365118443319	23.6668057909	26.2141808083	24.1922097605	-10.8927789160	23.5243397747	23.2737861163	23.2758785345	23.8878234650	23.9764863670	22.7635844875	-12.4077104270	0.882295696942	0.00000000000	0.100000000000	0.0500000000000	0.00655088424683	0.00000000000	52.1289062500	0.00000000000	-0.573437511921	0.00000000000	14.7500000000	15.0875005722	14.7562503815	14.9812498093	14.8312501907	-300.000000000	1398.45097522	NaN	0.00000000000	22.3007202148	24.9999694824	640.000000000	24.4245606809	24.6632328248	25.1739981715	25.5846822245	24.0532857960	26.3802496378	-58.4924120055	-59.5060620420	-0.000531673431396	-0.000531673431396	-0.000859737396240	-0.000859737396240	-98.9704909459	NaN	-273.150000000	-273.150000000	NaN	0.00000000000	NaN	NaN	1.00000000000	0.00000000000	5.00000000000	0.00000000000


















3733299881.73	NaN	21.0000000000	132.000000000	1.00000000000	1.00000000000	NaN	0.00242137908936	-3.00157193761	0.951407432556	-4.21809381855	0.973721027374	2.51336145401	0.264278411865	0.0664091110229	2.45940891895	54.3283896332	0.103360843658	1015.37251749	-0.0247879028320	0.000708150863647	0.00117137432098	200000.000000	16.0000000000	0.00000000000	166.000000000	232.000000000	5.00000000000	0.950000000000	-0.740000000000	22.3000000000	0.00000000000	232.000000000	32.0000000000	15108704.0000	2500.00000000	2000.00000000	206.200000000	6466.00000000	1700.00000000	6000.00000000	13314.0000000	5801.00000000	23.4081460007	23.5137486754	23.1798541774	-0.365118443319	23.6668057909	26.2141808083	24.1922097605	-10.8927789160	23.5243397747	23.2737861163	23.2758785345	23.8878234650	23.9764863670	22.7635844875	-12.4077104270	0.882295696942	0.00000000000	0.100000000000	0.0500000000000	0.00193591117859	0.00000000000	52.1289062500	0.00000000000	-0.573437511921	0.00000000000	14.7500000000	15.0187501907	14.7500000000	14.9812498093	14.8312501907	-300.000000000	1348.98807899	NaN	0.00000000000	22.3007202148	24.9999694824	640.000000000	24.4245606809	24.6632328248	25.1739981715	25.5846822245	24.0532857960	26.3802496378	-58.4924120055	-59.5060620420	-0.000531673431396	-0.000531673431396	-0.000859737396240	-0.000859737396240	-98.9704909459	NaN	-273.150000000	-273.150000000	NaN	0.00000000000	NaN	NaN	1.00000000000	0.00000000000	5.00000000000	0.00000000000

















3733299881.93	NaN	17.0000000000	115.000000000	0.00000000000	1.00000000000	NaN	0.00504684448242	-3.04682341551	0.950750827789	-4.22586160955	0.973064422607	2.51368951797	0.265591144562	0.103160858154	3.03052813396	67.0833393288	0.0985016956329	1015.41616968	-0.0216641426086	0.000712013244629	0.00117206573486	200000.000000	16.0000000000	0.00000000000	166.000000000	232.000000000	5.00000000000	0.950000000000	-0.740000000000	22.3000000000	0.00000000000	232.000000000	32.0000000000	15108704.0000	2500.00000000	2000.00000000	206.200000000	6466.00000000	1700.00000000	6000.00000000	13314.0000000	5801.00000000	23.4081460007	23.5137486754	23.1798541774	-0.365118443319	23.6668057909	26.2141808083	24.1922097605	-10.8927789160	23.5243397747	23.2737861163	23.2758785345	23.8878234650	23.9764863670	22.7635844875	-12.4077104270	0.882295696942	0.00000000000	0.100000000000	0.0500000000000	0.00558223724365	0.00000000000	47.7949218750	0.00000000000	-0.568164050579	0.00000000000	14.7500000000	15.0187501907	14.7500000000	14.9812498093	14.8312501907	-300.000000000	1302.90463530	NaN	0.00000000000	22.3005065918	25.0001220703	640.000000000	24.4245606809	24.6632328248	25.1739981715	25.5846822245	24.0532857960	26.3802496378	-58.4924120055	-59.5060620420	-0.000531673431396	-0.000531673431396	-0.000859737396240	-0.000859737396240	-98.9704909459	NaN	-273.150000000	-273.150000000	NaN	0.00000000000	NaN	NaN	1.00000000000	0.00000000000	5.00000000000	0.00000000000

















3733299882.13	NaN	4.00000000000	129.000000000	0.00000000000	0.00000000000	NaN	0.00898456573486	-3.01664661540	0.949438571930	-4.25695948770	0.972080230713	2.53239393234	0.264935016632	0.0979108810425	2.95438351593	64.2276049347	0.100121019363	1015.32886530	-0.0309438705444	0.000726485252380	0.00114781856537	200000.000000	16.0000000000	0.00000000000	166.000000000	232.000000000	5.00000000000	0.950000000000	-0.740000000000	22.3000000000	0.00000000000	232.000000000	32.0000000000	15108704.0000	2500.00000000	2000.00000000	206.200000000	6466.00000000	1700.00000000	6000.00000000	13314.0000000	5801.00000000	23.4081460007	23.5137486754	23.1798541774	-0.365118443319	23.6668057909	26.2141808083	24.1922097605	-10.8927789160	23.5243397747	23.2737861163	23.2758785345	23.8878234650	23.9764863670	22.7635844875	-12.4077104270	0.882295696942	0.00000000000	0.100000000000	0.0500000000000	0.00322880744934	0.00000000000	47.7949218750	0.00000000000	-0.568164050579	0.00000000000	14.7562503815	15.1062498093	14.7500000000	14.9812498093	14.8312501907	-300.000000000	0.00000000000	NaN	0.00000000000	22.3005065918	25.0001220703	640.000000000	24.4245606809	24.6632328248	25.2443164419	25.5846822245	24.0532857960	26.3802496378	-58.4924120055	-59.5060620420	-0.000531673431396	-0.000531673431396	-0.000859737396240	-0.000859737396240	-98.9704909459	NaN	-273.150000000	-273.150000000	NaN	0.00000000000	NaN	NaN	1.00000000000	0.00000000000	5.00000000000	0.00000000000


















3733299882.33	NaN	9.00000000000	112.000000000	0.00000000000	1.00000000000	NaN	0.00734376907349	-3.04682341551	0.950422763824	-4.21032756663	0.976674079895	2.52911233902	0.265263080597	0.101848602295	3.05909101067	63.4662970734	0.0960715332031	1015.45982187	-0.0281481742859	0.000719904899597	0.00117862224579	200000.000000	16.0000000000	0.00000000000	166.000000000	232.000000000	5.00000000000	0.950000000000	-0.740000000000	22.3000000000	0.00000000000	232.000000000	32.0000000000	15108704.0000	2500.00000000	2000.00000000	206.200000000	6466.00000000	1700.00000000	6000.00000000	13314.0000000	5801.00000000	23.4081460007	23.5137486754	23.1798541774	-0.365118443319	23.6668057909	26.2141808083	24.1922097605	-10.8927789160	23.5243397747	23.2737861163	23.2758785345	23.8878234650	23.9764863670	22.7635844875	-12.4077104270	0.882295696942	0.00000000000	0.100000000000	0.0500000000000	0.00106964111328	0.00000000000	49.6308593750	0.00000000000	-0.570507824421	0.00000000000	14.7562503815	15.1062498093	14.7500000000	14.9812498093	14.8312501907	-300.000000000	1638.80973658	NaN	0.00000000000	22.3005371094	25.0000305176	640.000000000	24.4245606809	24.6632328248	25.2443164419	25.5846822245	24.0532857960	26.3802496378	-58.4924120055	-59.5060620420	-0.000531673431396	-0.000531673431396	-0.000859737396240	-0.000859737396240	-98.9704909459	NaN	-273.150000000	-273.150000000	NaN	0.00000000000	NaN	NaN	1.00000000000	0.00000000000	5.00000000000	0.00000000000


















3733299882.53	NaN	5.00000000000	117.000000000	0.00000000000	2.00000000000	NaN	0.0132503509521	-3.19801729297	0.949766635895	-4.21032756663	0.975033283234	2.53075313568	0.262966156006	0.104145526886	3.02101178570	65.1795163994	0.102551181793	1015.50353751	-0.0280957221985	0.000720524787903	0.00116353034973	200000.000000	16.0000000000	0.00000000000	166.000000000	232.000000000	5.00000000000	0.950000000000	-0.740000000000	22.3000000000	0.00000000000	232.000000000	32.0000000000	15108704.0000	2500.00000000	2000.00000000	206.200000000	6466.00000000	1700.00000000	6000.00000000	13314.0000000	5801.00000000	23.4081460007	23.5137486754	23.1798541774	-0.365118443319	23.6668057909	26.2141808083	24.1922097605	-10.8927789160	23.5243397747	23.2737861163	23.2758785345	23.8878234650	23.9764863670	22.7635844875	-12.4077104270	0.882295696942	0.00000000000	0.100000000000	0.0500000000000	0.00264863967896	0.00000000000	49.6308593750	0.00000000000	-0.570507824421	0.00000000000	14.7500000000	15.0124998093	14.7500000000	14.9812498093	14.8312501907	-300.000000000	2800.00998928	NaN	0.00000000000	22.3005371094	25.0000305176	640.000000000	24.4245606809	24.6632328248	25.2443164419	25.5846822245	24.0532857960	26.3802496378	-58.4924120055	-59.5060620420	-0.000531673431396	-0.000531673431396	-0.000859737396240	-0.000859737396240	-98.9704909459	NaN	-273.150000000	-273.150000000	NaN	0.00000000000	NaN	NaN	1.00000000000	0.00000000000	5.00000000000	0.00000000000


















3733299882.73	NaN	11.0000000000	114.000000000	0.00000000000	0.00000000000	NaN	0.00110912322998	-3.00157193761	0.954360485077	-4.17150807767	0.977986812592	2.53469085693	0.266247272491	0.105786323547	2.80208044796	56.0416089592	0.0960715332031	1015.32886530	-0.0278592109680	0.000733685493469	0.00115828514099	200000.000000	16.0000000000	0.00000000000	166.000000000	232.000000000	5.00000000000	0.950000000000	-0.740000000000	22.3000000000	0.00000000000	232.000000000	32.0000000000	15108704.0000	2500.00000000	2000.00000000	206.200000000	6466.00000000	1700.00000000	6000.00000000	13314.0000000	5801.00000000	23.4081460007	23.5137486754	23.1798541774	-0.365118443319	23.6668057909	26.2141808083	24.1922097605	-10.8927789160	23.5243397747	23.2737861163	23.2758785345	23.8878234650	23.9764863670	22.7635844875	-12.4077104270	0.882295696942	0.00000000000	0.100000000000	0.0500000000000	-0.00217370986938	0.00000000000	52.8242187500	-0.000390625005821	-0.569726586342	0.00000000000	14.7500000000	15.0124998093	14.7500000000	14.9812498093	14.8312501907	-300.000000000	0.00000000000	NaN	0.00000000000	22.3006286621	25.0002746582	640.000000000	24.4245606809	24.6632328248	25.2443164419	25.5846822245	24.0532857960	26.3802496378	-58.4924120055	-59.5060620420	-0.000531673431396	-0.000531673431396	-0.000859737396240	-0.000859737396240	-98.9704909459	NaN	-273.150000000	-273.150000000	NaN	0.00000000000	NaN	NaN	1.00000000000	0.00000000000	5.00000000000	0.00000000000


















3733299882.93	NaN	12.0000000000	115.000000000	0.00000000000	1.00000000000	NaN	0.0122656822205	-3.29659305408	0.949110507965	-4.20256285267	0.976346015930	2.53140926361	0.263622283936	0.105129718781	3.03052813396	64.7988624687	0.105789829254	1015.54718970	-0.0281610488892	0.000720596313477	0.00116026401520	200000.000000	16.0000000000	0.00000000000	166.000000000	232.000000000	5.00000000000	0.950000000000	-0.740000000000	22.3000000000	0.00000000000	232.000000000	32.0000000000	15108704.0000	2500.00000000	2000.00000000	206.200000000	6466.00000000	1700.00000000	6000.00000000	13314.0000000	5801.00000000	23.4081460007	23.5137486754	23.1798541774	-0.365118443319	23.6668057909	26.2141808083	24.1922097605	-10.8927789160	23.5243397747	23.2737861163	23.2758785345	23.8878234650	23.9764863670	22.7635844875	-12.4077104270	0.882295696942	0.00000000000	0.100000000000	0.0500000000000	0.00370140075684	0.00000000000	52.8242187500	-0.000390625005821	-0.569726586342	0.00000000000	14.7562503815	15.1250000000	14.7500000000	14.9812498093	14.8312501907	-300.000000000	1348.98807899	NaN	0.00000000000	22.3006286621	25.0002746582	640.000000000	24.4245606809	24.6632328248	25.2443164419	25.5846822245	24.0532857960	26.3802496378	-58.4924120055	-59.5060620420	-0.000531673431396	-0.000531673431396	-0.000859737396240	-0.000859737396240	-98.9704909459	NaN	-273.150000000	-273.150000000	NaN	0.00000000000	NaN	NaN	1.00000000000	0.00000000000	5.00000000000	0.00000000000


















3733299883.13	NaN	8.00000000000	122.000000000	0.00000000000	1.00000000000	NaN	0.0178442001343	-3.18287618955	0.946813106537	-4.25695948770	0.971752166748	2.44051408768	0.260997295380	0.101848602295	2.99244890900	65.1795163994	0.104170505524	1015.45982187	-0.0261397361755	0.000688982009888	0.00114841461182	200000.000000	16.0000000000	0.00000000000	166.000000000	232.000000000	5.00000000000	0.950000000000	-0.740000000000	22.3000000000	0.00000000000	232.000000000	32.0000000000	15108704.0000	2500.00000000	2000.00000000	206.200000000	6466.00000000	1700.00000000	6000.00000000	13314.0000000	5801.00000000	23.4081460007	23.5137486754	23.1798541774	-0.365118443319	23.6668057909	26.2141808083	24.1922097605	-10.8927789160	23.5243397747	23.2737861163	23.2758785345	23.8878234650	23.9764863670	22.7635844875	-12.4077104270	0.882295696942	0.00000000000	0.100000000000	0.0500000000000	0.0133264064789	0.00000000000	49.3203125000	0.00000000000	-0.571875035763	0.00000000000	14.7562503815	15.1250000000	14.7500000000	14.9812498093	14.8312501907	-300.000000000	1540.14424584	NaN	0.00000000000	22.3006286621	25.0002746582	640.000000000	24.4245606809	24.6632328248	25.2443164419	25.5611794180	24.0532857960	26.3802496378	-58.4924120055	-59.5060620420	-0.000531673431396	-0.000531673431396	-0.000859737396240	-0.000859737396240	-98.9704909459	NaN	-273.150000000	-273.150000000	NaN	0.00000000000	NaN	NaN	1.00000000000	0.00000000000	5.00000000000	0.00000000000


















3733299883.33	NaN	17.0000000000	112.000000000	0.00000000000	0.00000000000	NaN	3.49450492859	-3.34978108978	0.945500850677	-4.07850191768	0.991112232208	2.44346761703	0.272482395172	0.162226676941	4.92473789177	101.159888626	0.104980167389	1015.41616968	-0.0323743820190	0.000715303421021	0.00122458934784	200000.000000	16.0000000000	0.00000000000	166.000000000	232.000000000	5.00000000000	0.950000000000	-0.740000000000	22.3000000000	0.00000000000	232.000000000	32.0000000000	15108704.0000	2500.00000000	2000.00000000	206.200000000	6466.00000000	1700.00000000	6000.00000000	13314.0000000	5801.00000000	23.4081460007	23.5137486754	23.1798541774	-0.365118443319	23.6668057909	26.2141808083	24.1922097605	-10.8927789160	23.5243397747	23.2737861163	23.2758785345	23.8878234650	23.9764863670	22.7635844875	-12.4077104270	0.882295696942	0.00000000000	0.100000000000	0.0500000000000	0.00144109725952	0.00000000000	49.3203125000	0.00000000000	-0.571875035763	0.00000000000	14.7562503815	15.0124998093	14.7500000000	14.9812498093	14.8312501907	-300.000000000	0.00000000000	NaN	0.00000000000	22.3005676270	24.9999084473	640.000000000	24.4245606809	24.6632328248	25.2443164419	25.5611794180	24.0532857960	26.3802496378	-58.4924120055	-59.5060620420	-0.000531673431396	-0.000531673431396	-0.000859737396240	-0.000859737396240	-98.9704909459	NaN	-273.150000000	-273.150000000	NaN	0.00000000000	NaN	NaN	1.00000000000	0.00000000000	5.00000000000	0.00000000000

















3733299883.53	NaN	16.0000000000	113.000000000	0.00000000000	2.00000000000	NaN	3.50369310379	-3.42586406801	0.941891193390	-4.38157640982	0.969126701355	2.44346761703	0.274122714996	0.164195537567	4.98184981327	104.205673347	0.0936425476074	1015.32886530	-0.0322957038879	0.000706815719604	0.00121800899506	200000.000000	16.0000000000	0.00000000000	166.000000000	232.000000000	5.00000000000	0.950000000000	-0.740000000000	22.3000000000	0.00000000000	232.000000000	32.0000000000	15108704.0000	2500.00000000	2000.00000000	206.200000000	6466.00000000	1700.00000000	6000.00000000	13314.0000000	5801.00000000	23.4081460007	23.5137486754	23.1798541774	-0.365118443319	23.6668057909	26.2141808083	24.1922097605	-10.8927789160	23.5243397747	23.2737861163	23.2758785345	23.8878234650	23.9764863670	22.7635844875	-12.4077104270	0.882295696942	0.00000000000	0.100000000000	0.0500000000000	-0.00394043922424	0.00000000000	50.0664062500	0.00000000000	-0.567773461342	0.00000000000	14.7562503815	15.0124998093	14.7500000000	14.9812498093	14.8312501907	-300.000000000	2988.44025308	NaN	0.00000000000	22.3005676270	24.9999084473	640.000000000	24.4245606809	24.6632328248	25.2443164419	25.5611794180	24.0532857960	26.3802496378	-58.4924120055	-59.5060620420	-0.000531673431396	-0.000531673431396	-0.000859737396240	-0.000859737396240	-98.9704909459	NaN	-273.150000000	-273.150000000	NaN	0.00000000000	NaN	NaN	1.00000000000	0.00000000000	5.00000000000	0.00000000000

















3733299883.73	NaN	13.0000000000	119.000000000	0.00000000000	0.00000000000	NaN	3.49352073669	-3.17530773014	0.973392963409	-4.11722965848	0.896279335022	2.45101451874	0.270513534546	0.0647683143616	4.24891118202	97.9235003014	0.102551181793	1015.28521311	-0.0112686157227	0.000713348388672	0.00121870040894	200000.000000	16.0000000000	0.00000000000	166.000000000	232.000000000	5.00000000000	0.950000000000	-0.740000000000	22.3000000000	0.00000000000	232.000000000	32.0000000000	15108704.0000	2500.00000000	2000.00000000	206.200000000	6466.00000000	1700.00000000	6000.00000000	13314.0000000	5801.00000000	23.4081460007	23.5137486754	23.1798541774	-0.365118443319	23.6668057909	26.2141808083	24.1922097605	-10.8927789160	23.5243397747	23.2737861163	23.2758785345	23.8878234650	23.9764863670	22.7635844875	-12.4077104270	0.882295696942	0.00000000000	0.100000000000	0.0500000000000	-0.00138487815857	0.00000000000	50.0664062500	0.00000000000	-0.567773461342	0.00000000000	14.7562503815	15.1250000000	14.7500000000	14.9812498093	14.8312501907	-300.000000000	0.00000000000	NaN	0.00000000000	22.3005676270	24.9999084473	640.000000000	24.4245606809	24.6632328248	25.2443164419	25.5611794180	24.0532857960	26.3802496378	-58.4924120055	-59.5060620420	-0.000531673431396	-0.000531673431396	-0.000859737396240	-0.000859737396240	-98.9704909459	NaN	-273.150000000	-273.150000000	NaN	0.00000000000	NaN	NaN	1.00000000000	0.00000000000	5.00000000000	0.00000000000


















3733299883.93	NaN	14.0000000000	112.000000000	0.00000000000	0.00000000000	NaN	3.50434923172	-3.27382881653	0.942875385284	-4.38157640982	0.965517520905	2.44970226288	0.273466587067	0.163210868835	4.96280328484	102.873107952	0.101740343094	1015.19784528	-0.0333065986633	0.000723147392273	0.00120093822479	200000.000000	16.0000000000	0.00000000000	166.000000000	232.000000000	5.00000000000	0.950000000000	-0.740000000000	22.3000000000	0.00000000000	232.000000000	32.0000000000	15108704.0000	2500.00000000	2000.00000000	206.200000000	6466.00000000	1700.00000000	6000.00000000	13314.0000000	5801.00000000	23.4081460007	23.5137486754	23.1798541774	-0.365118443319	23.6668057909	26.2141808083	24.1922097605	-10.8927789160	23.5243397747	23.2737861163	23.2758785345	23.8878234650	23.9764863670	22.7635844875	-12.4077104270	0.882295696942	0.00000000000	0.100000000000	0.0500000000000	-0.00319881439209	0.00000000000	49.8144531250	-0.000390625005821	-0.573046863079	0.00000000000	14.7562503815	15.1250000000	14.7500000000	14.9812498093	14.8312501907	-300.000000000	0.00000000000	NaN	0.00000000000	22.3008117676	25.0001525879	640.000000000	24.4245606809	24.6632328248	25.2443164419	25.5611794180	24.0532857960	26.3802496378	-58.4924120055	-59.5060620420	-0.000531673431396	-0.000531673431396	-0.000859737396240	-0.000859737396240	-98.9704909459	NaN	-273.150000000	-273.150000000	NaN	0.00000000000	NaN	NaN	1.00000000000	0.00000000000	5.00000000000	0.00000000000


















3733299884.13	NaN	7.00000000000	116.000000000	0.00000000000	1.00000000000	NaN	3.48564529419	-3.14503682610	0.943531990051	-4.35039049683	0.969783306122	2.57964611053	0.275763511658	0.162882804871	4.97231963310	101.540542557	0.0993113574982	1015.37251749	-0.0300645828247	0.000677847862244	0.00117533206940	200000.000000	16.0000000000	0.00000000000	166.000000000	232.000000000	5.00000000000	0.950000000000	-0.740000000000	22.3000000000	0.00000000000	232.000000000	32.0000000000	15108704.0000	2500.00000000	2000.00000000	206.200000000	6466.00000000	1700.00000000	6000.00000000	13314.0000000	5801.00000000	23.4081460007	23.5137486754	23.1798541774	-0.365118443319	23.6668057909	26.2141808083	24.1922097605	-10.8927789160	23.5243397747	23.2737861163	23.2758785345	23.8878234650	23.9764863670	22.7635844875	-12.4077104270	0.882295696942	0.00000000000	0.100000000000	0.0500000000000	-0.00101470947266	0.00000000000	49.8144531250	-0.000390625005821	-0.573046863079	0.00000000000	14.7562503815	15.0000000000	14.7500000000	14.9875001907	14.8312501907	-300.000000000	1398.45097522	NaN	0.00000000000	22.3008117676	25.0001525879	640.000000000	24.4245606809	24.6632328248	25.2443164419	25.5611794180	24.1056514117	26.3802496378	-58.4924120055	-59.5060620420	-0.000531673431396	-0.000531673431396	-0.000859737396240	-0.000859737396240	-98.9704909459	NaN	-273.150000000	-273.150000000	NaN	0.00000000000	NaN	NaN	1.00000000000	0.00000000000	5.00000000000	0.00000000000
















3733299884.33	NaN	17.0000000000	107.000000000	0.00000000000	0.00000000000	NaN	3.50500583649	-3.46396456708	0.944844245911	-4.36598033148	0.966829776764	2.57767724991	0.275763511658	0.163867473602	4.95328693657	102.492454021	0.105789829254	1015.06688870	-0.0325450897217	0.000717926025391	0.00122392177582	200000.000000	16.0000000000	0.00000000000	166.000000000	232.000000000	5.00000000000	0.950000000000	-0.740000000000	22.3000000000	0.00000000000	232.000000000	32.0000000000	15108704.0000	2500.00000000	2000.00000000	206.200000000	6466.00000000	1700.00000000	6000.00000000	13314.0000000	5801.00000000	23.4081460007	23.5137486754	23.1798541774	-0.365118443319	23.6668057909	26.2141808083	24.1922097605	-10.8927789160	23.5243397747	23.2737861163	23.2758785345	23.8878234650	23.9764863670	22.7635844875	-12.4077104270	0.882295696942	0.00000000000	0.100000000000	0.0500000000000	-0.00411763191223	0.00000000000	54.7343750000	0.00000000000	-0.568750023842	0.00000000000	14.7562503815	15.0000000000	14.7500000000	14.9875001907	14.8312501907	-300.000000000	0.00000000000	NaN	0.00000000000	22.3005676270	25.0001831055	640.000000000	24.4245606809	24.6632328248	25.2443164419	25.5611794180	24.1056514117	26.3802496378	-58.4924120055	-59.5060620420	-0.000531673431396	-0.000531673431396	-0.000859737396240	-0.000859737396240	-98.9704909459	NaN	-273.150000000	-273.150000000	NaN	0.00000000000	NaN	NaN	1.00000000000	0.00000000000	5.00000000000	0.00000000000

















3733299884.53	NaN	9.00000000000	126.000000000	0.00000000000	1.00000000000	NaN	3.50303697586	-3.31178729575	0.943531990051	-4.37377758961	0.965517520905	2.58095884323	0.277732372284	0.164523601532	4.97231963310	103.254038521	0.100930681229	1015.19784528	-0.0343694686890	0.000727128982544	0.00122456550598	200000.000000	16.0000000000	0.00000000000	166.000000000	232.000000000	5.00000000000	0.950000000000	-0.740000000000	22.3000000000	0.00000000000	232.000000000	32.0000000000	15108704.0000	2500.00000000	2000.00000000	206.200000000	6466.00000000	1700.00000000	6000.00000000	13314.0000000	5801.00000000	23.4081460007	23.5137486754	23.1798541774	-0.365118443319	23.6668057909	26.2141808083	24.1922097605	-10.8927789160	23.5243397747	23.2737861163	23.2758785345	23.8878234650	23.9764863670	22.7635844875	-12.4077104270	0.882295696942	0.00000000000	0.100000000000	0.0500000000000	-0.00509815216064	0.00000000000	54.7343750000	0.00000000000	-0.568750023842	0.00000000000	14.7500000000	15.1062498093	14.7500000000	14.9812498093	14.8312501907	-300.000000000	1424.08449615	NaN	0.00000000000	22.3005676270	25.0001831055	640.000000000	24.4245606809	24.6632328248	25.2443164419	25.5611794180	24.1056514117	26.3802496378	-58.4924120055	-59.5060620420	-0.000531673431396	-0.000531673431396	-0.000859737396240	-0.000859737396240	-98.9704909459	NaN	-273.150000000	-273.150000000	NaN	0.00000000000	NaN	NaN	1.00000000000	0.00000000000	5.00000000000	0.00000000000

















3733299884.73	NaN	6.00000000000	78.0000000000	0.00000000000	3.00000000000	NaN	3.49516153336	-3.34217066398	0.946156978607	-4.32700611074	0.966829776764	2.57964611053	0.277076244354	0.163867473602	5.00088250980	102.111800091	0.100930681229	1015.37251749	-0.0328469276428	0.000715303421021	0.00124821662903	200000.000000	16.0000000000	0.00000000000	166.000000000	232.000000000	5.00000000000	0.950000000000	-0.740000000000	22.3000000000	0.00000000000	232.000000000	32.0000000000	15108704.0000	2500.00000000	2000.00000000	206.200000000	6466.00000000	1700.00000000	6000.00000000	13314.0000000	5801.00000000	23.4081460007	23.5137486754	23.1798541774	-0.365118443319	23.6668057909	26.2141808083	24.1922097605	-10.8927789160	23.5243397747	23.2737861163	23.2758785345	23.8878234650	23.9764863670	22.7635844875	-12.4077104270	0.882295696942	0.00000000000	0.100000000000	0.0500000000000	-0.00443520545959	0.00000000000	47.3066406250	0.00000000000	-0.570507824421	0.00000000000	14.7500000000	15.1062498093	14.7500000000	14.9812498093	14.8312501907	-300.000000000	3944.44638873	NaN	0.00000000000	22.3001403809	25.0004272461	640.000000000	24.4245606809	24.6632328248	25.2443164419	25.5611794180	24.1056514117	26.3802496378	-58.4924120055	-59.5060620420	-0.000531673431396	-0.000531673431396	-0.000859737396240	-0.000859737396240	-98.9704909459	NaN	-273.150000000	-273.150000000	NaN	0.00000000000	NaN	NaN	1.00000000000	0.00000000000	5.00000000000	0.00000000000


















3733299884.93	NaN	7.00000000000	102.000000000	0.00000000000	1.00000000000	NaN	3.51484966278	-3.36498410392	0.943531990051	-4.37377758961	0.966829776764	2.57898998260	0.277732372284	0.165179729462	4.98184981327	103.254038521	0.0993113574982	1015.19784528	-0.0346059799194	0.000714635848999	0.00121874809265	200000.000000	16.0000000000	0.00000000000	166.000000000	232.000000000	5.00000000000	0.950000000000	-0.740000000000	22.3000000000	0.00000000000	232.000000000	32.0000000000	15108704.0000	2500.00000000	2000.00000000	206.200000000	6466.00000000	1700.00000000	6000.00000000	13314.0000000	5801.00000000	23.4081460007	23.5137486754	23.1798541774	-0.365118443319	23.6668057909	26.2141808083	24.1922097605	-10.8927789160	23.5243397747	23.2737861163	23.2758785345	23.8878234650	23.9764863670	22.7635844875	-12.4077104270	0.882295696942	0.00000000000	0.100000000000	0.0500000000000	-0.00489597320557	0.00000000000	47.3066406250	0.00000000000	-0.570507824421	0.00000000000	14.7562503815	15.0500001907	14.7500000000	14.9875001907	14.8312501907	-300.000000000	1604.95521257	NaN	0.00000000000	22.3001403809	25.0004272461	640.000000000	24.4245606809	24.6632328248	25.2443164419	25.5611794180	24.1056514117	26.3802496378	-58.4924120055	-59.5060620420	-0.000531673431396	-0.000531673431396	-0.000859737396240	-0.000859737396240	-98.9704909459	NaN	-273.150000000	-273.150000000	NaN	0.00000000000	NaN	NaN	1.00000000000	0.00000000000	5.00000000000	0.00000000000

















3733299885.13	NaN	8.00000000000	84.0000000000	0.00000000000	2.00000000000	NaN	3.49811458588	-3.37258773889	0.953704357147	-4.16375103863	0.977658748627	0.0221099853516	0.103489398956	0.140241146088	4.12517099075	102.492454021	0.101740343094	1015.32886530	-0.0539531707764	0.000708746910095	0.00119636058807	200000.000000	16.0000000000	0.00000000000	166.000000000	232.000000000	5.00000000000	0.950000000000	-0.740000000000	22.3000000000	0.00000000000	232.000000000	32.0000000000	15108704.0000	2500.00000000	2000.00000000	206.200000000	6466.00000000	1700.00000000	6000.00000000	13314.0000000	5801.00000000	23.4081460007	23.5137486754	23.1798541774	-0.365118443319	23.6668057909	26.2141808083	24.1922097605	-10.8927789160	23.5243397747	23.2737861163	23.2758785345	23.8878234650	23.9764863670	22.7635844875	-12.4077104270	0.882295696942	0.00000000000	0.100000000000	0.0500000000000	-0.0223307609558	0.00000000000	54.8242187500	0.00000000000	-0.567578136921	0.00000000000	14.7562503815	15.0500001907	14.7500000000	14.9875001907	14.8312501907	-300.000000000	2824.50412326	NaN	0.00000000000	22.3001403809	25.0004272461	640.000000000	24.4245606809	24.6632328248	25.2443164419	25.5611794180	24.1056514117	26.4157232707	-58.4924120055	-59.5060620420	-0.000531673431396	-0.000531673431396	-0.000859737396240	-0.000859737396240	-98.9704909459	NaN	-273.150000000	-273.150000000	NaN	0.00000000000	NaN	NaN	1.00000000000	0.00000000000	5.00000000000	0.00000000000


















3733299885.33	NaN	5.00000000000	82.0000000000	0.00000000000	0.00000000000	NaN	3.50828695297	-3.34217066398	0.939266204834	-4.37377758961	0.973721027374	0.0244069099426	0.100535869598	0.137616157532	4.23939483376	89.9278312912	0.100121019363	1015.54718970	-0.0359706878662	0.000740289688110	0.00125603675842	200000.000000	16.0000000000	0.00000000000	166.000000000	232.000000000	5.00000000000	0.950000000000	-0.740000000000	22.3000000000	0.00000000000	232.000000000	32.0000000000	15108704.0000	2500.00000000	2000.00000000	206.200000000	6466.00000000	1700.00000000	6000.00000000	13314.0000000	5801.00000000	23.4081460007	23.5137486754	23.1798541774	-0.365118443319	23.6668057909	26.2141808083	24.1922097605	-10.8927789160	23.5243397747	23.2737861163	23.2758785345	23.8878234650	23.9764863670	22.7635844875	-12.4077104270	0.882295696942	0.00000000000	0.100000000000	0.0500000000000	-0.00898847579956	0.00000000000	54.8242187500	0.00000000000	-0.567578136921	0.00000000000	14.7562503815	15.0687503815	14.7562503815	14.9812498093	14.8312501907	-300.000000000	0.00000000000	NaN	0.00000000000	22.3005676270	24.9997558594	640.000000000	24.4245606809	24.6632328248	25.2443164419	25.5611794180	24.1056514117	26.4157232707	-58.4924120055	-59.5060620420	-0.000531673431396	-0.000531673431396	-0.000859737396240	-0.000859737396240	-98.9704909459	NaN	-273.150000000	-273.150000000	NaN	0.00000000000	NaN	NaN	1.00000000000	0.00000000000	5.00000000000	0.00000000000


















3733299885.53	NaN	7.00000000000	86.0000000000	0.00000000000	0.00000000000	NaN	3.49319267273	-3.22075043653	0.945500850677	-4.33479557357	0.967486381531	0.0257196426392	0.103817462921	0.136959552765	4.20131560879	90.6894157906	0.101740343094	1015.24156092	-0.0319018363953	0.000689005851746	0.00121147632599	200000.000000	16.0000000000	0.00000000000	166.000000000	232.000000000	5.00000000000	0.950000000000	-0.740000000000	22.3000000000	0.00000000000	232.000000000	32.0000000000	15108704.0000	2500.00000000	2000.00000000	206.200000000	6466.00000000	1700.00000000	6000.00000000	13314.0000000	5801.00000000	23.4081460007	23.5137486754	23.1798541774	-0.365118443319	23.6668057909	26.2141808083	24.1922097605	-10.8927789160	23.5243397747	23.2737861163	23.2758785345	23.8878234650	23.9764863670	22.7635844875	-12.4077104270	0.882295696942	0.00000000000	0.100000000000	0.0500000000000	-0.00597095489502	0.00000000000	45.3066406250	0.00000000000	-0.572265625000	0.00000000000	14.7562503815	15.0687503815	14.7562503815	14.9812498093	14.8312501907	-300.000000000	0.00000000000	NaN	0.00000000000	22.3005676270	24.9997558594	640.000000000	24.4245606809	24.6632328248	25.2443164419	25.5611794180	24.1056514117	26.4157232707	-58.4924120055	-59.5060620420	-0.000531673431396	-0.000531673431396	-0.000859737396240	-0.000859737396240	-98.9704909459	NaN	-273.150000000	-273.150000000	NaN	0.00000000000	NaN	NaN	1.00000000000	0.00000000000	5.00000000000	0.00000000000


















3733299885.73	NaN	13.0000000000	93.0000000000	0.00000000000	2.00000000000	NaN	3.50828695297	-3.32697615223	0.945500850677	-4.31921820303	0.973392963409	0.0237507820129	0.101191997528	0.136631488800	4.17276656399	89.3568503952	0.0993113574982	1015.24156092	-0.0373620986938	0.000705409049988	0.00122132301331	200000.000000	16.0000000000	0.00000000000	166.000000000	232.000000000	5.00000000000	0.950000000000	-0.740000000000	22.3000000000	0.00000000000	232.000000000	32.0000000000	15108704.0000	2500.00000000	2000.00000000	206.200000000	6466.00000000	1700.00000000	6000.00000000	13314.0000000	5801.00000000	23.4081460007	23.5137486754	23.1798541774	-0.365118443319	23.6668057909	26.2141808083	24.1922097605	-10.8927789160	23.5243397747	23.2737861163	23.2758785345	23.8878234650	23.9764863670	22.7635844875	-12.4077104270	0.882295696942	0.00000000000	0.100000000000	0.0500000000000	-0.00276312828064	0.00000000000	45.3066406250	0.00000000000	-0.572265625000	0.00000000000	14.7500000000	15.1125001907	14.7500000000	14.9812498093	14.8335943222	-300.000000000	2829.35255523	NaN	0.00000000000	22.3005676270	24.9997558594	640.000000000	24.4245606809	24.6632328248	25.2443164419	25.5611794180	24.1056514117	26.4157232707	-58.4924120055	-59.5060620420	-0.000531673431396	-0.000531673431396	-0.000859737396240	-0.000859737396240	-98.9704909459	NaN	-273.150000000	-273.150000000	NaN	0.00000000000	NaN	NaN	1.00000000000	0.00000000000	5.00000000000	0.00000000000

















3733299885.93	NaN	6.00000000000	94.0000000000	0.00000000000	1.00000000000	NaN	3.50369310379	-3.25865969322	0.944188117981	-4.35039049683	0.967157840729	0.0273604393005	0.104473590851	0.138272285461	4.22034830532	90.6894157906	0.0993113574982	1015.32886530	-0.0341200828552	0.000706052780151	0.00122921466827	200000.000000	16.0000000000	0.00000000000	166.000000000	232.000000000	5.00000000000	0.950000000000	-0.740000000000	22.3000000000	0.00000000000	232.000000000	32.0000000000	15108704.0000	2500.00000000	2000.00000000	206.200000000	6466.00000000	1700.00000000	6000.00000000	13314.0000000	5801.00000000	23.4081460007	23.5137486754	23.1798541774	-0.365118443319	23.6668057909	26.2141808083	24.1922097605	-10.8927789160	23.5243397747	23.2737861163	23.2758785345	23.8878234650	23.9764863670	22.7635844875	-12.4077104270	0.882295696942	0.00000000000	0.100000000000	0.0500000000000	-0.00723366737366	0.00000000000	52.2382812500	0.00000000000	-0.572460949421	0.00000000000	14.7500000000	15.1125001907	14.7500000000	14.9812498093	14.8335943222	-300.000000000	1480.36447624	NaN	0.00000000000	22.3005371094	24.9999389648	640.000000000	24.4245606809	24.6632328248	25.2443164419	25.5611794180	24.1056514117	26.4157232707	-58.4924120055	-59.5060620420	-0.000531673431396	-0.000531673431396	-0.000859737396240	-0.000859737396240	-98.9704909459	NaN	-273.150000000	-273.150000000	NaN	0.00000000000	NaN	NaN	1.00000000000	0.00000000000	5.00000000000	0.00000000000

















3733299886.13	NaN	8.00000000000	104.000000000	1.00000000000	0.00000000000	NaN	3.50369310379	-3.41825046949	0.945828914642	-4.31143184932	0.971424102783	0.0211257934570	0.0998797416687	0.137944221497	4.19179926052	86.3107890358	0.100930681229	1015.45982187	-0.0319542884827	0.000718593597412	0.00123834609985	200000.000000	16.0000000000	0.00000000000	166.000000000	232.000000000	5.00000000000	0.950000000000	-0.740000000000	22.3000000000	0.00000000000	232.000000000	32.0000000000	15108704.0000	2500.00000000	2000.00000000	206.200000000	6466.00000000	1700.00000000	6000.00000000	13314.0000000	5801.00000000	23.4081460007	23.5137486754	23.1798541774	-0.365118443319	23.6668057909	26.2141808083	24.1922097605	-10.8927789160	23.5243397747	23.2737861163	23.2758785345	23.8878234650	23.9764863670	22.7635844875	-12.4077104270	0.882295696942	0.00000000000	0.100000000000	0.0500000000000	-0.00453505516052	0.00000000000	52.2382812500	0.00000000000	-0.572460949421	0.00000000000	14.7562503815	15.0000000000	14.7500000000	14.9875001907	14.8312501907	-300.000000000	0.00000000000	NaN	0.00000000000	22.3005371094	24.9999389648	640.000000000	24.4245606809	24.6632328248	25.2443164419	25.5611794180	24.1056514117	26.4157232707	-58.4924120055	-59.5060620420	-0.000531673431396	-0.000531673431396	-0.000859737396240	-0.000859737396240	-98.9704909459	NaN	-273.150000000	-273.150000000	NaN	0.00000000000	NaN	NaN	1.00000000000	0.00000000000	5.00000000000	0.00000000000


















3733299886.33	NaN	11.0000000000	123.000000000	0.00000000000	0.00000000000	NaN	3.49516153336	-3.39540716777	0.947141647339	-4.30364704843	0.970767498016	0.0204691886902	0.101191997528	0.139256477356	4.21083195705	87.4530274658	0.103360843658	1015.41616968	-0.0318627357483	0.000717926025391	0.00122327804565	200000.000000	16.0000000000	0.00000000000	166.000000000	232.000000000	5.00000000000	0.950000000000	-0.740000000000	22.3000000000	0.00000000000	232.000000000	32.0000000000	15108704.0000	2500.00000000	2000.00000000	206.200000000	6466.00000000	1700.00000000	6000.00000000	13314.0000000	5801.00000000	23.4081460007	23.5137486754	23.1798541774	-0.365118443319	23.6668057909	26.2141808083	24.1922097605	-10.8927789160	23.5243397747	23.2737861163	23.2758785345	23.8878234650	23.9764863670	22.7635844875	-12.4077104270	0.882295696942	0.00000000000	0.100000000000	0.0500000000000	-0.00533046722412	0.00000000000	47.5996093750	0.00000000000	-0.568359375000	0.00000000000	14.7562503815	15.0000000000	14.7500000000	14.9875001907	14.8312501907	-300.000000000	0.00000000000	NaN	0.00000000000	22.3005676270	25.0001831055	640.000000000	24.4245606809	24.6632328248	25.2443164419	25.5611794180	24.1056514117	26.4157232707	-58.4924120055	-59.5060620420	-0.000531673431396	-0.000531673431396	-0.000859737396240	-0.000859737396240	-98.9704909459	NaN	-273.150000000	-273.150000000	NaN	0.00000000000	NaN	NaN	1.00000000000	0.00000000000	5.00000000000	0.00000000000

















3733299886.53	NaN	18.0000000000	137.000000000	0.00000000000	2.00000000000	NaN	3.50172424316	-3.45634382010	0.945828914642	-4.32700611074	0.970767498016	0.0211257934570	0.101191997528	0.138272285461	4.18228291225	87.4530274658	0.0993113574982	1015.19784528	-0.0343041419983	0.000707387924194	0.00121088027954	200000.000000	16.0000000000	0.00000000000	166.000000000	232.000000000	5.00000000000	0.950000000000	-0.740000000000	22.3000000000	0.00000000000	232.000000000	32.0000000000	15108704.0000	2500.00000000	2000.00000000	206.200000000	6466.00000000	1700.00000000	6000.00000000	13314.0000000	5801.00000000	23.4081460007	23.5137486754	23.1798541774	-0.365118443319	23.6668057909	26.2141808083	24.1922097605	-10.8927789160	23.5243397747	23.2737861163	23.2758785345	23.8878234650	23.9764863670	22.7635844875	-12.4077104270	0.882295696942	0.00000000000	0.100000000000	0.0500000000000	-0.00466885566711	0.00000000000	47.5996093750	0.00000000000	-0.568359375000	0.00000000000	14.7562503815	15.1250000000	14.7500000000	14.9812498093	14.8312501907	-300.000000000	2754.58384833	NaN	0.00000000000	22.3005676270	25.0001831055	640.000000000	24.4245606809	24.6632328248	25.2443164419	25.5611794180	24.1056514117	26.4157232707	-58.4924120055	-59.5060620420	-0.000531673431396	-0.000531673431396	-0.000859737396240	-0.000859737396240	-98.9704909459	NaN	-273.150000000	-273.150000000	NaN	0.00000000000	NaN	NaN	1.00000000000	0.00000000000	5.00000000000	0.00000000000


















3733299886.73	NaN	13.0000000000	110.000000000	0.00000000000	0.00000000000	NaN	3.49909925461	-3.26624355205	0.947469711304	-4.33479557357	0.961907863617	0.0257196426392	0.105129718781	0.138928413391	4.02997984428	84.0263121758	0.0993113574982	1015.28521311	-0.0273604393005	0.000702786445618	0.00121998786926	200000.000000	16.0000000000	0.00000000000	166.000000000	232.000000000	5.00000000000	0.950000000000	-0.740000000000	22.3000000000	0.00000000000	232.000000000	32.0000000000	15108704.0000	2500.00000000	2000.00000000	206.200000000	6466.00000000	1700.00000000	6000.00000000	13314.0000000	5801.00000000	23.4081460007	23.5137486754	23.1798541774	-0.365118443319	23.6668057909	26.2141808083	24.1922097605	-10.8927789160	23.5243397747	23.2737861163	23.2758785345	23.8878234650	23.9764863670	22.7635844875	-12.4077104270	0.882295696942	0.00000000000	0.100000000000	0.0500000000000	-0.00353484153748	0.00000000000	49.5058593750	0.00000000000	-0.572656273842	0.00000000000	14.7562503815	15.1250000000	14.7500000000	14.9812498093	14.8312501907	-300.000000000	0.00000000000	NaN	0.00000000000	22.3004455566	24.9997253418	640.000000000	24.4245606809	24.6632328248	25.2443164419	25.5611794180	24.1056514117	26.4157232707	-58.4924120055	-59.5060620420	-0.000531673431396	-0.000531673431396	-0.000859737396240	-0.000859737396240	-98.9704909459	NaN	-273.150000000	-273.150000000	NaN	0.00000000000	NaN	NaN	1.00000000000	0.00000000000	5.00000000000	0.00000000000


















3733299886.93	NaN	14.0000000000	119.000000000	0.00000000000	0.00000000000	NaN	3.49614572525	-3.34217066398	0.945828914642	-4.29586379922	0.971752166748	0.0224380493164	0.100535869598	0.136959552765	4.17276656399	87.4530274658	0.0985016956329	1015.24156092	-0.0314292907715	0.000691676139832	0.00122787952423	200000.000000	16.0000000000	0.00000000000	166.000000000	232.000000000	5.00000000000	0.950000000000	-0.740000000000	22.3000000000	0.00000000000	232.000000000	32.0000000000	15108704.0000	2500.00000000	2000.00000000	206.200000000	6466.00000000	1700.00000000	6000.00000000	13314.0000000	5801.00000000	23.4081460007	23.5137486754	23.1798541774	-0.365118443319	23.6668057909	26.2141808083	24.1922097605	-10.8927789160	23.5243397747	23.2737861163	23.2758785345	23.8878234650	23.9764863670	22.7635844875	-12.4077104270	0.882295696942	0.00000000000	0.100000000000	0.0500000000000	-0.00506401062012	0.00000000000	49.5058593750	0.00000000000	-0.572656273842	0.00000000000	14.7562503815	15.0000000000	14.7500000000	14.9812498093	14.8312501907	-300.000000000	0.00000000000	NaN	0.00000000000	22.3004455566	24.9997253418	640.000000000	24.4245606809	24.6632328248	25.2443164419	25.5611794180	24.1056514117	26.4157232707	-58.4924120055	-59.5060620420	-0.000531673431396	-0.000531673431396	-0.000859737396240	-0.000859737396240	-98.9704909459	NaN	-273.150000000	-273.150000000	NaN	0.00000000000	NaN	NaN	1.00000000000	0.00000000000	5.00000000000	0.00000000000

















3733299887.13	NaN	8.00000000000	130.000000000	0.00000000000	1.00000000000	NaN	3.49483346939	-3.34217066398	0.947141647339	-4.31143184932	0.973721027374	-0.00118780136108	0.0975828170776	0.136959552765	4.17276656399	85.3588775711	0.101740343094	1015.32886530	-0.0280170440674	0.000700879096985	0.00122394561768	200000.000000	16.0000000000	0.00000000000	166.000000000	232.000000000	5.00000000000	0.950000000000	-0.740000000000	22.3000000000	0.00000000000	232.000000000	32.0000000000	15108704.0000	2500.00000000	2000.00000000	206.200000000	6466.00000000	1700.00000000	6000.00000000	13314.0000000	5801.00000000	23.4081460007	23.5137486754	23.1798541774	-0.365118443319	23.6668057909	26.2141808083	24.1922097605	-10.8927789160	23.5243397747	23.2737861163	23.2758785345	23.8878234650	23.9764863670	22.7635844875	-12.4077104270	0.882295696942	0.00000000000	0.100000000000	0.0500000000000	-0.00463614463806	0.00000000000	45.5312500000	0.00000000000	-0.567578136921	0.00000000000	14.7562503815	15.0000000000	14.7500000000	14.9812498093	14.8312501907	-300.000000000	1372.82491023	NaN	0.00000000000	22.3004455566	24.9997253418	640.000000000	24.4245606809	24.6632328248	25.2443164419	25.5611794180	24.1056514117	26.4157232707	-58.4924120055	-60.7710427475	-0.000531673431396	-0.000531673431396	-0.000859737396240	-0.000859737396240	-98.9704909459	NaN	-273.150000000	-273.150000000	NaN	0.00000000000	NaN	NaN	1.00000000000	0.00000000000	5.00000000000	0.00000000000

















3733299887.33	NaN	18.0000000000	115.000000000	0.00000000000	1.00000000000	NaN	3.49023914337	-3.44872450447	0.949766635895	-4.29586379922	0.973721027374	-0.000203609466553	0.0975828170776	0.136959552765	4.12517099075	86.3107890358	0.104980167389	1015.41616968	-0.0277147293091	0.000698256492615	0.00121672153473	200000.000000	16.0000000000	0.00000000000	166.000000000	232.000000000	5.00000000000	0.950000000000	-0.740000000000	22.3000000000	0.00000000000	232.000000000	32.0000000000	15108704.0000	2500.00000000	2000.00000000	206.200000000	6466.00000000	1700.00000000	6000.00000000	13314.0000000	5801.00000000	23.4081460007	23.5137486754	23.1798541774	-0.365118443319	23.6668057909	26.2141808083	24.1922097605	-10.8927789160	23.5243397747	23.2737861163	23.2758785345	23.8878234650	23.9764863670	22.7635844875	-12.4077104270	0.882295696942	0.00000000000	0.100000000000	0.0500000000000	-0.00345344543457	0.00000000000	45.5312500000	0.00000000000	-0.567578136921	0.00000000000	14.7500000000	15.1250000000	14.7500000000	14.9875001907	14.8312501907	-300.000000000	1372.82491023	NaN	0.00000000000	22.3002014160	25.0003662109	640.000000000	24.4245606809	24.6632328248	25.2443164419	25.5611794180	24.1056514117	26.4157232707	-58.4924120055	-60.7710427475	-0.000531673431396	-0.000531673431396	-0.000859737396240	-0.000859737396240	-98.9704909459	NaN	-273.150000000	-273.150000000	NaN	0.00000000000	NaN	NaN	1.00000000000	0.00000000000	5.00000000000	0.00000000000

















3733299887.53	NaN	8.00000000000	122.000000000	0.00000000000	2.00000000000	NaN	3.50467729568	-3.16774066425	0.951407432556	-4.31143184932	0.970111370087	-0.000531673431396	0.0998797416687	0.136631488800	4.11565464249	87.8336813965	0.100930681229	1015.15419309	-0.0325188636780	0.000686430931091	0.00119373798370	200000.000000	16.0000000000	0.00000000000	166.000000000	232.000000000	5.00000000000	0.950000000000	-0.740000000000	22.3000000000	0.00000000000	232.000000000	32.0000000000	15108704.0000	2500.00000000	2000.00000000	206.200000000	6466.00000000	1700.00000000	6000.00000000	13314.0000000	5801.00000000	23.4081460007	23.5137486754	23.1798541774	-0.365118443319	23.6668057909	26.2141808083	24.1922097605	-10.8927789160	23.5243397747	23.2737861163	23.2758785345	23.8878234650	23.9764863670	22.7635844875	-12.4077104270	0.882295696942	0.00000000000	0.100000000000	0.0500000000000	-0.00643553733826	0.00000000000	53.7050781250	0.00000000000	-0.572656273842	0.00000000000	14.7500000000	15.1250000000	14.7500000000	14.9875001907	14.8312501907	-300.000000000	3081.05914181	NaN	0.00000000000	22.3002014160	25.0003662109	640.000000000	24.4245606809	24.6632328248	25.2443164419	25.5611794180	24.1056514117	26.4157232707	-58.4924120055	-60.7710427475	-0.000531673431396	-0.000531673431396	-0.000859737396240	-0.000859737396240	-98.9704909459	NaN	-273.150000000	-273.150000000	NaN	0.00000000000	NaN	NaN	1.00000000000	0.00000000000	5.00000000000	0.00000000000

















3733299887.73	NaN	15.0000000000	113.000000000	0.00000000000	1.00000000000	NaN	3.49220800400	-3.19801729297	0.947469711304	-4.33479557357	0.970767498016	-0.000531673431396	0.100207805634	0.134990692139	4.11565464249	88.7855928612	0.104170505524	1015.54718970	-0.0261268615723	0.000716614723206	0.00123310089111	200000.000000	16.0000000000	0.00000000000	166.000000000	232.000000000	5.00000000000	0.950000000000	-0.740000000000	22.3000000000	0.00000000000	232.000000000	32.0000000000	15108704.0000	2500.00000000	2000.00000000	206.200000000	6466.00000000	1700.00000000	6000.00000000	13314.0000000	5801.00000000	23.4081460007	23.5137486754	23.1798541774	-0.365118443319	23.6668057909	26.2141808083	24.1922097605	-10.8927789160	23.5243397747	23.2737861163	23.2758785345	23.8878234650	23.9764863670	22.7635844875	-12.4077104270	0.882295696942	0.00000000000	0.100000000000	0.0500000000000	-0.00468864440918	0.00000000000	53.7050781250	0.00000000000	-0.572656273842	0.00000000000	14.7562503815	15.0000000000	14.7500000000	14.9812498093	14.8312501907	-300.000000000	1540.14424584	NaN	0.00000000000	22.3002014160	25.0003662109	640.000000000	24.4245606809	24.6632328248	25.2443164419	25.5611794180	24.1056514117	26.4157232707	-58.4924120055	-60.7710427475	-0.000531673431396	-0.000531673431396	-0.000859737396240	-0.000859737396240	-98.9704909459	NaN	-273.150000000	-273.150000000	NaN	0.00000000000	NaN	NaN	1.00000000000	0.00000000000	5.00000000000	0.00000000000

















3733299887.93	NaN	8.00000000000	124.000000000	0.00000000000	1.00000000000	NaN	3.50566196442	-3.38019279383	0.945828914642	-4.38157640982	0.966829776764	0.000124454498291	0.100535869598	0.139256477356	4.21083195705	89.5471773605	0.100121019363	1015.28521311	-0.0286335945129	0.000721883773804	0.00122988224030	200000.000000	16.0000000000	0.00000000000	166.000000000	232.000000000	5.00000000000	0.950000000000	-0.740000000000	22.3000000000	0.00000000000	232.000000000	32.0000000000	15108704.0000	2500.00000000	2000.00000000	206.200000000	6466.00000000	1700.00000000	6000.00000000	13314.0000000	5801.00000000	23.4081460007	23.5137486754	23.1798541774	-0.365118443319	23.6668057909	26.2141808083	24.1922097605	-10.8927789160	23.5243397747	23.2737861163	23.2758785345	23.8878234650	23.9764863670	22.7635844875	-12.4077104270	0.882295696942	0.00000000000	0.100000000000	0.0500000000000	-0.00594329833984	0.00000000000	48.3378906250	0.00000000000	-0.567382812500	0.00000000000	14.7562503815	15.0000000000	14.7500000000	14.9812498093	14.8312501907	-300.000000000	1372.82491023	NaN	0.00000000000	22.3002624512	25.0001831055	640.000000000	24.4245606809	24.6632328248	25.2443164419	25.5611794180	24.1056514117	26.4157232707	-58.4924120055	-60.7710427475	-0.000531673431396	-0.000531673431396	-0.000859737396240	-0.000859737396240	-98.9704909459	NaN	-273.150000000	-273.150000000	NaN	0.00000000000	NaN	NaN	1.00000000000	0.00000000000	5.00000000000	0.00000000000

















3733299888.13	NaN	7.00000000000	132.000000000	0.00000000000	1.00000000000	NaN	3.50172424316	-3.46396456708	0.948781967163	-4.29586379922	0.971424102783	-0.000859737396240	0.0985670089722	0.137616157532	4.17276656399	87.8336813965	0.104980167389	1015.32886530	-0.0331621170044	0.000733709335327	0.00122196674347	200000.000000	16.0000000000	0.00000000000	166.000000000	232.000000000	5.00000000000	0.950000000000	-0.740000000000	22.3000000000	0.00000000000	232.000000000	32.0000000000	15108704.0000	2500.00000000	2000.00000000	206.200000000	6466.00000000	1700.00000000	6000.00000000	13314.0000000	5801.00000000	23.4081460007	23.5137486754	23.1798541774	-0.365118443319	23.6668057909	26.2141808083	24.1922097605	-10.8927789160	23.5243397747	23.2737861163	23.2758785345	23.8878234650	23.9764863670	22.7635844875	-12.4077104270	0.882295696942	0.00000000000	0.100000000000	0.0500000000000	-0.00796341896057	0.00000000000	48.3378906250	0.00000000000	-0.567382812500	0.00000000000	14.7562503815	15.1187505722	14.7500000000	14.9812498093	14.8312501907	-300.000000000	1424.08449615	NaN	0.00000000000	22.3002624512	25.0001831055	640.000000000	24.4245606809	24.6632328248	25.2443164419	25.5611794180	24.1056514117	26.4157232707	-58.4924120055	-60.7710427475	0.000124454498291	-0.000531673431396	-0.000859737396240	-0.000859737396240	-98.9704909459	NaN	-273.150000000	-273.150000000	NaN	0.00000000000	NaN	NaN	1.00000000000	0.00000000000	5.00000000000	0.00000000000


















3733299888.33	NaN	9.00000000000	118.000000000	0.00000000000	0.00000000000	NaN	3.51288080215	-3.19044604349	0.949110507965	-4.34259791799	0.972080230713	-0.000203609466553	0.0998797416687	0.135975360870	4.14420368729	89.9278312912	0.0993113574982	1015.24156092	-0.0299201011658	0.000715303421021	0.00121870040894	200000.000000	16.0000000000	0.00000000000	166.000000000	232.000000000	5.00000000000	0.950000000000	-0.740000000000	22.3000000000	0.00000000000	232.000000000	32.0000000000	15108704.0000	2500.00000000	2000.00000000	206.200000000	6466.00000000	1700.00000000	6000.00000000	13314.0000000	5801.00000000	23.4081460007	23.5137486754	23.1798541774	-0.365118443319	23.6668057909	26.2141808083	24.1922097605	-10.8927789160	23.5243397747	23.2737861163	23.2758785345	23.8878234650	23.9764863670	22.7635844875	-12.4077104270	0.882295696942	0.00000000000	0.100000000000	0.0500000000000	-0.00657081604004	0.00000000000	49.9511718750	0.00000000000	-0.572265625000	0.00000000000	14.7562503815	15.1187505722	14.7500000000	14.9812498093	14.8312501907	-300.000000000	0.00000000000	NaN	0.00000000000	22.3004760742	24.9999694824	640.000000000	24.4245606809	24.6632328248	25.2443164419	25.5611794180	24.1056514117	26.4157232707	-58.4924120055	-60.7710427475	0.000124454498291	-0.000531673431396	-0.000859737396240	-0.000859737396240	-98.9704909459	NaN	-273.150000000	-273.150000000	NaN	0.00000000000	NaN	NaN	1.00000000000	0.00000000000	5.00000000000	0.00000000000


















3733299888.53	NaN	13.0000000000	114.000000000	0.00000000000	2.00000000000	NaN	3.49450492859	-3.38779926978	0.950094699860	-4.27251204521	0.969455242157	-0.000531673431396	0.101520538330	0.137616157532	4.19179926052	87.4530274658	0.102551181793	1015.45982187	-0.0305633544922	0.000703454017639	0.00119767189026	200000.000000	16.0000000000	0.00000000000	166.000000000	232.000000000	5.00000000000	0.950000000000	-0.740000000000	22.3000000000	0.00000000000	232.000000000	32.0000000000	15108704.0000	2500.00000000	2000.00000000	206.200000000	6466.00000000	1700.00000000	6000.00000000	13314.0000000	5801.00000000	23.4081460007	23.5137486754	23.1798541774	-0.365118443319	23.6668057909	26.2141808083	24.1922097605	-10.8927789160	23.5243397747	23.2737861163	23.2758785345	23.8878234650	23.9764863670	22.7635844875	-12.4077104270	0.882295696942	0.00000000000	0.100000000000	0.0500000000000	-0.00891246795654	0.00000000000	49.9511718750	0.00000000000	-0.572265625000	0.00000000000	14.7500000000	15.0187501907	14.7500000000	14.9812498093	14.8312501907	-300.000000000	2711.54495647	NaN	0.00000000000	22.3004760742	24.9999694824	640.000000000	24.4245606809	24.6632328248	25.2443164419	25.5611794180	24.1056514117	26.4157232707	-58.4924120055	-60.7710427475	0.000124454498291	-0.000531673431396	-0.000859737396240	-0.000859737396240	-98.9704909459	NaN	-273.150000000	-273.150000000	NaN	0.00000000000	NaN	NaN	1.00000000000	0.00000000000	5.00000000000	0.00000000000


















3733299888.73	NaN	11.0000000000	126.000000000	0.00000000000	1.00000000000	NaN	3.48859834671	-3.36498410392	0.948453903198	-4.35039049683	0.971424102783	-0.000859737396240	0.0979108810425	0.136959552765	4.12517099075	87.8336813965	0.0976920337677	1015.41616968	-0.0257463455200	0.000738286972046	0.00122852325439	200000.000000	16.0000000000	0.00000000000	166.000000000	232.000000000	5.00000000000	0.950000000000	-0.740000000000	22.3000000000	0.00000000000	232.000000000	32.0000000000	15108704.0000	2500.00000000	2000.00000000	206.200000000	6466.00000000	1700.00000000	6000.00000000	13314.0000000	5801.00000000	23.4081460007	23.5137486754	23.1798541774	-0.365118443319	23.6668057909	26.2141808083	24.1922097605	-10.8927789160	23.5243397747	23.2737861163	23.2758785345	23.8878234650	23.9764863670	22.7635844875	-12.4077104270	0.882295696942	0.00000000000	0.100000000000	0.0500000000000	-0.00507316589355	0.00000000000	54.5859375000	0.00000000000	-0.566601574421	0.00000000000	14.7500000000	15.0187501907	14.7500000000	14.9812498093	14.8312501907	-300.000000000	1259.86574344	NaN	0.00000000000	22.3002014160	24.9998168945	640.000000000	24.4245606809	24.6632328248	25.2443164419	25.5611794180	24.1056514117	26.4157232707	-58.4924120055	-60.7710427475	0.000124454498291	-0.000531673431396	-0.000859737396240	-0.000859737396240	-98.9704909459	NaN	-273.150000000	-273.150000000	NaN	0.00000000000	NaN	NaN	1.00000000000	0.00000000000	5.00000000000	0.00000000000


















3733299888.93	NaN	20.0000000000	121.000000000	0.00000000000	2.00000000000	NaN	3.47941064835	-3.31178729575	0.949438571930	-4.31921820303	0.968142509460	-0.000203609466553	0.100207805634	0.138272285461	4.16325021572	87.8336813965	0.100121019363	1015.45982187	-0.0273475646973	0.000733709335327	0.00121746063232	200000.000000	16.0000000000	0.00000000000	166.000000000	232.000000000	5.00000000000	0.950000000000	-0.740000000000	22.3000000000	0.00000000000	232.000000000	32.0000000000	15108704.0000	2500.00000000	2000.00000000	206.200000000	6466.00000000	1700.00000000	6000.00000000	13314.0000000	5801.00000000	23.4081460007	23.5137486754	23.1798541774	-0.365118443319	23.6668057909	26.2141808083	24.1922097605	-10.8927789160	23.5243397747	23.2737861163	23.2758785345	23.8878234650	23.9764863670	22.7635844875	-12.4077104270	0.882295696942	0.00000000000	0.100000000000	0.0500000000000	-0.00377640724182	0.00000000000	54.5859375000	0.00000000000	-0.566601574421	0.00000000000	14.7562503815	15.0687503815	14.7500000000	14.9812498093	14.8312501907	-300.000000000	2653.45767142	NaN	0.00000000000	22.3002014160	24.9998168945	640.000000000	24.4245606809	24.6632328248	25.2443164419	25.5611794180	24.1056514117	26.4157232707	-58.4924120055	-60.7710427475	0.000124454498291	-0.000531673431396	-0.000859737396240	-0.000859737396240	-98.9704909459	NaN	-273.150000000	-273.150000000	NaN	0.00000000000	NaN	NaN	1.00000000000	0.00000000000	5.00000000000	0.00000000000


















3733299889.13	NaN	7.00000000000	124.000000000	1.00000000000	0.00000000000	NaN	3.49450492859	-3.49447297540	0.950422763824	-4.28029064402	0.973721027374	-0.000531673431396	0.0992236137390	0.137944221497	4.13468733902	88.0242849998	0.0976920337677	1015.37251749	-0.0275707244873	0.000717902183533	0.00123116970062	200000.000000	16.0000000000	0.00000000000	166.000000000	232.000000000	5.00000000000	0.950000000000	-0.740000000000	22.3000000000	0.00000000000	232.000000000	32.0000000000	15108704.0000	2500.00000000	2000.00000000	206.200000000	6466.00000000	1700.00000000	6000.00000000	13314.0000000	5801.00000000	23.4081460007	23.5137486754	23.1798541774	-0.365118443319	23.6668057909	26.2141808083	24.1922097605	-10.8927789160	23.5243397747	23.2737861163	23.2758785345	23.8878234650	23.9764863670	22.7635844875	-12.4077104270	0.882295696942	0.00000000000	0.100000000000	0.0500000000000	-0.00220794677734	0.00000000000	45.2363281250	-0.000390625005821	-0.572656273842	0.00000000000	14.7562503815	15.0687503815	14.7500000000	14.9812498093	14.8312501907	-300.000000000	0.00000000000	NaN	0.00000000000	22.3002014160	24.9998168945	640.000000000	24.4245606809	24.6632328248	25.2443164419	25.5611794180	24.1056514117	26.4157232707	-58.4924120055	-60.7710427475	0.000124454498291	-0.000203609466553	-0.000859737396240	-0.000859737396240	-98.9704909459	NaN	-273.150000000	-273.150000000	NaN	0.00000000000	NaN	NaN	1.00000000000	0.00000000000	5.00000000000	0.00000000000

















3733299889.33	NaN	14.0000000000	101.000000000	0.00000000000	0.00000000000	NaN	3.48761415482	-3.41063829714	0.951407432556	-4.24918552670	0.973392963409	-0.000531673431396	0.0988950729370	0.139256477356	4.13468733902	87.0723735352	0.0985016956329	1015.32886530	-0.0244598388672	0.000701498985291	0.00121080875397	200000.000000	16.0000000000	0.00000000000	166.000000000	232.000000000	5.00000000000	0.950000000000	-0.740000000000	22.3000000000	0.00000000000	232.000000000	32.0000000000	15108704.0000	2500.00000000	2000.00000000	206.200000000	6466.00000000	1700.00000000	6000.00000000	13314.0000000	5801.00000000	23.4081460007	23.5137486754	23.1798541774	-0.365118443319	23.6668057909	26.2141808083	24.1922097605	-10.8927789160	23.5243397747	23.2737861163	23.2758785345	23.8878234650	23.9764863670	22.7635844875	-12.4077104270	0.882295696942	0.00000000000	0.100000000000	0.0500000000000	-0.00371208190918	0.00000000000	45.2363281250	-0.000390625005821	-0.572656273842	0.00000000000	14.7500000000	15.0749998093	14.7500000000	14.9812498093	14.8312501907	-300.000000000	0.00000000000	NaN	0.00000000000	22.3001403809	25.0001831055	640.000000000	24.4245606809	24.6632328248	25.2443164419	25.5611794180	24.1056514117	26.4157232707	-58.4924120055	-60.7710427475	0.000124454498291	-0.000203609466553	-0.000859737396240	-0.000859737396240	-98.9704909459	NaN	-273.150000000	-273.150000000	NaN	0.00000000000	NaN	NaN	1.00000000000	0.00000000000	5.00000000000	0.00000000000


















3733299889.53	NaN	10.0000000000	119.000000000	0.00000000000	1.00000000000	NaN	3.49220800400	-3.31178729575	0.951735496521	-4.31921820303	0.966501712799	-0.000859737396240	0.101848602295	0.138928413391	4.13468733902	90.3087618599	0.101740343094	1015.45982187	-0.0282397270203	0.000707387924194	0.00121741294861	200000.000000	16.0000000000	0.00000000000	166.000000000	232.000000000	5.00000000000	0.950000000000	-0.740000000000	22.3000000000	0.00000000000	232.000000000	32.0000000000	15108704.0000	2500.00000000	2000.00000000	206.200000000	6466.00000000	1700.00000000	6000.00000000	13314.0000000	5801.00000000	23.4081460007	23.5137486754	23.1798541774	-0.365118443319	23.6668057909	26.2141808083	24.1922097605	-10.8927789160	23.5243397747	23.2737861163	23.2758785345	23.8878234650	23.9764863670	22.7635844875	-12.4077104270	0.882295696942	0.00000000000	0.100000000000	0.0500000000000	-0.00751843452454	0.00000000000	54.6699218750	-0.000390625005821	-0.567773461342	0.00000000000	14.7500000000	15.0749998093	14.7500000000	14.9812498093	14.8312501907	-300.000000000	1302.90463530	NaN	0.00000000000	22.3001403809	25.0001831055	640.000000000	24.4245606809	24.6632328248	25.2443164419	25.5611794180	24.1056514117	26.4157232707	-58.4924120055	-60.7710427475	0.000124454498291	-0.000203609466553	-0.000859737396240	-0.000859737396240	-98.9704909459	NaN	-273.150000000	-273.150000000	NaN	0.00000000000	NaN	NaN	1.00000000000	0.00000000000	5.00000000000	0.00000000000


















3733299889.73	NaN	12.0000000000	142.000000000	0.00000000000	0.00000000000	NaN	3.50336503983	-3.16774066425	0.954688549042	-4.22586160955	0.901201725006	-0.000203609466553	0.107427120209	0.147131919861	4.28699040699	88.5952658958	0.102551181793	1015.37251749	-0.00725221633911	0.000698900222778	0.00121414661407	200000.000000	16.0000000000	0.00000000000	166.000000000	232.000000000	5.00000000000	0.950000000000	-0.740000000000	22.3000000000	0.00000000000	232.000000000	32.0000000000	15108704.0000	2500.00000000	2000.00000000	206.200000000	6466.00000000	1700.00000000	6000.00000000	13314.0000000	5801.00000000	23.4081460007	23.5137486754	23.1798541774	-0.365118443319	23.6668057909	26.2141808083	24.1922097605	-10.8927789160	23.5243397747	23.2737861163	23.2758785345	23.8878234650	23.9764863670	22.7635844875	-12.4077104270	0.882295696942	0.00000000000	0.100000000000	0.0500000000000	-0.00268297195435	0.00000000000	54.6699218750	-0.000390625005821	-0.567773461342	0.00000000000	14.7500000000	15.1062498093	14.7500000000	14.9812498093	14.8312501907	-300.000000000	0.00000000000	NaN	0.00000000000	22.3003234863	25.0000915527	640.000000000	24.4245606809	24.6632328248	25.2443164419	25.5611794180	24.1056514117	26.4157232707	-58.4924120055	-60.7710427475	0.000124454498291	-0.000203609466553	-0.000859737396240	-0.000859737396240	-98.9704909459	NaN	-273.150000000	-273.150000000	NaN	0.00000000000	NaN	NaN	1.00000000000	0.00000000000	5.00000000000	0.00000000000

















3733299889.93	NaN	13.0000000000	116.000000000	1.00000000000	1.00000000000	NaN	3.50106811523	-3.23590552459	0.953704357147	-4.28807079107	0.975361824036	-0.00118780136108	0.0992236137390	0.136959552765	4.13468733902	87.2627005005	0.104170505524	1015.19784528	-0.0196952819824	0.000688457489014	0.00125219821930	200000.000000	16.0000000000	0.00000000000	166.000000000	232.000000000	5.00000000000	0.950000000000	-0.740000000000	22.3000000000	0.00000000000	232.000000000	32.0000000000	15108704.0000	2500.00000000	2000.00000000	206.200000000	6466.00000000	1700.00000000	6000.00000000	13314.0000000	5801.00000000	23.4081460007	23.5137486754	23.1798541774	-0.365118443319	23.6668057909	26.2141808083	24.1922097605	-10.8927789160	23.5243397747	23.2737861163	23.2758785345	23.8878234650	23.9764863670	22.7635844875	-12.4077104270	0.882295696942	0.00000000000	0.100000000000	0.0500000000000	-0.00336942672729	0.00000000000	47.1308593750	-0.000390625005821	-0.571484386921	0.00000000000	14.7500000000	15.1062498093	14.7500000000	14.9812498093	14.8312501907	-300.000000000	1480.36447624	NaN	0.00000000000	22.3003234863	25.0000915527	640.000000000	24.4245606809	24.6632328248	25.2443164419	25.5611794180	24.1056514117	26.4157232707	-58.4924120055	-60.7710427475	0.000124454498291	-0.000203609466553	-0.000859737396240	-0.000859737396240	-98.9704909459	NaN	-273.150000000	-273.150000000	NaN	0.00000000000	NaN	NaN	1.00000000000	0.00000000000	5.00000000000	0.00000000000

















3733299890.13	NaN	9.00000000000	119.000000000	0.00000000000	0.00000000000	NaN	3.48728609085	-3.19044604349	0.955345153809	-4.30364704843	0.969126701355	-0.000531673431396	0.101848602295	0.139256477356	4.11565464249	89.7375043259	0.0993113574982	1015.32886530	-0.0222153663635	0.000712633132935	0.00122790336609	200000.000000	16.0000000000	0.00000000000	166.000000000	232.000000000	5.00000000000	0.950000000000	-0.740000000000	22.3000000000	0.00000000000	232.000000000	32.0000000000	15108704.0000	2500.00000000	2000.00000000	206.200000000	6466.00000000	1700.00000000	6000.00000000	13314.0000000	5801.00000000	23.4081460007	23.5137486754	23.1798541774	-0.365118443319	23.6668057909	26.2141808083	24.1922097605	-10.8927789160	23.5243397747	23.2737861163	23.2758785345	23.8878234650	23.9764863670	22.7635844875	-12.4077104270	0.882295696942	0.00000000000	0.100000000000	0.0500000000000	-0.00374622344971	0.00000000000	47.1308593750	-0.000390625005821	-0.571484386921	0.00000000000	14.7562503815	15.0562505722	14.7500000000	14.9812498093	14.8312501907	-300.000000000	0.00000000000	NaN	0.00000000000	22.3003234863	25.0000915527	640.000000000	24.4245606809	24.6632328248	25.2443164419	25.5611794180	24.1056514117	26.4157232707	-58.4924120055	-60.7710427475	0.000124454498291	-0.000203609466553	-0.00118780136108	-0.000859737396240	-98.9704909459	NaN	-273.150000000	-273.150000000	NaN	0.00000000000	NaN	NaN	1.00000000000	0.00000000000	5.00000000000	0.00000000000

















3733299890.33	NaN	17.0000000000	114.000000000	0.00000000000	1.00000000000	NaN	3.50139617920	-3.44872450447	0.956329345703	-4.25695948770	0.975033283234	-0.00118780136108	0.0975828170776	0.138272285461	4.09660811405	85.7398081398	0.100121019363	1015.19784528	-0.0213489532471	0.000706124305725	0.00120229721069	200000.000000	16.0000000000	0.00000000000	166.000000000	232.000000000	5.00000000000	0.950000000000	-0.740000000000	22.3000000000	0.00000000000	234.000000000	32.0000000000	15108704.0000	2500.00000000	2000.00000000	206.200000000	6466.00000000	1700.00000000	6000.00000000	13314.0000000	5801.00000000	23.4081460007	23.5137486754	23.1798541774	-0.365118443319	23.6668057909	26.2141808083	24.1922097605	-10.8927789160	23.5243397747	23.2737861163	23.2758785345	23.8878234650	23.9764863670	22.7635844875	-12.4077104270	0.882295696942	0.00000000000	0.100000000000	0.0500000000000	-0.00380916595459	0.00000000000	54.5507812500	0.00000000000	-0.570703148842	0.00000000000	14.7562503815	15.0562505722	14.7500000000	14.9812498093	14.8312501907	-300.000000000	1509.11975743	NaN	0.00000000000	22.3002929688	24.9997253418	640.000000000	24.4245606809	24.6632328248	25.2443164419	25.5611794180	24.1056514117	26.4157232707	-58.4924120055	-60.7710427475	0.000124454498291	-0.000203609466553	-0.00118780136108	-0.000859737396240	-98.9704909459	NaN	-273.150000000	-273.150000000	NaN	0.00000000000	NaN	NaN	1.00000000000	0.00000000000	5.00000000000	0.00000000000


















3733299890.53	NaN	19.0000000000	105.000000000	0.00000000000	2.00000000000	NaN	3.48203563690	-3.19044604349	0.956657409668	-4.35818463428	0.970439434052	-0.00151634216309	0.109395980835	0.132693767548	3.96335157452	84.7878966751	0.0993113574982	1015.24156092	4.29072999954	0.000679183006287	0.00135712623596	200000.000000	16.0000000000	0.00000000000	166.000000000	232.000000000	5.00000000000	0.950000000000	-0.740000000000	22.3000000000	0.00000000000	234.000000000	32.0000000000	15108704.0000	2500.00000000	2000.00000000	206.200000000	6466.00000000	1700.00000000	6000.00000000	13314.0000000	5801.00000000	23.4081460007	23.5137486754	23.1798541774	-0.365118443319	23.6668057909	26.2141808083	24.1922097605	-10.8927789160	23.5243397747	23.2737861163	23.2758785345	23.8878234650	23.9764863670	22.7635844875	-12.4077104270	0.882295696942	0.00000000000	0.100000000000	0.0500000000000	4.29310727119	0.00000000000	54.5507812500	0.00000000000	-0.570703148842	0.00000000000	14.7562503815	15.0812501907	14.7500000000	14.9812498093	14.8312501907	-300.000000000	2930.99970868	NaN	0.00000000000	22.3002929688	24.9997253418	640.000000000	24.4245606809	24.6632328248	25.2443164419	25.5611794180	24.1056514117	26.4157232707	-58.4924120055	-60.7710427475	0.000124454498291	-0.000203609466553	-0.00118780136108	-0.000859737396240	-98.9704909459	NaN	-273.150000000	-273.150000000	NaN	0.00000000000	NaN	NaN	1.00000000000	0.00000000000	5.00000000000	0.00000000000


















3733299890.73	NaN	13.0000000000	134.000000000	0.00000000000	4.00000000000	NaN	3.50730276108	-3.40302754992	0.954032421112	-4.28807079107	0.975033283234	-0.000531673431396	0.111692905426	0.133349895477	4.04902637272	84.7878966751	0.103360843658	1015.41616968	4.29406404495	0.000703454017639	0.00134201049805	200000.000000	16.0000000000	0.00000000000	166.000000000	232.000000000	5.00000000000	0.950000000000	-0.740000000000	22.3000000000	0.00000000000	234.000000000	32.0000000000	15108704.0000	2500.00000000	2000.00000000	206.200000000	6466.00000000	1700.00000000	6000.00000000	13314.0000000	5801.00000000	23.4081460007	23.5137486754	23.1798541774	-0.365118443319	23.6668057909	26.2141808083	24.1922097605	-10.8927789160	23.5243397747	23.2737861163	23.2758785345	23.8878234650	23.9764863670	22.7635844875	-12.4077104270	0.882295696942	0.00000000000	0.100000000000	0.0500000000000	4.29275808334	0.00000000000	46.0175781250	0.000390625005821	-0.567773461342	0.00000000000	14.7562503815	15.0812501907	14.7500000000	14.9812498093	14.8312501907	-300.000000000	5276.45166750	NaN	0.00000000000	22.3004150391	25.0000610352	640.000000000	24.4245606809	24.6632328248	25.2443164419	25.5611794180	24.1056514117	26.4157232707	-58.4924120055	-60.7710427475	0.000124454498291	-0.000203609466553	-0.00118780136108	-0.000859737396240	-98.9704909459	NaN	-273.150000000	-273.150000000	NaN	0.00000000000	NaN	NaN	1.00000000000	0.00000000000	5.00000000000	0.00000000000


















3733299890.93	NaN	14.0000000000	132.000000000	0.00000000000	0.00000000000	NaN	3.49614572525	-3.15259971543	0.957970142365	-4.24918552670	0.977658748627	-0.00118780136108	0.109724044800	0.131381034851	3.95383522625	85.7398081398	0.100121019363	1015.24156092	4.28452157974	0.000679826736450	0.00135972499847	200000.000000	16.0000000000	0.00000000000	166.000000000	232.000000000	5.00000000000	0.950000000000	-0.740000000000	22.3000000000	0.00000000000	234.000000000	32.0000000000	15108704.0000	2500.00000000	2000.00000000	206.200000000	6466.00000000	1700.00000000	6000.00000000	13314.0000000	5801.00000000	23.4081460007	23.5137486754	23.1798541774	-0.365118443319	23.6668057909	26.2141808083	24.1922097605	-10.8927789160	23.5243397747	23.2737861163	23.2758785345	23.8878234650	23.9764863670	22.7635844875	-12.4077104270	0.882295696942	0.00000000000	0.100000000000	0.0500000000000	4.29056739807	0.00000000000	46.0175781250	0.000390625005821	-0.567773461342	0.00000000000	14.7562503815	15.0437498093	14.7500000000	14.9812498093	14.8312501907	-300.000000000	0.00000000000	NaN	0.00000000000	22.3004150391	25.0000610352	640.000000000	24.4245606809	24.6632328248	25.2443164419	25.5611794180	24.1056514117	26.4157232707	-58.4924120055	-60.7710427475	0.000124454498291	-0.000203609466553	-0.00118780136108	-0.000859737396240	-98.9704909459	NaN	-273.150000000	-273.150000000	NaN	0.00000000000	NaN	NaN	1.00000000000	0.00000000000	5.00000000000	0.00000000000

















3733299891.13	NaN	11.0000000000	115.000000000	0.00000000000	0.00000000000	NaN	3.49745845795	-3.40302754992	0.956657409668	-4.28029064402	0.972408294678	-0.000531673431396	0.111692905426	0.133021831512	3.94431887798	84.5975697098	0.104980167389	1015.32886530	4.29108476639	0.000683116912842	0.00135972499847	200000.000000	16.0000000000	0.00000000000	166.000000000	232.000000000	5.00000000000	0.950000000000	-0.740000000000	22.3000000000	0.00000000000	234.000000000	32.0000000000	15108704.0000	2500.00000000	2000.00000000	206.200000000	6466.00000000	1700.00000000	6000.00000000	13314.0000000	5801.00000000	23.4081460007	23.5137486754	23.1798541774	-0.365118443319	23.6668057909	26.2141808083	24.1922097605	-10.8927789160	23.5243397747	23.2737861163	23.2758785345	23.8878234650	23.9764863670	22.7635844875	-12.4077104270	0.882295696942	0.00000000000	0.100000000000	0.0500000000000	4.28724803925	0.00000000000	52.4042968750	0.00000000000	-0.572460949421	0.00000000000	14.7562503815	15.0437498093	14.7500000000	14.9812498093	14.8312501907	-300.000000000	0.00000000000	NaN	0.00000000000	22.3004150391	25.0000610352	640.000000000	24.4245606809	24.6632328248	25.2443164419	25.5611794180	24.1056514117	26.4157232707	-58.4924120055	-60.7710427475	0.000124454498291	-0.000203609466553	-0.00118780136108	-0.00118780136108	-98.9704909459	NaN	-273.150000000	-273.150000000	NaN	0.00000000000	NaN	NaN	1.00000000000	0.00000000000	5.00000000000	0.00000000000

















3733299891.33	NaN	12.0000000000	131.000000000	1.00000000000	1.00000000000	NaN	3.48827028275	-3.17530773014	0.958954334259	-4.27251204521	0.976346015930	-0.00151634216309	0.109395980835	0.131709575653	3.93480252972	83.0744007111	0.100121019363	1015.28521311	4.29189825058	0.000687074661255	0.00135450363159	200000.000000	16.0000000000	0.00000000000	166.000000000	232.000000000	5.00000000000	0.950000000000	-0.740000000000	22.3000000000	0.00000000000	234.000000000	32.0000000000	15108704.0000	2500.00000000	2000.00000000	206.200000000	6466.00000000	1700.00000000	6000.00000000	13314.0000000	5801.00000000	23.4081460007	23.5137486754	23.1798541774	-0.365118443319	23.6668057909	26.2141808083	24.1922097605	-10.8927789160	23.5243397747	23.2737861163	23.2758785345	23.8878234650	23.9764863670	22.7635844875	-12.4077104270	0.882295696942	0.00000000000	0.100000000000	0.0500000000000	4.28814435005	0.00000000000	52.4042968750	0.00000000000	-0.572460949421	0.00000000000	14.7562503815	15.0062503815	14.7500000000	14.9875001907	14.8312501907	-300.000000000	1325.12726647	NaN	0.00000000000	22.3002319336	25.0001525879	640.000000000	24.4245606809	24.6632328248	25.2443164419	25.5611794180	24.1056514117	26.4157232707	-58.4924120055	-60.7710427475	0.000124454498291	-0.000203609466553	-0.00118780136108	-0.00118780136108	-98.9704909459	NaN	-273.150000000	-273.150000000	NaN	0.00000000000	NaN	NaN	1.00000000000	0.00000000000	5.00000000000	0.00000000000


















3733299891.53	NaN	8.00000000000	117.000000000	0.00000000000	2.00000000000	NaN	3.49778652191	-3.40302754992	0.956657409668	-4.25695948770	0.973064422607	0.00110912322998	0.111364841461	0.133021831512	3.94431887798	86.1204620705	0.100930681229	1015.24156092	4.28415441513	0.000692987442017	0.00133876800537	200000.000000	16.0000000000	0.00000000000	166.000000000	232.000000000	5.00000000000	0.950000000000	-0.740000000000	22.3000000000	0.00000000000	234.000000000	32.0000000000	15108704.0000	2500.00000000	2000.00000000	206.200000000	6466.00000000	1700.00000000	6000.00000000	13314.0000000	5801.00000000	23.4081460007	23.5137486754	23.1798541774	-0.365118443319	23.6668057909	26.2141808083	24.1922097605	-10.8927789160	23.5243397747	23.2737861163	23.2758785345	23.8878234650	23.9764863670	22.7635844875	-12.4077104270	0.882295696942	0.00000000000	0.100000000000	0.0500000000000	4.28861436844	0.00000000000	49.0527343750	0.00000000000	-0.567578136921	-0.0195312500000	14.7562503815	15.0062503815	14.7500000000	14.9875001907	14.8312501907	-300.000000000	2773.07257514	NaN	0.00000000000	22.3002319336	25.0001525879	640.000000000	24.4245606809	24.6632328248	25.2443164419	25.5611794180	24.1056514117	26.4157232707	-58.4924120055	-60.7710427475	0.000124454498291	-0.000203609466553	-0.00118780136108	-0.00118780136108	-98.9704909459	NaN	-273.150000000	-273.150000000	NaN	0.00000000000	NaN	NaN	1.00000000000	0.00000000000	5.00000000000	0.00000000000

















3733299891.73	NaN	15.0000000000	119.000000000	0.00000000000	1.00000000000	NaN	3.48203563690	-3.28900356653	0.957314014435	-4.31143184932	0.971095561981	0.000452518463135	0.112349033356	0.133678436279	3.96335157452	87.2627005005	0.101740343094	1015.50353751	4.29130744934	0.000697565078735	0.00137550830841	200000.000000	16.0000000000	0.00000000000	166.000000000	232.000000000	5.00000000000	0.950000000000	-0.740000000000	22.3000000000	0.00000000000	234.000000000	32.0000000000	15108704.0000	2500.00000000	2000.00000000	206.200000000	6466.00000000	1700.00000000	6000.00000000	13314.0000000	5801.00000000	23.4081460007	23.5137486754	23.1798541774	-0.365118443319	23.6668057909	26.2141808083	24.1922097605	-10.8927789160	23.5243397747	23.2737861163	23.2758785345	23.8878234650	23.9764863670	22.7635844875	-12.4077104270	0.882295696942	0.00000000000	0.100000000000	0.0500000000000	4.28813524246	0.00000000000	49.0527343750	0.00000000000	-0.567578136921	-0.0195312500000	14.7500000000	15.0562505722	14.7562503815	14.9875001907	14.8312501907	-300.000000000	1509.11975743	NaN	0.00000000000	22.3002319336	25.0001525879	640.000000000	24.4245606809	24.6632328248	25.2443164419	25.5611794180	24.1056514117	26.4157232707	-58.4924120055	-60.7710427475	0.000124454498291	-0.000203609466553	-0.00118780136108	-0.00118780136108	-98.9704909459	NaN	-273.150000000	-273.150000000	NaN	0.00000000000	NaN	NaN	1.00000000000	0.00000000000	5.00000000000	0.00000000000

















3733299891.93	NaN	11.0000000000	111.000000000	0.00000000000	1.00000000000	NaN	3.49023914337	-3.47158674645	0.958626270294	-4.25695948770	0.977986812592	-0.00118780136108	0.108083248138	0.132365703583	3.92527234955	84.2166391411	0.100930681229	1015.45982187	4.28928613663	0.000693631172180	0.00135643482208	200000.000000	16.0000000000	0.00000000000	166.000000000	232.000000000	5.00000000000	0.950000000000	-0.740000000000	22.3000000000	0.00000000000	234.000000000	32.0000000000	15108704.0000	2500.00000000	2000.00000000	206.200000000	6466.00000000	1700.00000000	6000.00000000	13314.0000000	5801.00000000	23.4081460007	23.5137486754	23.1798541774	-0.365118443319	23.6668057909	26.2141808083	24.1922097605	-10.8927789160	23.5243397747	23.2737861163	23.2758785345	23.8878234650	23.9764863670	22.7635844875	-12.4077104270	0.882295696942	0.00000000000	0.100000000000	0.0500000000000	4.28932437897	0.00000000000	47.4101562500	0.00000000000	-0.572460949421	0.00000000000	14.7500000000	15.0562505722	14.7562503815	14.9875001907	14.8312501907	-300.000000000	1348.98807899	NaN	0.00000000000	22.3006286621	24.9997863770	640.000000000	24.4245606809	24.6632328248	25.2443164419	25.5611794180	24.1056514117	26.4157232707	-58.4924120055	-60.7710427475	0.000124454498291	-0.000203609466553	-0.00118780136108	-0.00118780136108	-98.9704909459	NaN	-273.150000000	-273.150000000	NaN	0.00000000000	NaN	NaN	1.00000000000	0.00000000000	5.00000000000	0.00000000000

















3733299892.13	NaN	6.00000000000	94.0000000000	0.00000000000	0.00000000000	NaN	3.49909925461	-3.31178729575	0.956001281738	-4.31921820303	0.969783306122	0.000781059265137	0.112349033356	0.133349895477	3.96335157452	86.8820465698	0.0993113574982	1015.28521311	4.28935194016	0.000689005851746	0.00136823654175	200000.000000	16.0000000000	0.00000000000	166.000000000	232.000000000	5.00000000000	0.950000000000	-0.740000000000	22.3000000000	0.00000000000	234.000000000	32.0000000000	15108704.0000	2500.00000000	2000.00000000	206.200000000	6466.00000000	1700.00000000	6000.00000000	13314.0000000	5801.00000000	23.4081460007	23.5137486754	23.1798541774	-0.365118443319	23.6668057909	26.2141808083	24.1922097605	-10.8927789160	23.5243397747	23.2737861163	23.2758785345	23.8878234650	23.9764863670	22.7635844875	-12.4077104270	0.882295696942	0.00000000000	0.100000000000	0.0500000000000	4.29166860580	0.00000000000	47.4101562500	0.00000000000	-0.572460949421	0.00000000000	14.7562503815	15.0000000000	14.7500000000	14.9875001907	14.8312501907	-300.000000000	0.00000000000	NaN	0.00000000000	22.3006286621	24.9997863770	640.000000000	24.4245606809	24.6632328248	25.2443164419	25.5611794180	24.1056514117	26.4157232707	-58.4924120055	-60.7710427475	0.000124454498291	-0.000203609466553	-0.00118780136108	-0.00118780136108	NaN	NaN	-273.150000000	-273.150000000	NaN	0.00000000000	NaN	NaN	1.00000000000	0.00000000000	5.00000000000	0.00000000000

















3733299892.33	NaN	8.00000000000	115.000000000	0.00000000000	1.00000000000	NaN	3.49745845795	-3.39540716777	0.957314014435	-4.27251204521	0.973721027374	-0.000203609466553	0.111364841461	0.133349895477	3.97286792278	84.9782236404	0.100930681229	1015.37251749	4.29961633682	0.000678563117981	0.00135974884033	200000.000000	16.0000000000	0.00000000000	166.000000000	232.000000000	5.00000000000	0.950000000000	-0.740000000000	22.3000000000	0.00000000000	234.000000000	32.0000000000	15108704.0000	2500.00000000	2000.00000000	206.200000000	6466.00000000	1700.00000000	6000.00000000	13314.0000000	5801.00000000	23.4081460007	23.5137486754	23.1798541774	-0.365118443319	23.6668057909	26.2141808083	24.1922097605	-10.8927789160	23.5243397747	23.2737861163	23.2758785345	23.8878234650	23.9764863670	22.7635844875	-12.4077104270	0.882295696942	0.00000000000	0.100000000000	0.0500000000000	4.29524149895	0.00000000000	46.4921875000	-0.000390625005821	-0.567968785763	0.00000000000	14.7562503815	15.0000000000	14.7500000000	14.9875001907	14.8312501907	-300.000000000	1451.67921303	NaN	0.00000000000	22.3000183105	25.0000000000	640.000000000	24.4245606809	24.6632328248	25.2443164419	25.5611794180	24.1056514117	26.4157232707	-58.4924120055	-60.7710427475	0.000124454498291	-0.000203609466553	-0.00118780136108	-0.00118780136108	NaN	NaN	-273.150000000	-273.150000000	NaN	0.00000000000	NaN	NaN	1.00000000000	0.00000000000	5.00000000000	0.00000000000


















3733299892.53	NaN	10.0000000000	122.000000000	0.00000000000	1.00000000000	NaN	3.51320934296	-3.48683540655	0.959939002991	-4.21032756663	0.975361824036	0.00110912322998	0.111692905426	0.134334564209	4.00143079948	85.7398081398	0.101740343094	1015.19784528	4.29372262955	0.000693583488464	0.00135116577148	200000.000000	16.0000000000	0.00000000000	166.000000000	232.000000000	5.00000000000	0.950000000000	-0.740000000000	22.3000000000	0.00000000000	234.000000000	32.0000000000	15108704.0000	2500.00000000	2000.00000000	206.200000000	6466.00000000	1700.00000000	6000.00000000	13314.0000000	5801.00000000	23.4081460007	23.5137486754	23.1798541774	-0.365118443319	23.6668057909	26.2141808083	24.1922097605	-10.8927789160	23.5243397747	23.2737861163	23.2758785345	23.8878234650	23.9764863670	22.7635844875	-12.4077104270	0.882295696942	0.00000000000	0.100000000000	0.0500000000000	4.29646215439	0.00000000000	46.4921875000	-0.000390625005821	-0.567968785763	0.00000000000	14.7500000000	15.1187505722	14.7500000000	14.9875001907	14.8312501907	-300.000000000	1604.95521257	NaN	0.00000000000	22.3000183105	25.0000000000	640.000000000	24.4245606809	24.6632328248	25.2443164419	25.5611794180	24.1056514117	26.4157232707	-58.4924120055	-60.7710427475	0.000124454498291	-0.000203609466553	-0.00118780136108	-0.00118780136108	NaN	NaN	-273.150000000	-273.150000000	NaN	0.00000000000	NaN	NaN	1.00000000000	0.00000000000	5.00000000000	0.00000000000

















3733299892.73	NaN	14.0000000000	95.0000000000	0.00000000000	2.00000000000	NaN	3.48827028275	-3.29659305408	0.954360485077	-4.37377758961	0.974377155304	0.00143718719482	0.111364841461	0.134006500244	4.02046349602	87.0723735352	0.0976920337677	1015.37251749	4.29801511765	0.000671315193176	0.00136303901672	200000.000000	16.0000000000	0.00000000000	166.000000000	232.000000000	5.00000000000	0.950000000000	-0.740000000000	22.3000000000	0.00000000000	234.000000000	32.0000000000	15108704.0000	2500.00000000	2000.00000000	206.200000000	6466.00000000	1700.00000000	6000.00000000	13314.0000000	5801.00000000	23.4081460007	23.5137486754	23.1798541774	-0.365118443319	23.6668057909	26.2141808083	24.1922097605	-10.8927789160	23.5243397747	23.2737861163	23.2758785345	23.8878234650	23.9764863670	22.7635844875	-12.4077104270	0.882295696942	0.00000000000	0.100000000000	0.0500000000000	4.29847564697	0.00000000000	50.3261718750	-0.000390625005821	-0.572460949421	0.00000000000	14.7500000000	15.1187505722	14.7500000000	14.9875001907	14.8312501907	-300.000000000	2824.50412326	NaN	0.00000000000	22.3001708984	25.0000915527	640.000000000	24.4245606809	24.6632328248	25.2443164419	25.5611794180	24.1056514117	26.4157232707	-58.4924120055	-60.7710427475	0.000124454498291	-0.000203609466553	-0.00118780136108	-0.00118780136108	NaN	NaN	-273.150000000	-273.150000000	NaN	0.00000000000	NaN	NaN	1.00000000000	0.00000000000	5.00000000000	0.00000000000


















3733299892.93	NaN	9.00000000000	119.000000000	0.00000000000	0.00000000000	NaN	3.48630142212	-3.24348517051	0.962892055511	-4.25695948770	0.972080230713	0.000452518463135	0.112677097321	0.133349895477	3.94431887798	85.7398081398	0.0968823719025	1015.15419309	4.30178213120	0.000703501701355	0.00134792327881	200000.000000	16.0000000000	0.00000000000	166.000000000	232.000000000	5.00000000000	0.950000000000	-0.740000000000	22.3000000000	0.00000000000	234.000000000	32.0000000000	15108704.0000	2500.00000000	2000.00000000	206.200000000	6466.00000000	1700.00000000	6000.00000000	13314.0000000	5801.00000000	23.4081460007	23.5137486754	23.1798541774	-0.365118443319	23.6668057909	26.2141808083	24.1922097605	-10.8927789160	23.5243397747	23.2737861163	23.2758785345	23.8878234650	23.9764863670	22.7635844875	-12.4077104270	0.882295696942	0.00000000000	0.100000000000	0.0500000000000	4.30254855156	0.00000000000	50.3261718750	-0.000390625005821	-0.572460949421	0.00000000000	14.7562503815	14.9937505722	14.7500000000	14.9812498093	14.8312501907	-300.000000000	0.00000000000	NaN	0.00000000000	22.3001708984	25.0000915527	640.000000000	24.4245606809	24.6632328248	25.2443164419	25.5611794180	24.1056514117	26.4157232707	-58.4924120055	-60.7710427475	0.000124454498291	-0.000203609466553	-0.00118780136108	-0.00118780136108	NaN	NaN	-273.150000000	-273.150000000	NaN	0.00000000000	NaN	NaN	1.00000000000	0.00000000000	5.00000000000	0.00000000000

















3733299893.13	NaN	21.0000000000	121.000000000	0.00000000000	2.00000000000	NaN	3.49417686462	-3.22832728027	0.959282875061	-4.25695948770	0.973721027374	0.000452518463135	0.112349033356	0.134006500244	3.97286792278	86.3107890358	0.102551181793	1015.24156092	4.29793596268	0.000702881813049	0.00139384269714	200000.000000	16.0000000000	0.00000000000	166.000000000	232.000000000	5.00000000000	0.950000000000	-0.740000000000	22.3000000000	0.00000000000	234.000000000	32.0000000000	15108704.0000	2500.00000000	2000.00000000	206.200000000	6466.00000000	1700.00000000	6000.00000000	13314.0000000	5801.00000000	23.4081460007	23.5137486754	23.1798541774	-0.365118443319	23.6668057909	26.2141808083	24.1922097605	-10.8927789160	23.5243397747	23.2737861163	23.2758785345	23.8878234650	23.9764863670	22.7635844875	-12.4077104270	0.882295696942	0.00000000000	0.100000000000	0.0500000000000	4.30560541153	0.00000000000	51.5820312500	0.00000000000	-0.567968785763	0.00000000000	14.7562503815	14.9937505722	14.7500000000	14.9812498093	14.8312501907	-300.000000000	2995.37772673	NaN	0.00000000000	22.3001708984	25.0000915527	640.000000000	24.4245606809	24.6632328248	25.2443164419	25.5611794180	24.1056514117	26.4157232707	-58.4924120055	-60.7710427475	0.000124454498291	-0.000203609466553	-0.00118780136108	-0.00118780136108	NaN	-273.150000000	-273.150000000	-273.150000000	NaN	0.00000000000	NaN	NaN	1.00000000000	0.00000000000	5.00000000000	0.00000000000

















3733299893.33	NaN	14.0000000000	112.000000000	0.00000000000	0.00000000000	NaN	3.50008344650	-3.27382881653	0.960267066956	-4.24140181337	0.972080230713	0.000781059265137	0.112349033356	0.134006500244	3.92527234955	84.9782236404	0.100121019363	1015.32886530	4.31463193893	0.000694894790649	0.00137288570404	200000.000000	16.0000000000	0.00000000000	166.000000000	232.000000000	5.00000000000	0.950000000000	-0.740000000000	22.3000000000	0.00000000000	234.000000000	32.0000000000	15108704.0000	2500.00000000	2000.00000000	206.200000000	6466.00000000	1700.00000000	6000.00000000	13314.0000000	5801.00000000	23.4081460007	23.5137486754	23.1798541774	-0.365118443319	23.6668057909	26.2141808083	24.1922097605	-10.8927789160	23.5243397747	23.2737861163	23.2758785345	23.8878234650	23.9764863670	22.7635844875	-12.4077104270	0.882295696942	0.00000000000	0.100000000000	0.0500000000000	4.30902075768	0.00000000000	51.5820312500	0.00000000000	-0.567968785763	0.00000000000	14.7562503815	15.1312503815	14.7500000000	14.9812498093	14.8312501907	-300.000000000	0.00000000000	NaN	0.00000000000	22.2999877930	24.9998779297	640.000000000	24.4245606809	24.6632328248	25.2443164419	25.5611794180	24.1056514117	26.4157232707	-58.4924120055	-60.7710427475	0.000124454498291	-0.000203609466553	-0.00118780136108	-0.00118780136108	NaN	-273.150000000	-273.150000000	-273.150000000	NaN	0.00000000000	NaN	NaN	1.00000000000	0.00000000000	5.00000000000	0.00000000000

















3733299893.53	NaN	9.00000000000	108.000000000	0.00000000000	0.00000000000	NaN	3.48597335815	-3.12235649115	0.961907863617	-4.22586160955	0.976346015930	0.000452518463135	0.111364841461	0.132693767548	3.91575600128	84.4069661064	0.105789829254	1015.54718970	4.30827903748	0.000654864311218	0.00133414268494	200000.000000	16.0000000000	0.00000000000	166.000000000	232.000000000	5.00000000000	0.950000000000	-0.740000000000	22.3000000000	0.00000000000	234.000000000	32.0000000000	15108704.0000	2500.00000000	2000.00000000	206.200000000	6466.00000000	1700.00000000	6000.00000000	13314.0000000	5801.00000000	23.4081460007	23.5137486754	23.1798541774	-0.365118443319	23.6668057909	26.2141808083	24.1922097605	-10.8927789160	23.5243397747	23.2737861163	23.2758785345	23.8878234650	23.9764863670	22.7635844875	-12.4077104270	0.882295696942	0.00000000000	0.100000000000	0.0500000000000	4.31024799347	0.00000000000	45.6992187500	0.00000000000	-0.572070300579	0.00000000000	14.7562503815	15.1312503815	14.7500000000	14.9812498093	14.8312501907	-300.000000000	0.00000000000	NaN	0.00000000000	22.2999877930	24.9998779297	640.000000000	24.4245606809	24.6632328248	25.2443164419	25.5611794180	24.1056514117	26.4157232707	-58.4924120055	-60.7710427475	0.000124454498291	-0.000203609466553	-0.00118780136108	-0.00118780136108	NaN	-273.150000000	-273.150000000	-273.150000000	NaN	0.00000000000	NaN	NaN	1.00000000000	0.00000000000	5.00000000000	0.00000000000

















3733299893.73	NaN	16.0000000000	120.000000000	0.00000000000	2.00000000000	NaN	3.48958301544	-3.31938101759	0.960595130920	-4.21032756663	0.980611801147	-0.000531673431396	0.107755184174	0.131052970886	3.91575600128	81.5515083504	0.101740343094	1015.50353751	4.30713701248	0.000702166557312	0.00136768817902	200000.000000	16.0000000000	0.00000000000	166.000000000	232.000000000	5.00000000000	0.950000000000	-0.740000000000	22.3000000000	0.00000000000	234.000000000	32.0000000000	15108704.0000	2500.00000000	2000.00000000	206.200000000	6466.00000000	1700.00000000	6000.00000000	13314.0000000	5801.00000000	23.4081460007	23.5137486754	23.1798541774	-0.365118443319	23.6668057909	26.2141808083	24.1922097605	-10.8927789160	23.5243397747	23.2737861163	23.2758785345	23.8878234650	23.9764863670	22.7635844875	-12.4077104270	0.882295696942	0.00000000000	0.100000000000	0.0500000000000	4.30970063210	0.00000000000	45.6992187500	0.00000000000	-0.572070300579	0.00000000000	14.7500000000	15.0375003815	14.7500000000	14.9875001907	14.8289070129	-300.000000000	2904.37244050	NaN	0.00000000000	22.2999877930	24.9998779297	640.000000000	24.4245606809	24.6632328248	25.2443164419	25.5611794180	24.1056514117	26.4157232707	-58.4924120055	-60.7710427475	0.000124454498291	-0.000203609466553	-0.00118780136108	-0.00118780136108	NaN	-273.150000000	-273.150000000	-273.150000000	NaN	0.00000000000	NaN	NaN	1.00000000000	0.00000000000	5.00000000000	0.00000000000

















3733299893.93	NaN	17.0000000000	109.000000000	0.00000000000	0.00000000000	NaN	3.49384880066	-3.28900356653	0.960595130920	-4.24918552670	0.972408294678	0.000781059265137	0.112677097321	0.134006500244	3.95383522625	84.7878966751	0.104980167389	1015.37251749	4.31358194351	0.000681805610657	0.00135836601257	200000.000000	16.0000000000	0.00000000000	166.000000000	232.000000000	5.00000000000	0.950000000000	-0.740000000000	22.3000000000	0.00000000000	234.000000000	32.0000000000	15108704.0000	2500.00000000	2000.00000000	206.200000000	6466.00000000	1700.00000000	6000.00000000	13314.0000000	5801.00000000	23.4081460007	23.5137486754	23.1798541774	-0.365118443319	23.6668057909	26.2141808083	24.1922097605	-10.8927789160	23.5243397747	23.2737861163	23.2758785345	23.8878234650	23.9764863670	22.7635844875	-12.4077104270	0.882295696942	0.00000000000	0.100000000000	0.0500000000000	4.30909032822	0.00000000000	54.7226562500	0.000390625005821	-0.570703148842	0.00000000000	14.7500000000	15.0375003815	14.7500000000	14.9875001907	14.8289070129	-300.000000000	0.00000000000	NaN	0.00000000000	22.3004455566	25.0001220703	640.000000000	24.4245606809	24.6632328248	25.2443164419	25.5611794180	24.1056514117	26.4157232707	-58.4924120055	-60.7710427475	0.000124454498291	-0.000203609466553	-0.00118780136108	-0.00118780136108	NaN	-273.150000000	-273.150000000	-273.150000000	NaN	0.00000000000	NaN	NaN	1.00000000000	0.00000000000	5.00000000000	0.00000000000

















3733299894.13	NaN	18.0000000000	127.000000000	0.00000000000	0.00000000000	NaN	3.49745845795	-3.26624355205	0.962892055511	-4.20256285267	0.979299068451	-0.00151634216309	0.109395980835	0.131381034851	3.91575600128	85.5492045364	0.107410329819	1015.63449409	4.30540466309	0.000685787200928	0.00134270191193	200000.000000	16.0000000000	0.00000000000	166.000000000	232.000000000	5.00000000000	0.950000000000	-0.740000000000	22.3000000000	0.00000000000	234.000000000	32.0000000000	15108704.0000	2500.00000000	2000.00000000	206.200000000	6466.00000000	1700.00000000	6000.00000000	13314.0000000	5801.00000000	23.4081460007	23.5137486754	23.1798541774	-0.365118443319	23.6668057909	26.2141808083	24.1922097605	-10.8927789160	23.5243397747	23.2737861163	23.2758785345	23.8878234650	23.9764863670	22.7635844875	-12.4077104270	0.882295696942	0.00000000000	0.100000000000	0.0500000000000	4.30987000465	0.00000000000	54.7226562500	0.000390625005821	-0.570703148842	0.00000000000	14.7562503815	15.0687503815	14.7500000000	14.9875001907	14.8312501907	-300.000000000	0.00000000000	NaN	0.00000000000	22.3004455566	25.0001220703	640.000000000	24.4245606809	24.6632328248	25.2443164419	25.5611794180	24.1056514117	26.4157232707	-58.4924120055	-60.7710427475	0.000124454498291	-0.000203609466553	-0.00118780136108	-0.00118780136108	NaN	-273.150000000	-273.150000000	-273.150000000	NaN	0.00000000000	NaN	NaN	1.00000000000	0.00000000000	5.00000000000	0.00000000000

















3733299894.33	NaN	9.00000000000	119.000000000	0.00000000000	2.00000000000	NaN	3.49745845795	-3.30419498567	0.959610939026	-4.28029064402	0.972736358643	0.000781059265137	0.112349033356	0.134334564209	3.96335157452	85.9301351051	0.101740343094	1015.24156092	4.30938148499	0.000675868988037	0.00134856700897	200000.000000	16.0000000000	0.00000000000	166.000000000	232.000000000	5.00000000000	0.950000000000	-0.740000000000	22.3000000000	0.00000000000	234.000000000	32.0000000000	15108704.0000	2500.00000000	2000.00000000	206.200000000	6466.00000000	1700.00000000	6000.00000000	13314.0000000	5801.00000000	23.4081460007	23.5137486754	23.1798541774	-0.365118443319	23.6668057909	26.2141808083	24.1922097605	-10.8927789160	23.5243397747	23.2737861163	23.2758785345	23.8878234650	23.9764863670	22.7635844875	-12.4077104270	0.882295696942	0.00000000000	0.100000000000	0.0500000000000	4.31036739349	0.00000000000	45.1972656250	0.000390625005821	-0.567382812500	0.00000000000	14.7562503815	15.0687503815	14.7500000000	14.9875001907	14.8312501907	-300.000000000	2903.40499180	NaN	0.00000000000	22.3001098633	24.9998474121	640.000000000	24.4245606809	24.6632328248	25.2443164419	25.5611794180	24.1056514117	26.4157232707	-58.4924120055	-60.7710427475	0.000124454498291	-0.000203609466553	-0.00118780136108	-0.00118780136108	NaN	-273.150000000	-273.150000000	-273.150000000	NaN	0.00000000000	NaN	NaN	1.00000000000	0.00000000000	5.00000000000	0.00000000000


















3733299894.53	NaN	12.0000000000	112.000000000	0.00000000000	0.00000000000	NaN	3.49877071381	-3.38019279383	0.961907863617	-4.23363094078	0.979627609253	-0.00151634216309	0.108083248138	0.133021831512	3.94431887798	84.5975697098	0.104170505524	1015.24156092	4.31247949600	0.000678515434265	0.00134329795837	200000.000000	16.0000000000	0.00000000000	166.000000000	232.000000000	5.00000000000	0.950000000000	-0.740000000000	22.3000000000	0.00000000000	234.000000000	32.0000000000	15108704.0000	2500.00000000	2000.00000000	206.200000000	6466.00000000	1700.00000000	6000.00000000	13314.0000000	5801.00000000	23.4081460007	23.5137486754	23.1798541774	-0.365118443319	23.6668057909	26.2141808083	24.1922097605	-10.8927789160	23.5243397747	23.2737861163	23.2758785345	23.8878234650	23.9764863670	22.7635844875	-12.4077104270	0.882295696942	0.00000000000	0.100000000000	0.0500000000000	4.31092004776	0.00000000000	45.1972656250	0.000390625005821	-0.567382812500	0.00000000000	14.7562503815	15.0312500000	14.7500000000	14.9875001907	14.8312501907	-300.000000000	0.00000000000	NaN	0.00000000000	22.3001098633	24.9998474121	640.000000000	24.4245606809	24.6632328248	25.2443164419	25.5611794180	24.1056514117	26.4157232707	-58.4924120055	-60.7710427475	0.000124454498291	-0.000203609466553	-0.00118780136108	-0.00118780136108	NaN	-273.150000000	-273.150000000	-273.150000000	NaN	0.00000000000	NaN	NaN	1.00000000000	0.00000000000	5.00000000000	0.00000000000


















3733299894.73	NaN	11.0000000000	97.0000000000	0.00000000000	0.00000000000	NaN	3.48958301544	-3.37258773889	0.962892055511	-4.25695948770	0.969783306122	0.000452518463135	0.112677097321	0.134334564209	3.71587119198	80.4092699203	0.103360843658	1015.32886530	4.30406570435	0.000706100463867	0.00132296085358	200000.000000	16.0000000000	0.00000000000	166.000000000	232.000000000	5.00000000000	0.950000000000	-0.740000000000	22.3000000000	0.00000000000	234.000000000	32.0000000000	15108704.0000	2500.00000000	2000.00000000	206.200000000	6466.00000000	1700.00000000	6000.00000000	13314.0000000	5801.00000000	23.4081460007	23.5137486754	23.1798541774	-0.365118443319	23.6668057909	26.2141808083	24.1922097605	-10.8927789160	23.5243397747	23.2737861163	23.2758785345	23.8878234650	23.9764863670	22.7635844875	-12.4077104270	0.882295696942	0.00000000000	0.100000000000	0.0500000000000	4.31007747650	0.00000000000	52.9042968750	-0.000781250011642	-0.570703148842	0.00000000000	14.7562503815	15.0312500000	14.7500000000	14.9875001907	14.8312501907	-300.000000000	0.00000000000	NaN	0.00000000000	22.3004150391	24.9999084473	640.000000000	24.4245606809	24.6632328248	25.2443164419	25.5611794180	24.1056514117	26.4157232707	-58.4924120055	-60.7710427475	0.000124454498291	-0.000203609466553	-0.00118780136108	-0.00118780136108	NaN	-273.150000000	-273.150000000	-273.150000000	NaN	0.00000000000	NaN	NaN	1.00000000000	0.00000000000	5.00000000000	0.00000000000

















3733299894.93	NaN	8.00000000000	124.000000000	0.00000000000	0.00000000000	NaN	3.48662948608	-3.29659305408	0.962235927582	-4.24918552670	0.975361824036	0.000781059265137	0.111692905426	0.134006500244	3.95383522625	86.3107890358	0.102551181793	1015.41616968	4.31586599350	0.000656175613403	0.00130662918091	200000.000000	16.0000000000	0.00000000000	166.000000000	232.000000000	5.00000000000	0.950000000000	-0.740000000000	22.3000000000	0.00000000000	234.000000000	32.0000000000	15108704.0000	2500.00000000	2000.00000000	206.200000000	6466.00000000	1700.00000000	6000.00000000	13314.0000000	5801.00000000	23.4081460007	23.5137486754	23.1798541774	-0.365118443319	23.6668057909	26.2141808083	24.1922097605	-10.8927789160	23.5243397747	23.2737861163	23.2758785345	23.8878234650	23.9764863670	22.7635844875	-12.4077104270	0.882295696942	0.00000000000	0.100000000000	0.0500000000000	4.31190195084	0.00000000000	52.9042968750	-0.000781250011642	-0.570703148842	0.00000000000	14.7562503815	15.0187501907	14.7500000000	14.9875001907	14.8312501907	-300.000000000	0.00000000000	NaN	0.00000000000	22.3004150391	24.9999084473	640.000000000	24.4245606809	24.6632328248	25.2443164419	25.5611794180	24.1056514117	26.4157232707	-58.4924120055	-60.7710427475	0.000124454498291	-0.000203609466553	-0.00118780136108	-0.00118780136108	NaN	-273.150000000	-273.150000000	-273.150000000	NaN	0.00000000000	NaN	NaN	1.00000000000	0.00000000000	5.00000000000	0.00000000000


















3733299895.13	NaN	11.0000000000	113.000000000	1.00000000000	2.00000000000	NaN	3.50566196442	-3.42586406801	0.950094699860	-4.46748958575	0.965845584869	2.46676540375	0.273138523102	0.158945083618	4.77243482380	85.7398081398	0.103360843658	1015.37251749	4.31446123123	0.000679850578308	0.00140697956085	200000.000000	16.0000000000	0.00000000000	166.000000000	232.000000000	5.00000000000	0.950000000000	-0.740000000000	22.3000000000	0.00000000000	234.000000000	32.0000000000	15108704.0000	2500.00000000	2000.00000000	206.200000000	6466.00000000	1700.00000000	6000.00000000	13314.0000000	5801.00000000	23.4081460007	23.5137486754	23.1798541774	-0.365118443319	23.6668057909	26.2141808083	24.1922097605	-10.8927789160	23.5243397747	23.2737861163	23.2758785345	23.8878234650	23.9764863670	22.7635844875	-12.4077104270	0.882295696942	0.00000000000	0.100000000000	0.0500000000000	4.31433534622	0.00000000000	45.3769531250	0.00000000000	-0.566796898842	0.00000000000	14.7562503815	15.0187501907	14.7500000000	14.9875001907	14.8312501907	-300.000000000	3051.65770682	NaN	0.00000000000	22.3004150391	24.9999084473	640.000000000	24.4245606809	24.6632328248	25.2443164419	25.5611794180	24.1056514117	26.4157232707	-58.4924120055	-60.7710427475	0.000124454498291	-0.000203609466553	-0.00118780136108	-0.00118780136108	NaN	-273.150000000	-273.150000000	-273.150000000	NaN	0.00000000000	NaN	NaN	1.00000000000	0.00000000000	5.00000000000	0.00000000000


















3733299895.33	NaN	12.0000000000	100.000000000	0.00000000000	1.00000000000	NaN	3.48367643356	-3.25106621904	0.962563991547	-4.28029064402	0.970111370087	2.46742153168	0.276748180389	0.160913944244	4.69629020576	98.6850848007	0.100121019363	1015.11054090	4.31535387039	0.000685811042786	0.00140366554260	200000.000000	16.0000000000	0.00000000000	166.000000000	232.000000000	5.00000000000	0.950000000000	-0.740000000000	22.3000000000	0.00000000000	234.000000000	32.0000000000	15108704.0000	2500.00000000	2000.00000000	206.200000000	6466.00000000	1700.00000000	6000.00000000	13314.0000000	5801.00000000	23.4081460007	23.5137486754	23.1798541774	-0.365118443319	23.6668057909	26.2141808083	24.1922097605	-10.8927789160	23.5243397747	23.2737861163	23.2758785345	23.8878234650	23.9764863670	22.7635844875	-12.4077104270	0.882295696942	0.00000000000	0.100000000000	0.0500000000000	4.31593670845	0.00000000000	45.3769531250	0.00000000000	-0.566796898842	0.00000000000	14.7500000000	15.0687503815	14.7500000000	14.9812498093	14.8312501907	-300.000000000	1571.29323058	NaN	0.00000000000	22.3001708984	25.0002136230	640.000000000	24.4245606809	24.6632328248	25.2443164419	25.5611794180	24.1056514117	26.4157232707	-58.4924120055	-60.7710427475	0.000124454498291	-0.000203609466553	-0.00118780136108	-0.00118780136108	NaN	-273.150000000	-273.150000000	-273.150000000	NaN	0.00000000000	NaN	NaN	1.00000000000	0.00000000000	5.00000000000	0.00000000000


















3733299895.53	NaN	11.0000000000	90.0000000000	0.00000000000	0.00000000000	NaN	3.48827028275	-3.20558993899	0.964532852173	-4.22586160955	0.978971004486	2.46807813644	0.273138523102	0.157304286957	4.62964810410	99.8273232307	0.0976920337677	1015.45982187	4.31616783142	0.000654220581055	0.00142936706543	200000.000000	16.0000000000	0.00000000000	166.000000000	232.000000000	5.00000000000	0.950000000000	-0.740000000000	22.3000000000	0.00000000000	234.000000000	32.0000000000	15108704.0000	2500.00000000	2000.00000000	206.200000000	6466.00000000	1700.00000000	6000.00000000	13314.0000000	5801.00000000	23.4081460007	23.5137486754	23.1798541774	-0.365118443319	23.6668057909	26.2141808083	24.1922097605	-10.8927789160	23.5243397747	23.2737861163	23.2758785345	23.8878234650	23.9764863670	22.7635844875	-12.4077104270	0.882295696942	0.00000000000	0.100000000000	0.0500000000000	4.31826519966	0.00000000000	52.1425781250	0.00000000000	-0.572070300579	0.00000000000	14.7500000000	15.0687503815	14.7500000000	14.9812498093	14.8312501907	-300.000000000	0.00000000000	NaN	0.00000000000	22.3001708984	25.0002136230	640.000000000	24.4245606809	24.6632328248	25.2443164419	25.5611794180	24.1056514117	26.4157232707	-58.4924120055	-60.7710427475	0.000124454498291	-0.000203609466553	-0.00118780136108	-0.00118780136108	NaN	-273.150000000	-273.150000000	-273.150000000	NaN	0.00000000000	NaN	NaN	1.00000000000	0.00000000000	5.00000000000	0.00000000000


















3733299895.73	NaN	9.00000000000	124.000000000	0.00000000000	2.00000000000	NaN	3.48597335815	-3.16016399527	0.965845584869	-4.19478839294	0.979299068451	2.46873426437	0.273794651031	0.157632827759	4.62013175583	100.969561661	0.104170505524	1015.24156092	4.31988239288	0.000694322586060	0.00144441127777	200000.000000	16.0000000000	0.00000000000	166.000000000	232.000000000	5.00000000000	0.950000000000	-0.740000000000	22.3000000000	0.00000000000	234.000000000	32.0000000000	15108704.0000	2500.00000000	2000.00000000	206.200000000	6466.00000000	1700.00000000	6000.00000000	13314.0000000	5801.00000000	23.4081460007	23.5137486754	23.1798541774	-0.365118443319	23.6668057909	26.2141808083	24.1922097605	-10.8927789160	23.5243397747	23.2737861163	23.2758785345	23.8878234650	23.9764863670	22.7635844875	-12.4077104270	0.882295696942	0.00000000000	0.100000000000	0.0500000000000	4.32167139053	0.00000000000	52.1425781250	0.00000000000	-0.572070300579	0.00000000000	14.7562503815	15.0312500000	14.7500000000	14.9812498093	14.8312501907	-300.000000000	2960.72895247	NaN	0.00000000000	22.3001708984	25.0002136230	640.000000000	24.4245606809	24.6632328248	25.2443164419	25.5611794180	24.1056514117	26.4157232707	-58.4924120055	-60.7710427475	0.000124454498291	-0.000203609466553	-0.00118780136108	-0.00118780136108	NaN	-273.150000000	-273.150000000	-273.150000000	NaN	0.00000000000	NaN	NaN	1.00000000000	0.00000000000	5.00000000000	0.00000000000


















3733299895.93	NaN	8.00000000000	108.000000000	0.00000000000	0.00000000000	NaN	3.49220800400	-3.31938101759	0.963220596313	-4.21809381855	0.975689888000	2.46807813644	0.276091575623	0.159601211548	4.65821098080	99.4463926620	0.0960715332031	1015.06688870	4.32590675354	0.000689721107483	0.00141482353210	200000.000000	16.0000000000	0.00000000000	166.000000000	232.000000000	5.00000000000	0.950000000000	-0.740000000000	22.3000000000	0.00000000000	234.000000000	32.0000000000	15108704.0000	2500.00000000	2000.00000000	206.200000000	6466.00000000	1700.00000000	6000.00000000	13314.0000000	5801.00000000	23.4081460007	23.5137486754	23.1798541774	-0.365118443319	23.6668057909	26.2141808083	24.1922097605	-10.8927789160	23.5243397747	23.2737861163	23.2758785345	23.8878234650	23.9764863670	22.7635844875	-12.4077104270	0.882295696942	0.00000000000	0.100000000000	0.0500000000000	4.32433843613	0.00000000000	46.6015625000	0.000390625005821	-0.566796898842	0.00000000000	14.7562503815	15.0312500000	14.7500000000	14.9812498093	14.8312501907	-300.000000000	0.00000000000	NaN	0.00000000000	22.3003540039	25.0001220703	640.000000000	24.4245606809	24.6632328248	25.2443164419	25.5611794180	24.1056514117	26.4157232707	-58.4924120055	-60.7710427475	0.000124454498291	-0.000203609466553	-0.00118780136108	-0.00118780136108	NaN	-273.150000000	-273.150000000	-273.150000000	NaN	0.00000000000	NaN	NaN	1.00000000000	0.00000000000	5.00000000000	0.00000000000

















3733299896.13	NaN	11.0000000000	153.000000000	0.00000000000	2.00000000000	NaN	3.48695802689	-3.16016399527	0.964532852173	-4.28029064402	0.974377155304	2.48382902145	0.276091575623	0.158945083618	4.62964810410	99.8273232307	0.0993113574982	1015.19784528	4.32939815521	0.000705432891846	0.00139322280884	200000.000000	16.0000000000	0.00000000000	166.000000000	232.000000000	5.00000000000	0.950000000000	-0.740000000000	22.3000000000	0.00000000000	234.000000000	32.0000000000	15108704.0000	2500.00000000	2000.00000000	206.200000000	6466.00000000	1700.00000000	6000.00000000	13314.0000000	5801.00000000	23.4081460007	23.5137486754	23.1798541774	-0.365118443319	23.6668057909	26.2141808083	24.1922097605	-10.8927789160	23.5243397747	23.2737861163	23.2758785345	23.8878234650	23.9764863670	22.7635844875	-12.4077104270	0.882295696942	0.00000000000	0.100000000000	0.0500000000000	4.32923946381	0.00000000000	46.6015625000	0.000390625005821	-0.566796898842	0.00000000000	14.7562503815	15.1187505722	14.7500000000	14.9812498093	14.8312501907	-300.000000000	2740.23021968	NaN	0.00000000000	22.3003540039	25.0001220703	640.000000000	24.4364926289	24.6632328248	25.2443164419	25.5611794180	24.1056514117	26.4157232707	-58.4924120055	-60.7710427475	0.000124454498291	-0.000203609466553	-0.00118780136108	-0.00118780136108	NaN	-273.150000000	-273.150000000	-273.150000000	NaN	0.00000000000	NaN	NaN	1.00000000000	0.00000000000	5.00000000000	0.00000000000

















3733299896.33	NaN	11.0000000000	122.000000000	0.00000000000	2.00000000000	NaN	3.49286460876	-3.44109554769	0.965517520905	-4.21032756663	0.978642940521	2.47595357895	0.274122714996	0.159273147583	4.63917828426	98.3041542320	0.100930681229	1015.45982187	4.32577562332	0.000690364837646	0.00135512351990	200000.000000	16.0000000000	0.00000000000	166.000000000	232.000000000	5.00000000000	0.950000000000	-0.740000000000	22.3000000000	0.00000000000	234.000000000	32.0000000000	15108704.0000	2500.00000000	2000.00000000	206.200000000	6466.00000000	1700.00000000	6000.00000000	13314.0000000	5801.00000000	23.4081460007	23.5137486754	23.1798541774	-0.365118443319	23.6668057909	26.2141808083	24.1922097605	-10.8927789160	23.5243397747	23.2737861163	23.2758785345	23.8878234650	23.9764863670	22.7635844875	-12.4077104270	0.882295696942	0.00000000000	0.100000000000	0.0500000000000	4.33285689354	0.00000000000	46.5449218750	0.00000000000	-0.572656273842	0.00000000000	14.7562503815	15.1187505722	14.7500000000	14.9812498093	14.8312501907	-300.000000000	2829.35255523	NaN	0.00000000000	22.2998657227	24.9999084473	640.000000000	24.4364926289	24.6632328248	25.2443164419	25.5611794180	24.1056514117	26.4157232707	-58.4924120055	-60.7710427475	0.000124454498291	-0.000203609466553	-0.00118780136108	-0.00118780136108	NaN	-273.150000000	-273.150000000	-273.150000000	NaN	0.00000000000	NaN	NaN	1.00000000000	0.00000000000	5.00000000000	0.00000000000


















3733299896.53	NaN	13.0000000000	106.000000000	0.00000000000	3.00000000000	NaN	3.48761415482	-3.25865969322	0.967486381531	-4.22586160955	0.980283737183	2.47595357895	0.273794651031	0.159273147583	4.59158271103	96.7812618713	0.102551181793	1015.50353751	4.33739185333	0.000669384002686	0.00133941173553	200000.000000	16.0000000000	0.00000000000	166.000000000	232.000000000	5.00000000000	0.950000000000	-0.740000000000	22.3000000000	0.00000000000	234.000000000	32.0000000000	15108704.0000	2500.00000000	2000.00000000	206.200000000	6466.00000000	1700.00000000	6000.00000000	13314.0000000	5801.00000000	23.4081460007	23.5137486754	23.1798541774	-0.365118443319	23.6668057909	26.2141808083	24.1922097605	-10.8927789160	23.5243397747	23.2737861163	23.2758785345	23.8878234650	23.9764863670	22.7635844875	-12.4077104270	0.882295696942	0.00000000000	0.100000000000	0.0500000000000	4.33418397903	0.00000000000	46.5449218750	0.00000000000	-0.572656273842	0.00000000000	14.7500000000	15.0124998093	14.7500000000	14.9812498093	14.8289070129	-300.000000000	4353.51836153	NaN	0.00000000000	22.2998657227	24.9999084473	640.000000000	24.4364926289	24.6632328248	25.2443164419	25.5611794180	24.1056514117	26.4157232707	-58.4924120055	-60.7710427475	0.000124454498291	-0.000203609466553	-0.00118780136108	-0.00118780136108	NaN	-273.150000000	-273.150000000	-273.150000000	NaN	0.00000000000	NaN	NaN	1.00000000000	0.00000000000	5.00000000000	0.00000000000


















3733299896.73	NaN	20.0000000000	116.000000000	0.00000000000	2.00000000000	NaN	3.49647378922	-3.26624355205	0.967814445496	-4.21809381855	0.978642940521	2.47595357895	0.273466587067	0.157304286957	4.66772732906	99.2560656967	0.100930681229	1015.24156092	4.33697175980	0.000658774375916	0.00134921073914	200000.000000	16.0000000000	0.00000000000	166.000000000	232.000000000	5.00000000000	0.950000000000	-0.740000000000	22.3000000000	0.00000000000	234.000000000	32.0000000000	15108704.0000	2500.00000000	2000.00000000	206.200000000	6466.00000000	1700.00000000	6000.00000000	13314.0000000	5801.00000000	23.4081460007	23.5137486754	23.1798541774	-0.365118443319	23.6668057909	26.2141808083	24.1922097605	-10.8927789160	23.5243397747	23.2737861163	23.2758785345	23.8878234650	23.9764863670	22.7635844875	-12.4077104270	0.882295696942	0.00000000000	0.100000000000	0.0500000000000	4.33611202240	0.00000000000	54.2460937500	0.00000000000	-0.567578136921	0.00000000000	14.7500000000	15.0124998093	14.7500000000	14.9812498093	14.8289070129	-300.000000000	3217.93781052	NaN	0.00000000000	22.3004150391	24.9999694824	640.000000000	24.4364926289	24.6632328248	25.2443164419	25.5611794180	24.1056514117	26.4157232707	-58.4924120055	-60.7710427475	0.000124454498291	-0.000203609466553	-0.00118780136108	-0.00118780136108	NaN	-273.150000000	-273.150000000	-273.150000000	NaN	0.00000000000	NaN	NaN	1.00000000000	0.00000000000	5.00000000000	0.00000000000


















3733299896.93	NaN	15.0000000000	110.000000000	0.00000000000	1.00000000000	NaN	3.47350406647	-3.16774066425	0.966501712799	-4.24140181337	0.973392963409	2.48284435272	0.274779319763	0.158945083618	4.59158271103	100.398304127	0.101740343094	1015.45982187	4.32664203644	0.000656199455261	0.00133872032166	200000.000000	16.0000000000	0.00000000000	166.000000000	232.000000000	5.00000000000	0.950000000000	-0.740000000000	22.3000000000	0.00000000000	234.000000000	32.0000000000	15108704.0000	2500.00000000	2000.00000000	206.200000000	6466.00000000	1700.00000000	6000.00000000	13314.0000000	5801.00000000	23.4081460007	23.5137486754	23.1798541774	-0.365118443319	23.6668057909	26.2141808083	24.1922097605	-10.8927789160	23.5243397747	23.2737861163	23.2758785345	23.8878234650	23.9764863670	22.7635844875	-12.4077104270	0.882295696942	0.00000000000	0.100000000000	0.0500000000000	4.33111395836	0.00000000000	54.2460937500	0.00000000000	-0.567578136921	0.00000000000	14.7500000000	15.0749998093	14.7500000000	14.9812498093	14.8312501907	-300.000000000	1480.36447624	NaN	0.00000000000	22.3004150391	24.9999694824	640.000000000	24.4364926289	24.6632328248	25.2443164419	25.5611794180	24.1056514117	26.4157232707	-58.4924120055	-60.7710427475	0.000124454498291	-0.000203609466553	-0.00118780136108	-0.00118780136108	NaN	-273.150000000	-273.150000000	-273.150000000	NaN	0.00000000000	NaN	NaN	1.00000000000	0.00000000000	5.00000000000	0.00000000000

















3733299897.13	NaN	15.0000000000	114.000000000	1.00000000000	1.00000000000	NaN	3.49319267273	-3.15259971543	0.969126701355	-4.21809381855	0.977658748627	2.51598691940	0.277076244354	0.157304286957	4.62964810410	100.969561661	0.102551181793	1015.32886530	4.33732604980	0.000650310516357	0.00133481025696	200000.000000	16.0000000000	0.00000000000	166.000000000	232.000000000	5.00000000000	0.950000000000	-0.740000000000	22.3000000000	0.00000000000	234.000000000	32.0000000000	15108704.0000	2500.00000000	2000.00000000	206.200000000	6466.00000000	1700.00000000	6000.00000000	13314.0000000	5801.00000000	23.4081460007	23.5137486754	23.1798541774	-0.365118443319	23.6668057909	26.2141808083	24.1922097605	-10.8927789160	23.5243397747	23.2737861163	23.2758785345	23.8878234650	23.9764863670	22.7635844875	-12.4077104270	0.882295696942	0.00000000000	0.100000000000	0.0500000000000	4.33259835243	0.00000000000	45.6914062500	-0.000390625005821	-0.572851598263	0.00000000000	14.7500000000	15.0749998093	14.7500000000	14.9812498093	14.8312501907	-300.000000000	1509.11975743	NaN	0.00000000000	22.3004150391	24.9999694824	640.000000000	24.4364926289	24.7050305952	25.2443164419	25.5611794180	24.1056514117	26.4157232707	-58.4924120055	-60.7710427475	0.000124454498291	-0.000203609466553	-0.00118780136108	-0.00118780136108	NaN	-273.150000000	-273.150000000	-273.150000000	NaN	0.00000000000	NaN	NaN	1.00000000000	0.00000000000	5.00000000000	0.00000000000


















3733299897.33	NaN	8.00000000000	127.000000000	0.00000000000	3.00000000000	NaN	3.48794221878	-3.37258773889	0.966829776764	-4.24918552670	0.973721027374	2.51861190796	0.277076244354	0.159601211548	4.60109905930	100.969561661	0.0985016956329	1015.37251749	4.33358526230	0.000657510757446	0.00133807659149	200000.000000	16.0000000000	0.00000000000	166.000000000	232.000000000	5.00000000000	0.950000000000	-0.740000000000	22.3000000000	0.00000000000	234.000000000	32.0000000000	15108704.0000	2500.00000000	2000.00000000	206.200000000	6466.00000000	1700.00000000	6000.00000000	13314.0000000	5801.00000000	23.4081460007	23.5137486754	23.1798541774	-0.365118443319	23.6668057909	26.2141808083	24.1922097605	-10.8927789160	23.5243397747	23.2737861163	23.2758785345	23.8878234650	23.9764863670	22.7635844875	-12.4077104270	0.882295696942	0.00000000000	0.100000000000	0.0500000000000	4.33536663055	0.00000000000	45.6914062500	-0.000390625005821	-0.572851598263	0.00000000000	14.7500000000	15.0562505722	14.7500000000	14.9812498093	14.8312501907	-300.000000000	4654.21921583	NaN	0.00000000000	22.3001403809	24.9998779297	640.000000000	24.4364926289	24.7050305952	25.2443164419	25.5611794180	24.1056514117	26.4157232707	-58.4924120055	-60.7710427475	0.000124454498291	-0.000203609466553	-0.00118780136108	-0.00118780136108	NaN	-273.150000000	-273.150000000	-273.150000000	NaN	0.00000000000	NaN	NaN	1.00000000000	0.00000000000	5.00000000000	0.00000000000

















3733299897.53	NaN	12.0000000000	110.000000000	0.00000000000	0.00000000000	NaN	3.48203563690	-3.17530773014	0.969455242157	-4.22586160955	0.979955673218	2.51237726212	0.274779319763	0.158617019653	4.60109905930	100.017650196	0.0960715332031	1015.32886530	4.33476686478	0.000674533843994	0.00134594440460	200000.000000	16.0000000000	0.00000000000	166.000000000	232.000000000	5.00000000000	0.950000000000	-0.740000000000	22.3000000000	0.00000000000	234.000000000	32.0000000000	15108704.0000	2500.00000000	2000.00000000	206.200000000	6466.00000000	1700.00000000	6000.00000000	13314.0000000	5801.00000000	23.4081460007	23.5137486754	23.1798541774	-0.365118443319	23.6668057909	26.2141808083	24.1922097605	-10.8927789160	23.5243397747	23.2737861163	23.2758785345	23.8878234650	23.9764863670	22.7635844875	-12.4077104270	0.882295696942	0.00000000000	0.100000000000	0.0500000000000	4.33591394424	0.00000000000	54.5058593750	0.00000000000	-0.569335937500	0.00000000000	14.7500000000	15.0562505722	14.7500000000	14.9812498093	14.8312501907	-300.000000000	0.00000000000	NaN	0.00000000000	22.3001403809	24.9998779297	640.000000000	24.4364926289	24.7050305952	25.2443164419	25.5611794180	24.1056514117	26.4157232707	-58.4924120055	-60.7710427475	0.000124454498291	-0.000203609466553	-0.00118780136108	-0.00118780136108	NaN	-273.150000000	-273.150000000	-273.150000000	NaN	0.00000000000	NaN	NaN	1.00000000000	0.00000000000	5.00000000000	0.00000000000

















3733299897.73	NaN	14.0000000000	121.000000000	0.00000000000	2.00000000000	NaN	3.50172424316	-3.34978108978	0.967814445496	-4.18702675369	0.970767498016	2.51959609985	0.277732372284	0.158617019653	4.64869463253	101.159888626	0.101740343094	1015.19784528	4.34025335312	0.000694274902344	0.00136168003082	200000.000000	16.0000000000	0.00000000000	166.000000000	232.000000000	5.00000000000	0.950000000000	-0.740000000000	22.3000000000	0.00000000000	234.000000000	32.0000000000	15108704.0000	2500.00000000	2000.00000000	206.200000000	6466.00000000	1700.00000000	6000.00000000	13314.0000000	5801.00000000	23.4081460007	23.5137486754	23.1798541774	-0.365118443319	23.6668057909	26.2141808083	24.1922097605	-10.8927789160	23.5243397747	23.2737861163	23.2758785345	23.8878234650	23.9764863670	22.7635844875	-12.4077104270	0.882295696942	0.00000000000	0.100000000000	0.0500000000000	4.33907852173	0.00000000000	54.5058593750	0.00000000000	-0.569335937500	0.00000000000	14.7500000000	15.0437498093	14.7500000000	14.9812498093	14.8312501907	-300.000000000	2796.90195044	NaN	0.00000000000	22.3002624512	24.9997558594	640.000000000	24.4364926289	24.7050305952	25.2443164419	25.5611794180	24.1056514117	26.4157232707	-58.4924120055	-60.7710427475	0.000124454498291	-0.000203609466553	-0.00118780136108	-0.00118780136108	NaN	-273.150000000	-273.150000000	-273.150000000	NaN	0.00000000000	NaN	NaN	1.00000000000	0.00000000000	5.00000000000	0.00000000000


















3733299897.93	NaN	11.0000000000	117.000000000	0.00000000000	2.00000000000	NaN	3.49089574814	-3.16016399527	0.971752166748	-4.19478839294	0.977330684662	2.51729917526	0.277076244354	0.160585880280	4.60109905930	101.730869522	0.0968823719025	1015.37251749	4.33576440811	0.000692987442017	0.00134661197662	200000.000000	16.0000000000	0.00000000000	166.000000000	232.000000000	5.00000000000	0.950000000000	-0.740000000000	22.3000000000	0.00000000000	234.000000000	32.0000000000	15108704.0000	2500.00000000	2000.00000000	206.200000000	6466.00000000	1700.00000000	6000.00000000	13314.0000000	5801.00000000	23.4081460007	23.5137486754	23.1798541774	-0.365118443319	23.6668057909	26.2141808083	24.1922097605	-10.8927789160	23.5243397747	23.2737861163	23.2758785345	23.8878234650	23.9764863670	22.7635844875	-12.4077104270	0.882295696942	0.00000000000	0.100000000000	0.0500000000000	4.34018111229	0.00000000000	46.8789062500	0.00000000000	-0.571679711342	0.00000000000	14.7500000000	15.0437498093	14.7500000000	14.9812498093	14.8312501907	-300.000000000	2675.72954552	NaN	0.00000000000	22.3002624512	24.9997558594	640.000000000	24.4364926289	24.7050305952	25.2443164419	25.5611794180	24.1056514117	26.4157232707	-58.4924120055	-60.7710427475	0.000124454498291	-0.000203609466553	-0.00118780136108	-0.00118780136108	NaN	-273.150000000	-273.150000000	-273.150000000	NaN	0.00000000000	NaN	NaN	1.00000000000	0.00000000000	5.00000000000	0.00000000000

















3733299898.13	NaN	6.00000000000	114.000000000	0.00000000000	1.00000000000	NaN	3.48072338104	-3.12991521496	0.971424102783	-4.17926664898	0.977002143860	2.53337812424	0.276091575623	0.157632827759	4.56301983433	99.2560656967	0.100930681229	1015.50353751	4.34185457230	0.000669956207275	0.00131771564484	200000.000000	16.0000000000	0.00000000000	166.000000000	232.000000000	5.00000000000	0.950000000000	-0.740000000000	22.3000000000	0.00000000000	234.000000000	32.0000000000	15108704.0000	2500.00000000	2000.00000000	206.200000000	6466.00000000	1700.00000000	6000.00000000	13314.0000000	5801.00000000	23.4081460007	23.5137486754	23.1798541774	-0.365118443319	23.6668057909	26.2141808083	24.1922097605	-10.8927789160	23.5243397747	23.2737861163	23.2758785345	23.8878234650	23.9764863670	22.7635844875	-12.4077104270	0.882295696942	0.00000000000	0.100000000000	0.0500000000000	4.33988304138	0.00000000000	46.8789062500	0.00000000000	-0.571679711342	0.00000000000	14.7500000000	15.0437498093	14.7562503815	14.9812498093	14.8312501907	-300.000000000	1348.98807899	NaN	0.00000000000	22.3002624512	24.9997558594	640.000000000	24.4364926289	24.7050305952	25.3088064618	25.5611794180	24.1056514117	26.4157232707	-58.4924120055	-60.7710427475	0.000124454498291	-0.000203609466553	-0.00118780136108	-0.00118780136108	NaN	-273.150000000	-273.150000000	-273.150000000	NaN	0.00000000000	NaN	NaN	1.00000000000	0.00000000000	5.00000000000	0.00000000000


















3733299898.33	NaN	11.0000000000	111.000000000	0.00000000000	3.00000000000	NaN	3.48662948608	-3.17530773014	0.970767498016	-4.25695948770	0.979955673218	2.53436279297	0.275763511658	0.158288955688	4.60109905930	100.207977161	0.0944522094727	1015.41616968	4.34442710876	0.000663423538208	0.00131514072418	200000.000000	16.0000000000	0.00000000000	166.000000000	232.000000000	5.00000000000	0.950000000000	-0.740000000000	22.3000000000	0.00000000000	234.000000000	32.0000000000	15108704.0000	2500.00000000	2000.00000000	206.200000000	6466.00000000	1700.00000000	6000.00000000	13314.0000000	5801.00000000	23.4081460007	23.5137486754	23.1798541774	-0.365118443319	23.6668057909	26.2141808083	24.1922097605	-10.8927789160	23.5243397747	23.2737861163	23.2758785345	23.8878234650	23.9764863670	22.7635844875	-12.4077104270	0.882295696942	0.00000000000	0.100000000000	0.0500000000000	4.34263687134	0.00000000000	54.5761718750	0.00000000000	-0.569531261921	0.00000000000	14.7500000000	15.0437498093	14.7562503815	14.9812498093	14.8312501907	-300.000000000	4581.79738633	NaN	0.00000000000	22.3000183105	24.9998779297	640.000000000	24.4364926289	24.7050305952	25.3088064618	25.5611794180	24.1056514117	26.4157232707	-58.4924120055	-60.7710427475	0.000124454498291	-0.000203609466553	-0.00118780136108	-0.00118780136108	NaN	-273.150000000	-273.150000000	-273.150000000	NaN	0.00000000000	NaN	NaN	1.00000000000	0.00000000000	5.00000000000	0.00000000000

















3733299898.53	NaN	9.00000000000	108.000000000	0.00000000000	2.00000000000	NaN	3.48695802689	-3.16774066425	0.972736358643	-4.22586160955	0.977002143860	2.53403425217	0.276419639587	0.156648159027	4.54398713779	98.8754117661	0.0985016956329	1015.67814628	4.33747053146	0.000653481483459	0.00132238864899	200000.000000	16.0000000000	0.00000000000	166.000000000	232.000000000	5.00000000000	0.950000000000	-0.740000000000	22.3000000000	0.00000000000	234.000000000	32.0000000000	15108704.0000	2500.00000000	2000.00000000	206.200000000	6466.00000000	1700.00000000	6000.00000000	13314.0000000	5801.00000000	23.4081460007	23.5137486754	23.1798541774	-0.365118443319	23.6668057909	26.2141808083	24.1922097605	-10.8927789160	23.5243397747	23.2737861163	23.2758785345	23.8878234650	23.9764863670	22.7635844875	-12.4077104270	0.882295696942	0.00000000000	0.100000000000	0.0500000000000	4.34106965065	0.00000000000	54.5761718750	0.00000000000	-0.569531261921	0.00000000000	14.7562503815	15.0375003815	14.7500000000	14.9812498093	14.8312501907	-300.000000000	3215.60467940	NaN	0.00000000000	22.3000183105	24.9998779297	640.000000000	24.4364926289	24.7050305952	25.3088064618	25.5611794180	24.1056514117	26.4157232707	-58.4924120055	-60.7710427475	0.000124454498291	-0.000203609466553	-0.00118780136108	-0.00118780136108	NaN	-273.150000000	-273.150000000	-273.150000000	NaN	0.00000000000	NaN	NaN	1.00000000000	0.00000000000	5.00000000000	0.00000000000


















3733299898.73	NaN	16.0000000000	102.000000000	1.00000000000	2.00000000000	NaN	3.49352073669	-3.17530773014	0.970767498016	-4.26473499349	0.981596469879	2.53042507172	0.276419639587	0.157632827759	4.62964810410	101.730869522	0.101740343094	1015.54718970	4.34286546707	0.000695586204529	0.00136168003082	200000.000000	16.0000000000	0.00000000000	166.000000000	232.000000000	5.00000000000	0.950000000000	-0.740000000000	22.3000000000	0.00000000000	234.000000000	32.0000000000	15108704.0000	2500.00000000	2000.00000000	206.200000000	6466.00000000	1700.00000000	6000.00000000	13314.0000000	5801.00000000	23.4081460007	23.5137486754	23.1798541774	-0.365118443319	23.6668057909	26.2141808083	24.1922097605	-10.8927789160	23.5243397747	23.2737861163	23.2758785345	23.8878234650	23.9764863670	22.7635844875	-12.4077104270	0.882295696942	0.00000000000	0.100000000000	0.0500000000000	4.34135851860	0.00000000000	45.2578125000	0.00000000000	-0.569921910763	0.00000000000	14.7562503815	15.0375003815	14.7500000000	14.9812498093	14.8312501907	-300.000000000	2903.35842606	NaN	0.00000000000	22.3002319336	24.9999084473	640.000000000	24.4364926289	24.7050305952	25.3088064618	25.5611794180	24.1056514117	26.4157232707	-58.4924120055	-60.7710427475	0.000124454498291	-0.000203609466553	-0.00118780136108	-0.00118780136108	NaN	-273.150000000	-273.150000000	-273.150000000	NaN	0.00000000000	NaN	NaN	1.00000000000	0.00000000000	5.00000000000	0.00000000000

















3733299898.93	NaN	11.0000000000	104.000000000	0.00000000000	1.00000000000	NaN	3.49319267273	-3.15259971543	0.973721027374	-4.18702675369	0.979299068451	2.53370618820	0.276419639587	0.157304286957	4.55350348606	101.350215591	0.0952618713379	1015.19784528	4.34507036209	0.000662112236023	0.00137808322906	200000.000000	16.0000000000	0.00000000000	166.000000000	232.000000000	5.00000000000	0.950000000000	-0.740000000000	22.3000000000	0.00000000000	234.000000000	32.0000000000	15108704.0000	2500.00000000	2000.00000000	206.200000000	6466.00000000	1700.00000000	6000.00000000	13314.0000000	5801.00000000	23.4081460007	23.5137486754	23.1798541774	-0.365118443319	23.6668057909	26.2141808083	24.1922097605	-10.8927789160	23.5243397747	23.2737861163	23.2758785345	23.8878234650	23.9764863670	22.7635844875	-12.4077104270	0.882295696942	0.00000000000	0.100000000000	0.0500000000000	4.34511628151	0.00000000000	45.2578125000	0.00000000000	-0.569921910763	0.00000000000	14.7562503815	15.1187505722	14.7500000000	14.9812498093	14.8312501907	-300.000000000	1509.11975743	NaN	0.00000000000	22.3002319336	24.9999084473	640.000000000	24.4364926289	24.7050305952	25.3088064618	25.5611794180	24.1056514117	26.4157232707	-58.4924120055	-60.7710427475	0.000124454498291	-0.000203609466553	-0.00118780136108	-0.00118780136108	NaN	-273.150000000	-273.150000000	-273.150000000	NaN	0.00000000000	NaN	NaN	1.00000000000	0.00000000000	5.00000000000	0.00000000000

















3733299899.13	NaN	12.0000000000	135.000000000	0.00000000000	3.00000000000	NaN	3.50664615631	-3.36498410392	0.973064422607	-4.21809381855	0.978971004486	2.44084215164	0.275763511658	0.160257816315	4.56301983433	101.350215591	0.102551181793	1015.54718970	4.34316730499	0.000654172897339	0.00133154392242	200000.000000	16.0000000000	0.00000000000	166.000000000	232.000000000	5.00000000000	0.950000000000	-0.740000000000	22.3000000000	0.00000000000	234.000000000	32.0000000000	15108704.0000	2500.00000000	2000.00000000	206.200000000	6466.00000000	1700.00000000	6000.00000000	13314.0000000	5801.00000000	23.4081460007	23.5137486754	23.1798541774	-0.365118443319	23.6668057909	26.2141808083	24.1922097605	-10.8927789160	23.5243397747	23.2737861163	23.2758785345	23.8878234650	23.9764863670	22.7635844875	-12.4077104270	0.882295696942	0.00000000000	0.100000000000	0.0500000000000	4.34568858147	0.00000000000	51.3691406250	0.00000000000	-0.572265625000	0.00000000000	14.7562503815	15.1187505722	14.7500000000	14.9812498093	14.8312501907	-300.000000000	4500.87319831	NaN	0.00000000000	22.3002319336	24.9999084473	640.000000000	24.4364926289	24.7050305952	25.3088064618	25.6023055638	24.1056514117	26.4157232707	-58.4924120055	-60.7710427475	0.000124454498291	-0.000203609466553	-0.00118780136108	-0.00118780136108	NaN	-273.150000000	-273.150000000	-273.150000000	NaN	0.00000000000	NaN	NaN	1.00000000000	0.00000000000	5.00000000000	0.00000000000


















3733299899.33	NaN	7.00000000000	115.000000000	1.00000000000	1.00000000000	NaN	3.48039484024	-3.18287618955	0.974377155304	-4.20256285267	0.979955673218	2.44543600082	0.274122714996	0.156320095062	4.54398713779	98.8754117661	0.0993113574982	1015.41616968	4.35055685043	0.000731110572815	0.00136368274689	200000.000000	16.0000000000	0.00000000000	166.000000000	232.000000000	5.00000000000	0.950000000000	-0.740000000000	22.3000000000	0.00000000000	234.000000000	32.0000000000	15108704.0000	2500.00000000	2000.00000000	206.200000000	6466.00000000	1700.00000000	6000.00000000	13314.0000000	5801.00000000	23.4081460007	23.5137486754	23.1798541774	-0.365118443319	23.6668057909	26.2141808083	24.1922097605	-10.8927789160	23.5243397747	23.2737861163	23.2758785345	23.8878234650	23.9764863670	22.7635844875	-12.4077104270	0.882295696942	0.00000000000	0.100000000000	0.0500000000000	4.34784383774	0.00000000000	51.3691406250	0.00000000000	-0.572265625000	0.00000000000	14.7500000000	15.0000000000	14.7500000000	14.9812498093	14.8312501907	-300.000000000	1424.08449615	NaN	0.00000000000	22.3001708984	25.0001220703	640.000000000	24.4364926289	24.7050305952	25.3088064618	25.6023055638	24.1056514117	26.4157232707	-58.4924120055	-60.7710427475	0.000124454498291	-0.000203609466553	-0.00118780136108	-0.00118780136108	NaN	-273.150000000	-273.150000000	-273.150000000	NaN	0.00000000000	NaN	NaN	1.00000000000	0.00000000000	5.00000000000	0.00000000000


















3733299899.53	NaN	15.0000000000	123.000000000	0.00000000000	1.00000000000	NaN	3.49089574814	-3.20558993899	0.974705219269	-4.20256285267	0.978642940521	2.44970226288	0.274779319763	0.157960891724	4.54398713779	101.921196487	0.0960715332031	1015.37251749	4.34883737564	0.000691676139832	0.00133876800537	200000.000000	16.0000000000	0.00000000000	166.000000000	232.000000000	5.00000000000	0.950000000000	-0.740000000000	22.3000000000	0.00000000000	234.000000000	32.0000000000	15108704.0000	2500.00000000	2000.00000000	206.200000000	6466.00000000	1700.00000000	6000.00000000	13314.0000000	5801.00000000	23.4081460007	23.5137486754	23.1798541774	-0.365118443319	23.6668057909	26.2141808083	24.1922097605	-10.8927789160	23.5243397747	23.2737861163	23.2758785345	23.8878234650	23.9764863670	22.7635844875	-12.4077104270	0.882295696942	0.00000000000	0.100000000000	0.0500000000000	4.35281848907	0.00000000000	50.4453125000	0.00000000000	-0.567187488079	0.00000000000	14.7500000000	15.0000000000	14.7500000000	14.9812498093	14.8312501907	-300.000000000	1372.82491023	NaN	0.00000000000	22.3001708984	25.0001220703	640.000000000	24.4364926289	24.7050305952	25.3088064618	25.6023055638	24.1056514117	26.4157232707	-58.4924120055	-60.7710427475	0.000124454498291	-0.000203609466553	-0.00118780136108	-0.00118780136108	NaN	-273.150000000	-273.150000000	-273.150000000	NaN	0.00000000000	NaN	NaN	1.00000000000	0.00000000000	5.00000000000	0.00000000000


















3733299899.73	NaN	18.0000000000	118.000000000	0.00000000000	1.00000000000	NaN	3.47941064835	-3.30419498567	0.974705219269	-4.20256285267	0.975033283234	2.44510793686	0.277404308319	0.159929752350	4.57255001450	99.2560656967	0.104170505524	1015.59084189	4.36214685440	0.000687694549561	0.00135509967804	200000.000000	16.0000000000	0.00000000000	166.000000000	232.000000000	5.00000000000	0.950000000000	-0.740000000000	22.3000000000	0.00000000000	234.000000000	32.0000000000	15108704.0000	2500.00000000	2000.00000000	206.200000000	6466.00000000	1700.00000000	6000.00000000	13314.0000000	5801.00000000	23.4081460007	23.5137486754	23.1798541774	-0.365118443319	23.6668057909	26.2141808083	24.1922097605	-10.8927789160	23.5243397747	23.2737861163	23.2758785345	23.8878234650	23.9764863670	22.7635844875	-12.4077104270	0.882295696942	0.00000000000	0.100000000000	0.0500000000000	4.35755949020	0.00000000000	50.4453125000	0.00000000000	-0.567187488079	0.00000000000	14.7562503815	15.1125001907	14.7500000000	14.9875001907	14.8312501907	-300.000000000	1348.98807899	NaN	0.00000000000	22.3001708984	25.0001220703	640.000000000	24.4364926289	24.7050305952	25.3088064618	25.6023055638	24.1056514117	26.4157232707	-58.4924120055	-60.7710427475	0.000124454498291	-0.000203609466553	-0.00118780136108	-0.00118780136108	NaN	-273.150000000	-273.150000000	-273.150000000	NaN	0.00000000000	NaN	NaN	1.00000000000	0.00000000000	5.00000000000	0.00000000000

















3733299899.93	NaN	8.00000000000	110.000000000	0.00000000000	0.00000000000	NaN	3.50270843506	-3.34217066398	0.976017951965	-4.17926664898	0.976346015930	2.44707679749	0.276091575623	0.159273147583	4.55350348606	98.4947578354	0.100930681229	1015.37251749	4.35950851440	0.000675201416016	0.00131511688232	200000.000000	16.0000000000	0.00000000000	166.000000000	232.000000000	5.00000000000	0.950000000000	-0.740000000000	22.3000000000	0.00000000000	234.000000000	32.0000000000	15108704.0000	2500.00000000	2000.00000000	206.200000000	6466.00000000	1700.00000000	6000.00000000	13314.0000000	5801.00000000	23.4081460007	23.5137486754	23.1798541774	-0.365118443319	23.6668057909	26.2141808083	24.1922097605	-10.8927789160	23.5243397747	23.2737861163	23.2758785345	23.8878234650	23.9764863670	22.7635844875	-12.4077104270	0.882295696942	0.00000000000	0.100000000000	0.0500000000000	4.35849390030	0.00000000000	47.3847656250	0.00000000000	-0.571289062500	0.00000000000	14.7562503815	15.1125001907	14.7500000000	14.9875001907	14.8312501907	-300.000000000	0.00000000000	NaN	0.00000000000	22.3004150391	24.9999694824	640.000000000	24.4364926289	24.7050305952	25.3088064618	25.6023055638	24.1056514117	26.4157232707	-58.4924120055	-60.7710427475	0.000124454498291	-0.000203609466553	-0.00118780136108	-0.00118780136108	NaN	-273.150000000	-273.150000000	-273.150000000	NaN	0.00000000000	NaN	NaN	1.00000000000	0.00000000000	5.00000000000	0.00000000000

















3733299900.13	NaN	9.00000000000	113.000000000	0.00000000000	0.00000000000	NaN	3.49450492859	-3.36498410392	0.976346015930	-4.18702675369	0.979955673218	2.57898998260	0.278060436249	0.160913944244	4.58206636276	97.9235003014	0.0993113574982	1015.37251749	4.35005807877	0.000690388679504	0.00137023925781	200000.000000	16.0000000000	0.00000000000	166.000000000	232.000000000	5.00000000000	0.950000000000	-0.740000000000	22.3000000000	0.00000000000	234.000000000	32.0000000000	15108704.0000	2500.00000000	2000.00000000	206.200000000	6466.00000000	1700.00000000	6000.00000000	13314.0000000	5801.00000000	23.4081460007	23.5137486754	23.1798541774	-0.365118443319	23.6668057909	26.2141808083	24.1922097605	-10.8927789160	23.5243397747	23.2737861163	23.2758785345	23.8878234650	23.9764863670	22.7635844875	-12.4077104270	0.882295696942	0.00000000000	0.100000000000	0.0500000000000	4.35629272461	0.00000000000	47.3847656250	0.00000000000	-0.571289062500	0.00000000000	14.7500000000	15.0062503815	14.7500000000	14.9875001907	14.8312501907	-300.000000000	0.00000000000	NaN	0.00000000000	22.3004150391	24.9999694824	640.000000000	24.4364926289	24.7050305952	25.3088064618	25.6023055638	24.0591015357	26.4157232707	-58.4924120055	-60.7710427475	0.000124454498291	-0.000203609466553	-0.00118780136108	-0.00118780136108	NaN	-273.150000000	-273.150000000	-273.150000000	NaN	0.00000000000	NaN	NaN	1.00000000000	0.00000000000	5.00000000000	0.00000000000


















3733299900.33	NaN	11.0000000000	117.000000000	0.00000000000	2.00000000000	NaN	3.50303697586	-3.41825046949	0.977330684662	-4.17926664898	0.981596469879	2.57898998260	0.276748180389	0.159929752350	4.55350348606	99.8273232307	0.0985016956329	1015.19784528	4.35717201233	0.000658774375916	0.00132954120636	200000.000000	16.0000000000	0.00000000000	166.000000000	232.000000000	5.00000000000	0.950000000000	-0.740000000000	22.3000000000	0.00000000000	234.000000000	32.0000000000	15108704.0000	2500.00000000	2000.00000000	206.200000000	6466.00000000	1700.00000000	6000.00000000	13314.0000000	5801.00000000	23.4081460007	23.5137486754	23.1798541774	-0.365118443319	23.6668057909	26.2141808083	24.1922097605	-10.8927789160	23.5243397747	23.2737861163	23.2758785345	23.8878234650	23.9764863670	22.7635844875	-12.4077104270	0.882295696942	0.00000000000	0.100000000000	0.0500000000000	4.35462975502	0.00000000000	49.2832031250	0.00000000000	-0.567773461342	0.00000000000	14.7500000000	15.0062503815	14.7500000000	14.9875001907	14.8312501907	-300.000000000	3176.24844315	NaN	0.00000000000	22.3002624512	24.9998779297	640.000000000	24.4364926289	24.7050305952	25.3088064618	25.6023055638	24.0591015357	26.4157232707	-58.4924120055	-60.7710427475	0.000124454498291	-0.000203609466553	-0.00118780136108	-0.00118780136108	NaN	-273.150000000	-273.150000000	-273.150000000	NaN	0.00000000000	NaN	NaN	1.00000000000	0.00000000000	5.00000000000	0.00000000000


















3733299900.53	NaN	14.0000000000	93.0000000000	1.00000000000	0.00000000000	NaN	3.48400449753	-3.40302754992	0.977658748627	-4.16375103863	0.982580661774	2.57866191864	0.276419639587	0.159929752350	4.53447078953	99.2560656967	0.103360843658	1015.24156092	4.35372018814	0.000692296028137	0.00135192871094	200000.000000	16.0000000000	0.00000000000	166.000000000	232.000000000	5.00000000000	0.950000000000	-0.740000000000	22.3000000000	0.00000000000	234.000000000	32.0000000000	15108704.0000	2500.00000000	2000.00000000	206.200000000	6466.00000000	1700.00000000	6000.00000000	13314.0000000	5801.00000000	23.4081460007	23.5137486754	23.1798541774	-0.365118443319	23.6668057909	26.2141808083	24.1922097605	-10.8927789160	23.5243397747	23.2737861163	23.2758785345	23.8878234650	23.9764863670	22.7635844875	-12.4077104270	0.882295696942	0.00000000000	0.100000000000	0.0500000000000	4.35556702614	0.00000000000	49.2832031250	0.00000000000	-0.567773461342	0.00000000000	14.7562503815	15.0437498093	14.7500000000	14.9812498093	14.8312501907	-300.000000000	0.00000000000	NaN	0.00000000000	22.3002624512	24.9998779297	640.000000000	24.4364926289	24.7050305952	25.3088064618	25.6023055638	24.0591015357	26.4157232707	-58.4924120055	-60.7710427475	0.000124454498291	-0.000203609466553	-0.00118780136108	-0.00118780136108	NaN	-273.150000000	-273.150000000	-273.150000000	NaN	0.00000000000	NaN	NaN	1.00000000000	0.00000000000	5.00000000000	0.00000000000


















3733299900.73	NaN	11.0000000000	119.000000000	0.00000000000	0.00000000000	NaN	3.48630142212	-3.39540716777	0.977658748627	-4.17150807767	0.985534191132	2.57997417450	0.277404308319	0.159273147583	4.33457214832	93.9258041153	0.0952618713379	1015.28521311	4.35055685043	0.000696849822998	0.00134263038635	200000.000000	16.0000000000	0.00000000000	166.000000000	232.000000000	5.00000000000	0.950000000000	-0.740000000000	22.3000000000	0.00000000000	234.000000000	32.0000000000	15108704.0000	2500.00000000	2000.00000000	206.200000000	6466.00000000	1700.00000000	6000.00000000	13314.0000000	5801.00000000	23.4081460007	23.5137486754	23.1798541774	-0.365118443319	23.6668057909	26.2141808083	24.1922097605	-10.8927789160	23.5243397747	23.2737861163	23.2758785345	23.8878234650	23.9764863670	22.7635844875	-12.4077104270	0.882295696942	0.00000000000	0.100000000000	0.0500000000000	4.35124330521	0.00000000000	45.2128906250	0.00000000000	-0.570507824421	0.00000000000	14.7562503815	15.0437498093	14.7500000000	14.9812498093	14.8312501907	-300.000000000	0.00000000000	NaN	0.00000000000	22.2999572754	25.0002441406	640.000000000	24.4364926289	24.7050305952	25.3088064618	25.6023055638	24.0591015357	26.4157232707	-58.4924120055	-60.7710427475	0.000124454498291	-0.000203609466553	-0.00118780136108	-0.00118780136108	NaN	-273.150000000	-273.150000000	-273.150000000	NaN	0.00000000000	NaN	NaN	1.00000000000	0.00000000000	5.00000000000	0.00000000000

















3733299900.93	NaN	10.0000000000	113.000000000	0.00000000000	1.00000000000	NaN	3.50205230713	-3.21317499237	0.979299068451	-4.16375103863	0.982580661774	2.57997417450	0.276419639587	0.159273147583	4.51543809299	100.588631092	0.0968823719025	1015.32886530	4.34969043732	0.000666069984436	0.00135838985443	200000.000000	16.0000000000	0.00000000000	166.000000000	232.000000000	5.00000000000	0.950000000000	-0.740000000000	22.3000000000	0.00000000000	234.000000000	32.0000000000	15108704.0000	2500.00000000	2000.00000000	206.200000000	6466.00000000	1700.00000000	6000.00000000	13314.0000000	5801.00000000	23.4081460007	23.5137486754	23.1798541774	-0.365118443319	23.6668057909	26.2141808083	24.1922097605	-10.8927789160	23.5243397747	23.2737861163	23.2758785345	23.8878234650	23.9764863670	22.7635844875	-12.4077104270	0.882295696942	0.00000000000	0.100000000000	0.0500000000000	4.34797778130	0.00000000000	45.2128906250	0.00000000000	-0.570507824421	0.00000000000	14.7500000000	15.0312500000	14.7500000000	14.9812498093	14.8312501907	-300.000000000	1604.95521257	NaN	0.00000000000	22.2999572754	25.0002441406	640.000000000	24.4364926289	24.7050305952	25.3088064618	25.6023055638	24.0591015357	26.4157232707	-58.4924120055	-60.7710427475	0.000124454498291	-0.000203609466553	-0.00118780136108	-0.00118780136108	NaN	-273.150000000	-273.150000000	-273.150000000	NaN	0.00000000000	NaN	NaN	1.00000000000	0.00000000000	5.00000000000	0.00000000000

















3733299901.13	NaN	8.00000000000	109.000000000	0.00000000000	0.00000000000	NaN	3.49220800400	-3.43347909373	0.990784168243	-3.96255729952	0.993081092834	0.0230946540833	0.112020969391	0.134662628174	3.69683849545	101.540542557	0.0993113574982	1015.32886530	4.34205150604	0.000686407089233	0.00134792327881	200000.000000	16.0000000000	0.00000000000	166.000000000	232.000000000	5.00000000000	0.950000000000	-0.740000000000	22.3000000000	0.00000000000	234.000000000	32.0000000000	15108704.0000	2500.00000000	2000.00000000	206.200000000	6466.00000000	1700.00000000	6000.00000000	13314.0000000	5801.00000000	23.4081460007	23.5137486754	23.1798541774	-0.365118443319	23.6668057909	26.2141808083	24.1922097605	-10.8927789160	23.5243397747	23.2737861163	23.2758785345	23.8878234650	23.9764863670	22.7635844875	-12.4077104270	0.882295696942	0.00000000000	0.100000000000	0.0500000000000	4.34586186409	0.00000000000	54.4628906250	0.00000000000	-0.571289062500	0.00000000000	14.7500000000	15.0312500000	14.7500000000	14.9812498093	14.8312501907	-300.000000000	0.00000000000	NaN	0.00000000000	22.2999572754	25.0002441406	640.000000000	24.4364926289	24.7050305952	25.3088064618	25.6023055638	24.0591015357	26.4334596015	-58.4924120055	-60.7710427475	0.000124454498291	-0.000203609466553	-0.00118780136108	-0.00118780136108	NaN	-273.150000000	-273.150000000	-273.150000000	NaN	0.00000000000	NaN	NaN	1.00000000000	0.00000000000	5.00000000000	0.00000000000

















3733299901.33	NaN	13.0000000000	128.000000000	0.00000000000	2.00000000000	NaN	3.49680233002	-3.34978108978	0.977986812592	-4.17926664898	0.981596469879	0.0230946540833	0.113989830017	0.134662628174	3.78249946175	84.9782236404	0.103360843658	1015.28521311	4.34526729584	0.000689697265625	0.00135383605957	200000.000000	16.0000000000	0.00000000000	166.000000000	232.000000000	5.00000000000	0.950000000000	-0.740000000000	22.3000000000	0.00000000000	234.000000000	32.0000000000	15108704.0000	2500.00000000	2000.00000000	206.200000000	6466.00000000	1700.00000000	6000.00000000	13314.0000000	5801.00000000	23.4081460007	23.5137486754	23.1798541774	-0.365118443319	23.6668057909	26.2141808083	24.1922097605	-10.8927789160	23.5243397747	23.2737861163	23.2758785345	23.8878234650	23.9764863670	22.7635844875	-12.4077104270	0.882295696942	0.00000000000	0.100000000000	0.0500000000000	4.34167084694	0.00000000000	54.4628906250	0.00000000000	-0.571289062500	0.00000000000	14.7500000000	15.0749998093	14.7500000000	14.9875001907	14.8312501907	-300.000000000	3022.97244361	NaN	0.00000000000	22.3005676270	25.0000915527	640.000000000	24.4364926289	24.7050305952	25.3088064618	25.6023055638	24.0591015357	26.4334596015	-58.4924120055	-60.7710427475	0.000124454498291	-0.000203609466553	-0.00118780136108	-0.00118780136108	NaN	-273.150000000	-273.150000000	-273.150000000	NaN	0.00000000000	NaN	NaN	1.00000000000	0.00000000000	5.00000000000	0.00000000000

















3733299901.53	NaN	13.0000000000	119.000000000	0.00000000000	1.00000000000	NaN	3.48728609085	-3.33457270069	0.981267929077	-4.13272691782	0.984221458435	0.0247354507446	0.112020969391	0.134006500244	3.78249946175	84.5975697098	0.0976920337677	1015.24156092	4.33861255646	0.000663471221924	0.00135190486908	200000.000000	16.0000000000	0.00000000000	166.000000000	232.000000000	5.00000000000	0.950000000000	-0.740000000000	22.3000000000	0.00000000000	234.000000000	32.0000000000	15108704.0000	2500.00000000	2000.00000000	206.200000000	6466.00000000	1700.00000000	6000.00000000	13314.0000000	5801.00000000	23.4081460007	23.5137486754	23.1798541774	-0.365118443319	23.6668057909	26.2141808083	24.1922097605	-10.8927789160	23.5243397747	23.2737861163	23.2758785345	23.8878234650	23.9764863670	22.7635844875	-12.4077104270	0.882295696942	0.00000000000	0.100000000000	0.0500000000000	4.34027824402	0.00000000000	45.0976562500	0.00000000000	-0.572265625000	0.00000000000	14.7500000000	15.0749998093	14.7500000000	14.9875001907	14.8312501907	-300.000000000	1372.82491023	NaN	0.00000000000	22.3005676270	25.0000915527	640.000000000	24.4364926289	24.7050305952	25.3088064618	25.6023055638	24.0591015357	26.4334596015	-58.4924120055	-60.7710427475	0.000124454498291	-0.000203609466553	-0.00118780136108	-0.00118780136108	NaN	-273.150000000	-273.150000000	-273.150000000	NaN	0.00000000000	NaN	NaN	1.00000000000	0.00000000000	5.00000000000	0.00000000000


















3733299901.73	NaN	14.0000000000	123.000000000	0.00000000000	1.00000000000	NaN	3.49811458588	-3.28900356653	0.977330684662	-4.18702675369	0.984549522400	0.0267038345337	0.114974021912	0.133678436279	3.70635484371	84.9782236404	0.109029653549	1015.37251749	4.32494878769	0.000691604614258	0.00137484073639	200000.000000	16.0000000000	0.00000000000	166.000000000	232.000000000	5.00000000000	0.950000000000	-0.740000000000	22.3000000000	0.00000000000	234.000000000	32.0000000000	15108704.0000	2500.00000000	2000.00000000	206.200000000	6466.00000000	1700.00000000	6000.00000000	13314.0000000	5801.00000000	23.4081460007	23.5137486754	23.1798541774	-0.365118443319	23.6668057909	26.2141808083	24.1922097605	-10.8927789160	23.5243397747	23.2737861163	23.2758785345	23.8878234650	23.9764863670	22.7635844875	-12.4077104270	0.882295696942	0.00000000000	0.100000000000	0.0500000000000	4.33576426506	0.00000000000	45.0976562500	0.00000000000	-0.572265625000	0.00000000000	14.7500000000	15.0937500000	14.7500000000	14.9812498093	14.8312501907	-300.000000000	1540.14424584	NaN	0.00000000000	22.3005676270	25.0000915527	640.000000000	24.4364926289	24.7050305952	25.3088064618	25.6023055638	24.0591015357	26.4334596015	-58.4924120055	-60.7710427475	0.000124454498291	-0.000203609466553	-0.00118780136108	-0.00118780136108	NaN	-273.150000000	-273.150000000	-273.150000000	NaN	0.00000000000	NaN	NaN	1.00000000000	0.00000000000	5.00000000000	0.00000000000


















3733299901.93	NaN	15.0000000000	126.000000000	0.00000000000	1.00000000000	NaN	3.47416019440	-3.35738188789	0.981267929077	-4.17926664898	0.982908725739	0.0244069099426	0.111692905426	0.135318756104	3.79201581001	84.7878966751	0.104170505524	1015.24156092	4.33743143082	0.000676512718201	0.00134856700897	200000.000000	16.0000000000	0.00000000000	166.000000000	232.000000000	5.00000000000	0.950000000000	-0.740000000000	22.3000000000	0.00000000000	234.000000000	32.0000000000	15108704.0000	2500.00000000	2000.00000000	206.200000000	6466.00000000	1700.00000000	6000.00000000	13314.0000000	5801.00000000	23.4081460007	23.5137486754	23.1798541774	-0.365118443319	23.6668057909	26.2141808083	24.1922097605	-10.8927789160	23.5243397747	23.2737861163	23.2758785345	23.8878234650	23.9764863670	22.7635844875	-12.4077104270	0.882295696942	0.00000000000	0.100000000000	0.0500000000000	4.33240680695	0.00000000000	53.3183593750	0.00000000000	-0.569921910763	0.00000000000	14.7500000000	15.0937500000	14.7500000000	14.9812498093	14.8312501907	-300.000000000	1451.67921303	NaN	0.00000000000	22.2999877930	24.9999694824	640.000000000	24.4364926289	24.7050305952	25.3088064618	25.6023055638	24.0591015357	26.4334596015	-58.4924120055	-60.7710427475	0.000124454498291	-0.000203609466553	-0.00118780136108	-0.00118780136108	NaN	-273.150000000	-273.150000000	-273.150000000	NaN	0.00000000000	NaN	NaN	1.00000000000	0.00000000000	5.00000000000	0.00000000000


















3733299902.13	NaN	10.0000000000	119.000000000	0.00000000000	1.00000000000	NaN	3.50041151047	-3.31178729575	0.979955673218	-4.17926664898	0.977002143860	0.0267038345337	0.115958690643	0.134990692139	3.80153215828	84.7878966751	0.100121019363	1015.41616968	4.33063220978	0.000685071945190	0.00136106014252	200000.000000	16.0000000000	0.00000000000	166.000000000	232.000000000	5.00000000000	0.950000000000	-0.740000000000	22.3000000000	0.00000000000	234.000000000	32.0000000000	15108704.0000	2500.00000000	2000.00000000	206.200000000	6466.00000000	1700.00000000	6000.00000000	13314.0000000	5801.00000000	23.4081460007	23.5137486754	23.1798541774	-0.365118443319	23.6668057909	26.2141808083	24.1922097605	-10.8927789160	23.5243397747	23.2737861163	23.2758785345	23.8878234650	23.9764863670	22.7635844875	-12.4077104270	0.882295696942	0.00000000000	0.100000000000	0.0500000000000	4.33156809807	0.00000000000	53.3183593750	0.00000000000	-0.569921910763	0.00000000000	14.7562503815	15.0000000000	14.7500000000	14.9812498093	14.8312501907	-300.000000000	1425.05194486	NaN	0.00000000000	22.2999877930	24.9999694824	640.000000000	24.4364926289	24.7050305952	25.3088064618	25.6023055638	24.0591015357	26.4334596015	-59.8109731922	-60.7710427475	0.000124454498291	-0.000203609466553	-0.00118780136108	-0.00118780136108	NaN	-273.150000000	-273.150000000	-273.150000000	NaN	0.00000000000	NaN	NaN	1.00000000000	0.00000000000	5.00000000000	0.00000000000


















3733299902.33	NaN	13.0000000000	100.000000000	0.00000000000	1.00000000000	NaN	3.47973871231	-3.23590552459	0.980939865112	-4.14823028365	0.983565330505	0.0244069099426	0.112020969391	0.134006500244	3.78249946175	83.6456582451	0.0993113574982	1015.41616968	4.32396459579	0.000689077377319	0.00133478641510	200000.000000	16.0000000000	0.00000000000	166.000000000	232.000000000	5.00000000000	0.950000000000	-0.740000000000	22.3000000000	0.00000000000	234.000000000	32.0000000000	15108704.0000	2500.00000000	2000.00000000	206.200000000	6466.00000000	1700.00000000	6000.00000000	13314.0000000	5801.00000000	23.4081460007	23.5137486754	23.1798541774	-0.365118443319	23.6668057909	26.2141808083	24.1922097605	-10.8927789160	23.5243397747	23.2737861163	23.2758785345	23.8878234650	23.9764863670	22.7635844875	-12.4077104270	0.882295696942	0.00000000000	0.100000000000	0.0500000000000	4.32908864021	0.00000000000	48.0488281250	0.00000000000	-0.568554699421	0.00000000000	14.7562503815	15.0000000000	14.7500000000	14.9812498093	14.8312501907	-300.000000000	1479.32049565	NaN	0.00000000000	22.3001098633	24.9996948242	640.000000000	24.4364926289	24.7050305952	25.3088064618	25.6023055638	24.0591015357	26.4334596015	-59.8109731922	-60.7710427475	0.000124454498291	-0.000203609466553	-0.00118780136108	-0.00118780136108	NaN	-273.150000000	-273.150000000	-273.150000000	NaN	0.00000000000	NaN	NaN	1.00000000000	0.00000000000	5.00000000000	0.00000000000


















3733299902.53	NaN	13.0000000000	109.000000000	0.00000000000	0.00000000000	NaN	3.49745845795	-3.27382881653	0.980939865112	-4.15599553074	0.976346015930	0.0263757705688	0.116614818573	0.134662628174	3.78249946175	84.5975697098	0.104980167389	1015.02323651	4.32693052292	0.000675225257874	0.00134594440460	200000.000000	16.0000000000	0.00000000000	166.000000000	232.000000000	5.00000000000	0.950000000000	-0.740000000000	22.3000000000	0.00000000000	234.000000000	32.0000000000	15108704.0000	2500.00000000	2000.00000000	206.200000000	6466.00000000	1700.00000000	6000.00000000	13314.0000000	5801.00000000	23.4081460007	23.5137486754	23.1798541774	-0.365118443319	23.6668057909	26.2141808083	24.1922097605	-10.8927789160	23.5243397747	23.2737861163	23.2758785345	23.8878234650	23.9764863670	22.7635844875	-12.4077104270	0.882295696942	0.00000000000	0.100000000000	0.0500000000000	4.32491073608	0.00000000000	48.0488281250	0.00000000000	-0.568554699421	0.00000000000	14.7562503815	15.1312503815	14.7500000000	14.9812498093	14.8312501907	-300.000000000	0.00000000000	NaN	0.00000000000	22.3001098633	24.9996948242	640.000000000	24.4364926289	24.7050305952	25.3088064618	25.6023055638	24.0591015357	26.4334596015	-59.8109731922	-60.7710427475	0.000124454498291	-0.000203609466553	-0.00118780136108	-0.00118780136108	NaN	-273.150000000	-273.150000000	-273.150000000	NaN	0.00000000000	NaN	NaN	1.00000000000	0.00000000000	5.00000000000	0.00000000000


















3733299902.73	NaN	11.0000000000	117.000000000	0.00000000000	1.00000000000	NaN	3.49483346939	-3.13747532628	0.981924533844	-4.16375103863	0.975361824036	0.0267038345337	0.115630626678	0.134662628174	3.81104850655	88.5952658958	0.101740343094	1015.19784528	4.31434345245	0.000685119628906	0.00135319232941	200000.000000	16.0000000000	0.00000000000	166.000000000	232.000000000	5.00000000000	0.950000000000	-0.740000000000	22.3000000000	0.00000000000	234.000000000	32.0000000000	15108704.0000	2500.00000000	2000.00000000	206.200000000	6466.00000000	1700.00000000	6000.00000000	13314.0000000	5801.00000000	23.4081460007	23.5137486754	23.1798541774	-0.365118443319	23.6668057909	26.2141808083	24.1922097605	-10.8927789160	23.5243397747	23.2737861163	23.2758785345	23.8878234650	23.9764863670	22.7635844875	-12.4077104270	0.882295696942	0.00000000000	0.100000000000	0.0500000000000	4.32414278984	0.00000000000	48.8828125000	-0.000390625005821	-0.573437511921	0.00000000000	14.7562503815	15.1312503815	14.7500000000	14.9812498093	14.8312501907	-300.000000000	1398.45097522	NaN	0.00000000000	22.3000183105	25.0000610352	640.000000000	24.4364926289	24.7050305952	25.3088064618	25.6023055638	24.0591015357	26.4334596015	-59.8109731922	-60.7710427475	0.000124454498291	-0.000203609466553	-0.00118780136108	-0.00118780136108	NaN	-273.150000000	-273.150000000	-273.150000000	NaN	0.00000000000	NaN	NaN	1.00000000000	0.00000000000	5.00000000000	0.00000000000


















3733299902.93	NaN	14.0000000000	124.000000000	0.00000000000	1.00000000000	NaN	3.47514486313	-3.13747532628	0.981267929077	-4.19478839294	0.978642940521	0.0260477066040	0.115630626678	0.133349895477	3.75393658504	85.7398081398	0.102551181793	1015.24156092	4.31918668747	0.000691628456116	0.00134925842285	200000.000000	16.0000000000	0.00000000000	166.000000000	232.000000000	5.00000000000	0.950000000000	-0.740000000000	22.3000000000	0.00000000000	234.000000000	32.0000000000	15108704.0000	2500.00000000	2000.00000000	206.200000000	6466.00000000	1700.00000000	6000.00000000	13314.0000000	5801.00000000	23.4081460007	23.5137486754	23.1798541774	-0.365118443319	23.6668057909	26.2141808083	24.1922097605	-10.8927789160	23.5243397747	23.2737861163	23.2758785345	23.8878234650	23.9764863670	22.7635844875	-12.4077104270	0.882295696942	0.00000000000	0.100000000000	0.0500000000000	4.31787405014	0.00000000000	48.8828125000	-0.000390625005821	-0.573437511921	0.00000000000	14.7500000000	15.0812501907	14.7500000000	14.9812498093	14.8312501907	-300.000000000	1302.90463530	NaN	0.00000000000	22.3000183105	25.0000610352	640.000000000	24.4364926289	24.7050305952	25.3088064618	25.6023055638	24.0591015357	26.4334596015	-59.8109731922	-60.7710427475	0.000124454498291	-0.000203609466553	-0.00118780136108	-0.00118780136108	NaN	-273.150000000	-273.150000000	-273.150000000	NaN	0.00000000000	NaN	NaN	1.00000000000	0.00000000000	5.00000000000	0.00000000000


















3733299903.13	NaN	14.0000000000	111.000000000	1.00000000000	2.00000000000	NaN	3.50073957443	-3.20558993899	0.981596469879	-4.16375103863	0.978314876556	-0.000203609466553	0.112677097321	0.134006500244	3.77298311348	87.2627005005	0.104170505524	1015.37251749	4.31448745728	0.000668621063232	0.00131971836090	200000.000000	16.0000000000	0.00000000000	166.000000000	232.000000000	5.00000000000	0.950000000000	-0.740000000000	22.3000000000	0.00000000000	234.000000000	32.0000000000	15108704.0000	2500.00000000	2000.00000000	206.200000000	6466.00000000	1700.00000000	6000.00000000	13314.0000000	5801.00000000	23.4081460007	23.5137486754	23.1798541774	-0.365118443319	23.6668057909	26.2141808083	24.1922097605	-10.8927789160	23.5243397747	23.2737861163	23.2758785345	23.8878234650	23.9764863670	22.7635844875	-12.4077104270	0.882295696942	0.00000000000	0.100000000000	0.0500000000000	4.31642098427	0.00000000000	48.9296875000	0.00000000000	-0.567382812500	0.00000000000	14.7500000000	15.0812501907	14.7500000000	14.9812498093	14.8312501907	-300.000000000	2789.75251862	NaN	0.00000000000	22.3000183105	25.0000610352	640.000000000	24.4364926289	24.7050305952	25.3088064618	25.6023055638	24.0591015357	26.4334596015	-59.8109731922	-59.0620446148	0.000124454498291	-0.000203609466553	-0.00118780136108	-0.00118780136108	NaN	-273.150000000	-273.150000000	-273.150000000	NaN	0.00000000000	NaN	NaN	1.00000000000	0.00000000000	5.00000000000	0.00000000000

















3733299903.33	NaN	6.00000000000	109.000000000	0.00000000000	1.00000000000	NaN	3.49581766129	-3.36498410392	0.979299068451	-4.21032756663	0.978971004486	-0.000531673431396	0.110708236694	0.134006500244	3.74442023678	84.5975697098	0.101740343094	1015.32886530	4.31136369705	0.000699591636658	0.00135385990143	200000.000000	16.0000000000	0.00000000000	166.000000000	232.000000000	5.00000000000	0.950000000000	-0.740000000000	22.3000000000	0.00000000000	234.000000000	32.0000000000	15108704.0000	2500.00000000	2000.00000000	206.200000000	6466.00000000	1700.00000000	6000.00000000	13314.0000000	5801.00000000	23.4081460007	23.5137486754	23.1798541774	-0.365118443319	23.6668057909	26.2141808083	24.1922097605	-10.8927789160	23.5243397747	23.2737861163	23.2758785345	23.8878234650	23.9764863670	22.7635844875	-12.4077104270	0.882295696942	0.00000000000	0.100000000000	0.0500000000000	4.31398611069	0.00000000000	48.9296875000	0.00000000000	-0.567382812500	0.00000000000	14.7562503815	15.0749998093	14.7500000000	14.9812498093	14.8312501907	-300.000000000	1398.45097522	NaN	0.00000000000	22.3002014160	25.0000305176	640.000000000	24.4364926289	24.7050305952	25.3088064618	25.6023055638	24.0591015357	26.4334596015	-59.8109731922	-59.0620446148	0.000124454498291	-0.000203609466553	-0.00118780136108	-0.00118780136108	NaN	-273.150000000	-273.150000000	-273.150000000	NaN	0.00000000000	NaN	NaN	1.00000000000	0.00000000000	5.00000000000	0.00000000000

















3733299903.53	NaN	14.0000000000	99.0000000000	0.00000000000	1.00000000000	NaN	3.49122381210	-3.41825046949	0.983236789703	-4.20256285267	0.980939865112	-0.00118780136108	0.110052108765	0.134662628174	3.73490388851	86.3107890358	0.104980167389	1015.24156092	4.31131124496	0.000689005851746	0.00136892795563	200000.000000	16.0000000000	0.00000000000	166.000000000	232.000000000	5.00000000000	0.950000000000	-0.740000000000	22.3000000000	0.00000000000	234.000000000	32.0000000000	15108704.0000	2500.00000000	2000.00000000	206.200000000	6466.00000000	1700.00000000	6000.00000000	13314.0000000	5801.00000000	23.4081460007	23.5137486754	23.1798541774	-0.365118443319	23.6668057909	26.2141808083	24.1922097605	-10.8927789160	23.5243397747	23.2737861163	23.2758785345	23.8878234650	23.9764863670	22.7635844875	-12.4077104270	0.882295696942	0.00000000000	0.100000000000	0.0500000000000	4.31139645576	0.00000000000	52.9042968750	0.00000000000	-0.571875035763	0.00000000000	14.7562503815	15.0749998093	14.7500000000	14.9812498093	14.8312501907	-300.000000000	1480.36447624	NaN	0.00000000000	22.3002014160	25.0000305176	640.000000000	24.4364926289	24.7050305952	25.3088064618	25.6023055638	24.0591015357	26.4334596015	-59.8109731922	-59.0620446148	0.000124454498291	-0.000203609466553	-0.00118780136108	-0.00118780136108	NaN	-273.150000000	-273.150000000	-273.150000000	NaN	0.00000000000	NaN	NaN	1.00000000000	0.00000000000	5.00000000000	0.00000000000

















3733299903.73	NaN	12.0000000000	112.000000000	0.00000000000	3.00000000000	NaN	3.48433256149	-3.12991521496	0.984221458435	-4.17150807767	0.977330684662	-0.00118780136108	0.112349033356	0.133678436279	3.72538754025	86.8820465698	0.0968823719025	1015.41616968	4.31181001663	0.000677895545959	0.00134396553040	200000.000000	16.0000000000	0.00000000000	166.000000000	232.000000000	5.00000000000	0.950000000000	-0.740000000000	22.3000000000	0.00000000000	234.000000000	32.0000000000	15108704.0000	2500.00000000	2000.00000000	206.200000000	6466.00000000	1700.00000000	6000.00000000	13314.0000000	5801.00000000	23.4081460007	23.5137486754	23.1798541774	-0.365118443319	23.6668057909	26.2141808083	24.1922097605	-10.8927789160	23.5243397747	23.2737861163	23.2758785345	23.8878234650	23.9764863670	22.7635844875	-12.4077104270	0.882295696942	0.00000000000	0.100000000000	0.0500000000000	4.31375789642	0.00000000000	52.9042968750	0.00000000000	-0.571875035763	0.00000000000	14.7500000000	14.9937505722	14.7500000000	14.9812498093	14.8312501907	-300.000000000	4248.58861941	NaN	0.00000000000	22.3002014160	25.0000305176	640.000000000	24.4364926289	24.7050305952	25.3088064618	25.6023055638	24.0591015357	26.4334596015	-59.8109731922	-59.0620446148	0.000124454498291	-0.000203609466553	-0.00118780136108	-0.00118780136108	NaN	-273.150000000	-273.150000000	-273.150000000	NaN	0.00000000000	NaN	NaN	1.00000000000	0.00000000000	5.00000000000	0.00000000000


















3733299903.93	NaN	10.0000000000	110.000000000	0.00000000000	0.00000000000	NaN	3.47875452042	-3.23590552459	0.982908725739	-4.15599553074	0.983236789703	-0.000859737396240	0.111036300659	0.131381034851	3.70635484371	89.1665234299	0.0985016956329	1015.54718970	4.30700588226	0.000698256492615	0.00135183334351	200000.000000	16.0000000000	0.00000000000	166.000000000	232.000000000	5.00000000000	0.950000000000	-0.740000000000	22.3000000000	0.00000000000	234.000000000	32.0000000000	15108704.0000	2500.00000000	2000.00000000	206.200000000	6466.00000000	1700.00000000	6000.00000000	13314.0000000	5801.00000000	23.4081460007	23.5137486754	23.1798541774	-0.365118443319	23.6668057909	26.2141808083	24.1922097605	-10.8927789160	23.5243397747	23.2737861163	23.2758785345	23.8878234650	23.9764863670	22.7635844875	-12.4077104270	0.882295696942	0.00000000000	0.100000000000	0.0500000000000	4.31082820892	0.00000000000	50.2812500000	0.00000000000	-0.567968785763	0.00000000000	14.7500000000	14.9937505722	14.7500000000	14.9812498093	14.8312501907	-300.000000000	0.00000000000	NaN	0.00000000000	22.3000183105	25.0000000000	640.000000000	24.4364926289	24.7050305952	25.3088064618	25.6023055638	24.0591015357	26.4334596015	-59.8109731922	-59.0620446148	0.000124454498291	-0.000203609466553	-0.00118780136108	-0.00118780136108	NaN	-273.150000000	-273.150000000	-273.150000000	NaN	0.00000000000	NaN	NaN	1.00000000000	0.00000000000	5.00000000000	0.00000000000


















3733299904.13	NaN	17.0000000000	100.000000000	0.00000000000	0.00000000000	NaN	3.49581766129	-3.27382881653	0.984221458435	-4.17926664898	0.977986812592	-0.000531673431396	0.112349033356	0.134990692139	3.74442023678	85.3588775711	0.0993113574982	1015.32886530	4.31184911728	0.000688362121582	0.00134665966034	200000.000000	16.0000000000	0.00000000000	166.000000000	232.000000000	5.00000000000	0.950000000000	-0.740000000000	22.3000000000	0.00000000000	234.000000000	32.0000000000	15108704.0000	2500.00000000	2000.00000000	206.200000000	6466.00000000	1700.00000000	6000.00000000	13314.0000000	5801.00000000	23.4081460007	23.5137486754	23.1798541774	-0.365118443319	23.6668057909	26.2141808083	24.1922097605	-10.8927789160	23.5243397747	23.2737861163	23.2758785345	23.8878234650	23.9764863670	22.7635844875	-12.4077104270	0.882295696942	0.00000000000	0.100000000000	0.0500000000000	4.31083474159	0.00000000000	50.2812500000	0.00000000000	-0.567968785763	0.00000000000	14.7562503815	15.1250000000	14.7562503815	14.9812498093	14.8312501907	-300.000000000	0.00000000000	NaN	0.00000000000	22.3000183105	25.0000000000	640.000000000	24.4364926289	24.7050305952	25.3088064618	25.6023055638	24.0591015357	26.4334596015	-59.8109731922	-59.0620446148	-0.000859737396240	-0.000203609466553	-0.00118780136108	-0.00118780136108	NaN	-273.150000000	-273.150000000	-273.150000000	NaN	0.00000000000	NaN	NaN	1.00000000000	0.00000000000	5.00000000000	0.00000000000

















3733299904.33	NaN	11.0000000000	133.000000000	0.00000000000	0.00000000000	NaN	3.48400449753	-3.14503682610	0.987174510956	-4.15599553074	0.980939865112	-0.000859737396240	0.111364841461	0.132037639618	3.68730831528	86.1204620705	0.0985016956329	1015.15419309	4.30544424057	0.000693655014038	0.00138404369354	200000.000000	16.0000000000	0.00000000000	166.000000000	232.000000000	5.00000000000	0.950000000000	-0.740000000000	22.3000000000	0.00000000000	234.000000000	32.0000000000	15108704.0000	2500.00000000	2000.00000000	206.200000000	6466.00000000	1700.00000000	6000.00000000	13314.0000000	5801.00000000	23.4081460007	23.5137486754	23.1798541774	-0.365118443319	23.6668057909	26.2141808083	24.1922097605	-10.8927789160	23.5243397747	23.2737861163	23.2758785345	23.8878234650	23.9764863670	22.7635844875	-12.4077104270	0.882295696942	0.00000000000	0.100000000000	0.0500000000000	4.31286005974	0.00000000000	48.8496093750	0.00000000000	-0.571679711342	0.00000000000	14.7562503815	15.1250000000	14.7562503815	14.9812498093	14.8312501907	-300.000000000	0.00000000000	NaN	0.00000000000	22.3001403809	24.9998168945	640.000000000	24.4364926289	24.7050305952	25.3088064618	25.6023055638	24.0591015357	26.4334596015	-59.8109731922	-59.0620446148	-0.000859737396240	-0.000203609466553	-0.00118780136108	-0.00118780136108	NaN	-273.150000000	-273.150000000	-273.150000000	NaN	0.00000000000	NaN	NaN	1.00000000000	0.00000000000	5.00000000000	0.00000000000

















3733299904.53	NaN	9.00000000000	111.000000000	0.00000000000	1.00000000000	NaN	3.48531723022	-3.13747532628	0.985862255096	-4.18702675369	0.977330684662	-0.000203609466553	0.113005161285	0.134006500244	3.73490388851	84.5975697098	0.100121019363	1015.28521311	4.31019544601	0.000674605369568	0.00136303901672	200000.000000	16.0000000000	0.00000000000	166.000000000	232.000000000	5.00000000000	0.950000000000	-0.740000000000	22.3000000000	0.00000000000	234.000000000	32.0000000000	15108704.0000	2500.00000000	2000.00000000	206.200000000	6466.00000000	1700.00000000	6000.00000000	13314.0000000	5801.00000000	23.4081460007	23.5137486754	23.1798541774	-0.365118443319	23.6668057909	26.2141808083	24.1922097605	-10.8927789160	23.5243397747	23.2737861163	23.2758785345	23.8878234650	23.9764863670	22.7635844875	-12.4077104270	0.882295696942	0.00000000000	0.100000000000	0.0500000000000	4.31117730141	0.00000000000	48.8496093750	0.00000000000	-0.571679711342	0.00000000000	14.7562503815	14.9937505722	14.7500000000	14.9875001907	14.8312501907	-300.000000000	1638.80973658	NaN	0.00000000000	22.3001403809	24.9998168945	640.000000000	24.4364926289	24.7050305952	25.3088064618	25.6023055638	24.0591015357	26.4334596015	-59.8109731922	-59.0620446148	-0.000859737396240	-0.000203609466553	-0.00118780136108	-0.00118780136108	NaN	-273.150000000	-273.150000000	-273.150000000	NaN	0.00000000000	NaN	NaN	1.00000000000	0.00000000000	5.00000000000	0.00000000000

















3733299904.73	NaN	6.00000000000	140.000000000	0.00000000000	1.00000000000	NaN	3.48466062546	-3.15259971543	0.985534191132	-4.12497752541	0.990784168243	-0.000531673431396	0.110380172729	0.130724906921	3.49693985424	82.6937467804	0.0993113574982	1015.41616968	4.31212520599	0.000702190399170	0.00133087635040	200000.000000	16.0000000000	0.00000000000	166.000000000	232.000000000	5.00000000000	0.950000000000	-0.740000000000	22.3000000000	0.00000000000	234.000000000	32.0000000000	15108704.0000	2500.00000000	2000.00000000	206.200000000	6466.00000000	1700.00000000	6000.00000000	13314.0000000	5801.00000000	23.4081460007	23.5137486754	23.1798541774	-0.365118443319	23.6668057909	26.2141808083	24.1922097605	-10.8927789160	23.5243397747	23.2737861163	23.2758785345	23.8878234650	23.9764863670	22.7635844875	-12.4077104270	0.882295696942	0.00000000000	0.100000000000	0.0500000000000	4.31173653603	0.00000000000	53.6425781250	0.00000000000	-0.570507824421	0.00000000000	14.7562503815	14.9937505722	14.7500000000	14.9875001907	14.8312501907	-300.000000000	1712.38894925	NaN	0.00000000000	22.3002624512	24.9999084473	640.000000000	24.4364926289	24.7050305952	25.3088064618	25.6023055638	24.0591015357	26.4334596015	-59.8109731922	-59.0620446148	-0.000859737396240	-0.000203609466553	-0.00118780136108	-0.00118780136108	NaN	-273.150000000	-273.150000000	-273.150000000	NaN	0.00000000000	NaN	NaN	1.00000000000	0.00000000000	5.00000000000	0.00000000000

















3733299904.93	NaN	13.0000000000	128.000000000	0.00000000000	0.00000000000	NaN	3.49352073669	-3.38019279383	0.987831115723	-4.14047783686	0.984877586365	-0.000531673431396	0.109395980835	0.133349895477	3.69683849545	84.0263121758	0.104980167389	1015.15419309	4.30415773392	0.000692343711853	0.00137348175049	200000.000000	16.0000000000	0.00000000000	166.000000000	232.000000000	5.00000000000	0.950000000000	-0.740000000000	22.3000000000	0.00000000000	234.000000000	32.0000000000	15108704.0000	2500.00000000	2000.00000000	206.200000000	6466.00000000	1700.00000000	6000.00000000	13314.0000000	5801.00000000	23.4081460007	23.5137486754	23.1798541774	-0.365118443319	23.6668057909	26.2141808083	24.1922097605	-10.8927789160	23.5243397747	23.2737861163	23.2758785345	23.8878234650	23.9764863670	22.7635844875	-12.4077104270	0.882295696942	0.00000000000	0.100000000000	0.0500000000000	4.31063523293	0.00000000000	53.6425781250	0.00000000000	-0.570507824421	0.00000000000	14.7562503815	15.1250000000	14.7500000000	14.9875001907	14.8312501907	-300.000000000	0.00000000000	NaN	0.00000000000	22.3002624512	24.9999084473	640.000000000	24.4364926289	24.7050305952	25.3088064618	25.6023055638	24.0591015357	26.4334596015	-59.8109731922	-59.0620446148	-0.000859737396240	-0.000203609466553	-0.00118780136108	-0.00118780136108	NaN	-273.150000000	-273.150000000	-273.150000000	NaN	0.00000000000	NaN	NaN	1.00000000000	0.00000000000	5.00000000000	0.00000000000

















3733299905.13	NaN	6.00000000000	115.000000000	0.00000000000	0.00000000000	NaN	3.49647378922	-3.34217066398	0.988159179687	-4.13272691782	0.983565330505	-0.000531673431396	0.111364841461	0.133678436279	3.68730831528	84.0263121758	0.0960715332031	1015.15419309	4.31289958954	0.000698208808899	0.00135252475739	200000.000000	16.0000000000	0.00000000000	166.000000000	232.000000000	5.00000000000	0.950000000000	-0.740000000000	22.3000000000	0.00000000000	234.000000000	32.0000000000	15108704.0000	2500.00000000	2000.00000000	206.200000000	6466.00000000	1700.00000000	6000.00000000	13314.0000000	5801.00000000	23.4081460007	23.5137486754	23.1798541774	-0.365118443319	23.6668057909	26.2141808083	24.1922097605	-10.8927789160	23.5243397747	23.2737861163	23.2758785345	23.8878234650	23.9764863670	22.7635844875	-12.4077104270	0.882295696942	0.00000000000	0.100000000000	0.0500000000000	4.30904831886	0.00000000000	46.5214843750	0.00000000000	-0.569531261921	0.00000000000	14.7562503815	15.1250000000	14.7500000000	14.9875001907	14.8312501907	-300.000000000	0.00000000000	NaN	0.00000000000	22.3002624512	24.9999084473	640.000000000	24.4364926289	24.7050305952	25.3088064618	25.6023055638	24.0591015357	26.4334596015	-59.8109731922	-59.0620446148	-0.000859737396240	-0.000531673431396	-0.00118780136108	-0.00118780136108	NaN	-273.150000000	-273.150000000	-273.150000000	NaN	0.00000000000	NaN	NaN	1.00000000000	0.00000000000	5.00000000000	0.00000000000


















3733299905.33	NaN	17.0000000000	134.000000000	1.00000000000	1.00000000000	NaN	3.49975538254	-3.39540716777	0.986190319061	-4.12497752541	0.986190319061	-0.000859737396240	0.108739376068	0.133349895477	3.67779196701	83.2650043144	0.100121019363	1015.32886530	4.31153440475	0.000679826736450	0.00133147239685	200000.000000	16.0000000000	0.00000000000	166.000000000	232.000000000	5.00000000000	0.950000000000	-0.740000000000	22.3000000000	0.00000000000	234.000000000	32.0000000000	15108704.0000	2500.00000000	2000.00000000	206.200000000	6466.00000000	1700.00000000	6000.00000000	13314.0000000	5801.00000000	23.4081460007	23.5137486754	23.1798541774	-0.365118443319	23.6668057909	26.2141808083	24.1922097605	-10.8927789160	23.5243397747	23.2737861163	23.2758785345	23.8878234650	23.9764863670	22.7635844875	-12.4077104270	0.882295696942	0.00000000000	0.100000000000	0.0500000000000	4.31072177887	0.00000000000	46.5214843750	0.00000000000	-0.569531261921	0.00000000000	14.7562503815	15.0437498093	14.7500000000	14.9812498093	14.8312501907	-300.000000000	1540.14424584	NaN	0.00000000000	22.3001403809	25.0003051758	640.000000000	24.4364926289	24.7050305952	25.3088064618	25.6023055638	24.0591015357	26.4334596015	-59.8109731922	-59.0620446148	-0.000859737396240	-0.000531673431396	-0.00118780136108	-0.00118780136108	NaN	-273.150000000	-273.150000000	-273.150000000	NaN	0.00000000000	NaN	NaN	1.00000000000	0.00000000000	5.00000000000	0.00000000000

















3733299905.53	NaN	9.00000000000	112.000000000	0.00000000000	1.00000000000	NaN	3.49220800400	-3.34978108978	0.988487243652	-4.06302596464	0.983893394470	-0.00118780136108	0.109724044800	0.133349895477	3.68730831528	84.2166391411	0.102551181793	1015.41616968	4.30993318558	0.000680518150330	0.00135710239410	200000.000000	16.0000000000	0.00000000000	166.000000000	232.000000000	5.00000000000	0.950000000000	-0.740000000000	22.3000000000	0.00000000000	234.000000000	32.0000000000	15108704.0000	2500.00000000	2000.00000000	206.200000000	6466.00000000	1700.00000000	6000.00000000	13314.0000000	5801.00000000	23.4081460007	23.5137486754	23.1798541774	-0.365118443319	23.6668057909	26.2141808083	24.1922097605	-10.8927789160	23.5243397747	23.2737861163	23.2758785345	23.8878234650	23.9764863670	22.7635844875	-12.4077104270	0.882295696942	0.00000000000	0.100000000000	0.0500000000000	4.31110906601	0.00000000000	52.4042968750	0.00000000000	-0.571875035763	0.00000000000	14.7562503815	15.0437498093	14.7500000000	14.9812498093	14.8312501907	-300.000000000	1509.11975743	NaN	0.00000000000	22.3001403809	25.0003051758	640.000000000	24.4364926289	24.7050305952	25.3088064618	25.6023055638	24.0591015357	26.4334596015	-59.8109731922	-59.0620446148	-0.000859737396240	-0.000531673431396	-0.00118780136108	-0.00118780136108	NaN	-273.150000000	-273.150000000	-273.150000000	NaN	0.00000000000	NaN	NaN	1.00000000000	0.00000000000	5.00000000000	0.00000000000


















3733299905.73	NaN	17.0000000000	111.000000000	1.00000000000	0.00000000000	NaN	3.48334836960	-3.37258773889	0.985862255096	-4.18702675369	0.980939865112	-0.000203609466553	0.112349033356	0.133349895477	3.48742350597	80.2189429550	0.100121019363	1015.28521311	4.31228256226	0.000687050819397	0.00136365890503	200000.000000	16.0000000000	0.00000000000	166.000000000	232.000000000	5.00000000000	0.950000000000	-0.740000000000	22.3000000000	0.00000000000	234.000000000	32.0000000000	15108704.0000	2500.00000000	2000.00000000	206.200000000	6466.00000000	1700.00000000	6000.00000000	13314.0000000	5801.00000000	23.4081460007	23.5137486754	23.1798541774	-0.365118443319	23.6668057909	26.2141808083	24.1922097605	-10.8927789160	23.5243397747	23.2737861163	23.2758785345	23.8878234650	23.9764863670	22.7635844875	-12.4077104270	0.882295696942	0.00000000000	0.100000000000	0.0500000000000	4.31176795959	0.00000000000	52.4042968750	0.00000000000	-0.571875035763	0.00000000000	14.7500000000	15.0437498093	14.7500000000	14.9812498093	14.8312501907	-300.000000000	0.00000000000	NaN	0.00000000000	22.3002014160	24.9999694824	640.000000000	24.4364926289	24.7050305952	25.3088064618	25.6023055638	24.0591015357	26.4334596015	-59.8109731922	-59.0620446148	-0.000859737396240	-0.000531673431396	-0.00118780136108	-0.00118780136108	NaN	-273.150000000	-273.150000000	-273.150000000	NaN	0.00000000000	NaN	NaN	1.00000000000	0.00000000000	5.00000000000	0.00000000000

















3733299905.93	NaN	12.0000000000	108.000000000	0.00000000000	1.00000000000	NaN	3.48827028275	-3.22832728027	0.988159179687	-4.13272691782	0.979955673218	-0.000859737396240	0.112020969391	0.133678436279	3.69683849545	83.0744007111	0.102551181793	1015.45982187	4.31438255310	0.000687789916992	0.00135188102722	200000.000000	16.0000000000	0.00000000000	166.000000000	232.000000000	5.00000000000	0.950000000000	-0.740000000000	22.3000000000	0.00000000000	234.000000000	32.0000000000	15108704.0000	2500.00000000	2000.00000000	206.200000000	6466.00000000	1700.00000000	6000.00000000	13314.0000000	5801.00000000	23.4081460007	23.5137486754	23.1798541774	-0.365118443319	23.6668057909	26.2141808083	24.1922097605	-10.8927789160	23.5243397747	23.2737861163	23.2758785345	23.8878234650	23.9764863670	22.7635844875	-12.4077104270	0.882295696942	0.00000000000	0.100000000000	0.0500000000000	4.31436038017	0.00000000000	45.6191406250	0.00000000000	-0.567578136921	0.00000000000	14.7500000000	15.0437498093	14.7500000000	14.9812498093	14.8312501907	-300.000000000	1509.11975743	NaN	0.00000000000	22.3002014160	24.9999694824	640.000000000	24.4364926289	24.7050305952	25.3088064618	25.6023055638	24.0591015357	26.4334596015	-59.8109731922	-59.0620446148	-0.000859737396240	-0.000531673431396	-0.00118780136108	-0.00118780136108	NaN	-273.150000000	-273.150000000	-273.150000000	NaN	0.00000000000	NaN	NaN	1.00000000000	0.00000000000	5.00000000000	0.00000000000


















3733299906.13	NaN	13.0000000000	99.0000000000	0.00000000000	0.00000000000	NaN	3.49122381210	-3.37258773889	0.988487243652	-4.11722965848	0.983893394470	-0.00118780136108	0.109724044800	0.133678436279	3.67779196701	84.5975697098	0.102551181793	1015.28521311	4.31338500977	0.000703501701355	0.00136232376099	200000.000000	16.0000000000	0.00000000000	166.000000000	232.000000000	5.00000000000	0.950000000000	-0.740000000000	22.3000000000	0.00000000000	234.000000000	32.0000000000	15108704.0000	2500.00000000	2000.00000000	206.200000000	6466.00000000	1700.00000000	6000.00000000	13314.0000000	5801.00000000	23.4081460007	23.5137486754	23.1798541774	-0.365118443319	23.6668057909	26.2141808083	24.1922097605	-10.8927789160	23.5243397747	23.2737861163	23.2758785345	23.8878234650	23.9764863670	22.7635844875	-12.4077104270	0.882295696942	0.00000000000	0.100000000000	0.0500000000000	4.31270518303	0.00000000000	45.6191406250	0.00000000000	-0.567578136921	0.00000000000	14.7562503815	15.1250000000	14.7500000000	14.9812498093	14.8312501907	-300.000000000	0.00000000000	NaN	0.00000000000	22.3002014160	24.9999694824	640.000000000	24.4364926289	24.7050305952	25.3088064618	25.6023055638	24.0591015357	26.4334596015	-59.8109731922	-59.0620446148	-0.000859737396240	-0.000531673431396	-0.000859737396240	-0.00118780136108	NaN	-273.150000000	-273.150000000	-273.150000000	NaN	0.00000000000	NaN	NaN	1.00000000000	0.00000000000	5.00000000000	0.00000000000


















3733299906.33	NaN	6.00000000000	129.000000000	0.00000000000	0.00000000000	NaN	3.48433256149	-3.09967765529	0.988815307617	-4.14047783686	0.981267929077	-0.000531673431396	0.111692905426	0.133678436279	3.68730831528	87.8336813965	0.105789829254	1015.28521311	4.31472396851	0.000682497024536	0.00132629871368	200000.000000	16.0000000000	0.00000000000	166.000000000	232.000000000	5.00000000000	0.950000000000	-0.740000000000	22.3000000000	0.00000000000	234.000000000	32.0000000000	15108704.0000	2500.00000000	2000.00000000	206.200000000	6466.00000000	1700.00000000	6000.00000000	13314.0000000	5801.00000000	23.4081460007	23.5137486754	23.1798541774	-0.365118443319	23.6668057909	26.2141808083	24.1922097605	-10.8927789160	23.5243397747	23.2737861163	23.2758785345	23.8878234650	23.9764863670	22.7635844875	-12.4077104270	0.882295696942	0.00000000000	0.100000000000	0.0500000000000	4.31301755905	0.00000000000	47.2480468750	0.00000000000	-0.572070300579	0.00000000000	14.7562503815	15.1250000000	14.7500000000	14.9812498093	14.8312501907	-300.000000000	0.00000000000	NaN	0.00000000000	22.3002624512	25.0003356934	640.000000000	24.4364926289	24.7050305952	25.3088064618	25.6023055638	24.0591015357	26.4334596015	-59.8109731922	-59.0620446148	-0.000859737396240	-0.000531673431396	-0.000859737396240	-0.00118780136108	NaN	-273.150000000	-273.150000000	-273.150000000	NaN	0.00000000000	NaN	NaN	1.00000000000	0.00000000000	5.00000000000	0.00000000000


















3733299906.53	NaN	13.0000000000	118.000000000	1.00000000000	2.00000000000	NaN	3.49352073669	-3.42586406801	0.989799976349	-4.11722965848	0.985862255096	-0.000531673431396	0.108411312103	0.133021831512	3.68730831528	84.2166391411	0.101740343094	1015.37251749	4.31688976288	0.000668001174927	0.00133545398712	200000.000000	16.0000000000	0.00000000000	166.000000000	232.000000000	5.00000000000	0.950000000000	-0.740000000000	22.3000000000	0.00000000000	234.000000000	32.0000000000	15108704.0000	2500.00000000	2000.00000000	206.200000000	6466.00000000	1700.00000000	6000.00000000	13314.0000000	5801.00000000	23.4081460007	23.5137486754	23.1798541774	-0.365118443319	23.6668057909	26.2141808083	24.1922097605	-10.8927789160	23.5243397747	23.2737861163	23.2758785345	23.8878234650	23.9764863670	22.7635844875	-12.4077104270	0.882295696942	0.00000000000	0.100000000000	0.0500000000000	4.31992688179	0.00000000000	47.2480468750	0.00000000000	-0.572070300579	0.00000000000	14.7562503815	15.0062503815	14.7500000000	14.9875001907	14.8312501907	-300.000000000	2858.10783642	NaN	0.00000000000	22.3002624512	25.0003356934	640.000000000	24.4364926289	24.7050305952	25.3088064618	25.6023055638	24.0591015357	26.4334596015	-59.8109731922	-59.0620446148	-0.000859737396240	-0.000531673431396	-0.000859737396240	-0.00118780136108	NaN	-273.150000000	-273.150000000	-273.150000000	NaN	0.00000000000	NaN	NaN	1.00000000000	0.00000000000	5.00000000000	0.00000000000


















3733299906.73	NaN	10.0000000000	136.000000000	0.00000000000	1.00000000000	NaN	3.50172424316	-3.33457270069	0.989471912384	-4.14823028365	0.987503051758	-0.000859737396240	0.109724044800	0.134006500244	3.73490388851	87.6433544312	0.0993113574982	1015.37251749	4.33295536041	0.000670003890991	0.00133540630341	200000.000000	16.0000000000	0.00000000000	166.000000000	232.000000000	5.00000000000	0.950000000000	-0.740000000000	22.3000000000	0.00000000000	234.000000000	32.0000000000	15108704.0000	2500.00000000	2000.00000000	206.200000000	6466.00000000	1700.00000000	6000.00000000	13314.0000000	5801.00000000	23.4081460007	23.5137486754	23.1798541774	-0.365118443319	23.6668057909	26.2141808083	24.1922097605	-10.8927789160	23.5243397747	23.2737861163	23.2758785345	23.8878234650	23.9764863670	22.7635844875	-12.4077104270	0.882295696942	0.00000000000	0.100000000000	0.0500000000000	4.32744917870	0.00000000000	48.7617187500	-0.000390625005821	-0.567968785763	0.00000000000	14.7562503815	15.0062503815	14.7500000000	14.9875001907	14.8312501907	-300.000000000	1480.36447624	NaN	0.00000000000	22.3000793457	25.0001525879	640.000000000	24.4364926289	24.7050305952	25.3088064618	25.6023055638	24.0591015357	26.4334596015	-59.8109731922	-59.0620446148	-0.000859737396240	-0.000531673431396	-0.000859737396240	-0.00118780136108	NaN	-273.150000000	-273.150000000	-273.150000000	NaN	0.00000000000	NaN	NaN	1.00000000000	0.00000000000	5.00000000000	0.00000000000

















3733299906.93	NaN	15.0000000000	118.000000000	0.00000000000	1.00000000000	NaN	3.48039484024	-3.16016399527	0.991112232208	-4.14047783686	0.981924533844	-0.000531673431396	0.112020969391	0.132365703583	3.65875927048	86.1204620705	0.0993113574982	1015.54718970	4.33806133270	0.000677847862244	0.00137221813202	200000.000000	16.0000000000	0.00000000000	166.000000000	232.000000000	5.00000000000	0.950000000000	-0.740000000000	22.3000000000	0.00000000000	234.000000000	32.0000000000	15108704.0000	2500.00000000	2000.00000000	206.200000000	6466.00000000	1700.00000000	6000.00000000	13314.0000000	5801.00000000	23.4081460007	23.5137486754	23.1798541774	-0.365118443319	23.6668057909	26.2141808083	24.1922097605	-10.8927789160	23.5243397747	23.2737861163	23.2758785345	23.8878234650	23.9764863670	22.7635844875	-12.4077104270	0.882295696942	0.00000000000	0.100000000000	0.0500000000000	4.33606367111	0.00000000000	48.7617187500	-0.000390625005821	-0.567968785763	0.00000000000	14.7562503815	15.1000003815	14.7500000000	14.9875001907	14.8312501907	-300.000000000	1451.67921303	NaN	0.00000000000	22.3000793457	25.0001525879	640.000000000	24.4364926289	24.7050305952	25.3088064618	25.6023055638	24.0591015357	26.4334596015	-59.8109731922	-59.0620446148	-0.000859737396240	-0.000531673431396	-0.000859737396240	-0.00118780136108	NaN	-273.150000000	-273.150000000	-273.150000000	NaN	0.00000000000	NaN	NaN	1.00000000000	0.00000000000	5.00000000000	0.00000000000


















3733299907.13	NaN	8.00000000000	108.000000000	0.00000000000	1.00000000000	NaN	3.49844264984	-3.61671505817	0.989143371582	-4.12497752541	0.984549522400	-0.00217247009277	0.109395980835	0.133678436279	3.64924292221	83.4553312798	0.104170505524	1015.45982187	4.33009386063	0.000673270225525	0.00133552551270	200000.000000	16.0000000000	0.00000000000	166.000000000	232.000000000	5.00000000000	0.950000000000	-0.740000000000	22.3000000000	0.00000000000	234.000000000	32.0000000000	15108704.0000	2500.00000000	2000.00000000	206.200000000	6466.00000000	1700.00000000	6000.00000000	13314.0000000	5801.00000000	23.4081460007	23.5137486754	23.1798541774	-0.365118443319	23.6668057909	26.2141808083	24.1922097605	-10.8927789160	23.5243397747	23.2737861163	23.2758785345	23.8878234650	23.9764863670	22.7635844875	-12.4077104270	0.882295696942	0.00000000000	0.100000000000	0.0500000000000	4.33453178406	0.00000000000	47.8867187500	0.00000000000	-0.570117175579	0.00000000000	14.7562503815	15.1000003815	14.7500000000	14.9875001907	14.8312501907	-300.000000000	1540.14424584	NaN	0.00000000000	22.3000793457	25.0001525879	640.000000000	24.4364926289	24.7050305952	25.3088064618	25.6023055638	24.0591015357	26.4334596015	-59.8109731922	-59.0620446148	-0.000859737396240	-0.000531673431396	-0.000859737396240	-0.000531673431396	NaN	-273.150000000	-273.150000000	-273.150000000	NaN	0.00000000000	NaN	NaN	1.00000000000	0.00000000000	5.00000000000	0.00000000000


















3733299907.33	NaN	14.0000000000	134.000000000	0.00000000000	2.00000000000	NaN	3.48728609085	-3.13747532628	0.993081092834	-4.12497752541	0.983893394470	-0.00118780136108	0.110052108765	0.130724906921	3.60164734898	83.8359852104	0.100930681229	1015.54718970	4.33879661560	0.000666761398315	0.00133748054504	200000.000000	16.0000000000	0.00000000000	166.000000000	232.000000000	5.00000000000	0.950000000000	-0.740000000000	22.3000000000	0.00000000000	234.000000000	32.0000000000	15108704.0000	2500.00000000	2000.00000000	206.200000000	6466.00000000	1700.00000000	6000.00000000	13314.0000000	5801.00000000	23.4081460007	23.5137486754	23.1798541774	-0.365118443319	23.6668057909	26.2141808083	24.1922097605	-10.8927789160	23.5243397747	23.2737861163	23.2758785345	23.8878234650	23.9764863670	22.7635844875	-12.4077104270	0.882295696942	0.00000000000	0.100000000000	0.0500000000000	4.33596391678	0.00000000000	47.8867187500	0.00000000000	-0.570117175579	0.00000000000	14.7500000000	15.0187501907	14.7500000000	14.9812498093	14.8312501907	-300.000000000	3142.58646117	NaN	0.00000000000	22.3001403809	24.9992675781	640.000000000	24.4364926289	24.7050305952	25.3088064618	25.6023055638	24.0591015357	26.4334596015	-59.8109731922	-59.0620446148	-0.000859737396240	-0.000531673431396	-0.000859737396240	-0.000531673431396	NaN	-273.150000000	-273.150000000	-273.150000000	NaN	0.00000000000	NaN	NaN	1.00000000000	0.00000000000	5.00000000000	0.00000000000

















3733299907.53	NaN	10.0000000000	121.000000000	0.00000000000	2.00000000000	NaN	3.49417686462	-3.18287618955	0.992096900940	-4.10172724073	0.983565330505	0.00110912322998	0.111692905426	0.133349895477	3.64924292221	86.6914429665	0.0952618713379	1015.15419309	4.33958387375	0.000678515434265	0.00135579109192	200000.000000	16.0000000000	0.00000000000	166.000000000	232.000000000	5.00000000000	0.950000000000	-0.740000000000	22.3000000000	0.00000000000	234.000000000	32.0000000000	15108704.0000	2500.00000000	2000.00000000	206.200000000	6466.00000000	1700.00000000	6000.00000000	13314.0000000	5801.00000000	23.4081460007	23.5137486754	23.1798541774	-0.365118443319	23.6668057909	26.2141808083	24.1922097605	-10.8927789160	23.5243397747	23.2737861163	23.2758785345	23.8878234650	23.9764863670	22.7635844875	-12.4077104270	0.882295696942	0.00000000000	0.100000000000	0.0500000000000	4.34043302536	0.00000000000	54.4882812500	-0.000390625005821	-0.570117175579	0.00000000000	14.7500000000	15.0187501907	14.7500000000	14.9812498093	14.8312501907	-300.000000000	2933.20425358	NaN	0.00000000000	22.3001403809	24.9992675781	640.000000000	24.4364926289	24.7050305952	25.3088064618	25.6023055638	24.0591015357	26.4334596015	-59.8109731922	-59.0620446148	-0.000859737396240	-0.000531673431396	-0.000859737396240	-0.000531673431396	NaN	-273.150000000	-273.150000000	-273.150000000	NaN	0.00000000000	NaN	NaN	1.00000000000	0.00000000000	5.00000000000	0.00000000000

















3733299907.73	NaN	11.0000000000	110.000000000	0.00000000000	0.00000000000	NaN	3.47186326981	-3.31938101759	1.00161314011	-3.78542051860	0.976017951965	-0.00118780136108	0.117270946503	0.145819664001	3.58261465244	90.6894157906	0.104170505524	1015.19784528	4.33118343353	0.000672626495361	0.00134465694427	200000.000000	16.0000000000	0.00000000000	166.000000000	232.000000000	5.00000000000	0.950000000000	-0.740000000000	22.3000000000	0.00000000000	234.000000000	32.0000000000	15108704.0000	2500.00000000	2000.00000000	206.200000000	6466.00000000	1700.00000000	6000.00000000	13314.0000000	5801.00000000	23.4081460007	23.5137486754	23.1798541774	-0.365118443319	23.6668057909	26.2141808083	24.1922097605	-10.8927789160	23.5243397747	23.2737861163	23.2758785345	23.8878234650	23.9764863670	22.7635844875	-12.4077104270	0.882295696942	0.00000000000	0.100000000000	0.0500000000000	4.33800606728	0.00000000000	54.4882812500	-0.000390625005821	-0.570117175579	0.00000000000	14.7562503815	15.0937500000	14.7500000000	14.9812498093	14.8312501907	-300.000000000	0.00000000000	NaN	0.00000000000	22.3001403809	24.9992675781	640.000000000	24.4364926289	24.7050305952	25.3088064618	25.6023055638	24.0591015357	26.4334596015	-59.8109731922	-59.0620446148	-0.000859737396240	-0.000531673431396	-0.000859737396240	-0.000531673431396	NaN	-273.150000000	-273.150000000	-273.150000000	NaN	0.00000000000	NaN	NaN	1.00000000000	0.00000000000	5.00000000000	0.00000000000

















3733299907.93	NaN	3.00000000000	93.0000000000	0.00000000000	1.00000000000	NaN	3.49614572525	-3.25106621904	0.993081092834	-4.12497752541	0.983893394470	-0.000203609466553	0.111364841461	0.132693767548	3.62068004551	86.6914429665	0.100121019363	1015.45982187	4.33926868439	0.000638461112976	0.00130920410156	200000.000000	16.0000000000	0.00000000000	166.000000000	232.000000000	5.00000000000	0.950000000000	-0.740000000000	22.3000000000	0.00000000000	234.000000000	32.0000000000	15108704.0000	2500.00000000	2000.00000000	206.200000000	6466.00000000	1700.00000000	6000.00000000	13314.0000000	5801.00000000	23.4081460007	23.5137486754	23.1798541774	-0.365118443319	23.6668057909	26.2141808083	24.1922097605	-10.8927789160	23.5243397747	23.2737861163	23.2758785345	23.8878234650	23.9764863670	22.7635844875	-12.4077104270	0.882295696942	0.00000000000	0.100000000000	0.0500000000000	4.33836312294	0.00000000000	45.8496093750	0.00000000000	-0.569140613079	0.00000000000	14.7562503815	15.0937500000	14.7500000000	14.9812498093	14.8312501907	-300.000000000	1398.45097522	NaN	0.00000000000	22.3000793457	25.0003356934	640.000000000	24.4364926289	24.7050305952	25.3088064618	25.6023055638	24.0591015357	26.4334596015	-59.8109731922	-59.0620446148	-0.000859737396240	-0.000531673431396	-0.000859737396240	-0.000531673431396	NaN	-273.150000000	-273.150000000	-273.150000000	NaN	0.00000000000	NaN	NaN	1.00000000000	0.00000000000	5.00000000000	0.00000000000


















3733299908.13	NaN	8.00000000000	128.000000000	1.00000000000	0.00000000000	NaN	3.49942731857	-3.39540716777	0.994065761566	-4.10172724073	0.985862255096	-0.00184440612793	0.108411312103	0.133678436279	3.65875927048	82.5034198151	0.103360843658	1015.19784528	4.33338880539	0.000649666786194	0.00135250091553	200000.000000	16.0000000000	0.00000000000	166.000000000	232.000000000	5.00000000000	0.950000000000	-0.740000000000	22.3000000000	0.00000000000	234.000000000	32.0000000000	15108704.0000	2500.00000000	2000.00000000	206.200000000	6466.00000000	1700.00000000	6000.00000000	13314.0000000	5801.00000000	23.4081460007	23.5137486754	23.1798541774	-0.365118443319	23.6668057909	26.2141808083	24.1922097605	-10.8927789160	23.5243397747	23.2737861163	23.2758785345	23.8878234650	23.9764863670	22.7635844875	-12.4077104270	0.882295696942	0.00000000000	0.100000000000	0.0500000000000	4.33523664474	0.00000000000	45.8496093750	0.00000000000	-0.569140613079	0.00000000000	14.7562503815	15.1062498093	14.7562503815	14.9812498093	14.8312501907	-300.000000000	0.00000000000	NaN	0.00000000000	22.3000793457	25.0003356934	640.000000000	24.4364926289	24.7050305952	25.3088064618	25.6023055638	24.0591015357	26.4334596015	-59.8109731922	-59.0620446148	-0.000859737396240	-0.000531673431396	-0.000859737396240	-0.000531673431396	NaN	-273.150000000	-273.150000000	-273.150000000	NaN	0.00000000000	NaN	NaN	1.00000000000	0.00000000000	5.00000000000	0.00000000000

















3733299908.33	NaN	16.0000000000	114.000000000	1.00000000000	2.00000000000	NaN	3.49253606796	-3.30419498567	0.993737697601	-4.13272691782	0.982580661774	0.000781059265137	0.111036300659	0.134334564209	3.63019639378	84.7878966751	0.100121019363	1015.15419309	4.33642053604	0.000672602653503	0.00131576061249	200000.000000	16.0000000000	0.00000000000	166.000000000	232.000000000	5.00000000000	0.950000000000	-0.740000000000	22.3000000000	0.00000000000	234.000000000	32.0000000000	15108704.0000	2500.00000000	2000.00000000	206.200000000	6466.00000000	1700.00000000	6000.00000000	13314.0000000	5801.00000000	23.4081460007	23.5137486754	23.1798541774	-0.365118443319	23.6668057909	26.2141808083	24.1922097605	-10.8927789160	23.5243397747	23.2737861163	23.2758785345	23.8878234650	23.9764863670	22.7635844875	-12.4077104270	0.882295696942	0.00000000000	0.100000000000	0.0500000000000	4.33496236801	0.00000000000	51.5039062500	0.00000000000	-0.572070300579	0.00000000000	14.7562503815	15.1062498093	14.7562503815	14.9812498093	14.8312501907	-300.000000000	2824.50412326	NaN	0.00000000000	22.2999267578	25.0000915527	640.000000000	24.4364926289	24.7050305952	25.3088064618	25.6023055638	24.0591015357	26.4334596015	-59.8109731922	-59.0620446148	-0.000859737396240	-0.000531673431396	-0.000859737396240	-0.000531673431396	NaN	-273.150000000	-273.150000000	-273.150000000	NaN	0.00000000000	NaN	NaN	1.00000000000	0.00000000000	5.00000000000	0.00000000000


















3733299908.53	NaN	8.00000000000	124.000000000	0.00000000000	1.00000000000	NaN	3.48761415482	-3.31938101759	0.993737697601	-4.10172724073	0.984221458435	-0.00151634216309	0.111036300659	0.134334564209	3.64924292221	85.7398081398	0.100121019363	1015.45982187	4.33651256561	0.000692319869995	0.00135514736176	200000.000000	16.0000000000	0.00000000000	166.000000000	232.000000000	5.00000000000	0.950000000000	-0.740000000000	22.3000000000	0.00000000000	234.000000000	32.0000000000	15108704.0000	2500.00000000	2000.00000000	206.200000000	6466.00000000	1700.00000000	6000.00000000	13314.0000000	5801.00000000	23.4081460007	23.5137486754	23.1798541774	-0.365118443319	23.6668057909	26.2141808083	24.1922097605	-10.8927789160	23.5243397747	23.2737861163	23.2758785345	23.8878234650	23.9764863670	22.7635844875	-12.4077104270	0.882295696942	0.00000000000	0.100000000000	0.0500000000000	4.33571701050	0.00000000000	51.5039062500	0.00000000000	-0.572070300579	0.00000000000	14.7562503815	15.0187501907	14.7500000000	14.9812498093	14.8312501907	-300.000000000	1325.12726647	NaN	0.00000000000	22.2999267578	25.0000915527	640.000000000	24.4364926289	24.7050305952	25.3088064618	25.6023055638	24.0591015357	26.4334596015	-59.8109731922	-59.0620446148	-0.000859737396240	-0.000531673431396	-0.000859737396240	-0.000531673431396	NaN	-273.150000000	-273.150000000	-273.150000000	NaN	0.00000000000	NaN	NaN	1.00000000000	0.00000000000	5.00000000000	0.00000000000

















3733299908.73	NaN	10.0000000000	125.000000000	0.00000000000	0.00000000000	NaN	3.50697469711	-3.37258773889	0.993081092834	-4.08624217178	0.995378017426	-0.00184440612793	0.110708236694	0.133678436279	3.65875927048	86.5011160011	0.106599491119	1015.32886530	4.33315229416	0.000678491592407	0.00136697292328	200000.000000	16.0000000000	0.00000000000	166.000000000	232.000000000	5.00000000000	0.950000000000	-0.740000000000	22.3000000000	0.00000000000	234.000000000	32.0000000000	15108704.0000	2500.00000000	2000.00000000	206.200000000	6466.00000000	1700.00000000	6000.00000000	13314.0000000	5801.00000000	23.4081460007	23.5137486754	23.1798541774	-0.365118443319	23.6668057909	26.2141808083	24.1922097605	-10.8927789160	23.5243397747	23.2737861163	23.2758785345	23.8878234650	23.9764863670	22.7635844875	-12.4077104270	0.882295696942	0.00000000000	0.100000000000	0.0500000000000	4.33656368256	0.00000000000	47.3964843750	0.00000000000	-0.567578136921	0.00000000000	14.7562503815	15.0187501907	14.7500000000	14.9812498093	14.8312501907	-300.000000000	0.00000000000	NaN	0.00000000000	22.3002014160	25.0001831055	640.000000000	24.4364926289	24.7050305952	25.3088064618	25.6023055638	24.0591015357	26.4334596015	-59.8109731922	-59.0620446148	-0.000859737396240	-0.000531673431396	-0.000859737396240	-0.000531673431396	NaN	-273.150000000	-273.150000000	-273.150000000	NaN	0.00000000000	NaN	NaN	1.00000000000	0.00000000000	5.00000000000	0.00000000000

















3733299908.93	NaN	12.0000000000	113.000000000	0.00000000000	1.00000000000	NaN	3.49942731857	-3.36498410392	0.996034622192	-4.12497752541	0.985205650330	-0.00250053405762	0.109067440033	0.134006500244	3.63972657394	84.7878966751	0.103360843658	1015.19784528	4.33714246750	0.000693655014038	0.00134797096252	200000.000000	16.0000000000	0.00000000000	166.000000000	232.000000000	5.00000000000	0.950000000000	-0.740000000000	22.3000000000	0.00000000000	234.000000000	32.0000000000	15108704.0000	2500.00000000	2000.00000000	206.200000000	6466.00000000	1700.00000000	6000.00000000	13314.0000000	5801.00000000	23.4081460007	23.5137486754	23.1798541774	-0.365118443319	23.6668057909	26.2141808083	24.1922097605	-10.8927789160	23.5243397747	23.2737861163	23.2758785345	23.8878234650	23.9764863670	22.7635844875	-12.4077104270	0.882295696942	0.00000000000	0.100000000000	0.0500000000000	4.33527207375	0.00000000000	47.3964843750	0.00000000000	-0.567578136921	0.00000000000	14.7562503815	15.1125001907	14.7500000000	14.9812498093	14.8312501907	-300.000000000	1348.98807899	NaN	0.00000000000	22.3002014160	25.0001831055	640.000000000	24.4364926289	24.7050305952	25.3088064618	25.6023055638	24.0591015357	26.4334596015	-59.8109731922	-59.0620446148	-0.000859737396240	-0.000531673431396	-0.000859737396240	-0.000531673431396	NaN	-273.150000000	-273.150000000	-273.150000000	NaN	0.00000000000	NaN	NaN	1.00000000000	0.00000000000	5.00000000000	0.00000000000


















3733299909.13	NaN	11.0000000000	119.000000000	0.00000000000	0.00000000000	NaN	3.49319267273	-3.13747532628	0.997346878052	-4.07076318234	0.985205650330	-0.00151634216309	0.110708236694	0.132037639618	3.59213100071	84.7878966751	0.104170505524	1015.37251749	4.33451747894	0.000695610046387	0.00133347511292	200000.000000	16.0000000000	0.00000000000	166.000000000	232.000000000	5.00000000000	0.950000000000	-0.740000000000	22.3000000000	0.00000000000	234.000000000	32.0000000000	15108704.0000	2500.00000000	2000.00000000	206.200000000	6466.00000000	1700.00000000	6000.00000000	13314.0000000	5801.00000000	23.4081460007	23.5137486754	23.1798541774	-0.365118443319	23.6668057909	26.2141808083	24.1922097605	-10.8927789160	23.5243397747	23.2737861163	23.2758785345	23.8878234650	23.9764863670	22.7635844875	-12.4077104270	0.882295696942	0.00000000000	0.100000000000	0.0500000000000	4.33614096642	0.00000000000	49.3281250000	0.00000000000	-0.573242187500	0.00000000000	14.7562503815	15.1125001907	14.7500000000	14.9812498093	14.8312501907	-300.000000000	0.00000000000	NaN	0.00000000000	22.3002014160	25.0001831055	640.000000000	24.4364926289	24.7050305952	25.3088064618	25.6023055638	24.0591015357	26.4334596015	-59.8109731922	-59.0620446148	-0.000859737396240	-0.000531673431396	-0.000859737396240	-0.000531673431396	NaN	NaN	-273.150000000	-273.150000000	NaN	0.00000000000	NaN	NaN	1.00000000000	0.00000000000	5.00000000000	0.00000000000

















3733299909.33	NaN	8.00000000000	99.0000000000	1.00000000000	0.00000000000	NaN	3.48039484024	-3.22075043653	0.997018814087	-4.15599553074	0.980611801147	0.00110912322998	0.112020969391	0.134990692139	3.62068004551	83.6456582451	0.0976920337677	1015.32886530	4.33449125290	0.000669336318970	0.00131905078888	200000.000000	16.0000000000	0.00000000000	166.000000000	232.000000000	5.00000000000	0.950000000000	-0.740000000000	22.3000000000	0.00000000000	234.000000000	32.0000000000	15108704.0000	2500.00000000	2000.00000000	206.200000000	6466.00000000	1700.00000000	6000.00000000	13314.0000000	5801.00000000	23.4081460007	23.5137486754	23.1798541774	-0.365118443319	23.6668057909	26.2141808083	24.1922097605	-10.8927789160	23.5243397747	23.2737861163	23.2758785345	23.8878234650	23.9764863670	22.7635844875	-12.4077104270	0.882295696942	0.00000000000	0.100000000000	0.0500000000000	4.33805217743	0.00000000000	49.3281250000	0.00000000000	-0.573242187500	0.00000000000	14.7562503815	15.0062503815	14.7500000000	14.9812498093	14.8312501907	-300.000000000	0.00000000000	NaN	0.00000000000	22.3000793457	24.9999084473	640.000000000	24.4364926289	24.7050305952	25.3088064618	25.6023055638	24.0591015357	26.4334596015	-59.8109731922	-59.0620446148	-0.000859737396240	-0.000531673431396	-0.000859737396240	-0.000531673431396	NaN	NaN	-273.150000000	-273.150000000	NaN	0.00000000000	NaN	NaN	1.00000000000	0.00000000000	5.00000000000	0.00000000000

















3733299909.53	NaN	10.0000000000	120.000000000	1.00000000000	0.00000000000	NaN	3.48892688751	-3.24348517051	0.998003482819	-4.10172724073	0.982908725739	0.000452518463135	0.112349033356	0.133021831512	3.62068004551	86.5011160011	0.104980167389	1015.41616968	4.34235334396	0.000694298744202	0.00135908126831	200000.000000	16.0000000000	0.00000000000	166.000000000	232.000000000	5.00000000000	0.950000000000	-0.740000000000	22.3000000000	0.00000000000	234.000000000	32.0000000000	15108704.0000	2500.00000000	2000.00000000	206.200000000	6466.00000000	1700.00000000	6000.00000000	13314.0000000	5801.00000000	23.4081460007	23.5137486754	23.1798541774	-0.365118443319	23.6668057909	26.2141808083	24.1922097605	-10.8927789160	23.5243397747	23.2737861163	23.2758785345	23.8878234650	23.9764863670	22.7635844875	-12.4077104270	0.882295696942	0.00000000000	0.100000000000	0.0500000000000	4.33917036057	0.00000000000	49.0078125000	0.00000000000	-0.568945348263	0.00000000000	14.7562503815	15.0062503815	14.7500000000	14.9812498093	14.8312501907	-300.000000000	0.00000000000	NaN	0.00000000000	22.3000793457	24.9999084473	640.000000000	24.4364926289	24.7050305952	25.3088064618	25.6023055638	24.0591015357	26.4334596015	-59.8109731922	-59.0620446148	-0.000859737396240	-0.000531673431396	-0.000859737396240	-0.000531673431396	NaN	NaN	-273.150000000	-273.150000000	NaN	0.00000000000	NaN	NaN	1.00000000000	0.00000000000	5.00000000000	0.00000000000

















3733299909.73	NaN	11.0000000000	124.000000000	0.00000000000	1.00000000000	NaN	3.49384880066	-3.14503682610	0.996362686157	-4.13272691782	0.983565330505	-0.000531673431396	0.110708236694	0.124818325043	3.49693985424	87.6433544312	0.0993113574982	1015.50353751	4.33145904541	0.000685739517212	0.00134077072144	200000.000000	16.0000000000	0.00000000000	166.000000000	232.000000000	5.00000000000	0.950000000000	-0.740000000000	22.3000000000	0.00000000000	234.000000000	32.0000000000	15108704.0000	2500.00000000	2000.00000000	206.200000000	6466.00000000	1700.00000000	6000.00000000	13314.0000000	5801.00000000	23.4081460007	23.5137486754	23.1798541774	-0.365118443319	23.6668057909	26.2141808083	24.1922097605	-10.8927789160	23.5243397747	23.2737861163	23.2758785345	23.8878234650	23.9764863670	22.7635844875	-12.4077104270	0.882295696942	0.00000000000	0.100000000000	0.0500000000000	4.33927803040	0.00000000000	49.0078125000	0.00000000000	-0.568945348263	0.00000000000	14.7500000000	15.1250000000	14.7500000000	14.9875001907	14.8312501907	-300.000000000	1424.08449615	NaN	0.00000000000	22.3000793457	24.9999084473	640.000000000	24.4364926289	24.7050305952	25.3088064618	25.6023055638	24.0591015357	26.4334596015	-59.8109731922	-59.0620446148	-0.000859737396240	-0.000531673431396	-0.000859737396240	-0.000531673431396	NaN	NaN	-273.150000000	-273.150000000	NaN	0.00000000000	NaN	NaN	1.00000000000	0.00000000000	5.00000000000	0.00000000000

















3733299909.93	NaN	19.0000000000	122.000000000	0.00000000000	1.00000000000	NaN	3.48072338104	-3.37258773889	0.997018814087	-4.09398394576	0.986518383026	-0.00250053405762	0.109067440033	0.133349895477	3.58261465244	84.9782236404	0.102551181793	1015.24156092	4.34384965897	0.000671291351318	0.00135059356689	200000.000000	16.0000000000	0.00000000000	166.000000000	232.000000000	5.00000000000	0.950000000000	-0.740000000000	22.3000000000	0.00000000000	234.000000000	32.0000000000	15108704.0000	2500.00000000	2000.00000000	206.200000000	6466.00000000	1700.00000000	6000.00000000	13314.0000000	5801.00000000	23.4081460007	23.5137486754	23.1798541774	-0.365118443319	23.6668057909	26.2141808083	24.1922097605	-10.8927789160	23.5243397747	23.2737861163	23.2758785345	23.8878234650	23.9764863670	22.7635844875	-12.4077104270	0.882295696942	0.00000000000	0.100000000000	0.0500000000000	4.33958392143	0.00000000000	45.9765625000	0.00000000000	-0.573242187500	0.00000000000	14.7500000000	15.1250000000	14.7500000000	14.9875001907	14.8312501907	-300.000000000	1540.14424584	NaN	0.00000000000	22.3001708984	25.0001525879	640.000000000	24.4364926289	24.7050305952	25.3088064618	25.6023055638	24.0591015357	26.4334596015	-59.8109731922	-59.0620446148	-0.000859737396240	-0.000531673431396	-0.000859737396240	-0.000531673431396	NaN	NaN	-273.150000000	-273.150000000	NaN	0.00000000000	NaN	NaN	1.00000000000	0.00000000000	5.00000000000	0.00000000000

















3733299910.13	NaN	11.0000000000	129.000000000	0.00000000000	2.00000000000	NaN	3.49417686462	-3.16016399527	0.999972343445	-4.08624217178	0.985862255096	-0.00184440612793	0.110052108765	0.130724906921	3.56356812401	85.7398081398	0.0985016956329	1015.41616968	4.34432220459	0.000638413429260	0.00133018493652	200000.000000	16.0000000000	0.00000000000	166.000000000	232.000000000	5.00000000000	0.950000000000	-0.740000000000	22.3000000000	0.00000000000	234.000000000	32.0000000000	15108704.0000	2500.00000000	2000.00000000	206.200000000	6466.00000000	1700.00000000	6000.00000000	13314.0000000	5801.00000000	23.4081460007	23.5137486754	23.1798541774	-0.365118443319	23.6668057909	26.2141808083	24.1922097605	-10.8927789160	23.5243397747	23.2737861163	23.2758785345	23.8878234650	23.9764863670	22.7635844875	-12.4077104270	0.882295696942	0.00000000000	0.100000000000	0.0500000000000	4.34237575531	0.00000000000	45.9765625000	0.00000000000	-0.573242187500	0.00000000000	14.7562503815	14.9937505722	14.7500000000	14.9812498093	14.8312501907	-300.000000000	3333.03011150	NaN	0.00000000000	22.3001708984	25.0001525879	640.000000000	24.4364926289	24.7050305952	25.3088064618	25.6023055638	24.0591015357	26.4334596015	-59.8109731922	-59.0620446148	-0.000859737396240	-0.000531673431396	-0.000859737396240	-0.000531673431396	NaN	NaN	NaN	-273.150000000	NaN	0.00000000000	NaN	NaN	1.00000000000	0.00000000000	5.00000000000	0.00000000000

















3733299910.33	NaN	13.0000000000	118.000000000	0.00000000000	0.00000000000	NaN	3.48991107941	-3.24348517051	1.00030040741	-4.07076318234	0.988487243652	-0.00184440612793	0.108083248138	0.132037639618	3.57308447227	84.4069661064	0.100930681229	1015.41616968	4.33303403854	0.000637793540955	0.00131580829620	200000.000000	16.0000000000	0.00000000000	166.000000000	232.000000000	5.00000000000	0.950000000000	-0.740000000000	22.3000000000	0.00000000000	234.000000000	32.0000000000	15108704.0000	2500.00000000	2000.00000000	206.200000000	6466.00000000	1700.00000000	6000.00000000	13314.0000000	5801.00000000	23.4081460007	23.5137486754	23.1798541774	-0.365118443319	23.6668057909	26.2141808083	24.1922097605	-10.8927789160	23.5243397747	23.2737861163	23.2758785345	23.8878234650	23.9764863670	22.7635844875	-12.4077104270	0.882295696942	0.00000000000	0.100000000000	0.0500000000000	4.34116806984	0.00000000000	53.8046875000	0.00000000000	-0.567968785763	0.00000000000	14.7562503815	14.9937505722	14.7500000000	14.9812498093	14.8312501907	-300.000000000	0.00000000000	NaN	0.00000000000	22.3002624512	25.0006103516	640.000000000	24.4364926289	24.7050305952	25.3088064618	25.6023055638	24.0591015357	26.4334596015	-59.8109731922	-59.0620446148	-0.000859737396240	-0.000531673431396	-0.000859737396240	-0.000531673431396	NaN	NaN	NaN	-273.150000000	NaN	0.00000000000	NaN	NaN	1.00000000000	0.00000000000	5.00000000000	0.00000000000


















3733299910.53	NaN	11.0000000000	116.000000000	0.00000000000	0.00000000000	NaN	3.48597335815	-3.26624355205	0.999972343445	-4.09398394576	0.983236789703	-0.00151634216309	0.110708236694	0.133678436279	3.58261465244	84.9782236404	0.0993113574982	1015.45982187	4.34270763397	0.000681805610657	0.00133943557739	200000.000000	16.0000000000	0.00000000000	166.000000000	232.000000000	5.00000000000	0.950000000000	-0.740000000000	22.3000000000	0.00000000000	234.000000000	32.0000000000	6720096.00000	2500.00000000	2000.00000000	206.200000000	6466.00000000	1700.00000000	6000.00000000	13314.0000000	5801.00000000	23.4081460007	23.5137486754	23.1798541774	-0.365118443319	23.6668057909	26.2141808083	24.1922097605	-10.8927789160	23.5243397747	23.2737861163	23.2758785345	23.8878234650	23.9764863670	22.7635844875	-12.4077104270	0.882295696942	0.00000000000	0.100000000000	0.0500000000000	4.34253315926	0.00000000000	53.8046875000	0.00000000000	-0.567968785763	0.00000000000	14.7562503815	15.1125001907	14.7500000000	14.9812498093	14.8312501907	-300.000000000	0.00000000000	NaN	0.00000000000	22.3002624512	25.0006103516	640.000000000	24.4364926289	24.7050305952	25.3088064618	25.6023055638	24.0591015357	26.4334596015	-59.8109731922	-59.0620446148	-0.000859737396240	-0.000531673431396	-0.000859737396240	-0.000531673431396	NaN	NaN	NaN	-273.150000000	NaN	0.00000000000	NaN	NaN	1.00000000000	0.00000000000	5.00000000000	0.00000000000

















3733299910.73	NaN	10.0000000000	110.000000000	0.00000000000	0.00000000000	NaN	3.47973871231	-3.19801729297	1.00062847137	-4.12497752541	0.986518383026	0.00110912322998	0.112020969391	0.133678436279	3.39223235950	80.0286159897	0.0968823719025	1015.24156092	4.34576606750	0.000649666786194	0.00134599208832	200000.000000	16.0000000000	0.00000000000	166.000000000	232.000000000	5.00000000000	0.950000000000	-0.740000000000	22.3000000000	0.00000000000	234.000000000	32.0000000000	6720096.00000	2500.00000000	2000.00000000	206.200000000	6466.00000000	1700.00000000	6000.00000000	13314.0000000	5801.00000000	23.4081460007	23.5137486754	23.1798541774	-0.365118443319	23.6668057909	26.2141808083	24.1922097605	-10.8927789160	23.5243397747	23.2737861163	23.2758785345	23.8878234650	23.9764863670	22.7635844875	-12.4077104270	0.882295696942	0.00000000000	0.100000000000	0.0500000000000	4.34327225685	0.00000000000	45.2148437500	0.00000000000	-0.572070300579	0.00000000000	14.7562503815	15.1125001907	14.7500000000	14.9812498093	14.8312501907	-300.000000000	0.00000000000	NaN	0.00000000000	22.2998657227	24.9999084473	640.000000000	24.4364926289	24.7050305952	25.3088064618	25.6023055638	24.0591015357	26.4334596015	-59.8109731922	-59.0620446148	-0.000859737396240	-0.000531673431396	-0.000859737396240	-0.000531673431396	NaN	NaN	NaN	-273.150000000	NaN	0.00000000000	NaN	NaN	1.00000000000	0.00000000000	5.00000000000	0.00000000000


















3733299910.93	NaN	12.0000000000	103.000000000	0.00000000000	0.00000000000	NaN	3.47448825836	-3.09212447352	1.00325345993	-4.10172724073	0.982580661774	-0.00118780136108	0.111364841461	0.131381034851	3.50645620251	85.3588775711	0.100930681229	1015.32886530	4.33985948563	0.000681138038635	0.00136172771454	200000.000000	16.0000000000	0.00000000000	166.000000000	232.000000000	5.00000000000	0.950000000000	-0.740000000000	22.3000000000	0.00000000000	234.000000000	32.0000000000	6720096.00000	2500.00000000	2000.00000000	206.200000000	6466.00000000	1700.00000000	6000.00000000	13314.0000000	5801.00000000	23.4081460007	23.5137486754	23.1798541774	-0.365118443319	23.6668057909	26.2141808083	24.1922097605	-10.8927789160	23.5243397747	23.2737861163	23.2758785345	23.8878234650	23.9764863670	22.7635844875	-12.4077104270	0.882295696942	0.00000000000	0.100000000000	0.0500000000000	4.34044752121	0.00000000000	45.2148437500	0.00000000000	-0.572070300579	0.00000000000	14.7562503815	15.0687503815	14.7500000000	14.9812498093	14.8312501907	-300.000000000	0.00000000000	NaN	0.00000000000	22.2998657227	24.9999084473	640.000000000	24.4364926289	24.7050305952	25.3088064618	25.6023055638	24.0591015357	26.4334596015	-59.8109731922	-59.0620446148	-0.000859737396240	-0.000531673431396	-0.000859737396240	-0.000531673431396	NaN	NaN	NaN	-273.150000000	NaN	0.00000000000	NaN	NaN	1.00000000000	0.00000000000	5.00000000000	0.00000000000


















3733299911.13	NaN	10.0000000000	131.000000000	0.00000000000	3.00000000000	NaN	3.48597335815	-3.23590552459	0.993409156799	-4.26473499349	0.975361824036	2.47398471832	0.277076244354	0.160257816315	4.44879599133	81.3611813850	0.0993113574982	1015.24156092	4.34919166565	0.000683140754700	0.00137157440186	200000.000000	16.0000000000	0.00000000000	166.000000000	232.000000000	5.00000000000	0.950000000000	-0.740000000000	22.3000000000	0.00000000000	234.000000000	32.0000000000	6720096.00000	2500.00000000	2000.00000000	206.200000000	6466.00000000	1700.00000000	6000.00000000	13314.0000000	5801.00000000	23.4081460007	23.5137486754	23.1798541774	-0.365118443319	23.6668057909	26.2141808083	24.1922097605	-10.8927789160	23.5243397747	23.2737861163	23.2758785345	23.8878234650	23.9764863670	22.7635844875	-12.4077104270	0.882295696942	0.00000000000	0.100000000000	0.0500000000000	4.34391002655	0.00000000000	52.5214843750	0.00000000000	-0.570898473263	0.00000000000	14.7562503815	15.0687503815	14.7500000000	14.9812498093	14.8312501907	-300.000000000	4457.68556451	NaN	0.00000000000	22.2998657227	24.9999084473	640.000000000	24.4364926289	24.7050305952	25.3088064618	25.6023055638	24.0591015357	26.4334596015	-59.8109731922	-59.0620446148	-0.000859737396240	-0.000531673431396	-0.000859737396240	-0.000531673431396	NaN	NaN	NaN	NaN	NaN	0.00000000000	NaN	NaN	1.00000000000	0.00000000000	5.00000000000	0.00000000000


















3733299911.33	NaN	22.0000000000	104.000000000	0.00000000000	1.00000000000	NaN	3.50106811523	-3.27382881653	1.00226926804	-4.09398394576	0.980939865112	2.47365617752	0.275435447693	0.157960891724	4.30602310352	98.8754117661	0.104980167389	1015.37251749	4.34134292603	0.000659465789795	0.00137746334076	200000.000000	16.0000000000	0.00000000000	166.000000000	232.000000000	5.00000000000	0.950000000000	-0.740000000000	22.3000000000	0.00000000000	234.000000000	32.0000000000	6720096.00000	2500.00000000	2000.00000000	206.200000000	6466.00000000	1700.00000000	6000.00000000	13314.0000000	5801.00000000	23.4081460007	23.5137486754	23.1798541774	-0.365118443319	23.6668057909	26.2141808083	24.1922097605	-10.8927789160	23.5243397747	23.2737861163	23.2758785345	23.8878234650	23.9764863670	22.7635844875	-12.4077104270	0.882295696942	0.00000000000	0.100000000000	0.0500000000000	4.34349532127	0.00000000000	52.5214843750	0.00000000000	-0.570898473263	0.00000000000	14.7562503815	15.0375003815	14.7500000000	14.9812498093	14.8312501907	-300.000000000	1604.95521257	NaN	0.00000000000	22.3002014160	25.0002136230	640.000000000	24.4364926289	24.7050305952	25.3088064618	25.6023055638	24.0591015357	26.4334596015	-59.8109731922	-59.0620446148	-0.000859737396240	-0.000531673431396	-0.000859737396240	-0.000531673431396	NaN	NaN	NaN	NaN	NaN	0.00000000000	NaN	NaN	1.00000000000	0.00000000000	5.00000000000	0.00000000000

















3733299911.53	NaN	15.0000000000	128.000000000	0.00000000000	1.00000000000	NaN	3.47612905502	-3.04682341551	1.00587892532	-4.08624217178	0.984877586365	2.47135925293	0.275107383728	0.157632827759	4.24891118202	99.4463926620	0.0985016956329	1015.19784528	4.34390211105	0.000665378570557	0.00138731002808	200000.000000	16.0000000000	0.00000000000	166.000000000	232.000000000	5.00000000000	0.950000000000	-0.740000000000	22.3000000000	0.00000000000	234.000000000	32.0000000000	6720096.00000	2500.00000000	2000.00000000	206.200000000	6466.00000000	1700.00000000	6000.00000000	13314.0000000	5801.00000000	23.4081460007	23.5137486754	23.1798541774	-0.365118443319	23.6668057909	26.2141808083	24.1922097605	-10.8927789160	23.5243397747	23.2737861163	23.2758785345	23.8878234650	23.9764863670	22.7635844875	-12.4077104270	0.882295696942	0.00000000000	0.100000000000	0.0500000000000	4.34169316292	0.00000000000	46.0273437500	0.00000000000	-0.567578136921	0.00000000000	14.7562503815	15.0375003815	14.7500000000	14.9812498093	14.8312501907	-300.000000000	1509.11975743	NaN	0.00000000000	22.3002014160	25.0002136230	640.000000000	24.4364926289	24.7050305952	25.3088064618	25.6023055638	24.0591015357	26.4334596015	-59.8109731922	-59.0620446148	-0.000859737396240	-0.000531673431396	-0.000859737396240	-0.000531673431396	NaN	NaN	NaN	NaN	NaN	0.00000000000	NaN	NaN	1.00000000000	0.00000000000	5.00000000000	0.00000000000

















3733299911.73	NaN	10.0000000000	124.000000000	0.00000000000	0.00000000000	NaN	3.49417686462	-3.38779926978	1.00259733200	-4.07076318234	0.990456104279	2.46381235123	0.272482395172	0.156976222992	4.25842753029	96.5909349060	0.102551181793	1015.41616968	4.34656667709	0.000677943229675	0.00141031742096	200000.000000	16.0000000000	0.00000000000	166.000000000	232.000000000	5.00000000000	0.950000000000	-0.740000000000	22.3000000000	0.00000000000	234.000000000	32.0000000000	6720096.00000	2500.00000000	2000.00000000	206.200000000	6466.00000000	1700.00000000	6000.00000000	13314.0000000	5801.00000000	23.4081460007	23.5137486754	23.1798541774	-0.365118443319	23.6668057909	26.2141808083	24.1922097605	-10.8927789160	23.5243397747	23.2737861163	23.2758785345	23.8878234650	23.9764863670	22.7635844875	-12.4077104270	0.882295696942	0.00000000000	0.100000000000	0.0500000000000	4.34205675125	0.00000000000	46.0273437500	0.00000000000	-0.567578136921	0.00000000000	14.7562503815	15.1250000000	14.7500000000	14.9875001907	14.8289070129	-300.000000000	0.00000000000	NaN	0.00000000000	22.3002014160	25.0002136230	640.000000000	24.4364926289	24.7050305952	25.3088064618	25.6023055638	24.0591015357	26.4334596015	-59.8109731922	-59.0620446148	-0.000859737396240	-0.000531673431396	-0.000859737396240	-0.000531673431396	NaN	NaN	NaN	NaN	NaN	0.00000000000	NaN	NaN	1.00000000000	0.00000000000	5.00000000000	0.00000000000


















3733299911.93	NaN	12.0000000000	120.000000000	0.00000000000	2.00000000000	NaN	3.49483346939	-3.34978108978	1.00095653534	-4.10172724073	0.988815307617	2.46545267105	0.273794651031	0.158617019653	4.30602310352	99.6369962654	0.0976920337677	1015.28521311	4.33580350876	0.000660133361816	0.00142216682434	200000.000000	16.0000000000	0.00000000000	166.000000000	232.000000000	5.00000000000	0.950000000000	-0.740000000000	22.3000000000	0.00000000000	234.000000000	32.0000000000	6720096.00000	2500.00000000	2000.00000000	206.200000000	6466.00000000	1700.00000000	6000.00000000	13314.0000000	5801.00000000	23.4081460007	23.5137486754	23.1798541774	-0.365118443319	23.6668057909	26.2141808083	24.1922097605	-10.8927789160	23.5243397747	23.2737861163	23.2758785345	23.8878234650	23.9764863670	22.7635844875	-12.4077104270	0.882295696942	0.00000000000	0.100000000000	0.0500000000000	4.34101715088	0.00000000000	51.2753906250	0.00000000000	-0.572851598263	0.00000000000	14.7562503815	15.1250000000	14.7500000000	14.9875001907	14.8289070129	-300.000000000	3314.27017015	NaN	0.00000000000	22.3000793457	25.0000305176	640.000000000	24.4364926289	24.7050305952	25.3088064618	25.6023055638	24.0591015357	26.4334596015	-59.8109731922	-59.0620446148	-0.000859737396240	-0.000531673431396	-0.000859737396240	-0.000531673431396	NaN	NaN	NaN	NaN	NaN	0.00000000000	NaN	NaN	1.00000000000	0.00000000000	5.00000000000	0.00000000000


















3733299912.13	NaN	11.0000000000	124.000000000	0.00000000000	0.00000000000	NaN	3.48006677628	-3.23590552459	1.00391006470	-4.08624217178	0.989799976349	2.47759389877	0.272810459137	0.156976222992	4.25842753029	97.3525194054	0.103360843658	1015.32886530	4.34535932541	0.000631856918335	0.00135972499847	200000.000000	16.0000000000	0.00000000000	166.000000000	232.000000000	5.00000000000	0.950000000000	-0.740000000000	22.3000000000	0.00000000000	234.000000000	32.0000000000	6720096.00000	2500.00000000	2000.00000000	206.200000000	6466.00000000	1700.00000000	6000.00000000	13314.0000000	5801.00000000	23.4081460007	23.5137486754	23.1798541774	-0.365118443319	23.6668057909	26.2141808083	24.1922097605	-10.8927789160	23.5243397747	23.2737861163	23.2758785345	23.8878234650	23.9764863670	22.7635844875	-12.4077104270	0.882295696942	0.00000000000	0.100000000000	0.0500000000000	4.34034385681	0.00000000000	51.2753906250	0.00000000000	-0.572851598263	0.00000000000	14.7562503815	15.0124998093	14.7500000000	14.9812498093	14.8289070129	-300.000000000	0.00000000000	NaN	0.00000000000	22.3000793457	25.0000305176	640.000000000	24.3887866938	24.7050305952	25.3088064618	25.6023055638	24.0591015357	26.4334596015	-59.8109731922	-59.0620446148	-0.000859737396240	-0.000531673431396	-0.000859737396240	-0.000531673431396	NaN	NaN	NaN	NaN	NaN	0.00000000000	NaN	NaN	1.00000000000	0.00000000000	5.00000000000	0.00000000000

















3733299912.33	NaN	13.0000000000	129.000000000	0.00000000000	0.00000000000	NaN	3.50402116776	-3.17530773014	1.00226926804	-4.06302596464	0.984877586365	2.48514127731	0.275763511658	0.158617019653	4.28699040699	102.302127056	0.101740343094	1015.37251749	4.33799552917	0.000655508041382	0.00131573677063	200000.000000	16.0000000000	0.00000000000	166.000000000	232.000000000	5.00000000000	0.950000000000	-0.740000000000	22.3000000000	0.00000000000	234.000000000	32.0000000000	6720096.00000	2500.00000000	2000.00000000	206.200000000	6466.00000000	1700.00000000	6000.00000000	13314.0000000	5801.00000000	23.4081460007	23.5137486754	23.1798541774	-0.365118443319	23.6668057909	26.2141808083	24.1922097605	-10.8927789160	23.5243397747	23.2737861163	23.2758785345	23.8878234650	23.9764863670	22.7635844875	-12.4077104270	0.882295696942	0.00000000000	0.100000000000	0.0500000000000	4.34026765823	0.00000000000	50.2460937500	0.00000000000	-0.567968785763	0.00000000000	14.7562503815	15.0124998093	14.7500000000	14.9812498093	14.8289070129	-300.000000000	0.00000000000	NaN	0.00000000000	22.3003540039	24.9997253418	640.000000000	24.3887866938	24.7050305952	25.3088064618	25.6023055638	24.0591015357	26.4334596015	-59.8109731922	-59.0620446148	-0.000859737396240	-0.000531673431396	-0.000859737396240	-0.000531673431396	NaN	NaN	NaN	NaN	NaN	0.00000000000	NaN	NaN	1.00000000000	0.00000000000	5.00000000000	0.00000000000


















3733299912.53	NaN	16.0000000000	118.000000000	0.00000000000	2.00000000000	NaN	3.49056720734	-3.09212447352	1.00489425659	-4.05529026345	0.989799976349	2.47660970688	0.274779319763	0.156320095062	4.26794387856	99.8273232307	0.104980167389	1015.15419309	4.33727359772	0.000664734840393	0.00135707855225	200000.000000	16.0000000000	0.00000000000	166.000000000	232.000000000	5.00000000000	0.950000000000	-0.740000000000	22.3000000000	0.00000000000	234.000000000	32.0000000000	6720096.00000	2500.00000000	2000.00000000	206.200000000	6466.00000000	1700.00000000	6000.00000000	13314.0000000	5801.00000000	23.4081460007	23.5137486754	23.1798541774	-0.365118443319	23.6668057909	26.2141808083	24.1922097605	-10.8927789160	23.5243397747	23.2737861163	23.2758785345	23.8878234650	23.9764863670	22.7635844875	-12.4077104270	0.882295696942	0.00000000000	0.100000000000	0.0500000000000	4.33881468773	0.00000000000	50.2460937500	0.00000000000	-0.567968785763	0.00000000000	14.7500000000	15.1125001907	14.7500000000	14.9812498093	14.8312501907	-300.000000000	2858.10783642	NaN	0.00000000000	22.3003540039	24.9997253418	640.000000000	24.3887866938	24.7050305952	25.3088064618	25.6023055638	24.0591015357	26.4334596015	-59.8109731922	-59.0620446148	-0.000859737396240	-0.000531673431396	-0.000859737396240	-0.000531673431396	NaN	NaN	NaN	NaN	NaN	0.00000000000	NaN	NaN	1.00000000000	0.00000000000	5.00000000000	0.00000000000


















3733299912.73	NaN	7.00000000000	121.000000000	0.00000000000	2.00000000000	NaN	3.49548959732	-3.21317499237	0.998659610748	-4.14047783686	0.993737697601	2.48087549210	0.274122714996	0.156976222992	4.31553945179	101.921196487	0.101740343094	1015.37251749	4.33848142624	0.000706744194031	0.00136635303497	200000.000000	16.0000000000	0.00000000000	166.000000000	232.000000000	5.00000000000	0.950000000000	-0.740000000000	22.3000000000	0.00000000000	234.000000000	32.0000000000	6720096.00000	2500.00000000	2000.00000000	206.200000000	6466.00000000	1700.00000000	6000.00000000	13314.0000000	5801.00000000	23.4081460007	23.5137486754	23.1798541774	-0.365118443319	23.6668057909	26.2141808083	24.1922097605	-10.8927789160	23.5243397747	23.2737861163	23.2758785345	23.8878234650	23.9764863670	22.7635844875	-12.4077104270	0.882295696942	0.00000000000	0.100000000000	0.0500000000000	4.33835921288	0.00000000000	47.8593750000	0.000390625005821	-0.572265625000	0.00000000000	14.7500000000	15.1125001907	14.7500000000	14.9812498093	14.8312501907	-300.000000000	2800.66729202	NaN	0.00000000000	22.2998962402	25.0001220703	640.000000000	24.3887866938	24.7050305952	25.3088064618	25.6023055638	24.0591015357	26.4334596015	-59.8109731922	-59.0620446148	-0.000859737396240	-0.000531673431396	-0.000859737396240	-0.000531673431396	NaN	NaN	NaN	NaN	NaN	0.00000000000	NaN	NaN	1.00000000000	0.00000000000	5.00000000000	0.00000000000


















3733299912.93	NaN	9.00000000000	119.000000000	0.00000000000	0.00000000000	NaN	3.47908258438	-3.12991521496	1.00522232056	-4.06302596464	0.988815307617	2.47726583481	0.274451255798	0.157304286957	4.26794387856	98.6850848007	0.0952618713379	1015.41616968	4.33631563187	0.000696945190430	0.00138471126556	200000.000000	16.0000000000	0.00000000000	166.000000000	232.000000000	5.00000000000	0.950000000000	-0.740000000000	22.3000000000	0.00000000000	234.000000000	32.0000000000	6720096.00000	2500.00000000	2000.00000000	206.200000000	6466.00000000	1700.00000000	6000.00000000	13314.0000000	5801.00000000	23.4081460007	23.5137486754	23.1798541774	-0.365118443319	23.6668057909	26.2141808083	24.1922097605	-10.8927789160	23.5243397747	23.2737861163	23.2758785345	23.8878234650	23.9764863670	22.7635844875	-12.4077104270	0.882295696942	0.00000000000	0.100000000000	0.0500000000000	4.33790769577	0.00000000000	47.8593750000	0.000390625005821	-0.572265625000	0.00000000000	14.7562503815	15.0000000000	14.7500000000	14.9812498093	14.8312501907	-300.000000000	0.00000000000	NaN	0.00000000000	22.2998962402	25.0001220703	640.000000000	24.3887866938	24.7050305952	25.3088064618	25.6023055638	24.0591015357	26.4334596015	-59.8109731922	-59.0620446148	-0.000859737396240	-0.000531673431396	-0.000859737396240	-0.000531673431396	NaN	NaN	NaN	NaN	NaN	0.00000000000	NaN	NaN	1.00000000000	0.00000000000	5.00000000000	0.00000000000


















3733299913.13	NaN	12.0000000000	139.000000000	1.00000000000	0.00000000000	NaN	3.49089574814	-3.08457267427	1.00423812866	-4.09398394576	0.983893394470	2.51729917526	0.275763511658	0.157304286957	4.24891118202	99.4463926620	0.0960715332031	1015.28521311	4.33814001083	0.000702166557312	0.00136301517487	200000.000000	16.0000000000	0.00000000000	166.000000000	232.000000000	5.00000000000	0.950000000000	-0.740000000000	22.3000000000	0.00000000000	234.000000000	32.0000000000	6720096.00000	2500.00000000	2000.00000000	206.200000000	6466.00000000	1700.00000000	6000.00000000	13314.0000000	5801.00000000	23.4081460007	23.5137486754	23.1798541774	-0.365118443319	23.6668057909	26.2141808083	24.1922097605	-10.8927789160	23.5243397747	23.2737861163	23.2758785345	23.8878234650	23.9764863670	22.7635844875	-12.4077104270	0.882295696942	0.00000000000	0.100000000000	0.0500000000000	4.33564081192	0.00000000000	52.4726562500	0.00000000000	-0.567382812500	0.00000000000	14.7562503815	15.0000000000	14.7500000000	14.9812498093	14.8312501907	-300.000000000	0.00000000000	NaN	0.00000000000	22.2998962402	25.0001220703	640.000000000	24.3887866938	24.6035335354	25.3088064618	25.6023055638	24.0591015357	26.4334596015	-59.8109731922	-59.0620446148	-0.000859737396240	-0.000531673431396	-0.000859737396240	-0.000531673431396	NaN	NaN	NaN	NaN	NaN	0.00000000000	NaN	NaN	1.00000000000	0.00000000000	5.00000000000	0.00000000000


















3733299913.33	NaN	15.0000000000	115.000000000	0.00000000000	1.00000000000	NaN	3.48203563690	-3.13747532628	1.00522232056	-4.03981216793	0.989799976349	2.51861190796	0.274779319763	0.157304286957	4.27746022682	97.7331733360	0.101740343094	1015.19784528	4.33862590790	0.000669336318970	0.00136041641235	200000.000000	16.0000000000	0.00000000000	166.000000000	232.000000000	5.00000000000	0.950000000000	-0.740000000000	22.3000000000	0.00000000000	234.000000000	32.0000000000	6720096.00000	2500.00000000	2000.00000000	206.200000000	6466.00000000	1700.00000000	6000.00000000	13314.0000000	5801.00000000	23.4081460007	23.5137486754	23.1798541774	-0.365118443319	23.6668057909	26.2141808083	24.1922097605	-10.8927789160	23.5243397747	23.2737861163	23.2758785345	23.8878234650	23.9764863670	22.7635844875	-12.4077104270	0.882295696942	0.00000000000	0.100000000000	0.0500000000000	4.33546767235	0.00000000000	52.4726562500	0.00000000000	-0.567382812500	0.00000000000	14.7500000000	15.1250000000	14.7500000000	14.9812498093	14.8312501907	-300.000000000	1302.90463530	NaN	0.00000000000	22.2999572754	25.0002441406	640.000000000	24.3887866938	24.6035335354	25.3088064618	25.6023055638	24.0591015357	26.4334596015	-59.8109731922	-59.0620446148	-0.000859737396240	-0.000531673431396	-0.000859737396240	-0.000531673431396	NaN	NaN	NaN	NaN	NaN	0.00000000000	NaN	NaN	1.00000000000	0.00000000000	5.00000000000	0.00000000000


















3733299913.53	NaN	9.00000000000	117.000000000	0.00000000000	1.00000000000	NaN	3.48236370087	-3.12991521496	1.00489425659	-4.08624217178	0.988159179687	2.51828384399	0.275107383728	0.155992031097	4.26794387856	97.5428463707	0.101740343094	1015.32886530	4.33190536499	0.000687742233276	0.00138139724731	200000.000000	16.0000000000	0.00000000000	166.000000000	232.000000000	5.00000000000	0.950000000000	-0.740000000000	22.3000000000	0.00000000000	234.000000000	32.0000000000	6720096.00000	2500.00000000	2000.00000000	206.200000000	6466.00000000	1700.00000000	6000.00000000	13314.0000000	5801.00000000	23.4081460007	23.5137486754	23.1798541774	-0.365118443319	23.6668057909	26.2141808083	24.1922097605	-10.8927789160	23.5243397747	23.2737861163	23.2758785345	23.8878234650	23.9764863670	22.7635844875	-12.4077104270	0.882295696942	0.00000000000	0.100000000000	0.0500000000000	4.33422331810	0.00000000000	47.4843750000	0.00000000000	-0.571484386921	0.00000000000	14.7500000000	15.1250000000	14.7500000000	14.9812498093	14.8312501907	-300.000000000	1372.82491023	NaN	0.00000000000	22.2999572754	25.0002441406	640.000000000	24.3887866938	24.6035335354	25.3088064618	25.6023055638	24.0591015357	26.4334596015	-59.8109731922	-59.0620446148	-0.000859737396240	-0.000531673431396	-0.000859737396240	-0.000531673431396	NaN	NaN	NaN	NaN	NaN	0.00000000000	NaN	NaN	1.00000000000	0.00000000000	5.00000000000	0.00000000000


















3733299913.73	NaN	8.00000000000	112.000000000	0.00000000000	2.00000000000	NaN	3.47973871231	-3.28141548769	1.00325345993	-4.09398394576	0.988159179687	2.51533031464	0.275107383728	0.158288955688	4.28699040699	99.8273232307	0.0968823719025	1015.37251749	4.33559370041	0.000687718391418	0.00136370658875	200000.000000	16.0000000000	0.00000000000	166.000000000	232.000000000	5.00000000000	0.950000000000	-0.740000000000	22.3000000000	0.00000000000	234.000000000	32.0000000000	6720096.00000	2500.00000000	2000.00000000	206.200000000	6466.00000000	1700.00000000	6000.00000000	13314.0000000	5801.00000000	23.4081460007	23.5137486754	23.1798541774	-0.365118443319	23.6668057909	26.2141808083	24.1922097605	-10.8927789160	23.5243397747	23.2737861163	23.2758785345	23.8878234650	23.9764863670	22.7635844875	-12.4077104270	0.882295696942	0.00000000000	0.100000000000	0.0500000000000	4.33452792168	0.00000000000	47.4843750000	0.00000000000	-0.571484386921	0.00000000000	14.7500000000	15.0687503815	14.7500000000	14.9812498093	14.8312501907	-300.000000000	2746.33674814	NaN	0.00000000000	22.2999572754	25.0002441406	640.000000000	24.3887866938	24.6035335354	25.3088064618	25.6023055638	24.0591015357	26.4334596015	-59.8109731922	-59.0620446148	-0.000859737396240	-0.000531673431396	-0.000859737396240	-0.000531673431396	NaN	NaN	NaN	NaN	NaN	0.00000000000	NaN	NaN	1.00000000000	0.00000000000	5.00000000000	0.00000000000
















3733299913.93	NaN	13.0000000000	124.000000000	0.00000000000	0.00000000000	NaN	3.48630142212	-3.34217066398	1.00194120407	-4.10948331593	0.984877586365	2.51729917526	0.277404308319	0.157632827759	4.29650675526	99.8273232307	0.100121019363	1015.19784528	4.33745765686	0.000647020339966	0.00135252475739	200000.000000	16.0000000000	0.00000000000	166.000000000	232.000000000	5.00000000000	0.950000000000	-0.740000000000	22.3000000000	0.00000000000	234.000000000	32.0000000000	6720096.00000	2500.00000000	2000.00000000	206.200000000	6466.00000000	1700.00000000	6000.00000000	13314.0000000	5801.00000000	23.4081460007	23.5137486754	23.1798541774	-0.365118443319	23.6668057909	26.2141808083	24.1922097605	-10.8927789160	23.5243397747	23.2737861163	23.2758785345	23.8878234650	23.9764863670	22.7635844875	-12.4077104270	0.882295696942	0.00000000000	0.100000000000	0.0500000000000	4.33571310043	0.00000000000	53.9960937500	0.00000000000	-0.568359375000	0.00000000000	14.7500000000	15.0687503815	14.7500000000	14.9812498093	14.8312501907	-300.000000000	0.00000000000	NaN	0.00000000000	22.2999572754	25.0001220703	640.000000000	24.3887866938	24.6035335354	25.3088064618	25.6023055638	24.0591015357	26.4334596015	-59.8109731922	-59.0620446148	-0.000859737396240	-0.000531673431396	-0.000859737396240	-0.000531673431396	NaN	NaN	NaN	NaN	NaN	0.00000000000	NaN	NaN	1.00000000000	0.00000000000	5.00000000000	0.00000000000


















3733299914.13	NaN	10.0000000000	113.000000000	0.00000000000	1.00000000000	NaN	3.49909925461	-3.30419498567	1.00292539597	-4.10172724073	0.985205650330	2.53337812424	0.277732372284	0.154351234436	4.27746022682	96.2102809753	0.103360843658	1015.41616968	4.32929325104	0.000692296028137	0.00137939453125	200000.000000	16.0000000000	0.00000000000	166.000000000	232.000000000	5.00000000000	0.950000000000	-0.740000000000	22.3000000000	0.00000000000	234.000000000	32.0000000000	6720096.00000	2500.00000000	2000.00000000	206.200000000	6466.00000000	1700.00000000	6000.00000000	13314.0000000	5801.00000000	23.4081460007	23.5137486754	23.1798541774	-0.365118443319	23.6668057909	26.2141808083	24.1922097605	-10.8927789160	23.5243397747	23.2737861163	23.2758785345	23.8878234650	23.9764863670	22.7635844875	-12.4077104270	0.882295696942	0.00000000000	0.100000000000	0.0500000000000	4.33107442856	0.00000000000	53.9960937500	0.00000000000	-0.568359375000	0.00000000000	14.7500000000	15.1187505722	14.7500000000	14.9875001907	14.8312501907	-300.000000000	1540.14424584	NaN	0.00000000000	22.2999572754	25.0001220703	640.000000000	24.3887866938	24.6035335354	25.3088064618	25.6023055638	24.0591015357	26.4334596015	-59.8109731922	-59.0620446148	-0.000859737396240	-0.000531673431396	-0.000859737396240	-0.000531673431396	NaN	NaN	NaN	NaN	NaN	0.00000000000	NaN	NaN	1.00000000000	0.00000000000	5.00000000000	0.00000000000


















3733299914.33	NaN	8.00000000000	124.000000000	0.00000000000	1.00000000000	NaN	3.49647378922	-3.18287618955	1.00423812866	-4.11722965848	0.982908725739	2.53305006027	0.278060436249	0.157960891724	4.29650675526	100.969561661	0.0985016956329	1015.24156092	4.33341503143	0.000690364837646	0.00133807659149	200000.000000	16.0000000000	0.00000000000	166.000000000	232.000000000	5.00000000000	0.950000000000	-0.740000000000	22.3000000000	0.00000000000	234.000000000	32.0000000000	6720096.00000	2500.00000000	2000.00000000	206.200000000	6466.00000000	1700.00000000	6000.00000000	13314.0000000	5801.00000000	23.4081460007	23.5137486754	23.1798541774	-0.365118443319	23.6668057909	26.2141808083	24.1922097605	-10.8927789160	23.5243397747	23.2737861163	23.2758785345	23.8878234650	23.9764863670	22.7635844875	-12.4077104270	0.882295696942	0.00000000000	0.100000000000	0.0500000000000	4.32958340645	0.00000000000	46.1191406250	0.00000000000	-0.568359375000	0.00000000000	14.7500000000	15.1187505722	14.7500000000	14.9875001907	14.8312501907	-300.000000000	1752.44483110	NaN	0.00000000000	22.2999877930	24.9998474121	640.000000000	24.3887866938	24.6035335354	25.3088064618	25.6023055638	24.0591015357	26.4334596015	-59.8109731922	-59.0620446148	-0.000859737396240	-0.000531673431396	-0.000859737396240	-0.000531673431396	NaN	NaN	NaN	NaN	NaN	0.00000000000	NaN	NaN	1.00000000000	0.00000000000	5.00000000000	0.00000000000


















3733299914.53	NaN	8.00000000000	102.000000000	0.00000000000	3.00000000000	NaN	3.49089574814	-3.17530773014	1.00292539597	-4.10948331593	0.985534191132	2.53764390945	0.276091575623	0.157304286957	4.26794387856	101.159888626	0.104170505524	1015.32886530	4.32326889038	0.000673222541809	0.00133607387543	200000.000000	16.0000000000	0.00000000000	166.000000000	232.000000000	5.00000000000	0.950000000000	-0.740000000000	22.3000000000	0.00000000000	234.000000000	32.0000000000	6720096.00000	2500.00000000	2000.00000000	206.200000000	6466.00000000	1700.00000000	6000.00000000	13314.0000000	5801.00000000	23.4081460007	23.5137486754	23.1798541774	-0.365118443319	23.6668057909	26.2141808083	24.1922097605	-10.8927789160	23.5243397747	23.2737861163	23.2758785345	23.8878234650	23.9764863670	22.7635844875	-12.4077104270	0.882295696942	0.00000000000	0.100000000000	0.0500000000000	4.33042745590	0.00000000000	46.1191406250	0.00000000000	-0.568359375000	0.00000000000	14.7500000000	15.1187505722	14.7500000000	14.9812498093	14.8312501907	-300.000000000	4469.84870990	NaN	0.00000000000	22.2999877930	24.9998474121	640.000000000	24.3887866938	24.6035335354	25.3088064618	25.6023055638	24.0591015357	26.4334596015	-59.8109731922	-59.0620446148	-0.000859737396240	-0.000531673431396	-0.000859737396240	-0.000531673431396	NaN	NaN	NaN	NaN	NaN	0.00000000000	NaN	NaN	1.00000000000	0.00000000000	5.00000000000	0.00000000000

















3733299914.73	NaN	9.00000000000	130.000000000	0.00000000000	3.00000000000	NaN	3.47908258438	-3.22832728027	0.999972343445	-4.15599553074	0.991112232208	2.53501892090	0.279373168945	0.158945083618	4.08709176579	90.4990888252	0.105789829254	1015.37251749	4.32888650894	0.000673890113831	0.00134003162384	200000.000000	16.0000000000	0.00000000000	166.000000000	232.000000000	5.00000000000	0.950000000000	-0.740000000000	22.3000000000	0.00000000000	234.000000000	32.0000000000	6720096.00000	2500.00000000	2000.00000000	206.200000000	6466.00000000	1700.00000000	6000.00000000	13314.0000000	5801.00000000	23.4081460007	23.5137486754	23.1798541774	-0.365118443319	23.6668057909	26.2141808083	24.1922097605	-10.8927789160	23.5243397747	23.2737861163	23.2758785345	23.8878234650	23.9764863670	22.7635844875	-12.4077104270	0.882295696942	0.00000000000	0.100000000000	0.0500000000000	4.33011107445	0.00000000000	49.7773437500	0.00000000000	-0.569531261921	0.00000000000	14.7500000000	15.1187505722	14.7500000000	14.9812498093	14.8312501907	-300.000000000	4714.66592807	NaN	0.00000000000	22.3003845215	24.9999694824	640.000000000	24.3887866938	24.6035335354	25.3088064618	25.6023055638	24.0591015357	26.4334596015	-59.8109731922	-59.0620446148	-0.000859737396240	-0.000531673431396	-0.000859737396240	-0.000531673431396	NaN	NaN	NaN	NaN	NaN	0.00000000000	NaN	NaN	1.00000000000	0.00000000000	5.00000000000	0.00000000000

















3733299914.93	NaN	17.0000000000	109.000000000	1.00000000000	0.00000000000	NaN	3.49253606796	-3.30419498567	1.00292539597	-4.07850191768	0.985205650330	2.53665971756	0.277732372284	0.158945083618	4.31553945179	99.4463926620	0.100121019363	1015.32886530	4.33337545395	0.000704765319824	0.00137479305267	200000.000000	16.0000000000	0.00000000000	166.000000000	232.000000000	5.00000000000	0.950000000000	-0.740000000000	22.3000000000	0.00000000000	234.000000000	32.0000000000	6720096.00000	2500.00000000	2000.00000000	206.200000000	6466.00000000	1700.00000000	6000.00000000	13314.0000000	5801.00000000	23.4081460007	23.5137486754	23.1798541774	-0.365118443319	23.6668057909	26.2141808083	24.1922097605	-10.8927789160	23.5243397747	23.2737861163	23.2758785345	23.8878234650	23.9764863670	22.7635844875	-12.4077104270	0.882295696942	0.00000000000	0.100000000000	0.0500000000000	4.33051404953	0.00000000000	49.7773437500	0.00000000000	-0.569531261921	0.00000000000	14.7500000000	15.0062503815	14.7500000000	14.9812498093	14.8312501907	-300.000000000	0.00000000000	NaN	0.00000000000	22.3003845215	24.9999694824	640.000000000	24.3887866938	24.6035335354	25.3088064618	25.6023055638	24.0591015357	26.4334596015	-59.8109731922	-59.0620446148	-0.000859737396240	-0.000531673431396	-0.000859737396240	-0.000531673431396	NaN	NaN	NaN	NaN	NaN	0.00000000000	NaN	NaN	1.00000000000	0.00000000000	5.00000000000	0.00000000000


















3733299915.13	NaN	15.0000000000	115.000000000	0.00000000000	2.00000000000	NaN	3.48170757294	-3.08457267427	1.00423812866	-4.07850191768	0.990456104279	2.44510793686	0.273794651031	0.156976222992	4.25842753029	99.4463926620	0.101740343094	1015.11054090	4.32408237457	0.000694298744202	0.00134861469269	200000.000000	16.0000000000	0.00000000000	166.000000000	232.000000000	5.00000000000	0.950000000000	-0.740000000000	22.3000000000	0.00000000000	234.000000000	32.0000000000	6720096.00000	2500.00000000	2000.00000000	206.200000000	6466.00000000	1700.00000000	6000.00000000	13314.0000000	5801.00000000	23.4081460007	23.5137486754	23.1798541774	-0.365118443319	23.6668057909	26.2141808083	24.1922097605	-10.8927789160	23.5243397747	23.2737861163	23.2758785345	23.8878234650	23.9764863670	22.7635844875	-12.4077104270	0.882295696942	0.00000000000	0.100000000000	0.0500000000000	4.32972121239	0.00000000000	46.5781250000	0.00000000000	-0.568554699421	0.00000000000	14.7500000000	15.0062503815	14.7500000000	14.9812498093	14.8312501907	-300.000000000	3085.31968881	NaN	0.00000000000	22.3003845215	24.9999694824	640.000000000	24.3887866938	24.6035335354	25.3088064618	25.6552062893	24.0591015357	26.4334596015	-59.8109731922	-59.0620446148	-0.000859737396240	-0.000531673431396	-0.000859737396240	-0.000531673431396	NaN	NaN	NaN	NaN	NaN	0.00000000000	NaN	NaN	1.00000000000	0.00000000000	5.00000000000	0.00000000000


















3733299915.33	NaN	10.0000000000	121.000000000	0.00000000000	0.00000000000	NaN	3.48433256149	-3.18287618955	1.00423812866	-4.02435136773	0.991768836975	2.44379568100	0.272482395172	0.155992031097	4.27746022682	98.6850848007	0.0960715332031	1015.32886530	4.33510780334	0.000662779808044	0.00135712623596	200000.000000	16.0000000000	0.00000000000	166.000000000	232.000000000	5.00000000000	0.950000000000	-0.740000000000	22.3000000000	0.00000000000	234.000000000	32.0000000000	6720096.00000	2500.00000000	2000.00000000	206.200000000	6466.00000000	1700.00000000	6000.00000000	13314.0000000	5801.00000000	23.4081460007	23.5137486754	23.1798541774	-0.365118443319	23.6668057909	26.2141808083	24.1922097605	-10.8927789160	23.5243397747	23.2737861163	23.2758785345	23.8878234650	23.9764863670	22.7635844875	-12.4077104270	0.882295696942	0.00000000000	0.100000000000	0.0500000000000	4.32666692734	0.00000000000	46.5781250000	0.00000000000	-0.568554699421	0.00000000000	14.7500000000	15.1250000000	14.7500000000	14.9875001907	14.8312501907	-300.000000000	0.00000000000	NaN	0.00000000000	22.2997741699	25.0001220703	640.000000000	24.3887866938	24.6035335354	25.3088064618	25.6552062893	24.0591015357	26.4334596015	-59.8109731922	-59.0620446148	-0.000859737396240	-0.000531673431396	-0.000859737396240	-0.000531673431396	NaN	NaN	NaN	NaN	NaN	0.00000000000	NaN	NaN	1.00000000000	0.00000000000	5.00000000000	0.00000000000

















3733299915.53	NaN	8.00000000000	116.000000000	0.00000000000	4.00000000000	NaN	3.49516153336	-3.06946224789	1.00226926804	-4.07850191768	0.985862255096	2.44838953018	0.274779319763	0.156976222992	4.27746022682	100.398304127	0.100930681229	1015.41616968	4.32757377625	0.000676536560059	0.00133347511292	200000.000000	16.0000000000	0.00000000000	166.000000000	232.000000000	5.00000000000	0.950000000000	-0.740000000000	22.3000000000	0.00000000000	234.000000000	32.0000000000	6720096.00000	2500.00000000	2000.00000000	206.200000000	6466.00000000	1700.00000000	6000.00000000	13314.0000000	5801.00000000	23.4081460007	23.5137486754	23.1798541774	-0.365118443319	23.6668057909	26.2141808083	24.1922097605	-10.8927789160	23.5243397747	23.2737861163	23.2758785345	23.8878234650	23.9764863670	22.7635844875	-12.4077104270	0.882295696942	0.00000000000	0.100000000000	0.0500000000000	4.32643456459	0.00000000000	50.1562500000	0.00000000000	-0.572460949421	0.00000000000	14.7500000000	15.1250000000	14.7500000000	14.9875001907	14.8312501907	-300.000000000	6315.56152055	NaN	0.00000000000	22.2997741699	25.0001220703	640.000000000	24.3887866938	24.6035335354	25.3088064618	25.6552062893	24.0591015357	26.4334596015	-59.8109731922	-59.0620446148	-0.000859737396240	-0.000531673431396	-0.000859737396240	-0.000531673431396	NaN	NaN	NaN	NaN	NaN	0.00000000000	NaN	NaN	1.00000000000	0.00000000000	5.00000000000	0.00000000000


















3733299915.73	NaN	14.0000000000	113.000000000	0.00000000000	1.00000000000	NaN	3.48170757294	-3.14503682610	1.00128459930	-4.07850191768	0.984877586365	2.45331144333	0.274122714996	0.151726245880	4.09660811405	95.2583695107	0.0985016956329	1015.19784528	4.32200860977	0.000684404373169	0.00135903358459	200000.000000	16.0000000000	0.00000000000	166.000000000	232.000000000	5.00000000000	0.950000000000	-0.740000000000	22.3000000000	0.00000000000	234.000000000	32.0000000000	6720096.00000	2500.00000000	2000.00000000	206.200000000	6466.00000000	1700.00000000	6000.00000000	13314.0000000	5801.00000000	23.4081460007	23.5137486754	23.1798541774	-0.365118443319	23.6668057909	26.2141808083	24.1922097605	-10.8927789160	23.5243397747	23.2737861163	23.2758785345	23.8878234650	23.9764863670	22.7635844875	-12.4077104270	0.882295696942	0.00000000000	0.100000000000	0.0500000000000	4.32679824829	0.00000000000	50.1562500000	0.00000000000	-0.572460949421	0.00000000000	14.7562503815	15.0000000000	14.7500000000	14.9812498093	14.8312501907	-300.000000000	1480.36447624	NaN	0.00000000000	22.2997741699	25.0001831055	640.000000000	24.3887866938	24.6035335354	25.3088064618	25.6552062893	24.0591015357	26.4334596015	-59.8109731922	-59.0620446148	-0.000859737396240	-0.000531673431396	-0.000859737396240	-0.000531673431396	NaN	NaN	NaN	NaN	NaN	0.00000000000	NaN	NaN	1.00000000000	0.00000000000	5.00000000000	0.00000000000

















3733299915.93	NaN	13.0000000000	112.000000000	1.00000000000	0.00000000000	NaN	3.48662948608	-3.07702225654	1.00423812866	-4.09398394576	0.987174510956	2.44904565811	0.274122714996	0.155992031097	4.22987848549	98.8754117661	0.0993113574982	1015.19784528	4.33223342896	0.000648331642151	0.00131187438965	200000.000000	16.0000000000	0.00000000000	166.000000000	232.000000000	5.00000000000	0.950000000000	-0.740000000000	22.3000000000	0.00000000000	234.000000000	32.0000000000	6720096.00000	2500.00000000	2000.00000000	206.200000000	6466.00000000	1700.00000000	6000.00000000	13314.0000000	5801.00000000	23.4081460007	23.5137486754	23.1798541774	-0.365118443319	23.6668057909	26.2141808083	24.1922097605	-10.8927789160	23.5243397747	23.2737861163	23.2758785345	23.8878234650	23.9764863670	22.7635844875	-12.4077104270	0.882295696942	0.00000000000	0.100000000000	0.0500000000000	4.32923030853	0.00000000000	53.1386718750	0.00000000000	-0.567773461342	0.00000000000	14.7562503815	15.0000000000	14.7500000000	14.9812498093	14.8312501907	-300.000000000	0.00000000000	NaN	0.00000000000	22.3003845215	25.0001831055	640.000000000	24.3887866938	24.6035335354	25.3088064618	25.6552062893	24.0591015357	26.4334596015	-59.8109731922	-59.0620446148	-0.000859737396240	-0.000531673431396	-0.000859737396240	-0.000531673431396	NaN	NaN	NaN	NaN	NaN	0.00000000000	NaN	NaN	1.00000000000	0.00000000000	5.00000000000	0.00000000000

















3733299916.13	NaN	18.0000000000	94.0000000000	0.00000000000	0.00000000000	NaN	3.49614572525	-3.35738188789	1.00030040741	-4.09398394576	0.987174510956	2.57833337784	0.277732372284	0.157304286957	4.32505580006	97.5428463707	0.101740343094	1015.41616968	4.32552623749	0.000660753250122	0.00134003162384	200000.000000	16.0000000000	0.00000000000	166.000000000	232.000000000	5.00000000000	0.950000000000	-0.740000000000	22.3000000000	0.00000000000	234.000000000	32.0000000000	6720096.00000	2500.00000000	2000.00000000	206.200000000	6466.00000000	1700.00000000	6000.00000000	13314.0000000	5801.00000000	23.4081460007	23.5137486754	23.1798541774	-0.365118443319	23.6668057909	26.2141808083	24.1922097605	-10.8927789160	23.5243397747	23.2737861163	23.2758785345	23.8878234650	23.9764863670	22.7635844875	-12.4077104270	0.882295696942	0.00000000000	0.100000000000	0.0500000000000	4.32987089157	0.00000000000	53.1386718750	0.00000000000	-0.567773461342	0.00000000000	14.7562503815	15.1125001907	14.7500000000	14.9812498093	14.8335943222	-300.000000000	0.00000000000	NaN	0.00000000000	22.3003845215	25.0001831055	640.000000000	24.3887866938	24.6035335354	25.3088064618	25.6552062893	24.0940085367	26.4334596015	-59.8109731922	-59.0620446148	-0.000859737396240	-0.000531673431396	-0.000859737396240	-0.000531673431396	NaN	NaN	NaN	NaN	NaN	0.00000000000	NaN	NaN	1.00000000000	0.00000000000	5.00000000000	0.00000000000

















3733299916.33	NaN	11.0000000000	117.000000000	0.00000000000	0.00000000000	NaN	3.48203563690	-3.10723222057	0.999972343445	-4.09398394576	0.987831115723	2.58063077927	0.276419639587	0.155663967133	4.28699040699	100.017650196	0.105789829254	1015.32886530	4.33199739456	0.000691652297974	0.00136044025421	200000.000000	16.0000000000	0.00000000000	166.000000000	232.000000000	5.00000000000	0.950000000000	-0.740000000000	22.3000000000	0.00000000000	234.000000000	32.0000000000	6720096.00000	2500.00000000	2000.00000000	206.200000000	6466.00000000	1700.00000000	6000.00000000	13314.0000000	5801.00000000	23.4081460007	23.5137486754	23.1798541774	-0.365118443319	23.6668057909	26.2141808083	24.1922097605	-10.8927789160	23.5243397747	23.2737861163	23.2758785345	23.8878234650	23.9764863670	22.7635844875	-12.4077104270	0.882295696942	0.00000000000	0.100000000000	0.0500000000000	4.32722735405	0.00000000000	45.3027343750	0.00000000000	-0.571679711342	0.00000000000	14.7562503815	15.1125001907	14.7500000000	14.9812498093	14.8335943222	-300.000000000	0.00000000000	NaN	0.00000000000	22.2996520996	24.9998474121	640.000000000	24.3887866938	24.6035335354	25.3088064618	25.6552062893	24.0940085367	26.4334596015	-59.8109731922	-59.0620446148	-0.000859737396240	-0.000531673431396	-0.000859737396240	-0.000531673431396	NaN	NaN	NaN	NaN	NaN	0.00000000000	NaN	NaN	1.00000000000	0.00000000000	5.00000000000	0.00000000000


















3733299916.53	NaN	16.0000000000	119.000000000	0.00000000000	0.00000000000	NaN	3.48334836960	-3.22075043653	1.00194120407	-4.08624217178	0.983236789703	2.58259963989	0.279701232910	0.157960891724	4.35361867676	99.6369962654	0.0944522094727	1015.11054090	4.32955598831	0.000706768035889	0.00138003826141	200000.000000	16.0000000000	0.00000000000	166.000000000	232.000000000	5.00000000000	0.950000000000	-0.740000000000	22.3000000000	0.00000000000	234.000000000	32.0000000000	6720096.00000	2500.00000000	2000.00000000	206.200000000	6466.00000000	1700.00000000	6000.00000000	13314.0000000	5801.00000000	23.4081460007	23.5137486754	23.1798541774	-0.365118443319	23.6668057909	26.2141808083	24.1922097605	-10.8927789160	23.5243397747	23.2737861163	23.2758785345	23.8878234650	23.9764863670	22.7635844875	-12.4077104270	0.882295696942	0.00000000000	0.100000000000	0.0500000000000	4.32866592407	0.00000000000	45.3027343750	0.00000000000	-0.571679711342	0.00000000000	14.7562503815	15.0687503815	14.7500000000	14.9812498093	14.8289070129	-300.000000000	0.00000000000	NaN	0.00000000000	22.2996520996	24.9998474121	640.000000000	24.3887866938	24.6035335354	25.3088064618	25.6552062893	24.0940085367	26.4334596015	-59.8109731922	-59.0620446148	-0.000859737396240	-0.000531673431396	-0.000859737396240	-0.000531673431396	NaN	NaN	NaN	NaN	NaN	0.00000000000	NaN	NaN	1.00000000000	0.00000000000	5.00000000000	0.00000000000


















3733299916.73	NaN	14.0000000000	112.000000000	0.00000000000	0.00000000000	NaN	3.48203563690	-3.20558993899	1.00226926804	-4.13272691782	0.989143371582	2.58325576782	0.276419639587	0.155335426331	4.11565464249	94.3064580460	0.102551181793	1015.24156092	4.31699466705	0.000722527503967	0.00138471126556	200000.000000	16.0000000000	0.00000000000	166.000000000	232.000000000	5.00000000000	0.950000000000	-0.740000000000	22.3000000000	0.00000000000	234.000000000	32.0000000000	6720096.00000	2500.00000000	2000.00000000	206.200000000	6466.00000000	1700.00000000	6000.00000000	13314.0000000	5801.00000000	23.4081460007	23.5137486754	23.1798541774	-0.365118443319	23.6668057909	26.2141808083	24.1922097605	-10.8927789160	23.5243397747	23.2737861163	23.2758785345	23.8878234650	23.9764863670	22.7635844875	-12.4077104270	0.882295696942	0.00000000000	0.100000000000	0.0500000000000	4.32441201210	0.00000000000	54.6933593750	0.00000000000	-0.570117175579	0.00000000000	14.7562503815	15.0687503815	14.7500000000	14.9812498093	14.8289070129	-300.000000000	0.00000000000	NaN	0.00000000000	22.3004150391	25.0001831055	640.000000000	24.3887866938	24.6035335354	25.3088064618	25.6552062893	24.0940085367	26.4334596015	-59.8109731922	-59.0620446148	-0.000859737396240	-0.000531673431396	-0.000859737396240	-0.000531673431396	NaN	NaN	NaN	NaN	NaN	0.00000000000	NaN	NaN	1.00000000000	0.00000000000	5.00000000000	0.00000000000

















3733299916.93	NaN	16.0000000000	107.000000000	0.00000000000	3.00000000000	NaN	3.47514486313	-3.24348517051	0.999972343445	-4.06302596464	0.986190319061	2.58095884323	0.279373168945	0.158617019653	4.36313502502	99.2560656967	0.100930681229	1015.28521311	4.32847976685	0.000682425498962	0.00138862133026	200000.000000	16.0000000000	0.00000000000	166.000000000	232.000000000	5.00000000000	0.950000000000	-0.740000000000	22.3000000000	0.00000000000	234.000000000	32.0000000000	6720096.00000	2500.00000000	2000.00000000	206.200000000	6466.00000000	1700.00000000	6000.00000000	13314.0000000	5801.00000000	23.4081460007	23.5137486754	23.1798541774	-0.365118443319	23.6668057909	26.2141808083	24.1922097605	-10.8927789160	23.5243397747	23.2737861163	23.2758785345	23.8878234650	23.9764863670	22.7635844875	-12.4077104270	0.882295696942	0.00000000000	0.100000000000	0.0500000000000	4.32164635658	0.00000000000	54.6933593750	0.00000000000	-0.570117175579	0.00000000000	14.7562503815	15.1062498093	14.7500000000	14.9812498093	14.8312501907	-300.000000000	4536.48942127	NaN	0.00000000000	22.3004150391	25.0001831055	640.000000000	24.3887866938	24.6035335354	25.3088064618	25.6552062893	24.0940085367	26.4334596015	-59.8109731922	-59.0620446148	-0.000859737396240	-0.000531673431396	-0.000859737396240	-0.000531673431396	NaN	NaN	NaN	NaN	NaN	0.00000000000	NaN	NaN	1.00000000000	0.00000000000	5.00000000000	0.00000000000

















3733299917.13	NaN	8.00000000000	122.000000000	0.00000000000	0.00000000000	NaN	3.48859834671	-3.31938101759	1.01047277451	-3.85463476305	0.998003482819	0.0240788459778	0.114317893982	0.132365703583	3.47790715771	100.017650196	0.103360843658	1015.41616968	4.32644510269	0.000696301460266	0.00138270854950	200000.000000	16.0000000000	0.00000000000	166.000000000	232.000000000	5.00000000000	0.950000000000	-0.740000000000	22.3000000000	0.00000000000	234.000000000	32.0000000000	6720096.00000	2500.00000000	2000.00000000	206.200000000	6466.00000000	1700.00000000	6000.00000000	13314.0000000	5801.00000000	23.4081460007	23.5137486754	23.1798541774	-0.365118443319	23.6668057909	26.2141808083	24.1922097605	-10.8927789160	23.5243397747	23.2737861163	23.2758785345	23.8878234650	23.9764863670	22.7635844875	-12.4077104270	0.882295696942	0.00000000000	0.100000000000	0.0500000000000	4.32234988213	0.00000000000	45.4707031250	0.00000000000	-0.567578136921	0.00000000000	14.7562503815	15.1062498093	14.7500000000	14.9812498093	14.8312501907	-300.000000000	0.00000000000	NaN	0.00000000000	22.3004150391	25.0001831055	640.000000000	24.3887866938	24.6035335354	25.3088064618	25.6552062893	24.0940085367	26.4512070748	-59.8109731922	-59.0620446148	-0.000859737396240	-0.000531673431396	-0.000859737396240	-0.000531673431396	NaN	NaN	NaN	NaN	NaN	0.00000000000	NaN	NaN	1.00000000000	0.00000000000	5.00000000000	0.00000000000


















3733299917.33	NaN	13.0000000000	115.000000000	0.00000000000	2.00000000000	NaN	3.47809791565	-3.14503682610	1.00095653534	-4.02435136773	0.992096900940	0.0257196426392	0.112677097321	0.129412174225	3.58261465244	85.7398081398	0.101740343094	1015.54718970	4.31688976288	0.000678515434265	0.00134923458099	200000.000000	16.0000000000	0.00000000000	166.000000000	232.000000000	5.00000000000	0.950000000000	-0.740000000000	22.3000000000	0.00000000000	234.000000000	32.0000000000	6720096.00000	2500.00000000	2000.00000000	206.200000000	6466.00000000	1700.00000000	6000.00000000	13314.0000000	5801.00000000	23.4081460007	23.5137486754	23.1798541774	-0.365118443319	23.6668057909	26.2141808083	24.1922097605	-10.8927789160	23.5243397747	23.2737861163	23.2758785345	23.8878234650	23.9764863670	22.7635844875	-12.4077104270	0.882295696942	0.00000000000	0.100000000000	0.0500000000000	4.31970643997	0.00000000000	45.4707031250	0.00000000000	-0.567578136921	0.00000000000	14.7500000000	15.0500001907	14.7500000000	14.9875001907	14.8312501907	-300.000000000	3080.41298801	NaN	0.00000000000	22.2997436523	25.0000610352	640.000000000	24.3887866938	24.6035335354	25.3088064618	25.6552062893	24.0940085367	26.4512070748	-59.8109731922	-59.0620446148	-0.000859737396240	-0.000531673431396	-0.000859737396240	-0.000531673431396	NaN	NaN	NaN	NaN	NaN	0.00000000000	NaN	NaN	1.00000000000	0.00000000000	5.00000000000	0.00000000000

















3733299917.53	NaN	8.00000000000	130.000000000	0.00000000000	1.00000000000	NaN	3.48761415482	-3.39540716777	0.998003482819	-4.04754483723	0.990456104279	0.0247354507446	0.111036300659	0.132037639618	3.65875927048	86.6914429665	0.0976920337677	1015.45982187	4.33191871643	0.000694298744202	0.00135445594788	200000.000000	16.0000000000	0.00000000000	166.000000000	232.000000000	5.00000000000	0.950000000000	-0.740000000000	22.3000000000	0.00000000000	234.000000000	32.0000000000	6720096.00000	2500.00000000	2000.00000000	206.200000000	6466.00000000	1700.00000000	6000.00000000	13314.0000000	5801.00000000	23.4081460007	23.5137486754	23.1798541774	-0.365118443319	23.6668057909	26.2141808083	24.1922097605	-10.8927789160	23.5243397747	23.2737861163	23.2758785345	23.8878234650	23.9764863670	22.7635844875	-12.4077104270	0.882295696942	0.00000000000	0.100000000000	0.0500000000000	4.31862473488	0.00000000000	52.4218750000	0.00000000000	-0.572460949421	0.00000000000	14.7500000000	15.0500001907	14.7500000000	14.9875001907	14.8312501907	-300.000000000	1451.67921303	NaN	0.00000000000	22.2997436523	25.0000610352	640.000000000	24.3887866938	24.6035335354	25.3088064618	25.6552062893	24.0940085367	26.4512070748	-59.8109731922	-59.0620446148	-0.000859737396240	-0.000531673431396	-0.000859737396240	-0.000531673431396	NaN	NaN	NaN	NaN	NaN	0.00000000000	NaN	NaN	1.00000000000	0.00000000000	5.00000000000	0.00000000000


















3733299917.73	NaN	13.0000000000	120.000000000	0.00000000000	3.00000000000	NaN	3.49548959732	-3.33457270069	0.993409156799	-4.10948331593	0.989799976349	0.0247354507446	0.111364841461	0.131381034851	3.68730831528	85.9301351051	0.100121019363	1015.32886530	4.32282257080	0.000670003890991	0.00132040977478	200000.000000	16.0000000000	0.00000000000	166.000000000	232.000000000	5.00000000000	0.950000000000	-0.740000000000	22.3000000000	0.00000000000	234.000000000	32.0000000000	6720096.00000	2500.00000000	2000.00000000	206.200000000	6466.00000000	1700.00000000	6000.00000000	13314.0000000	5801.00000000	23.4081460007	23.5137486754	23.1798541774	-0.365118443319	23.6668057909	26.2141808083	24.1922097605	-10.8927789160	23.5243397747	23.2737861163	23.2758785345	23.8878234650	23.9764863670	22.7635844875	-12.4077104270	0.882295696942	0.00000000000	0.100000000000	0.0500000000000	4.31985855103	0.00000000000	52.4218750000	0.00000000000	-0.572460949421	0.00000000000	14.7562503815	15.0000000000	14.7562503815	14.9812498093	14.8312501907	-300.000000000	4584.28359259	NaN	0.00000000000	22.2997436523	25.0002441406	640.000000000	24.3887866938	24.6035335354	25.3088064618	25.6552062893	24.0940085367	26.4512070748	-59.8109731922	-59.0620446148	-0.000859737396240	-0.000531673431396	-0.000859737396240	-0.000531673431396	NaN	NaN	NaN	NaN	NaN	0.00000000000	NaN	NaN	1.00000000000	0.00000000000	5.00000000000	0.00000000000


















3733299917.93	NaN	14.0000000000	108.000000000	0.00000000000	1.00000000000	NaN	3.48498916626	-3.31938101759	0.993409156799	-4.03981216793	0.988159179687	0.0237507820129	0.112020969391	0.132037639618	3.64924292221	86.8820465698	0.0968823719025	1015.15419309	4.31955385208	0.000694918632507	0.00134270191193	200000.000000	16.0000000000	0.00000000000	166.000000000	232.000000000	5.00000000000	0.950000000000	-0.740000000000	22.3000000000	0.00000000000	234.000000000	32.0000000000	6720096.00000	2500.00000000	2000.00000000	206.200000000	6466.00000000	1700.00000000	6000.00000000	13314.0000000	5801.00000000	23.4081460007	23.5137486754	23.1798541774	-0.365118443319	23.6668057909	26.2141808083	24.1922097605	-10.8927789160	23.5243397747	23.2737861163	23.2758785345	23.8878234650	23.9764863670	22.7635844875	-12.4077104270	0.882295696942	0.00000000000	0.100000000000	0.0500000000000	4.32111744881	0.00000000000	45.1503906250	0.00000000000	-0.572070300579	0.00000000000	14.7562503815	15.0000000000	14.7562503815	14.9812498093	14.8312501907	-300.000000000	1239.02921608	NaN	0.00000000000	22.3002014160	25.0002441406	640.000000000	24.3887866938	24.6035335354	25.3088064618	25.6552062893	24.0940085367	26.4512070748	-59.8109731922	-59.0620446148	-0.000859737396240	-0.000531673431396	-0.000859737396240	-0.000531673431396	NaN	NaN	NaN	NaN	NaN	0.00000000000	NaN	NaN	1.00000000000	0.00000000000	5.00000000000	0.00000000000


















3733299918.13	NaN	15.0000000000	124.000000000	0.00000000000	0.00000000000	NaN	3.49713039398	-3.16016399527	0.992096900940	-4.12497752541	0.984221458435	0.0260477066040	0.113989830017	0.131709575653	3.63972657394	84.9782236404	0.106599491119	1015.54718970	4.32153606415	0.000694251060486	0.00137088298798	200000.000000	16.0000000000	0.00000000000	166.000000000	232.000000000	5.00000000000	0.950000000000	-0.740000000000	22.3000000000	0.00000000000	234.000000000	32.0000000000	6720096.00000	2500.00000000	2000.00000000	206.200000000	6466.00000000	1700.00000000	6000.00000000	13314.0000000	5801.00000000	23.4081460007	23.5137486754	23.1798541774	-0.365118443319	23.6668057909	26.2141808083	24.1922097605	-10.8927789160	23.5243397747	23.2737861163	23.2758785345	23.8878234650	23.9764863670	22.7635844875	-12.4077104270	0.882295696942	0.00000000000	0.100000000000	0.0500000000000	4.32036261559	0.00000000000	45.1503906250	0.00000000000	-0.572070300579	0.00000000000	14.7562503815	15.1187505722	14.7500000000	14.9812498093	14.8312501907	-300.000000000	0.00000000000	NaN	0.00000000000	22.3002014160	25.0002441406	640.000000000	24.3887866938	24.6035335354	25.3088064618	25.6552062893	24.0940085367	26.4512070748	-60.1230244068	-59.0620446148	-0.000859737396240	-0.000531673431396	-0.000859737396240	-0.000531673431396	NaN	NaN	NaN	NaN	NaN	0.00000000000	NaN	NaN	1.00000000000	0.00000000000	5.00000000000	0.00000000000


















3733299918.33	NaN	14.0000000000	95.0000000000	0.00000000000	0.00000000000	NaN	3.49352073669	-3.25865969322	0.991768836975	-4.07850191768	0.987174510956	0.0234227180481	0.111036300659	0.130724906921	3.65875927048	82.6937467804	0.100121019363	1015.11054090	4.31888484955	0.000696229934692	0.00134792327881	200000.000000	16.0000000000	0.00000000000	166.000000000	232.000000000	5.00000000000	0.950000000000	-0.740000000000	22.3000000000	0.00000000000	234.000000000	32.0000000000	6720096.00000	2500.00000000	2000.00000000	206.200000000	6466.00000000	1700.00000000	6000.00000000	13314.0000000	5801.00000000	23.4081460007	23.5137486754	23.1798541774	-0.365118443319	23.6668057909	26.2141808083	24.1922097605	-10.8927789160	23.5243397747	23.2737861163	23.2758785345	23.8878234650	23.9764863670	22.7635844875	-12.4077104270	0.882295696942	0.00000000000	0.100000000000	0.0500000000000	4.31915640831	0.00000000000	51.3515625000	0.00000000000	-0.569921910763	0.00000000000	14.7562503815	15.1187505722	14.7500000000	14.9812498093	14.8312501907	-300.000000000	0.00000000000	NaN	0.00000000000	22.2999572754	24.9999694824	640.000000000	24.3887866938	24.6035335354	25.3088064618	25.6552062893	24.0940085367	26.4512070748	-60.1230244068	-59.0620446148	-0.000859737396240	-0.000531673431396	-0.000859737396240	-0.000531673431396	NaN	NaN	NaN	NaN	NaN	0.00000000000	NaN	NaN	1.00000000000	0.00000000000	5.00000000000	0.00000000000


















3733299918.53	NaN	13.0000000000	135.000000000	0.00000000000	1.00000000000	NaN	3.49220800400	-3.22832728027	0.990128040314	-4.13272691782	0.981267929077	0.0267038345337	0.115630626678	0.133021831512	3.70635484371	85.9301351051	0.0976920337677	1015.24156092	4.32594633102	0.000674629211426	0.00135707855225	200000.000000	16.0000000000	0.00000000000	166.000000000	232.000000000	5.00000000000	0.950000000000	-0.740000000000	22.3000000000	0.00000000000	234.000000000	32.0000000000	6720096.00000	2500.00000000	2000.00000000	206.200000000	6466.00000000	1700.00000000	6000.00000000	13314.0000000	5801.00000000	23.4081460007	23.5137486754	23.1798541774	-0.365118443319	23.6668057909	26.2141808083	24.1922097605	-10.8927789160	23.5243397747	23.2737861163	23.2758785345	23.8878234650	23.9764863670	22.7635844875	-12.4077104270	0.882295696942	0.00000000000	0.100000000000	0.0500000000000	4.32000832558	0.00000000000	51.3515625000	0.00000000000	-0.569921910763	0.00000000000	14.7562503815	14.9937505722	14.7500000000	14.9812498093	14.8312501907	-300.000000000	1638.80973658	NaN	0.00000000000	22.2999572754	24.9999694824	640.000000000	24.3887866938	24.6035335354	25.3088064618	25.6552062893	24.0940085367	26.4512070748	-60.1230244068	-59.0620446148	-0.000859737396240	-0.000531673431396	-0.000859737396240	-0.000531673431396	NaN	NaN	NaN	NaN	NaN	0.00000000000	NaN	NaN	1.00000000000	0.00000000000	5.00000000000	0.00000000000


















3733299918.73	NaN	17.0000000000	129.000000000	0.00000000000	1.00000000000	NaN	3.48991107941	-3.33457270069	0.993409156799	-4.05529026345	0.982252597809	0.0224380493164	0.113005161285	0.132365703583	3.72538754025	85.7398081398	0.102551181793	1015.28521311	4.32682561874	0.000676608085632	0.00134792327881	200000.000000	16.0000000000	0.00000000000	166.000000000	232.000000000	5.00000000000	0.950000000000	-0.740000000000	22.3000000000	0.00000000000	234.000000000	32.0000000000	6720096.00000	2500.00000000	2000.00000000	206.200000000	6466.00000000	1700.00000000	6000.00000000	13314.0000000	5801.00000000	23.4081460007	23.5137486754	23.1798541774	-0.365118443319	23.6668057909	26.2141808083	24.1922097605	-10.8927789160	23.5243397747	23.2737861163	23.2758785345	23.8878234650	23.9764863670	22.7635844875	-12.4077104270	0.882295696942	0.00000000000	0.100000000000	0.0500000000000	4.32158861160	0.00000000000	51.1796875000	0.00000000000	-0.567578136921	0.00000000000	14.7562503815	14.9937505722	14.7500000000	14.9812498093	14.8312501907	-300.000000000	1712.38894925	NaN	0.00000000000	22.3002014160	25.0001831055	640.000000000	24.3887866938	24.6035335354	25.3088064618	25.6552062893	24.0940085367	26.4512070748	-60.1230244068	-59.0620446148	-0.000859737396240	-0.000531673431396	-0.000859737396240	-0.000531673431396	NaN	NaN	NaN	NaN	NaN	0.00000000000	NaN	NaN	1.00000000000	0.00000000000	5.00000000000	0.00000000000

















3733299918.93	NaN	11.0000000000	118.000000000	0.00000000000	1.00000000000	NaN	3.48991107941	-3.10723222057	0.991112232208	-4.12497752541	0.981596469879	0.0267038345337	0.114645957947	0.131381034851	3.65875927048	86.8820465698	0.0985016956329	1015.19784528	4.31653499603	0.000679159164429	0.00134398937225	200000.000000	16.0000000000	0.00000000000	166.000000000	232.000000000	5.00000000000	0.950000000000	-0.740000000000	22.3000000000	0.00000000000	234.000000000	32.0000000000	6720096.00000	2500.00000000	2000.00000000	206.200000000	6466.00000000	1700.00000000	6000.00000000	13314.0000000	5801.00000000	23.4081460007	23.5137486754	23.1798541774	-0.365118443319	23.6668057909	26.2141808083	24.1922097605	-10.8927789160	23.5243397747	23.2737861163	23.2758785345	23.8878234650	23.9764863670	22.7635844875	-12.4077104270	0.882295696942	0.00000000000	0.100000000000	0.0500000000000	4.32104125023	0.00000000000	51.1796875000	0.00000000000	-0.567578136921	0.00000000000	14.7500000000	15.0687503815	14.7500000000	14.9812498093	14.8312501907	-300.000000000	1348.98807899	NaN	0.00000000000	22.3002014160	25.0001831055	640.000000000	24.3887866938	24.6035335354	25.3088064618	25.6552062893	24.0940085367	26.4512070748	-60.1230244068	-59.0620446148	-0.000859737396240	-0.000531673431396	-0.000859737396240	-0.000531673431396	NaN	NaN	NaN	NaN	NaN	0.00000000000	NaN	NaN	1.00000000000	0.00000000000	5.00000000000	0.00000000000

















3733299919.13	NaN	7.00000000000	94.0000000000	0.00000000000	0.00000000000	NaN	3.49844264984	-3.22832728027	0.989471912384	-4.12497752541	0.987831115723	-0.000531673431396	0.108411312103	0.131381034851	3.69683849545	84.5975697098	0.100930681229	1015.41616968	4.32807254791	0.000675916671753	0.00133612155914	200000.000000	16.0000000000	0.00000000000	166.000000000	232.000000000	5.00000000000	0.950000000000	-0.740000000000	22.3000000000	0.00000000000	234.000000000	32.0000000000	6720096.00000	2500.00000000	2000.00000000	206.200000000	6466.00000000	1700.00000000	6000.00000000	13314.0000000	5801.00000000	23.4081460007	23.5137486754	23.1798541774	-0.365118443319	23.6668057909	26.2141808083	24.1922097605	-10.8927789160	23.5243397747	23.2737861163	23.2758785345	23.8878234650	23.9764863670	22.7635844875	-12.4077104270	0.882295696942	0.00000000000	0.100000000000	0.0500000000000	4.32333164215	0.00000000000	45.2949218750	0.00000000000	-0.572070300579	0.00000000000	14.7500000000	15.0687503815	14.7500000000	14.9812498093	14.8312501907	-300.000000000	0.00000000000	NaN	0.00000000000	22.3002014160	25.0001831055	640.000000000	24.3887866938	24.6035335354	25.3088064618	25.6552062893	24.0940085367	26.4512070748	-60.1230244068	-58.7742282605	-0.000859737396240	-0.000531673431396	-0.000859737396240	-0.000531673431396	NaN	NaN	NaN	NaN	NaN	0.00000000000	NaN	NaN	1.00000000000	0.00000000000	5.00000000000	0.00000000000


















3733299919.33	NaN	16.0000000000	127.000000000	0.00000000000	2.00000000000	NaN	3.50106811523	-3.29659305408	0.987174510956	-4.12497752541	0.980283737183	-0.000203609466553	0.110708236694	0.131381034851	3.73490388851	86.1204620705	0.102551181793	1015.45982187	4.32552623749	0.000692987442017	0.00133674144745	200000.000000	16.0000000000	0.00000000000	166.000000000	232.000000000	5.00000000000	0.950000000000	-0.740000000000	22.3000000000	0.00000000000	234.000000000	32.0000000000	6720096.00000	2500.00000000	2000.00000000	206.200000000	6466.00000000	1700.00000000	6000.00000000	13314.0000000	5801.00000000	23.4081460007	23.5137486754	23.1798541774	-0.365118443319	23.6668057909	26.2141808083	24.1922097605	-10.8927789160	23.5243397747	23.2737861163	23.2758785345	23.8878234650	23.9764863670	22.7635844875	-12.4077104270	0.882295696942	0.00000000000	0.100000000000	0.0500000000000	4.32495794296	0.00000000000	45.2949218750	0.00000000000	-0.572070300579	0.00000000000	14.7562503815	15.0625000000	14.7500000000	14.9812498093	14.8312501907	-300.000000000	2951.41816533	NaN	0.00000000000	22.3000793457	25.0003051758	640.000000000	24.3887866938	24.6035335354	25.3088064618	25.6552062893	24.0940085367	26.4512070748	-60.1230244068	-58.7742282605	-0.000859737396240	-0.000531673431396	-0.000859737396240	-0.000531673431396	NaN	NaN	NaN	NaN	NaN	0.00000000000	NaN	NaN	1.00000000000	0.00000000000	5.00000000000	0.00000000000

















3733299919.53	NaN	19.0000000000	108.000000000	0.00000000000	1.00000000000	NaN	3.47317600250	-3.18287618955	0.987503051758	-4.10172724073	0.987174510956	-0.000859737396240	0.108083248138	0.130724906921	3.68730831528	85.7398081398	0.100121019363	1015.24156092	4.32347869873	0.000699591636658	0.00133614540100	200000.000000	16.0000000000	0.00000000000	166.000000000	232.000000000	5.00000000000	0.950000000000	-0.740000000000	22.3000000000	0.00000000000	234.000000000	32.0000000000	6720096.00000	2500.00000000	2000.00000000	206.200000000	6466.00000000	1700.00000000	6000.00000000	13314.0000000	5801.00000000	23.4081460007	23.5137486754	23.1798541774	-0.365118443319	23.6668057909	26.2141808083	24.1922097605	-10.8927789160	23.5243397747	23.2737861163	23.2758785345	23.8878234650	23.9764863670	22.7635844875	-12.4077104270	0.882295696942	0.00000000000	0.100000000000	0.0500000000000	4.32388691902	0.00000000000	53.8632812500	0.00000000000	-0.568945348263	0.00000000000	14.7562503815	15.0625000000	14.7500000000	14.9812498093	14.8312501907	-300.000000000	1539.01427940	NaN	0.00000000000	22.3000793457	25.0003051758	640.000000000	24.3887866938	24.6035335354	25.3088064618	25.6552062893	24.0940085367	26.4512070748	-60.1230244068	-58.7742282605	-0.000859737396240	-0.000531673431396	-0.000859737396240	-0.000531673431396	NaN	NaN	NaN	NaN	NaN	0.00000000000	NaN	NaN	1.00000000000	0.00000000000	5.00000000000	0.00000000000

















3733299919.73	NaN	21.0000000000	119.000000000	0.00000000000	0.00000000000	NaN	3.49089574814	-3.08457267427	0.986846446991	-4.12497752541	0.984877586365	-0.000203609466553	0.110052108765	0.128099918365	3.67779196701	85.1685506058	0.104170505524	1015.37251749	4.32677316666	0.000686335563660	0.00137348175049	200000.000000	16.0000000000	0.00000000000	166.000000000	232.000000000	5.00000000000	0.950000000000	-0.740000000000	22.3000000000	0.00000000000	234.000000000	32.0000000000	6720096.00000	2500.00000000	2000.00000000	206.200000000	6466.00000000	1700.00000000	6000.00000000	13314.0000000	5801.00000000	23.4081460007	23.5137486754	23.1798541774	-0.365118443319	23.6668057909	26.2141808083	24.1922097605	-10.8927789160	23.5243397747	23.2737861163	23.2758785345	23.8878234650	23.9764863670	22.7635844875	-12.4077104270	0.882295696942	0.00000000000	0.100000000000	0.0500000000000	4.32515230179	0.00000000000	53.8632812500	0.00000000000	-0.568945348263	0.00000000000	14.7562503815	15.1000003815	14.7500000000	14.9875001907	14.8312501907	-300.000000000	0.00000000000	NaN	0.00000000000	22.3000793457	25.0003051758	640.000000000	24.3887866938	24.6035335354	25.3088064618	25.6552062893	24.0940085367	26.4512070748	-60.1230244068	-58.7742282605	-0.000859737396240	-0.000531673431396	-0.000859737396240	-0.000531673431396	NaN	NaN	NaN	NaN	NaN	0.00000000000	NaN	NaN	1.00000000000	0.00000000000	5.00000000000	0.00000000000

















3733299919.93	NaN	8.00000000000	109.000000000	0.00000000000	1.00000000000	NaN	3.49220800400	-3.09212447352	0.982580661774	-4.14823028365	0.983893394470	-0.000859737396240	0.110708236694	0.129740715027	3.71587119198	86.8820465698	0.0985016956329	1015.19784528	4.32237625122	0.000676584243774	0.00135514736176	200000.000000	16.0000000000	0.00000000000	166.000000000	232.000000000	5.00000000000	0.950000000000	-0.740000000000	22.3000000000	0.00000000000	234.000000000	32.0000000000	6720096.00000	2500.00000000	2000.00000000	206.200000000	6466.00000000	1700.00000000	6000.00000000	13314.0000000	5801.00000000	23.4081460007	23.5137486754	23.1798541774	-0.365118443319	23.6668057909	26.2141808083	24.1922097605	-10.8927789160	23.5243397747	23.2737861163	23.2758785345	23.8878234650	23.9764863670	22.7635844875	-12.4077104270	0.882295696942	0.00000000000	0.100000000000	0.0500000000000	4.32727723122	0.00000000000	48.9042968750	0.00000000000	-0.571289062500	0.00000000000	14.7562503815	15.1000003815	14.7500000000	14.9875001907	14.8312501907	-300.000000000	1424.08449615	NaN	0.00000000000	22.3000183105	25.0000610352	640.000000000	24.3887866938	24.6035335354	25.3088064618	25.6552062893	24.0940085367	26.4512070748	-60.1230244068	-58.7742282605	-0.000859737396240	-0.000531673431396	-0.000859737396240	-0.000531673431396	NaN	NaN	NaN	NaN	NaN	0.00000000000	NaN	NaN	1.00000000000	0.00000000000	5.00000000000	0.00000000000


















3733299920.13	NaN	12.0000000000	142.000000000	0.00000000000	0.00000000000	NaN	3.48334836960	-3.34217066398	0.983565330505	-4.10172724073	0.986846446991	-0.000531673431396	0.107755184174	0.130724906921	3.72538754025	82.5034198151	0.102551181793	1015.59084189	4.33042192459	0.000659489631653	0.00134205818176	200000.000000	16.0000000000	0.00000000000	166.000000000	232.000000000	5.00000000000	0.950000000000	-0.740000000000	22.3000000000	0.00000000000	234.000000000	32.0000000000	6720096.00000	2500.00000000	2000.00000000	206.200000000	6466.00000000	1700.00000000	6000.00000000	13314.0000000	5801.00000000	23.4081460007	23.5137486754	23.1798541774	-0.365118443319	23.6668057909	26.2141808083	24.1922097605	-10.8927789160	23.5243397747	23.2737861163	23.2758785345	23.8878234650	23.9764863670	22.7635844875	-12.4077104270	0.882295696942	0.00000000000	0.100000000000	0.0500000000000	4.32400760651	0.00000000000	48.9042968750	0.00000000000	-0.571289062500	0.00000000000	14.7562503815	15.0625000000	14.7500000000	14.9812498093	14.8312501907	-300.000000000	0.00000000000	NaN	0.00000000000	22.3000183105	25.0000610352	640.000000000	24.3887866938	24.6035335354	25.3088064618	25.6552062893	24.0940085367	26.4512070748	-60.1230244068	-58.7742282605	-0.000859737396240	-0.000531673431396	-0.000859737396240	-0.000531673431396	NaN	NaN	NaN	NaN	NaN	0.00000000000	NaN	NaN	1.00000000000	0.00000000000	5.00000000000	0.00000000000


















3733299920.33	NaN	9.00000000000	126.000000000	0.00000000000	2.00000000000	NaN	3.48991107941	-3.17530773014	0.982252597809	-4.15599553074	0.981924533844	-0.000531673431396	0.111036300659	0.129740715027	3.73490388851	86.8820465698	0.104170505524	1015.45982187	4.32921457291	0.000689744949341	0.00133810043335	200000.000000	16.0000000000	0.00000000000	166.000000000	232.000000000	5.00000000000	0.950000000000	-0.740000000000	22.3000000000	0.00000000000	234.000000000	32.0000000000	6720096.00000	2500.00000000	2000.00000000	206.200000000	6466.00000000	1700.00000000	6000.00000000	13314.0000000	5801.00000000	23.4081460007	23.5137486754	23.1798541774	-0.365118443319	23.6668057909	26.2141808083	24.1922097605	-10.8927789160	23.5243397747	23.2737861163	23.2758785345	23.8878234650	23.9764863670	22.7635844875	-12.4077104270	0.882295696942	0.00000000000	0.100000000000	0.0500000000000	4.32691111565	0.00000000000	49.2812500000	0.00000000000	-0.570703148842	0.00000000000	14.7562503815	15.0625000000	14.7500000000	14.9812498093	14.8312501907	-300.000000000	2834.24702390	NaN	0.00000000000	22.2998657227	25.0000610352	640.000000000	24.3887866938	24.6035335354	25.3088064618	25.6552062893	24.0940085367	26.4512070748	-60.1230244068	-58.7742282605	-0.000859737396240	-0.000531673431396	-0.000859737396240	-0.000531673431396	NaN	NaN	NaN	NaN	NaN	0.00000000000	NaN	NaN	1.00000000000	0.00000000000	5.00000000000	0.00000000000

















3733299920.53	NaN	16.0000000000	148.000000000	0.00000000000	0.00000000000	NaN	3.48072338104	-3.09967765529	0.980611801147	-4.13272691782	0.980611801147	-0.000531673431396	0.111364841461	0.131052970886	3.75393658504	86.5011160011	0.101740343094	1015.41616968	4.32279634476	0.000694990158081	0.00136301517487	200000.000000	16.0000000000	0.00000000000	166.000000000	232.000000000	5.00000000000	0.950000000000	-0.740000000000	22.3000000000	0.00000000000	234.000000000	32.0000000000	6720096.00000	2500.00000000	2000.00000000	206.200000000	6466.00000000	1700.00000000	6000.00000000	13314.0000000	5801.00000000	23.4081460007	23.5137486754	23.1798541774	-0.365118443319	23.6668057909	26.2141808083	24.1922097605	-10.8927789160	23.5243397747	23.2737861163	23.2758785345	23.8878234650	23.9764863670	22.7635844875	-12.4077104270	0.882295696942	0.00000000000	0.100000000000	0.0500000000000	4.32906498909	0.00000000000	49.2812500000	0.00000000000	-0.570703148842	0.00000000000	14.7562503815	15.0062503815	14.7500000000	14.9812498093	14.8312501907	-300.000000000	0.00000000000	NaN	0.00000000000	22.2998657227	25.0000610352	640.000000000	24.3887866938	24.6035335354	25.3088064618	25.6552062893	24.0940085367	26.4512070748	-60.1230244068	-58.7742282605	-0.000859737396240	-0.000531673431396	-0.000859737396240	-0.000531673431396	NaN	NaN	NaN	NaN	NaN	0.00000000000	NaN	NaN	1.00000000000	0.00000000000	5.00000000000	0.00000000000

















3733299920.73	NaN	11.0000000000	106.000000000	0.00000000000	1.00000000000	NaN	3.45512819290	-3.02419697213	0.978642940521	-4.13272691782	0.987174510956	-0.000531673431396	0.109724044800	0.129084110260	3.83009503498	88.0242849998	0.103360843658	1015.37251749	4.33341503143	0.000654840469360	0.00132496356964	200000.000000	16.0000000000	0.00000000000	166.000000000	232.000000000	5.00000000000	0.950000000000	-0.740000000000	22.3000000000	0.00000000000	234.000000000	32.0000000000	6720096.00000	2500.00000000	2000.00000000	206.200000000	6466.00000000	1700.00000000	6000.00000000	13314.0000000	5801.00000000	23.4081460007	23.5137486754	23.1798541774	-0.365118443319	23.6668057909	26.2141808083	24.1922097605	-10.8927789160	23.5243397747	23.2737861163	23.2758785345	23.8878234650	23.9764863670	22.7635844875	-12.4077104270	0.882295696942	0.00000000000	0.100000000000	0.0500000000000	4.32789158821	0.00000000000	47.9902343750	0.00000000000	-0.567187488079	0.00000000000	14.7562503815	15.0062503815	14.7500000000	14.9812498093	14.8312501907	-300.000000000	1451.67921303	NaN	0.00000000000	22.3001403809	25.0002746582	640.000000000	24.3887866938	24.6035335354	25.3088064618	25.6552062893	24.0940085367	26.4512070748	-60.1230244068	-58.7742282605	-0.000859737396240	-0.000531673431396	-0.000859737396240	-0.000531673431396	NaN	NaN	NaN	NaN	NaN	0.00000000000	NaN	NaN	1.00000000000	0.00000000000	5.00000000000	0.00000000000

















3733299920.93	NaN	10.0000000000	118.000000000	0.00000000000	0.00000000000	NaN	3.48236370087	-3.31938101759	0.978314876556	-4.11722965848	0.984549522400	-0.000859737396240	0.108739376068	0.130724906921	3.81104850655	84.7878966751	0.101740343094	1015.19784528	4.33380842209	0.000646352767944	0.00132303237915	200000.000000	16.0000000000	0.00000000000	166.000000000	232.000000000	5.00000000000	0.950000000000	-0.740000000000	22.3000000000	0.00000000000	234.000000000	32.0000000000	6720096.00000	2500.00000000	2000.00000000	206.200000000	6466.00000000	1700.00000000	6000.00000000	13314.0000000	5801.00000000	23.4081460007	23.5137486754	23.1798541774	-0.365118443319	23.6668057909	26.2141808083	24.1922097605	-10.8927789160	23.5243397747	23.2737861163	23.2758785345	23.8878234650	23.9764863670	22.7635844875	-12.4077104270	0.882295696942	0.00000000000	0.100000000000	0.0500000000000	4.33042731285	0.00000000000	47.9902343750	0.00000000000	-0.567187488079	0.00000000000	14.7562503815	15.1250000000	14.7500000000	14.9812498093	14.8312501907	-300.000000000	0.00000000000	NaN	0.00000000000	22.3001403809	25.0002746582	640.000000000	24.3887866938	24.6035335354	25.3088064618	25.6552062893	24.0940085367	26.4512070748	-60.1230244068	-58.7742282605	-0.000859737396240	-0.000531673431396	-0.000859737396240	-0.000531673431396	NaN	NaN	NaN	NaN	NaN	0.00000000000	NaN	NaN	1.00000000000	0.00000000000	5.00000000000	0.00000000000

















3733299921.13	NaN	13.0000000000	112.000000000	0.00000000000	0.00000000000	NaN	3.48433256149	-3.31178729575	0.976346015930	-4.11722965848	0.983893394470	-0.000859737396240	0.109395980835	0.130396842957	3.80153215828	83.6456582451	0.105789829254	1015.11054090	4.33027791977	0.000650286674500	0.00131251811981	200000.000000	16.0000000000	0.00000000000	166.000000000	232.000000000	5.00000000000	0.950000000000	-0.740000000000	22.3000000000	0.00000000000	234.000000000	32.0000000000	6720096.00000	2500.00000000	2000.00000000	206.200000000	6466.00000000	1700.00000000	6000.00000000	13314.0000000	5801.00000000	23.4081460007	23.5137486754	23.1798541774	-0.365118443319	23.6668057909	26.2141808083	24.1922097605	-10.8927789160	23.5243397747	23.2737861163	23.2758785345	23.8878234650	23.9764863670	22.7635844875	-12.4077104270	0.882295696942	0.00000000000	0.100000000000	0.0500000000000	4.32809104919	0.00000000000	48.7363281250	-0.000390625005821	-0.571093738079	0.00000000000	14.7562503815	15.1250000000	14.7500000000	14.9812498093	14.8312501907	-300.000000000	0.00000000000	NaN	0.00000000000	22.3001403809	25.0002746582	640.000000000	24.3887866938	24.6035335354	25.3088064618	25.6552062893	24.0940085367	26.4512070748	-60.1230244068	-58.7742282605	-0.000859737396240	-0.000859737396240	-0.000859737396240	-0.000531673431396	NaN	NaN	NaN	NaN	NaN	0.00000000000	NaN	NaN	1.00000000000	0.00000000000	5.00000000000	0.00000000000


















3733299921.33	NaN	12.0000000000	117.000000000	0.00000000000	0.00000000000	NaN	3.48925495148	-3.09967765529	0.974705219269	-4.16375103863	0.978971004486	-0.000531673431396	0.111364841461	0.130724906921	3.80153215828	88.2146119652	0.0968823719025	1015.32886530	4.33417606354	0.000664782524109	0.00132031440735	200000.000000	16.0000000000	0.00000000000	166.000000000	232.000000000	5.00000000000	0.950000000000	-0.740000000000	22.3000000000	0.00000000000	234.000000000	32.0000000000	6720096.00000	2500.00000000	2000.00000000	206.200000000	6466.00000000	1700.00000000	6000.00000000	13314.0000000	5801.00000000	23.4081460007	23.5137486754	23.1798541774	-0.365118443319	23.6668057909	26.2141808083	24.1922097605	-10.8927789160	23.5243397747	23.2737861163	23.2758785345	23.8878234650	23.9764863670	22.7635844875	-12.4077104270	0.882295696942	0.00000000000	0.100000000000	0.0500000000000	4.33047342300	0.00000000000	48.7363281250	-0.000390625005821	-0.571093738079	0.00000000000	14.7562503815	15.0000000000	14.7500000000	14.9875001907	14.8312501907	-300.000000000	0.00000000000	NaN	0.00000000000	22.3003234863	24.9999084473	640.000000000	24.3887866938	24.6035335354	25.3088064618	25.6552062893	24.0940085367	26.4512070748	-60.1230244068	-58.7742282605	-0.000859737396240	-0.000859737396240	-0.000859737396240	-0.000531673431396	NaN	NaN	NaN	NaN	NaN	0.00000000000	NaN	NaN	1.00000000000	0.00000000000	5.00000000000	0.00000000000


















3733299921.53	NaN	8.00000000000	99.0000000000	0.00000000000	0.00000000000	NaN	3.47908258438	-3.28900356653	0.972736358643	-4.14047783686	0.979627609253	-0.000203609466553	0.110052108765	0.130724906921	3.82057868671	83.8359852104	0.101740343094	1015.37251749	4.33341503143	0.000649642944336	0.00134460926056	200000.000000	16.0000000000	0.00000000000	166.000000000	232.000000000	5.00000000000	0.950000000000	-0.740000000000	22.3000000000	0.00000000000	234.000000000	32.0000000000	6720096.00000	2500.00000000	2000.00000000	206.200000000	6466.00000000	1700.00000000	6000.00000000	13314.0000000	5801.00000000	23.4081460007	23.5137486754	23.1798541774	-0.365118443319	23.6668057909	26.2141808083	24.1922097605	-10.8927789160	23.5243397747	23.2737861163	23.2758785345	23.8878234650	23.9764863670	22.7635844875	-12.4077104270	0.882295696942	0.00000000000	0.100000000000	0.0500000000000	4.33259572983	0.00000000000	52.4570312500	0.00000000000	-0.569726586342	0.00000000000	14.7562503815	15.0000000000	14.7500000000	14.9875001907	14.8312501907	-300.000000000	0.00000000000	NaN	0.00000000000	22.3003234863	24.9999084473	640.000000000	24.3887866938	24.6035335354	25.3088064618	25.6552062893	24.0940085367	26.4512070748	-60.1230244068	-58.7742282605	-0.000859737396240	-0.000859737396240	-0.000859737396240	-0.000531673431396	NaN	NaN	NaN	NaN	NaN	0.00000000000	NaN	NaN	1.00000000000	0.00000000000	5.00000000000	0.00000000000

















3733299921.73	NaN	11.0000000000	103.000000000	0.00000000000	1.00000000000	NaN	3.49253606796	-3.24348517051	0.971095561981	-4.17926664898	0.976346015930	-0.000203609466553	0.112020969391	0.131709575653	3.83961138325	84.9782236404	0.101740343094	1015.32886530	4.33363771439	0.000698900222778	0.00134391784668	200000.000000	16.0000000000	0.00000000000	166.000000000	232.000000000	5.00000000000	0.950000000000	-0.740000000000	22.3000000000	0.00000000000	234.000000000	32.0000000000	6720096.00000	2500.00000000	2000.00000000	206.200000000	6466.00000000	1700.00000000	6000.00000000	13314.0000000	5801.00000000	23.4081460007	23.5137486754	23.1798541774	-0.365118443319	23.6668057909	26.2141808083	24.1922097605	-10.8927789160	23.5243397747	23.2737861163	23.2758785345	23.8878234650	23.9764863670	22.7635844875	-12.4077104270	0.882295696942	0.00000000000	0.100000000000	0.0500000000000	4.32987470627	0.00000000000	52.4570312500	0.00000000000	-0.569726586342	0.00000000000	14.7562503815	15.0375003815	14.7500000000	14.9812498093	14.8312501907	-300.000000000	1398.45097522	NaN	0.00000000000	22.3003234863	24.9999084473	640.000000000	24.3887866938	24.6035335354	25.3088064618	25.6552062893	24.0940085367	26.4512070748	-60.1230244068	-58.7742282605	-0.000859737396240	-0.000859737396240	-0.000859737396240	-0.000531673431396	NaN	NaN	NaN	NaN	NaN	0.00000000000	NaN	NaN	1.00000000000	0.00000000000	5.00000000000	0.00000000000

















3733299921.93	NaN	10.0000000000	132.000000000	1.00000000000	2.00000000000	NaN	3.49056720734	-3.31938101759	0.971095561981	-4.15599553074	0.979627609253	-0.000531673431396	0.109067440033	0.131052970886	3.84912773151	85.1685506058	0.102551181793	1015.28521311	4.33758878708	0.000642371177673	0.00133938789368	200000.000000	16.0000000000	0.00000000000	166.000000000	232.000000000	5.00000000000	0.950000000000	-0.740000000000	22.3000000000	0.00000000000	234.000000000	32.0000000000	6720096.00000	2500.00000000	2000.00000000	206.200000000	6466.00000000	1700.00000000	6000.00000000	13314.0000000	5801.00000000	23.4081460007	23.5137486754	23.1798541774	-0.365118443319	23.6668057909	26.2141808083	24.1922097605	-10.8927789160	23.5243397747	23.2737861163	23.2758785345	23.8878234650	23.9764863670	22.7635844875	-12.4077104270	0.882295696942	0.00000000000	0.100000000000	0.0500000000000	4.33236999512	0.00000000000	45.1562500000	0.00000000000	-0.568164050579	0.00000000000	14.7562503815	15.0375003815	14.7500000000	14.9812498093	14.8312501907	-300.000000000	3136.47344540	NaN	0.00000000000	22.2999877930	25.0004272461	640.000000000	24.3887866938	24.6035335354	25.3088064618	25.6552062893	24.0940085367	26.4512070748	-60.1230244068	-58.7742282605	-0.000859737396240	-0.000859737396240	-0.000859737396240	-0.000531673431396	NaN	NaN	NaN	NaN	NaN	0.00000000000	NaN	NaN	1.00000000000	0.00000000000	5.00000000000	0.00000000000


















3733299922.13	NaN	14.0000000000	106.000000000	1.00000000000	1.00000000000	NaN	3.49253606796	-3.09967765529	0.969783306122	-4.14047783686	0.980611801147	-0.000859737396240	0.110380172729	0.128427982330	3.84912773151	84.4069661064	0.103360843658	1015.50353751	4.32783651352	0.000670671463013	0.00133740901947	200000.000000	16.0000000000	0.00000000000	166.000000000	232.000000000	5.00000000000	0.950000000000	-0.740000000000	22.3000000000	0.00000000000	234.000000000	32.0000000000	6720096.00000	2500.00000000	2000.00000000	206.200000000	6466.00000000	1700.00000000	6000.00000000	13314.0000000	5801.00000000	23.4081460007	23.5137486754	23.1798541774	-0.365118443319	23.6668057909	26.2141808083	24.1922097605	-10.8927789160	23.5243397747	23.2737861163	23.2758785345	23.8878234650	23.9764863670	22.7635844875	-12.4077104270	0.882295696942	0.00000000000	0.100000000000	0.0500000000000	4.33308930397	0.00000000000	45.1562500000	0.00000000000	-0.568164050579	0.00000000000	14.7500000000	15.0812501907	14.7500000000	14.9875001907	14.8312501907	-300.000000000	1540.14424584	NaN	0.00000000000	22.2999877930	25.0004272461	640.000000000	24.3887866938	24.6035335354	25.3088064618	25.6552062893	24.0940085367	26.4512070748	-60.1230244068	-58.7742282605	-0.000859737396240	-0.000859737396240	-0.000531673431396	-0.000531673431396	NaN	NaN	NaN	NaN	NaN	0.00000000000	NaN	NaN	1.00000000000	0.00000000000	5.00000000000	0.00000000000

















3733299922.33	NaN	17.0000000000	116.000000000	0.00000000000	1.00000000000	NaN	3.48695802689	-3.28900356653	0.964860916138	-4.18702675369	0.978314876556	-0.000531673431396	0.110052108765	0.132693767548	3.90623965302	87.2627005005	0.100121019363	1015.54718970	4.33974123001	0.000684475898743	0.00134987831116	200000.000000	16.0000000000	0.00000000000	166.000000000	232.000000000	5.00000000000	0.950000000000	-0.740000000000	22.3000000000	0.00000000000	234.000000000	32.0000000000	6720096.00000	2500.00000000	2000.00000000	206.200000000	6466.00000000	1700.00000000	6000.00000000	13314.0000000	5801.00000000	23.4081460007	23.5137486754	23.1798541774	-0.365118443319	23.6668057909	26.2141808083	24.1922097605	-10.8927789160	23.5243397747	23.2737861163	23.2758785345	23.8878234650	23.9764863670	22.7635844875	-12.4077104270	0.882295696942	0.00000000000	0.100000000000	0.0500000000000	4.33409204483	0.00000000000	53.5644531250	0.00000000000	-0.568359375000	0.00000000000	14.7500000000	15.0812501907	14.7500000000	14.9875001907	14.8312501907	-300.000000000	1675.46043357	NaN	0.00000000000	22.3000793457	25.0001831055	640.000000000	24.3887866938	24.6035335354	25.3088064618	25.6552062893	24.0940085367	26.4512070748	-60.1230244068	-58.7742282605	-0.000859737396240	-0.000859737396240	-0.000531673431396	-0.000531673431396	NaN	NaN	NaN	NaN	NaN	0.00000000000	NaN	NaN	1.00000000000	0.00000000000	5.00000000000	0.00000000000

















3733299922.53	NaN	13.0000000000	128.000000000	0.00000000000	1.00000000000	NaN	3.49417686462	-3.36498410392	0.966173648834	-4.10948331593	0.980283737183	-0.000531673431396	0.109395980835	0.131052970886	3.91575600128	85.3588775711	0.0985016956329	1015.45982187	4.33514738083	0.000677180290222	0.00135316848755	200000.000000	16.0000000000	0.00000000000	166.000000000	232.000000000	5.00000000000	0.950000000000	-0.740000000000	22.3000000000	0.00000000000	234.000000000	32.0000000000	6720096.00000	2500.00000000	2000.00000000	206.200000000	6466.00000000	1700.00000000	6000.00000000	13314.0000000	5801.00000000	23.4081460007	23.5137486754	23.1798541774	-0.365118443319	23.6668057909	26.2141808083	24.1922097605	-10.8927789160	23.5243397747	23.2737861163	23.2758785345	23.8878234650	23.9764863670	22.7635844875	-12.4077104270	0.882295696942	0.00000000000	0.100000000000	0.0500000000000	4.33381123543	0.00000000000	53.5644531250	0.00000000000	-0.568359375000	0.00000000000	14.7562503815	15.0687503815	14.7500000000	14.9875001907	14.8312501907	-300.000000000	1451.67921303	NaN	0.00000000000	22.3000793457	25.0001831055	640.000000000	24.3887866938	24.6035335354	25.3088064618	25.6552062893	24.0940085367	26.4512070748	-60.1230244068	-58.7742282605	-0.000859737396240	-0.000859737396240	-0.000531673431396	-0.000531673431396	NaN	NaN	NaN	NaN	NaN	0.00000000000	NaN	NaN	1.00000000000	0.00000000000	5.00000000000	0.00000000000

















3733299922.73	NaN	11.0000000000	111.000000000	0.00000000000	1.00000000000	NaN	3.48695802689	-3.13747532628	0.965845584869	-4.18702675369	0.971752166748	-0.000531673431396	0.111692905426	0.131381034851	3.98238427105	86.3107890358	0.101740343094	1015.37251749	4.33061885834	0.000661468505859	0.00131709575653	200000.000000	16.0000000000	0.00000000000	166.000000000	232.000000000	5.00000000000	0.950000000000	-0.740000000000	22.3000000000	0.00000000000	234.000000000	32.0000000000	6720096.00000	2500.00000000	2000.00000000	206.200000000	6466.00000000	1700.00000000	6000.00000000	13314.0000000	5801.00000000	23.4081460007	23.5137486754	23.1798541774	-0.365118443319	23.6668057909	26.2141808083	24.1922097605	-10.8927789160	23.5243397747	23.2737861163	23.2758785345	23.8878234650	23.9764863670	22.7635844875	-12.4077104270	0.882295696942	0.00000000000	0.100000000000	0.0500000000000	4.33422203064	0.00000000000	49.8691406250	-0.000390625005821	-0.566992223263	0.00000000000	14.7562503815	15.0687503815	14.7500000000	14.9875001907	14.8312501907	-300.000000000	1424.08449615	NaN	0.00000000000	22.3000183105	25.0003051758	640.000000000	24.3887866938	24.6035335354	25.3088064618	25.6552062893	24.0940085367	26.4512070748	-60.1230244068	-58.7742282605	-0.000859737396240	-0.000859737396240	-0.000531673431396	-0.000531673431396	NaN	NaN	NaN	NaN	NaN	0.00000000000	NaN	NaN	1.00000000000	0.00000000000	5.00000000000	0.00000000000

















3733299922.93	NaN	12.0000000000	122.000000000	0.00000000000	0.00000000000	NaN	3.49187994003	-3.27382881653	0.961907863617	-4.18702675369	0.977002143860	-0.000531673431396	0.110708236694	0.131381034851	3.93480252972	84.0263121758	0.104980167389	1015.28521311	4.33976745605	0.000692296028137	0.00135710239410	200000.000000	16.0000000000	0.00000000000	166.000000000	232.000000000	5.00000000000	0.950000000000	-0.740000000000	22.3000000000	0.00000000000	234.000000000	32.0000000000	6720096.00000	2500.00000000	2000.00000000	206.200000000	6466.00000000	1700.00000000	6000.00000000	13314.0000000	5801.00000000	23.4081460007	23.5137486754	23.1798541774	-0.365118443319	23.6668057909	26.2141808083	24.1922097605	-10.8927789160	23.5243397747	23.2737861163	23.2758785345	23.8878234650	23.9764863670	22.7635844875	-12.4077104270	0.882295696942	0.00000000000	0.100000000000	0.0500000000000	4.33666462898	0.00000000000	49.8691406250	-0.000390625005821	-0.566992223263	0.00000000000	14.7562503815	15.1312503815	14.7500000000	14.9812498093	14.8289070129	-300.000000000	0.00000000000	NaN	0.00000000000	22.3000183105	25.0003051758	640.000000000	24.3887866938	24.6035335354	25.3088064618	25.6552062893	24.0940085367	26.4512070748	-60.1230244068	-58.7742282605	-0.000859737396240	-0.000859737396240	-0.000531673431396	-0.000531673431396	NaN	NaN	NaN	NaN	NaN	0.00000000000	NaN	NaN	1.00000000000	0.00000000000	5.00000000000	0.00000000000


















3733299923.13	NaN	11.0000000000	114.000000000	0.00000000000	0.00000000000	NaN	3.50434923172	-3.27382881653	0.958626270294	-4.19478839294	0.977330684662	0.000452518463135	0.111036300659	0.132037639618	3.96335157452	83.8359852104	0.100930681229	1015.37251749	4.33370351791	0.000666689872742	0.00134921073914	200000.000000	16.0000000000	0.00000000000	166.000000000	232.000000000	5.00000000000	0.950000000000	-0.740000000000	22.3000000000	0.00000000000	234.000000000	32.0000000000	6720096.00000	2500.00000000	2000.00000000	206.200000000	6466.00000000	1700.00000000	6000.00000000	13314.0000000	5801.00000000	23.4081460007	23.5137486754	23.1798541774	-0.365118443319	23.6668057909	26.2141808083	24.1922097605	-10.8927789160	23.5243397747	23.2737861163	23.2758785345	23.8878234650	23.9764863670	22.7635844875	-12.4077104270	0.882295696942	0.00000000000	0.100000000000	0.0500000000000	4.33667650223	0.00000000000	49.5429687500	0.00000000000	-0.571679711342	0.00000000000	14.7562503815	15.1312503815	14.7500000000	14.9812498093	14.8289070129	-300.000000000	0.00000000000	NaN	0.00000000000	22.3000183105	25.0003051758	640.000000000	24.3887866938	24.6035335354	25.3088064618	25.6552062893	24.0940085367	26.4512070748	-60.1230244068	-58.7742282605	-0.000859737396240	-0.000859737396240	-0.000531673431396	-0.000531673431396	NaN	NaN	NaN	NaN	NaN	0.00000000000	NaN	NaN	1.00000000000	0.00000000000	5.00000000000	0.00000000000

















3733299923.33	NaN	8.00000000000	107.000000000	0.00000000000	0.00000000000	NaN	3.48794221878	-3.26624355205	0.961251735687	-4.17926664898	0.975689888000	0.000781059265137	0.111036300659	0.131709575653	3.97286792278	83.4553312798	0.101740343094	1015.54718970	4.34289169312	0.000682449340820	0.00133614540100	200000.000000	16.0000000000	0.00000000000	166.000000000	232.000000000	5.00000000000	0.950000000000	-0.740000000000	22.3000000000	0.00000000000	234.000000000	32.0000000000	6720096.00000	2500.00000000	2000.00000000	206.200000000	6466.00000000	1700.00000000	6000.00000000	13314.0000000	5801.00000000	23.4081460007	23.5137486754	23.1798541774	-0.365118443319	23.6668057909	26.2141808083	24.1922097605	-10.8927789160	23.5243397747	23.2737861163	23.2758785345	23.8878234650	23.9764863670	22.7635844875	-12.4077104270	0.882295696942	0.00000000000	0.100000000000	0.0500000000000	4.33585228920	0.00000000000	49.5429687500	0.00000000000	-0.571679711342	0.00000000000	14.7562503815	15.0000000000	14.7500000000	14.9812498093	14.8312501907	-300.000000000	0.00000000000	NaN	0.00000000000	22.3000183105	24.9999694824	640.000000000	24.3887866938	24.6035335354	25.3088064618	25.6552062893	24.0940085367	26.4512070748	-60.1230244068	-58.7742282605	-0.000859737396240	-0.000859737396240	-0.000531673431396	-0.000531673431396	NaN	NaN	NaN	NaN	NaN	0.00000000000	NaN	NaN	1.00000000000	0.00000000000	5.00000000000	0.00000000000

















3733299923.53	NaN	9.00000000000	114.000000000	0.00000000000	1.00000000000	NaN	3.49253606796	-3.25106621904	0.956329345703	-4.24140181337	0.973721027374	0.000124454498291	0.112020969391	0.132037639618	4.01094714775	87.6433544312	0.105789829254	1015.54718970	4.34192037582	0.000679802894592	0.00135455131531	200000.000000	16.0000000000	0.00000000000	166.000000000	232.000000000	5.00000000000	0.950000000000	-0.740000000000	22.3000000000	0.00000000000	234.000000000	32.0000000000	6720096.00000	2500.00000000	2000.00000000	206.200000000	6466.00000000	1700.00000000	6000.00000000	13314.0000000	5801.00000000	23.4081460007	23.5137486754	23.1798541774	-0.365118443319	23.6668057909	26.2141808083	24.1922097605	-10.8927789160	23.5243397747	23.2737861163	23.2758785345	23.8878234650	23.9764863670	22.7635844875	-12.4077104270	0.882295696942	0.00000000000	0.100000000000	0.0500000000000	4.33835139275	0.00000000000	51.4687500000	0.00000000000	-0.566601574421	0.00000000000	14.7562503815	15.0000000000	14.7500000000	14.9812498093	14.8312501907	-300.000000000	1348.98807899	NaN	0.00000000000	22.3000183105	24.9999694824	640.000000000	24.3887866938	24.6035335354	25.3088064618	25.6552062893	24.0940085367	26.4512070748	-60.1230244068	-58.7742282605	-0.000859737396240	-0.000859737396240	-0.000531673431396	-0.000531673431396	NaN	NaN	NaN	NaN	NaN	0.00000000000	NaN	NaN	1.00000000000	0.00000000000	5.00000000000	0.00000000000

















3733299923.73	NaN	9.00000000000	139.000000000	0.00000000000	0.00000000000	NaN	3.47744178772	-3.09212447352	0.956329345703	-4.22586160955	0.974705219269	0.000124454498291	0.111692905426	0.131709575653	3.98238427105	85.9301351051	0.104170505524	1015.32886530	4.33695888519	0.000699496269226	0.00135118961334	200000.000000	16.0000000000	0.00000000000	166.000000000	232.000000000	5.00000000000	0.950000000000	-0.740000000000	22.3000000000	0.00000000000	234.000000000	32.0000000000	6720096.00000	2500.00000000	2000.00000000	206.200000000	6466.00000000	1700.00000000	6000.00000000	13314.0000000	5801.00000000	23.4081460007	23.5137486754	23.1798541774	-0.365118443319	23.6668057909	26.2141808083	24.1922097605	-10.8927789160	23.5243397747	23.2737861163	23.2758785345	23.8878234650	23.9764863670	22.7635844875	-12.4077104270	0.882295696942	0.00000000000	0.100000000000	0.0500000000000	4.34141483307	0.00000000000	51.4687500000	0.00000000000	-0.566601574421	0.00000000000	14.7562503815	15.1312503815	14.7500000000	14.9875001907	14.8312501907	-300.000000000	0.00000000000	NaN	0.00000000000	22.3000183105	24.9999694824	640.000000000	24.3887866938	24.6035335354	25.3088064618	25.6552062893	24.0940085367	26.4512070748	-60.1230244068	-58.7742282605	-0.000859737396240	-0.000859737396240	-0.000531673431396	-0.000531673431396	NaN	NaN	NaN	NaN	NaN	0.00000000000	NaN	NaN	1.00000000000	0.00000000000	5.00000000000	0.00000000000


















3733299923.93	NaN	12.0000000000	134.000000000	0.00000000000	2.00000000000	NaN	3.48958301544	-3.26624355205	0.954360485077	-4.21809381855	0.973721027374	-0.000203609466553	0.110708236694	0.131709575653	4.01094714775	84.7878966751	0.101740343094	1015.28521311	4.34690809250	0.000683116912842	0.00135583877563	200000.000000	16.0000000000	0.00000000000	166.000000000	232.000000000	5.00000000000	0.950000000000	-0.740000000000	22.3000000000	0.00000000000	234.000000000	32.0000000000	6720096.00000	2500.00000000	2000.00000000	206.200000000	6466.00000000	1700.00000000	6000.00000000	13314.0000000	5801.00000000	23.4081460007	23.5137486754	23.1798541774	-0.365118443319	23.6668057909	26.2141808083	24.1922097605	-10.8927789160	23.5243397747	23.2737861163	23.2758785345	23.8878234650	23.9764863670	22.7635844875	-12.4077104270	0.882295696942	0.00000000000	0.100000000000	0.0500000000000	4.34353213310	0.00000000000	48.7714843750	0.00000000000	-0.569921910763	0.00000000000	14.7562503815	15.1312503815	14.7500000000	14.9875001907	14.8312501907	-300.000000000	3283.68217983	NaN	0.00000000000	22.3002624512	25.0001525879	640.000000000	24.3887866938	24.6035335354	25.3088064618	25.6552062893	24.0940085367	26.4512070748	-60.1230244068	-58.7742282605	-0.000859737396240	-0.000859737396240	-0.000531673431396	-0.000531673431396	NaN	NaN	NaN	NaN	NaN	0.00000000000	NaN	NaN	1.00000000000	0.00000000000	5.00000000000	0.00000000000

















3733299924.13	NaN	16.0000000000	116.000000000	0.00000000000	2.00000000000	NaN	3.49253606796	-3.24348517051	0.954032421112	-4.21809381855	0.974377155304	0.000452518463135	0.110380172729	0.132037639618	4.02997984428	85.1685506058	0.102551181793	1015.41616968	4.34458494186	0.000704765319824	0.00136694908142	200000.000000	16.0000000000	0.00000000000	166.000000000	232.000000000	5.00000000000	0.950000000000	-0.740000000000	22.3000000000	0.00000000000	234.000000000	32.0000000000	6720096.00000	2500.00000000	2000.00000000	206.200000000	6466.00000000	1700.00000000	6000.00000000	13314.0000000	5801.00000000	23.4081460007	23.5137486754	23.1798541774	-0.365118443319	23.6668057909	26.2141808083	24.1922097605	-10.8927789160	23.5243397747	23.2737861163	23.2758785345	23.8878234650	23.9764863670	22.7635844875	-12.4077104270	0.882295696942	0.00000000000	0.100000000000	0.0500000000000	4.34472918510	0.00000000000	48.7714843750	0.00000000000	-0.569921910763	0.00000000000	14.7500000000	15.0375003815	14.7500000000	14.9812498093	14.8312501907	-300.000000000	3142.58646117	NaN	0.00000000000	22.3002624512	25.0001525879	640.000000000	24.3887866938	24.6035335354	25.3088064618	25.6552062893	24.0940085367	26.4512070748	-60.1230244068	-58.7742282605	-0.000859737396240	-0.000859737396240	-0.000531673431396	-0.000531673431396	NaN	NaN	NaN	NaN	NaN	0.00000000000	NaN	NaN	1.00000000000	0.00000000000	5.00000000000	0.00000000000


















3733299924.33	NaN	8.00000000000	111.000000000	0.00000000000	0.00000000000	NaN	3.48367643356	-3.25106621904	0.955016613007	-4.18702675369	0.980611801147	-0.00184440612793	0.109724044800	0.129740715027	4.02997984428	84.7878966751	0.105789829254	1015.54718970	4.33756256104	0.000679898262024	0.00132694244385	200000.000000	16.0000000000	0.00000000000	166.000000000	232.000000000	5.00000000000	0.950000000000	-0.740000000000	22.3000000000	0.00000000000	234.000000000	32.0000000000	6720096.00000	2500.00000000	2000.00000000	206.200000000	6466.00000000	1700.00000000	6000.00000000	13314.0000000	5801.00000000	23.4081460007	23.5137486754	23.1798541774	-0.365118443319	23.6668057909	26.2141808083	24.1922097605	-10.8927789160	23.5243397747	23.2737861163	23.2758785345	23.8878234650	23.9764863670	22.7635844875	-12.4077104270	0.882295696942	0.00000000000	0.100000000000	0.0500000000000	4.34368438721	0.00000000000	54.4941406250	0.00000000000	-0.566601574421	0.00000000000	14.7500000000	15.0375003815	14.7500000000	14.9812498093	14.8312501907	-300.000000000	0.00000000000	NaN	0.00000000000	22.3001403809	25.0004272461	640.000000000	24.3887866938	24.6035335354	25.3088064618	25.6552062893	24.0940085367	26.4512070748	-60.1230244068	-58.7742282605	-0.000859737396240	-0.000859737396240	-0.000531673431396	-0.000531673431396	NaN	NaN	NaN	NaN	NaN	0.00000000000	NaN	NaN	1.00000000000	0.00000000000	5.00000000000	0.00000000000


















3733299924.53	NaN	7.00000000000	120.000000000	0.00000000000	0.00000000000	NaN	3.50172424316	-3.34217066398	0.952719688416	-4.20256285267	0.979299068451	-0.00184440612793	0.107427120209	0.131381034851	4.02046349602	86.3107890358	0.101740343094	1015.19784528	4.35249948502	0.000686430931091	0.00132830142975	200000.000000	16.0000000000	0.00000000000	166.000000000	232.000000000	5.00000000000	0.950000000000	-0.740000000000	22.3000000000	0.00000000000	234.000000000	32.0000000000	6720096.00000	2500.00000000	2000.00000000	206.200000000	6466.00000000	1700.00000000	6000.00000000	13314.0000000	5801.00000000	23.4081460007	23.5137486754	23.1798541774	-0.365118443319	23.6668057909	26.2141808083	24.1922097605	-10.8927789160	23.5243397747	23.2737861163	23.2758785345	23.8878234650	23.9764863670	22.7635844875	-12.4077104270	0.882295696942	0.00000000000	0.100000000000	0.0500000000000	4.34659032822	0.00000000000	54.4941406250	0.00000000000	-0.566601574421	0.00000000000	14.7562503815	15.0187501907	14.7500000000	14.9812498093	14.8312501907	-300.000000000	0.00000000000	NaN	0.00000000000	22.3001403809	25.0004272461	640.000000000	24.3887866938	24.6035335354	25.3088064618	25.6552062893	24.0940085367	26.4512070748	-60.1230244068	-58.7742282605	-0.000859737396240	-0.000859737396240	-0.000531673431396	-0.000531673431396	NaN	NaN	NaN	NaN	NaN	0.00000000000	NaN	NaN	1.00000000000	0.00000000000	5.00000000000	0.00000000000

















3733299924.73	NaN	12.0000000000	122.000000000	0.00000000000	0.00000000000	NaN	3.48302030563	-3.21317499237	0.949766635895	-4.19478839294	0.968470573425	-0.000203609466553	0.112020969391	0.131381034851	4.08709176579	87.4530274658	0.101740343094	1015.32886530	4.35189580917	0.000684452056885	0.00135707855225	200000.000000	16.0000000000	0.00000000000	166.000000000	232.000000000	5.00000000000	0.950000000000	-0.740000000000	22.3000000000	0.00000000000	234.000000000	32.0000000000	6720096.00000	2500.00000000	2000.00000000	206.200000000	6466.00000000	1700.00000000	6000.00000000	13314.0000000	5801.00000000	23.4081460007	23.5137486754	23.1798541774	-0.365118443319	23.6668057909	26.2141808083	24.1922097605	-10.8927789160	23.5243397747	23.2737861163	23.2758785345	23.8878234650	23.9764863670	22.7635844875	-12.4077104270	0.882295696942	0.00000000000	0.100000000000	0.0500000000000	4.35194029808	0.00000000000	45.3007812500	-0.000390625005821	-0.570507824421	0.00000000000	14.7562503815	15.0187501907	14.7500000000	14.9812498093	14.8312501907	-300.000000000	0.00000000000	NaN	0.00000000000	22.2999877930	25.0001525879	640.000000000	24.3887866938	24.6035335354	25.3088064618	25.6552062893	24.0940085367	26.4512070748	-60.1230244068	-58.7742282605	-0.000859737396240	-0.000859737396240	-0.000531673431396	-0.000531673431396	NaN	NaN	NaN	NaN	NaN	0.00000000000	NaN	NaN	1.00000000000	0.00000000000	5.00000000000	0.00000000000


















3733299924.93	NaN	8.00000000000	139.000000000	0.00000000000	0.00000000000	NaN	3.49778652191	-3.07702225654	0.950094699860	-4.23363094078	0.975033283234	-0.000531673431396	0.111036300659	0.131052970886	4.04902637272	86.3107890358	0.0960715332031	1015.32886530	4.35419273376	0.000676536560059	0.00133352279663	200000.000000	16.0000000000	0.00000000000	166.000000000	232.000000000	5.00000000000	0.950000000000	-0.740000000000	22.3000000000	0.00000000000	234.000000000	32.0000000000	6720096.00000	2500.00000000	2000.00000000	206.200000000	6466.00000000	1700.00000000	6000.00000000	13314.0000000	5801.00000000	23.4081460007	23.5137486754	23.1798541774	-0.365118443319	23.6668057909	26.2141808083	24.1922097605	-10.8927789160	23.5243397747	23.2737861163	23.2758785345	23.8878234650	23.9764863670	22.7635844875	-12.4077104270	0.882295696942	0.00000000000	0.100000000000	0.0500000000000	4.35532140732	0.00000000000	45.3007812500	-0.000390625005821	-0.570507824421	0.00000000000	14.7500000000	15.0749998093	14.7500000000	14.9812498093	14.8312501907	-300.000000000	0.00000000000	NaN	0.00000000000	22.2999877930	25.0001525879	640.000000000	24.3887866938	24.6035335354	25.3088064618	25.6552062893	24.0940085367	26.4512070748	-60.1230244068	-58.7742282605	-0.000859737396240	-0.000859737396240	-0.000531673431396	-0.000531673431396	NaN	NaN	NaN	NaN	NaN	0.00000000000	NaN	NaN	1.00000000000	0.00000000000	5.00000000000	0.00000000000


















3733299925.13	NaN	8.00000000000	134.000000000	1.00000000000	1.00000000000	NaN	3.48302030563	-3.27382881653	0.949766635895	-4.21032756663	0.979627609253	-0.00217247009277	0.108083248138	0.131381034851	4.07757541752	86.6914429665	0.0993113574982	1015.24156092	4.36133289337	0.000697565078735	0.00136628150940	200000.000000	16.0000000000	0.00000000000	166.000000000	232.000000000	5.00000000000	0.950000000000	-0.740000000000	22.3000000000	0.00000000000	234.000000000	32.0000000000	6720096.00000	2500.00000000	2000.00000000	206.200000000	6466.00000000	1700.00000000	6000.00000000	13314.0000000	5801.00000000	23.4081460007	23.5137486754	23.1798541774	-0.365118443319	23.6668057909	26.2141808083	24.1922097605	-10.8927789160	23.5243397747	23.2737861163	23.2758785345	23.8878234650	23.9764863670	22.7635844875	-12.4077104270	0.882295696942	0.00000000000	0.100000000000	0.0500000000000	4.35702261925	0.00000000000	54.6953125000	0.00000000000	-0.571484386921	0.00000000000	14.7500000000	15.0749998093	14.7500000000	14.9812498093	14.8312501907	-300.000000000	1424.08449615	NaN	0.00000000000	22.2999877930	25.0001525879	640.000000000	24.3887866938	24.6035335354	25.3088064618	25.6552062893	24.0940085367	26.4512070748	-60.1230244068	-58.7742282605	-0.000859737396240	-0.000859737396240	-0.000531673431396	-0.000531673431396	NaN	NaN	NaN	NaN	NaN	0.00000000000	NaN	NaN	1.00000000000	0.00000000000	5.00000000000	0.00000000000


















3733299925.33	NaN	11.0000000000	117.000000000	0.00000000000	1.00000000000	NaN	3.50599002838	-3.44109554769	0.948453903198	-4.21809381855	0.977658748627	-0.00118780136108	0.108411312103	0.132693767548	4.06805906925	86.1204620705	0.100121019363	1015.28521311	4.35126590729	0.000712013244629	0.00136761665344	200000.000000	16.0000000000	0.00000000000	166.000000000	232.000000000	5.00000000000	0.950000000000	-0.740000000000	22.3000000000	0.00000000000	234.000000000	32.0000000000	6720096.00000	2500.00000000	2000.00000000	206.200000000	6466.00000000	1700.00000000	6000.00000000	13314.0000000	5801.00000000	23.4081460007	23.5137486754	23.1798541774	-0.365118443319	23.6668057909	26.2141808083	24.1922097605	-10.8927789160	23.5243397747	23.2737861163	23.2758785345	23.8878234650	23.9764863670	22.7635844875	-12.4077104270	0.882295696942	0.00000000000	0.100000000000	0.0500000000000	4.35628485680	0.00000000000	54.6953125000	0.00000000000	-0.571484386921	0.00000000000	14.7562503815	15.0062503815	14.7500000000	14.9812498093	14.8312501907	-300.000000000	1398.45097522	NaN	0.00000000000	22.3003845215	24.9999694824	640.000000000	24.3887866938	24.6035335354	25.3088064618	25.6552062893	24.0940085367	26.4512070748	-60.1230244068	-58.7742282605	-0.000859737396240	-0.000859737396240	-0.000531673431396	-0.000531673431396	NaN	NaN	NaN	NaN	NaN	0.00000000000	NaN	NaN	1.00000000000	0.00000000000	5.00000000000	0.00000000000

















3733299925.53	NaN	9.00000000000	123.000000000	0.00000000000	0.00000000000	NaN	3.47744178772	-3.23590552459	0.948781967163	-4.21032756663	0.976017951965	-0.00151634216309	0.110052108765	0.133021831512	4.08709176579	84.0263121758	0.104980167389	1015.37251749	4.35742139816	0.000660181045532	0.00135776996613	200000.000000	16.0000000000	0.00000000000	166.000000000	232.000000000	5.00000000000	0.950000000000	-0.740000000000	22.3000000000	0.00000000000	234.000000000	32.0000000000	6720096.00000	2500.00000000	2000.00000000	206.200000000	6466.00000000	1700.00000000	6000.00000000	13314.0000000	5801.00000000	23.4081460007	23.5137486754	23.1798541774	-0.365118443319	23.6668057909	26.2141808083	24.1922097605	-10.8927789160	23.5243397747	23.2737861163	23.2758785345	23.8878234650	23.9764863670	22.7635844875	-12.4077104270	0.882295696942	0.00000000000	0.100000000000	0.0500000000000	4.35393543243	0.00000000000	51.0722656250	0.00000000000	-0.566796898842	0.00000000000	14.7562503815	15.0062503815	14.7500000000	14.9812498093	14.8312501907	-300.000000000	0.00000000000	NaN	0.00000000000	22.3003845215	24.9999694824	640.000000000	24.3887866938	24.6035335354	25.3088064618	25.6552062893	24.0940085367	26.4512070748	-60.1230244068	-58.7742282605	-0.000859737396240	-0.000859737396240	-0.000531673431396	-0.000531673431396	NaN	NaN	NaN	NaN	NaN	0.00000000000	NaN	NaN	1.00000000000	0.00000000000	5.00000000000	0.00000000000

















3733299925.73	NaN	15.0000000000	108.000000000	1.00000000000	2.00000000000	NaN	3.48105144501	-3.14503682610	0.950422763824	-4.18702675369	0.978314876556	-0.00151634216309	0.109395980835	0.130396842957	4.03949619255	83.6456582451	0.104170505524	1015.32886530	4.35344457626	0.000668025016785	0.00135974884033	200000.000000	16.0000000000	0.00000000000	166.000000000	232.000000000	5.00000000000	0.950000000000	-0.740000000000	22.3000000000	0.00000000000	234.000000000	32.0000000000	6720096.00000	2500.00000000	2000.00000000	206.200000000	6466.00000000	1700.00000000	6000.00000000	13314.0000000	5801.00000000	23.4081460007	23.5137486754	23.1798541774	-0.365118443319	23.6668057909	26.2141808083	24.1922097605	-10.8927789160	23.5243397747	23.2737861163	23.2758785345	23.8878234650	23.9764863670	22.7635844875	-12.4077104270	0.882295696942	0.00000000000	0.100000000000	0.0500000000000	4.35272521973	0.00000000000	51.0722656250	0.00000000000	-0.566796898842	0.00000000000	14.7500000000	15.1250000000	14.7500000000	14.9875001907	14.8312501907	-300.000000000	3143.37269749	NaN	0.00000000000	22.3003845215	24.9999694824	640.000000000	24.3887866938	24.6035335354	25.3088064618	25.6552062893	24.0940085367	26.4512070748	-60.1230244068	-58.7742282605	-0.000859737396240	-0.000859737396240	-0.000531673431396	-0.000531673431396	NaN	NaN	NaN	NaN	NaN	0.00000000000	NaN	NaN	1.00000000000	0.00000000000	5.00000000000	0.00000000000

















3733299925.93	NaN	16.0000000000	123.000000000	0.00000000000	1.00000000000	NaN	3.48105144501	-3.12991521496	0.948781967163	-4.24918552670	0.971424102783	0.00110912322998	0.112020969391	0.133349895477	4.08709176579	85.5492045364	0.0976920337677	1015.41616968	4.34858798981	0.000700855255127	0.00139057636261	200000.000000	16.0000000000	0.00000000000	166.000000000	232.000000000	5.00000000000	0.950000000000	-0.740000000000	22.3000000000	0.00000000000	234.000000000	32.0000000000	6720096.00000	2500.00000000	2000.00000000	206.200000000	6466.00000000	1700.00000000	6000.00000000	13314.0000000	5801.00000000	23.4081460007	23.5137486754	23.1798541774	-0.365118443319	23.6668057909	26.2141808083	24.1922097605	-10.8927789160	23.5243397747	23.2737861163	23.2758785345	23.8878234650	23.9764863670	22.7635844875	-12.4077104270	0.882295696942	0.00000000000	0.100000000000	0.0500000000000	4.35384492874	0.00000000000	51.1914062500	0.00000000000	-0.571875035763	0.00000000000	14.7500000000	15.1250000000	14.7500000000	14.9875001907	14.8312501907	-300.000000000	1451.67921303	NaN	0.00000000000	22.2999877930	25.0003662109	640.000000000	24.3887866938	24.6035335354	25.3088064618	25.6552062893	24.0940085367	26.4512070748	-60.1230244068	-58.7742282605	-0.000859737396240	-0.000859737396240	-0.000531673431396	-0.000531673431396	NaN	NaN	NaN	NaN	NaN	0.00000000000	NaN	NaN	1.00000000000	0.00000000000	5.00000000000	0.00000000000

















3733299926.13	NaN	9.00000000000	128.000000000	0.00000000000	0.00000000000	NaN	3.48564529419	-3.11478817035	0.948781967163	-4.21809381855	0.973721027374	-0.000531673431396	0.112349033356	0.131381034851	4.04902637272	87.2627005005	0.0985016956329	1015.28521311	4.35683107376	0.000694274902344	0.00136892795563	200000.000000	16.0000000000	0.00000000000	166.000000000	232.000000000	5.00000000000	0.950000000000	-0.740000000000	22.3000000000	0.00000000000	234.000000000	32.0000000000	6720096.00000	2500.00000000	2000.00000000	206.200000000	6466.00000000	1700.00000000	6000.00000000	13314.0000000	5801.00000000	23.4081460007	23.5137486754	23.1798541774	-0.365118443319	23.6668057909	26.2141808083	24.1922097605	-10.8927789160	23.5243397747	23.2737861163	23.2758785345	23.8878234650	23.9764863670	22.7635844875	-12.4077104270	0.882295696942	0.00000000000	0.100000000000	0.0500000000000	4.35435028076	0.00000000000	51.1914062500	0.00000000000	-0.571875035763	0.00000000000	14.7562503815	15.0124998093	14.7500000000	14.9812498093	14.8289070129	-300.000000000	0.00000000000	NaN	0.00000000000	22.2999877930	25.0003662109	640.000000000	24.3887866938	24.6035335354	25.3088064618	25.6552062893	24.0940085367	26.4512070748	-60.1230244068	-58.7742282605	-0.000859737396240	-0.000859737396240	-0.000531673431396	-0.000531673431396	NaN	NaN	-273.150000000	NaN	NaN	0.00000000000	NaN	NaN	1.00000000000	0.00000000000	5.00000000000	0.00000000000

















3733299926.33	NaN	9.00000000000	93.0000000000	0.00000000000	1.00000000000	NaN	3.48105144501	-3.03927989248	0.950750827789	-4.17926664898	0.977658748627	-0.00151634216309	0.111364841461	0.130068778992	4.05854272099	84.2166391411	0.105789829254	1015.41616968	4.35575485229	0.000646996498108	0.00132954120636	200000.000000	16.0000000000	0.00000000000	166.000000000	232.000000000	5.00000000000	0.950000000000	-0.740000000000	22.3000000000	0.00000000000	234.000000000	32.0000000000	6720096.00000	2500.00000000	2000.00000000	206.200000000	6466.00000000	1700.00000000	6000.00000000	13314.0000000	5801.00000000	23.4081460007	23.5137486754	23.1798541774	-0.365118443319	23.6668057909	26.2141808083	24.1922097605	-10.8927789160	23.5243397747	23.2737861163	23.2758785345	23.8878234650	23.9764863670	22.7635844875	-12.4077104270	0.882295696942	0.00000000000	0.100000000000	0.0500000000000	4.35383968353	0.00000000000	52.4726562500	0.00000000000	-0.569140613079	0.00000000000	14.7562503815	15.0124998093	14.7500000000	14.9812498093	14.8289070129	-300.000000000	1480.36447624	NaN	0.00000000000	22.3001098633	25.0003356934	640.000000000	24.3887866938	24.6035335354	25.3088064618	25.6552062893	24.0940085367	26.4512070748	-60.1230244068	-58.7742282605	-0.000859737396240	-0.000859737396240	-0.000531673431396	-0.000531673431396	NaN	NaN	-273.150000000	NaN	NaN	0.00000000000	NaN	NaN	1.00000000000	0.00000000000	5.00000000000	0.00000000000


















3733299926.53	NaN	12.0000000000	109.000000000	0.00000000000	4.00000000000	NaN	3.48466062546	-3.16774066425	0.949766635895	-4.16375103863	0.979955673218	-0.00184440612793	0.108083248138	0.130724906921	4.02997984428	84.2166391411	0.103360843658	1015.32886530	4.35386466980	0.000647687911987	0.00133223533630	200000.000000	16.0000000000	0.00000000000	166.000000000	232.000000000	5.00000000000	0.950000000000	-0.740000000000	22.3000000000	0.00000000000	234.000000000	32.0000000000	6720096.00000	2500.00000000	2000.00000000	206.200000000	6466.00000000	1700.00000000	6000.00000000	13314.0000000	5801.00000000	23.4081460007	23.5137486754	23.1798541774	-0.365118443319	23.6668057909	26.2141808083	24.1922097605	-10.8927789160	23.5243397747	23.2737861163	23.2758785345	23.8878234650	23.9764863670	22.7635844875	-12.4077104270	0.882295696942	0.00000000000	0.100000000000	0.0500000000000	4.35484776497	0.00000000000	52.4726562500	0.00000000000	-0.569140613079	0.00000000000	14.7562503815	15.1250000000	14.7500000000	14.9812498093	14.8312501907	-300.000000000	5945.80634910	NaN	0.00000000000	22.3001098633	25.0003356934	640.000000000	24.3887866938	24.6035335354	25.3088064618	25.6552062893	24.0940085367	26.4512070748	-60.1230244068	-58.7742282605	-0.000859737396240	-0.000859737396240	-0.000531673431396	-0.000531673431396	NaN	NaN	-273.150000000	NaN	NaN	0.00000000000	NaN	NaN	1.00000000000	0.00000000000	5.00000000000	0.00000000000


















3733299926.73	NaN	9.00000000000	109.000000000	0.00000000000	0.00000000000	NaN	3.49450492859	-3.17530773014	0.947141647339	-4.28807079107	0.974049091339	0.000124454498291	0.112677097321	0.133349895477	3.87769060822	83.0744007111	0.0993113574982	1015.28521311	4.35887861252	0.000701475143433	0.00137548446655	200000.000000	16.0000000000	0.00000000000	166.000000000	232.000000000	5.00000000000	0.950000000000	-0.740000000000	22.3000000000	0.00000000000	234.000000000	32.0000000000	6720096.00000	2500.00000000	2000.00000000	206.200000000	6466.00000000	1700.00000000	6000.00000000	13314.0000000	5801.00000000	23.4081460007	23.5137486754	23.1798541774	-0.365118443319	23.6668057909	26.2141808083	24.1922097605	-10.8927789160	23.5243397747	23.2737861163	23.2758785345	23.8878234650	23.9764863670	22.7635844875	-12.4077104270	0.882295696942	0.00000000000	0.100000000000	0.0500000000000	4.35704751015	0.00000000000	45.6835937500	0.00000000000	-0.568359375000	0.00000000000	14.7562503815	15.1250000000	14.7500000000	14.9812498093	14.8312501907	-300.000000000	0.00000000000	NaN	0.00000000000	22.3001098633	24.9999694824	640.000000000	24.3887866938	24.6035335354	25.3088064618	25.6552062893	24.0940085367	26.4512070748	-60.1230244068	-58.7742282605	-0.000859737396240	-0.000859737396240	-0.000531673431396	-0.000531673431396	NaN	NaN	-273.150000000	NaN	NaN	0.00000000000	NaN	NaN	1.00000000000	0.00000000000	5.00000000000	0.00000000000

















3733299926.93	NaN	12.0000000000	96.0000000000	0.00000000000	0.00000000000	NaN	3.48597335815	-3.14503682610	0.951407432556	-4.24918552670	0.971752166748	0.000124454498291	0.112349033356	0.132037639618	4.02997984428	85.1685506058	0.100121019363	1015.37251749	4.35168552399	0.000687026977539	0.00134797096252	200000.000000	16.0000000000	0.00000000000	166.000000000	232.000000000	5.00000000000	0.950000000000	-0.740000000000	22.3000000000	0.00000000000	234.000000000	32.0000000000	6720096.00000	2500.00000000	2000.00000000	206.200000000	6466.00000000	1700.00000000	6000.00000000	13314.0000000	5801.00000000	23.4081460007	23.5137486754	23.1798541774	-0.365118443319	23.6668057909	26.2141808083	24.1922097605	-10.8927789160	23.5243397747	23.2737861163	23.2758785345	23.8878234650	23.9764863670	22.7635844875	-12.4077104270	0.882295696942	0.00000000000	0.100000000000	0.0500000000000	4.35962281227	0.00000000000	45.6835937500	0.00000000000	-0.568359375000	0.00000000000	14.7562503815	15.0687503815	14.7500000000	14.9875001907	14.8312501907	-300.000000000	0.00000000000	NaN	0.00000000000	22.2998962402	24.9999694824	640.000000000	24.3887866938	24.6035335354	25.3088064618	25.6552062893	24.0940085367	26.4512070748	-60.1230244068	-58.7742282605	-0.000859737396240	-0.000859737396240	-0.000531673431396	-0.000531673431396	NaN	NaN	-273.150000000	NaN	NaN	0.00000000000	NaN	NaN	1.00000000000	0.00000000000	5.00000000000	0.00000000000


















3733299927.13	NaN	12.0000000000	139.000000000	0.00000000000	1.00000000000	NaN	3.49220800400	-3.31938101759	0.940250396729	-4.40499359801	0.968142509460	2.46545267105	0.273466587067	0.158617019653	4.91520771160	83.8359852104	0.0993113574982	1015.37251749	4.36257982254	0.000677204132080	0.00135452747345	200000.000000	16.0000000000	0.00000000000	166.000000000	232.000000000	5.00000000000	0.950000000000	-0.740000000000	22.3000000000	0.00000000000	234.000000000	32.0000000000	6720096.00000	2500.00000000	2000.00000000	206.200000000	6466.00000000	1700.00000000	6000.00000000	13314.0000000	5801.00000000	23.4081460007	23.5137486754	23.1798541774	-0.365118443319	23.6668057909	26.2141808083	24.1922097605	-10.8927789160	23.5243397747	23.2737861163	23.2758785345	23.8878234650	23.9764863670	22.7635844875	-12.4077104270	0.882295696942	0.00000000000	0.100000000000	0.0500000000000	4.35954017639	0.00000000000	54.2207031250	0.00000000000	-0.570117175579	0.00000000000	14.7562503815	15.0687503815	14.7500000000	14.9875001907	14.8312501907	-300.000000000	1398.45097522	NaN	0.00000000000	22.2998962402	24.9999694824	640.000000000	24.3887866938	24.6035335354	25.3088064618	25.6552062893	24.0940085367	26.4512070748	-60.1230244068	-58.7742282605	-0.000859737396240	-0.000859737396240	-0.000531673431396	-0.000531673431396	NaN	NaN	-273.150000000	-273.150000000	NaN	0.00000000000	NaN	NaN	1.00000000000	0.00000000000	5.00000000000	0.00000000000

















3733299927.33	NaN	9.00000000000	132.000000000	0.00000000000	1.00000000000	NaN	3.48006677628	-3.34978108978	0.952719688416	-4.21032756663	0.976346015930	2.46545267105	0.274122714996	0.158288955688	4.79146752033	97.9235003014	0.0993113574982	1015.54718970	4.36317062378	0.000670623779297	0.00141158103943	200000.000000	16.0000000000	0.00000000000	166.000000000	232.000000000	5.00000000000	0.950000000000	-0.740000000000	22.3000000000	0.00000000000	234.000000000	32.0000000000	6720096.00000	2500.00000000	2000.00000000	206.200000000	6466.00000000	1700.00000000	6000.00000000	13314.0000000	5801.00000000	23.4081460007	23.5137486754	23.1798541774	-0.365118443319	23.6668057909	26.2141808083	24.1922097605	-10.8927789160	23.5243397747	23.2737861163	23.2758785345	23.8878234650	23.9764863670	22.7635844875	-12.4077104270	0.882295696942	0.00000000000	0.100000000000	0.0500000000000	4.36067018509	0.00000000000	54.2207031250	0.00000000000	-0.570117175579	0.00000000000	14.7562503815	15.0000000000	14.7500000000	14.9812498093	14.8312501907	-300.000000000	1604.95521257	NaN	0.00000000000	22.2998962402	25.0003967285	640.000000000	24.3887866938	24.6035335354	25.3088064618	25.6552062893	24.0940085367	26.4512070748	-60.1230244068	-58.7742282605	-0.000859737396240	-0.000859737396240	-0.000531673431396	-0.000531673431396	NaN	NaN	-273.150000000	-273.150000000	NaN	0.00000000000	NaN	NaN	1.00000000000	0.00000000000	5.00000000000	0.00000000000

















3733299927.53	NaN	11.0000000000	119.000000000	0.00000000000	1.00000000000	NaN	3.47547292709	-3.25865969322	0.951078891754	-4.22586160955	0.973721027374	2.47168779373	0.274779319763	0.157960891724	4.79146752033	103.254038521	0.0968823719025	1015.41616968	4.35542631149	0.000678563117981	0.00139846801758	200000.000000	16.0000000000	0.00000000000	166.000000000	232.000000000	5.00000000000	0.950000000000	-0.740000000000	22.3000000000	0.00000000000	234.000000000	32.0000000000	6720096.00000	2500.00000000	2000.00000000	206.200000000	6466.00000000	1700.00000000	6000.00000000	13314.0000000	5801.00000000	23.4081460007	23.5137486754	23.1798541774	-0.365118443319	23.6668057909	26.2141808083	24.1922097605	-10.8927789160	23.5243397747	23.2737861163	23.2758785345	23.8878234650	23.9764863670	22.7635844875	-12.4077104270	0.882295696942	0.00000000000	0.100000000000	0.0500000000000	4.35953216553	0.00000000000	47.1328125000	-0.000390625005821	-0.566406250000	0.00000000000	14.7562503815	15.0000000000	14.7500000000	14.9812498093	14.8312501907	-300.000000000	1509.11975743	NaN	0.00000000000	22.2998962402	25.0003967285	640.000000000	24.3887866938	24.6035335354	25.3088064618	25.6552062893	24.0940085367	26.4512070748	-60.1230244068	-58.7742282605	-0.000859737396240	-0.000859737396240	-0.000531673431396	-0.000531673431396	NaN	NaN	-273.150000000	-273.150000000	NaN	0.00000000000	NaN	NaN	1.00000000000	0.00000000000	5.00000000000	0.00000000000


















3733299927.73	NaN	12.0000000000	133.000000000	0.00000000000	0.00000000000	NaN	3.48400449753	-3.26624355205	0.954360485077	-4.17150807767	0.976346015930	2.46775007248	0.279045104980	0.159601211548	4.74387194710	98.4947578354	0.100121019363	1014.97958432	4.36402368546	0.000681805610657	0.00141620635986	200000.000000	16.0000000000	0.00000000000	166.000000000	232.000000000	5.00000000000	0.950000000000	-0.740000000000	22.3000000000	0.00000000000	234.000000000	32.0000000000	6720096.00000	2500.00000000	2000.00000000	206.200000000	6466.00000000	1700.00000000	6000.00000000	13314.0000000	5801.00000000	23.4081460007	23.5137486754	23.1798541774	-0.365118443319	23.6668057909	26.2141808083	24.1922097605	-10.8927789160	23.5243397747	23.2737861163	23.2758785345	23.8878234650	23.9764863670	22.7635844875	-12.4077104270	0.882295696942	0.00000000000	0.100000000000	0.0500000000000	4.36009531021	0.00000000000	47.1328125000	-0.000390625005821	-0.566406250000	0.00000000000	14.7562503815	15.1062498093	14.7500000000	14.9812498093	14.8312501907	-300.000000000	0.00000000000	NaN	0.00000000000	22.2999572754	25.0002746582	640.000000000	24.3887866938	24.6035335354	25.3088064618	25.6552062893	24.0940085367	26.4512070748	-60.1230244068	-58.7742282605	-0.000859737396240	-0.000859737396240	-0.000531673431396	-0.000531673431396	NaN	NaN	-273.150000000	-273.150000000	NaN	0.00000000000	NaN	NaN	1.00000000000	0.00000000000	5.00000000000	0.00000000000

















3733299927.93	NaN	16.0000000000	124.000000000	0.00000000000	0.00000000000	NaN	3.48925495148	-3.28900356653	0.952391624451	-4.20256285267	0.975361824036	2.46545267105	0.275763511658	0.159273147583	4.79146752033	99.0657387314	0.0952618713379	1015.32886530	4.35638475418	0.000672602653503	0.00140764713287	200000.000000	16.0000000000	0.00000000000	166.000000000	232.000000000	5.00000000000	0.950000000000	-0.740000000000	22.3000000000	0.00000000000	234.000000000	32.0000000000	6720096.00000	2500.00000000	2000.00000000	206.200000000	6466.00000000	1700.00000000	6000.00000000	13314.0000000	5801.00000000	23.4081460007	23.5137486754	23.1798541774	-0.365118443319	23.6668057909	26.2141808083	24.1922097605	-10.8927789160	23.5243397747	23.2737861163	23.2758785345	23.8878234650	23.9764863670	22.7635844875	-12.4077104270	0.882295696942	0.00000000000	0.100000000000	0.0500000000000	4.35998249054	0.00000000000	51.6582031250	0.00000000000	-0.569921910763	0.00000000000	14.7562503815	15.1062498093	14.7500000000	14.9812498093	14.8312501907	-300.000000000	0.00000000000	NaN	0.00000000000	22.2999572754	25.0002746582	640.000000000	24.3887866938	24.6035335354	25.3088064618	25.6552062893	24.0940085367	26.4512070748	-60.1230244068	-58.7742282605	-0.000859737396240	-0.000859737396240	-0.000531673431396	-0.000531673431396	NaN	NaN	-273.150000000	-273.150000000	NaN	0.00000000000	NaN	NaN	1.00000000000	0.00000000000	5.00000000000	0.00000000000


















3733299928.13	NaN	14.0000000000	95.0000000000	0.00000000000	4.00000000000	NaN	3.48072338104	-3.03927989248	0.956657409668	-3.79310382512	0.987831115723	2.48054742813	0.274122714996	0.163538932800	4.87714231853	102.111800091	0.104170505524	1015.41616968	0.215818405151	0.000673913955688	0.00132236480713	200000.000000	16.0000000000	0.00000000000	166.000000000	232.000000000	5.00000000000	0.950000000000	-0.740000000000	22.3000000000	0.00000000000	232.000000000	32.0000000000	6720096.00000	2500.00000000	2000.00000000	206.200000000	6466.00000000	1700.00000000	6000.00000000	13314.0000000	5801.00000000	23.4081460007	23.5137486754	23.1798541774	-0.365118443319	23.6668057909	26.2141808083	24.1922097605	-10.8927789160	23.5243397747	23.2737861163	23.2758785345	23.8878234650	23.9764863670	22.7635844875	-12.4077104270	0.882295696942	0.00000000000	0.100000000000	0.0500000000000	0.885317373276	0.00000000000	51.6582031250	0.00000000000	-0.569921910763	0.00000000000	14.7562503815	15.0062503815	14.7500000000	14.9812498093	14.8312501907	-300.000000000	5818.11042284	NaN	0.00000000000	22.2999572754	25.0002746582	640.000000000	24.3887866938	24.6035335354	25.3088064618	25.6552062893	24.0940085367	26.4512070748	-60.1230244068	-58.7742282605	-0.000859737396240	-0.000859737396240	-0.000531673431396	-0.000531673431396	NaN	NaN	-273.150000000	-273.150000000	NaN	0.00000000000	NaN	NaN	1.00000000000	0.00000000000	5.00000000000	0.00000000000


















3733299928.33	NaN	9.00000000000	136.000000000	0.00000000000	0.00000000000	NaN	3.49220800400	-3.28900356653	0.955016613007	-4.15599553074	0.974705219269	2.47989130020	0.274779319763	0.164195537567	4.89617501507	104.205673347	0.101740343094	1015.19784528	0.00605726242065	0.000715303421021	0.00121679306030	200000.000000	16.0000000000	0.00000000000	166.000000000	232.000000000	5.00000000000	0.950000000000	-0.740000000000	22.3000000000	0.00000000000	232.000000000	32.0000000000	6720096.00000	2500.00000000	2000.00000000	206.200000000	6466.00000000	1700.00000000	6000.00000000	13314.0000000	5801.00000000	23.4081460007	23.5137486754	23.1798541774	-0.365118443319	23.6668057909	26.2141808083	24.1922097605	-10.8927789160	23.5243397747	23.2737861163	23.2758785345	23.8878234650	23.9764863670	22.7635844875	-12.4077104270	0.882295696942	0.00000000000	0.100000000000	0.0500000000000	0.0431111335754	0.00000000000	46.8359375000	-0.000390625005821	-0.566015660763	0.00000000000	14.7562503815	15.0062503815	14.7500000000	14.9812498093	14.8312501907	-300.000000000	0.00000000000	NaN	0.00000000000	22.3002319336	25.0000610352	640.000000000	24.3887866938	24.6035335354	25.3088064618	25.6552062893	24.0940085367	26.4512070748	-60.1230244068	-58.7742282605	-0.000859737396240	-0.000859737396240	-0.000531673431396	-0.000531673431396	NaN	NaN	-273.150000000	-273.150000000	NaN	0.00000000000	NaN	NaN	1.00000000000	0.00000000000	5.00000000000	0.00000000000

















3733299928.53	NaN	14.0000000000	107.000000000	0.00000000000	1.00000000000	NaN	3.48039484024	-3.06946224789	0.956001281738	-4.22586160955	0.973392963409	2.48120355606	0.274451255798	0.164523601532	4.88665866680	103.063434917	0.0985016956329	1015.50353751	-0.00381326675415	0.000682497024536	0.00121474266052	200000.000000	16.0000000000	0.00000000000	166.000000000	232.000000000	5.00000000000	0.950000000000	-0.740000000000	22.3000000000	0.00000000000	232.000000000	32.0000000000	6720096.00000	2500.00000000	2000.00000000	206.200000000	6466.00000000	1700.00000000	6000.00000000	13314.0000000	5801.00000000	23.4081460007	23.5137486754	23.1798541774	-0.365118443319	23.6668057909	26.2141808083	24.1922097605	-10.8927789160	23.5243397747	23.2737861163	23.2758785345	23.8878234650	23.9764863670	22.7635844875	-12.4077104270	0.882295696942	0.00000000000	0.100000000000	0.0500000000000	0.0205952644348	0.00000000000	46.8359375000	-0.000390625005821	-0.566015660763	0.00000000000	14.7562503815	15.1250000000	14.7500000000	14.9812498093	14.8312501907	-300.000000000	1509.11975743	NaN	0.00000000000	22.3002319336	25.0000610352	640.000000000	24.3887866938	24.6035335354	25.3088064618	25.6552062893	24.0940085367	26.4512070748	-60.1230244068	-58.7742282605	-0.000859737396240	-0.000859737396240	-0.000531673431396	-0.000531673431396	NaN	NaN	-273.150000000	-273.150000000	NaN	0.00000000000	NaN	NaN	1.00000000000	0.00000000000	5.00000000000	0.00000000000


















3733299928.73	NaN	11.0000000000	133.000000000	0.00000000000	0.00000000000	NaN	3.48072338104	-3.15259971543	0.958626270294	-4.18702675369	0.977658748627	2.48087549210	0.275107383728	0.163538932800	4.69629020576	98.3041542320	0.101740343094	1015.37251749	-0.00986385345459	0.000713968276978	0.00124495029449	200000.000000	16.0000000000	0.00000000000	166.000000000	232.000000000	5.00000000000	0.950000000000	-0.740000000000	22.3000000000	0.00000000000	232.000000000	32.0000000000	6720096.00000	2500.00000000	2000.00000000	206.200000000	6466.00000000	1700.00000000	6000.00000000	13314.0000000	5801.00000000	23.4081460007	23.5137486754	23.1798541774	-0.365118443319	23.6668057909	26.2141808083	24.1922097605	-10.8927789160	23.5243397747	23.2737861163	23.2758785345	23.8878234650	23.9764863670	22.7635844875	-12.4077104270	0.882295696942	0.00000000000	0.100000000000	0.0500000000000	0.00742769241333	0.00000000000	45.7832031250	-0.000390625005821	-0.571484386921	0.00000000000	14.7562503815	15.1250000000	14.7500000000	14.9812498093	14.8312501907	-300.000000000	0.00000000000	NaN	0.00000000000	22.3001708984	25.0002441406	640.000000000	24.3887866938	24.6035335354	25.3088064618	25.6552062893	24.0940085367	26.4512070748	-60.1230244068	-58.7742282605	-0.000859737396240	-0.000859737396240	-0.000531673431396	-0.000531673431396	NaN	NaN	-273.150000000	-273.150000000	NaN	0.00000000000	NaN	NaN	1.00000000000	0.00000000000	5.00000000000	0.00000000000


















3733299928.93	NaN	13.0000000000	131.000000000	0.00000000000	0.00000000000	NaN	3.50336503983	-3.29659305408	0.960595130920	-4.17150807767	0.976674079895	2.47398471832	0.274779319763	0.165507793427	4.84857944183	102.682780987	0.101740343094	1015.32886530	-0.00844621658325	0.000677800178528	0.00119307041168	200000.000000	16.0000000000	0.00000000000	166.000000000	232.000000000	5.00000000000	0.950000000000	-0.740000000000	22.3000000000	0.00000000000	232.000000000	32.0000000000	6720096.00000	2500.00000000	2000.00000000	206.200000000	6466.00000000	1700.00000000	6000.00000000	13314.0000000	5801.00000000	23.4081460007	23.5137486754	23.1798541774	-0.365118443319	23.6668057909	26.2141808083	24.1922097605	-10.8927789160	23.5243397747	23.2737861163	23.2758785345	23.8878234650	23.9764863670	22.7635844875	-12.4077104270	0.882295696942	0.00000000000	0.100000000000	0.0500000000000	-0.00221176147461	0.00000000000	45.7832031250	-0.000390625005821	-0.571484386921	0.00000000000	14.7562503815	15.0124998093	14.7562503815	14.9812498093	14.8312501907	-300.000000000	0.00000000000	NaN	0.00000000000	22.3001708984	25.0002441406	640.000000000	24.3887866938	24.6035335354	25.3088064618	25.6552062893	24.0940085367	26.4512070748	-60.1230244068	-58.7742282605	-0.000859737396240	-0.000859737396240	-0.000531673431396	-0.000531673431396	NaN	NaN	-273.150000000	-273.150000000	NaN	0.00000000000	NaN	NaN	1.00000000000	0.00000000000	5.00000000000	0.00000000000

















3733299929.13	NaN	14.0000000000	113.000000000	0.00000000000	0.00000000000	NaN	3.47842597961	-3.07702225654	0.962892055511	-4.17926664898	0.975033283234	2.51861190796	0.275107383728	0.163210868835	4.82954674530	102.873107952	0.100121019363	1015.45982187	-0.00841999053955	0.000659513473511	0.00118656158447	200000.000000	16.0000000000	0.00000000000	166.000000000	232.000000000	5.00000000000	0.950000000000	-0.740000000000	22.3000000000	0.00000000000	232.000000000	32.0000000000	6720096.00000	2500.00000000	2000.00000000	206.200000000	6466.00000000	1700.00000000	6000.00000000	13314.0000000	5801.00000000	23.4081460007	23.5137486754	23.1798541774	-0.365118443319	23.6668057909	26.2141808083	24.1922097605	-10.8927789160	23.5243397747	23.2737861163	23.2758785345	23.8878234650	23.9764863670	22.7635844875	-12.4077104270	0.882295696942	0.00000000000	0.100000000000	0.0500000000000	0.00623989105225	0.00000000000	54.7089843750	0.00000000000	-0.566796898842	0.00000000000	14.7562503815	15.0124998093	14.7562503815	14.9812498093	14.8312501907	-300.000000000	0.00000000000	NaN	0.00000000000	22.3001708984	25.0002441406	640.000000000	24.3887866938	24.5438624518	25.3088064618	25.6552062893	24.0940085367	26.4512070748	-60.1230244068	-58.7742282605	-0.000859737396240	-0.000859737396240	-0.000531673431396	-0.000531673431396	NaN	NaN	-273.150000000	-273.150000000	NaN	0.00000000000	NaN	NaN	1.00000000000	0.00000000000	5.00000000000	0.00000000000


















3733299929.33	NaN	13.0000000000	106.000000000	0.00000000000	0.00000000000	NaN	3.49352073669	-3.21317499237	0.962892055511	-4.21809381855	0.971424102783	2.51598691940	0.275763511658	0.165507793427	4.84857944183	103.634692451	0.0968823719025	1015.28521311	-0.00979852676392	0.000680446624756	0.00117406845093	200000.000000	16.0000000000	0.00000000000	166.000000000	232.000000000	5.00000000000	0.950000000000	-0.740000000000	22.3000000000	0.00000000000	232.000000000	32.0000000000	6720096.00000	2500.00000000	2000.00000000	206.200000000	6466.00000000	1700.00000000	6000.00000000	13314.0000000	5801.00000000	23.4081460007	23.5137486754	23.1798541774	-0.365118443319	23.6668057909	26.2141808083	24.1922097605	-10.8927789160	23.5243397747	23.2737861163	23.2758785345	23.8878234650	23.9764863670	22.7635844875	-12.4077104270	0.882295696942	0.00000000000	0.100000000000	0.0500000000000	0.00197663307190	0.00000000000	54.7089843750	0.00000000000	-0.566796898842	0.00000000000	14.7500000000	15.0062503815	14.7500000000	14.9812498093	14.8312501907	-300.000000000	0.00000000000	NaN	0.00000000000	22.3001098633	25.0000610352	640.000000000	24.3887866938	24.5438624518	25.3088064618	25.6552062893	24.0940085367	26.4512070748	-60.1230244068	-58.7742282605	-0.000859737396240	-0.000859737396240	-0.000531673431396	-0.000531673431396	NaN	NaN	-273.150000000	-273.150000000	NaN	0.00000000000	NaN	NaN	1.00000000000	0.00000000000	5.00000000000	0.00000000000

















3733299929.53	NaN	16.0000000000	126.000000000	0.00000000000	1.00000000000	NaN	3.48302030563	-3.26624355205	0.964532852173	-4.16375103863	0.980939865112	2.51598691940	0.273466587067	0.164195537567	4.83906309357	104.205673347	0.101740343094	1015.28521311	-0.00779008865356	0.000678515434265	0.00119440555573	200000.000000	16.0000000000	0.00000000000	166.000000000	232.000000000	5.00000000000	0.950000000000	-0.740000000000	22.3000000000	0.00000000000	232.000000000	32.0000000000	6720096.00000	2500.00000000	2000.00000000	206.200000000	6466.00000000	1700.00000000	6000.00000000	13314.0000000	5801.00000000	23.4081460007	23.5137486754	23.1798541774	-0.365118443319	23.6668057909	26.2141808083	24.1922097605	-10.8927789160	23.5243397747	23.2737861163	23.2758785345	23.8878234650	23.9764863670	22.7635844875	-12.4077104270	0.882295696942	0.00000000000	0.100000000000	0.0500000000000	0.00772171020508	0.00000000000	45.2265625000	0.00000000000	-0.568554699421	0.00000000000	14.7500000000	15.0062503815	14.7500000000	14.9812498093	14.8312501907	-300.000000000	1348.98807899	NaN	0.00000000000	22.3001098633	25.0000610352	640.000000000	24.3887866938	24.5438624518	25.3088064618	25.6552062893	24.0940085367	26.4512070748	-60.1230244068	-58.7742282605	-0.000859737396240	-0.000859737396240	-0.000531673431396	-0.000531673431396	NaN	NaN	-273.150000000	-273.150000000	NaN	0.00000000000	NaN	NaN	1.00000000000	0.00000000000	5.00000000000	0.00000000000


















3733299929.73	NaN	14.0000000000	118.000000000	0.00000000000	1.00000000000	NaN	3.48433256149	-3.09967765529	0.965517520905	-4.19478839294	0.979955673218	2.51631498337	0.274779319763	0.163210868835	4.74387194710	103.254038521	0.0985016956329	1015.24156092	-0.00887966156006	0.000716590881348	0.00124554634094	200000.000000	16.0000000000	0.00000000000	166.000000000	232.000000000	5.00000000000	0.950000000000	-0.740000000000	22.3000000000	0.00000000000	232.000000000	32.0000000000	6720096.00000	2500.00000000	2000.00000000	206.200000000	6466.00000000	1700.00000000	6000.00000000	13314.0000000	5801.00000000	23.4081460007	23.5137486754	23.1798541774	-0.365118443319	23.6668057909	26.2141808083	24.1922097605	-10.8927789160	23.5243397747	23.2737861163	23.2758785345	23.8878234650	23.9764863670	22.7635844875	-12.4077104270	0.882295696942	0.00000000000	0.100000000000	0.0500000000000	0.0113352298737	0.00000000000	45.2265625000	0.00000000000	-0.568554699421	0.00000000000	14.7562503815	15.0749998093	14.7500000000	14.9812498093	14.8312501907	-300.000000000	1398.45097522	NaN	0.00000000000	22.3001098633	25.0000610352	640.000000000	24.3887866938	24.5438624518	25.3088064618	25.6552062893	24.0940085367	26.4512070748	-60.1230244068	-58.7742282605	-0.000859737396240	-0.000859737396240	-0.000531673431396	-0.000531673431396	NaN	NaN	-273.150000000	-273.150000000	NaN	0.00000000000	NaN	NaN	1.00000000000	0.00000000000	5.00000000000	0.00000000000


















3733299929.93	NaN	16.0000000000	97.0000000000	0.00000000000	0.00000000000	NaN	3.48728609085	-3.09212447352	0.968798637390	-4.14823028365	0.980283737183	2.51565837860	0.273466587067	0.164195537567	4.80098386860	102.492454021	0.100930681229	1015.32886530	-0.00651693344116	0.000725173950195	0.00125350952148	200000.000000	16.0000000000	0.00000000000	166.000000000	232.000000000	5.00000000000	0.950000000000	-0.740000000000	22.3000000000	0.00000000000	232.000000000	32.0000000000	6720096.00000	2500.00000000	2000.00000000	206.200000000	6466.00000000	1700.00000000	6000.00000000	13314.0000000	5801.00000000	23.4081460007	23.5137486754	23.1798541774	-0.365118443319	23.6668057909	26.2141808083	24.1922097605	-10.8927789160	23.5243397747	23.2737861163	23.2758785345	23.8878234650	23.9764863670	22.7635844875	-12.4077104270	0.882295696942	0.00000000000	0.100000000000	0.0500000000000	-0.00121164321899	0.00000000000	52.1542968750	0.00000000000	-0.572265625000	0.00000000000	14.7562503815	15.0749998093	14.7500000000	14.9812498093	14.8312501907	-300.000000000	0.00000000000	NaN	0.00000000000	22.3000793457	25.0001525879	640.000000000	24.3887866938	24.5438624518	25.3088064618	25.6552062893	24.0940085367	26.4512070748	-60.1230244068	-58.7742282605	-0.000859737396240	-0.000859737396240	-0.000531673431396	-0.000531673431396	NaN	NaN	-273.150000000	-273.150000000	NaN	0.00000000000	NaN	NaN	1.00000000000	0.00000000000	5.00000000000	0.00000000000


















3733299930.13	NaN	6.00000000000	128.000000000	0.00000000000	0.00000000000	NaN	3.48564529419	-3.19801729297	0.968470573425	-4.17926664898	0.972408294678	2.53501892090	0.275107383728	0.164851665497	4.77243482380	102.302127056	0.100121019363	1015.24156092	-0.00454807281494	0.000702834129333	0.00122065544128	200000.000000	16.0000000000	0.00000000000	166.000000000	232.000000000	5.00000000000	0.950000000000	-0.740000000000	22.3000000000	0.00000000000	232.000000000	32.0000000000	6720096.00000	2500.00000000	2000.00000000	206.200000000	6466.00000000	1700.00000000	6000.00000000	13314.0000000	5801.00000000	23.4081460007	23.5137486754	23.1798541774	-0.365118443319	23.6668057909	26.2141808083	24.1922097605	-10.8927789160	23.5243397747	23.2737861163	23.2758785345	23.8878234650	23.9764863670	22.7635844875	-12.4077104270	0.882295696942	0.00000000000	0.100000000000	0.0500000000000	0.00415163040161	0.00000000000	52.1542968750	0.00000000000	-0.572265625000	0.00000000000	14.7562503815	15.0000000000	14.7500000000	14.9812498093	14.8312501907	-300.000000000	0.00000000000	NaN	0.00000000000	22.3000793457	25.0001525879	640.000000000	24.3887866938	24.5438624518	25.2794884430	25.6552062893	24.0940085367	26.4512070748	-60.1230244068	-58.7742282605	-0.000859737396240	-0.000859737396240	-0.000531673431396	-0.000531673431396	NaN	NaN	-273.150000000	-273.150000000	NaN	0.00000000000	NaN	NaN	1.00000000000	0.00000000000	5.00000000000	0.00000000000


















3733299930.33	NaN	8.00000000000	120.000000000	0.00000000000	1.00000000000	NaN	3.48367643356	-3.03173774501	0.972080230713	-4.13272691782	0.978314876556	2.53534698486	0.275435447693	0.164523601532	4.78195117207	105.919169312	0.100930681229	1015.41616968	-0.00378704071045	0.000676560401917	0.00121147632599	200000.000000	16.0000000000	0.00000000000	166.000000000	232.000000000	5.00000000000	0.950000000000	-0.740000000000	22.3000000000	0.00000000000	232.000000000	32.0000000000	6720096.00000	2500.00000000	2000.00000000	206.200000000	6466.00000000	1700.00000000	6000.00000000	13314.0000000	5801.00000000	23.4081460007	23.5137486754	23.1798541774	-0.365118443319	23.6668057909	26.2141808083	24.1922097605	-10.8927789160	23.5243397747	23.2737861163	23.2758785345	23.8878234650	23.9764863670	22.7635844875	-12.4077104270	0.882295696942	0.00000000000	0.100000000000	0.0500000000000	0.00144495964050	0.00000000000	50.2070312500	0.00000000000	-0.566796898842	0.00000000000	14.7562503815	15.0000000000	14.7500000000	14.9812498093	14.8312501907	-300.000000000	1424.08449615	NaN	0.00000000000	22.2999572754	25.0004272461	640.000000000	24.3887866938	24.5438624518	25.2794884430	25.6552062893	24.0940085367	26.4512070748	-60.1230244068	-58.7742282605	-0.000859737396240	-0.000859737396240	-0.000531673431396	-0.000531673431396	NaN	NaN	-273.150000000	-273.150000000	NaN	0.00000000000	NaN	NaN	1.00000000000	0.00000000000	5.00000000000	0.00000000000

















3733299930.53	NaN	17.0000000000	122.000000000	0.00000000000	1.00000000000	NaN	3.48269224167	-3.09212447352	0.973721027374	-4.14823028365	0.981267929077	2.53436279297	0.274122714996	0.162226676941	4.72483925056	103.254038521	0.0985016956329	1015.32886530	-0.00206756591797	0.000679135322571	0.00121216773987	200000.000000	16.0000000000	0.00000000000	166.000000000	232.000000000	5.00000000000	0.950000000000	-0.740000000000	22.3000000000	0.00000000000	232.000000000	32.0000000000	6720096.00000	2500.00000000	2000.00000000	206.200000000	6466.00000000	1700.00000000	6000.00000000	13314.0000000	5801.00000000	23.4081460007	23.5137486754	23.1798541774	-0.365118443319	23.6668057909	26.2141808083	24.1922097605	-10.8927789160	23.5243397747	23.2737861163	23.2758785345	23.8878234650	23.9764863670	22.7635844875	-12.4077104270	0.882295696942	0.00000000000	0.100000000000	0.0500000000000	0.00488524436951	0.00000000000	50.2070312500	0.00000000000	-0.566796898842	0.00000000000	14.7500000000	15.1187505722	14.7562503815	14.9875001907	14.8312501907	-300.000000000	1302.90463530	NaN	0.00000000000	22.2999572754	25.0004272461	640.000000000	24.3887866938	24.5438624518	25.2794884430	25.6552062893	24.0940085367	26.4512070748	-60.1230244068	-58.7742282605	-0.000859737396240	-0.000859737396240	-0.000531673431396	-0.000531673431396	NaN	NaN	-273.150000000	-273.150000000	NaN	0.00000000000	NaN	NaN	1.00000000000	0.00000000000	5.00000000000	0.00000000000

















3733299930.73	NaN	18.0000000000	128.000000000	0.00000000000	0.00000000000	NaN	3.49187994003	-3.07702225654	0.972736358643	-4.21032756663	0.978971004486	2.53501892090	0.275435447693	0.164523601532	4.61061540756	102.682780987	0.0993113574982	1015.41616968	0.000505447387695	0.000701570510864	0.00122323036194	200000.000000	16.0000000000	0.00000000000	166.000000000	232.000000000	5.00000000000	0.950000000000	-0.740000000000	22.3000000000	0.00000000000	232.000000000	32.0000000000	6720096.00000	2500.00000000	2000.00000000	206.200000000	6466.00000000	1700.00000000	6000.00000000	13314.0000000	5801.00000000	23.4081460007	23.5137486754	23.1798541774	-0.365118443319	23.6668057909	26.2141808083	24.1922097605	-10.8927789160	23.5243397747	23.2737861163	23.2758785345	23.8878234650	23.9764863670	22.7635844875	-12.4077104270	0.882295696942	0.00000000000	0.100000000000	0.0500000000000	0.00146355628967	0.00000000000	48.5097656250	0.00000000000	-0.572265625000	0.00000000000	14.7500000000	15.1187505722	14.7562503815	14.9875001907	14.8312501907	-300.000000000	0.00000000000	NaN	0.00000000000	22.3002319336	24.9999694824	640.000000000	24.3887866938	24.5438624518	25.2794884430	25.6552062893	24.0940085367	26.4512070748	-60.1230244068	-58.7742282605	-0.000859737396240	-0.000859737396240	-0.000531673431396	-0.000531673431396	NaN	NaN	-273.150000000	-273.150000000	NaN	0.00000000000	NaN	NaN	1.00000000000	0.00000000000	5.00000000000	0.00000000000


















3733299930.93	NaN	17.0000000000	118.000000000	0.00000000000	0.00000000000	NaN	3.47776985168	-3.17530773014	0.977002143860	-4.15599553074	0.975033283234	2.53600311279	0.277076244354	0.165507793427	4.74387194710	101.921196487	0.0993113574982	1015.19784528	-0.00143718719482	0.000702166557312	0.00122196674347	200000.000000	16.0000000000	0.00000000000	166.000000000	232.000000000	5.00000000000	0.950000000000	-0.740000000000	22.3000000000	0.00000000000	232.000000000	32.0000000000	6720096.00000	2500.00000000	2000.00000000	206.200000000	6466.00000000	1700.00000000	6000.00000000	13314.0000000	5801.00000000	23.4081460007	23.5137486754	23.1798541774	-0.365118443319	23.6668057909	26.2141808083	24.1922097605	-10.8927789160	23.5243397747	23.2737861163	23.2758785345	23.8878234650	23.9764863670	22.7635844875	-12.4077104270	0.882295696942	0.00000000000	0.100000000000	0.0500000000000	0.000552415847778	0.00000000000	48.5097656250	0.00000000000	-0.572265625000	0.00000000000	14.7500000000	15.0437498093	14.7500000000	14.9812498093	14.8312501907	-300.000000000	0.00000000000	NaN	0.00000000000	22.3002319336	24.9999694824	640.000000000	24.3887866938	24.5438624518	25.2794884430	25.6552062893	24.0940085367	26.4512070748	-60.1230244068	-58.7742282605	-0.000859737396240	-0.000859737396240	-0.000531673431396	-0.000531673431396	NaN	NaN	-273.150000000	-273.150000000	NaN	0.00000000000	NaN	NaN	1.00000000000	0.00000000000	5.00000000000	0.00000000000


















3733299931.13	NaN	11.0000000000	117.000000000	0.00000000000	0.00000000000	NaN	3.50795888901	-3.31938101759	0.977658748627	-4.17926664898	0.977986812592	2.43920135498	0.274122714996	0.165507793427	4.69629020576	103.634692451	0.0976920337677	1015.41616968	0.000807285308838	0.000684428215027	0.00119307041168	200000.000000	16.0000000000	0.00000000000	166.000000000	232.000000000	5.00000000000	0.950000000000	-0.740000000000	22.3000000000	0.00000000000	232.000000000	32.0000000000	6720096.00000	2500.00000000	2000.00000000	206.200000000	6466.00000000	1700.00000000	6000.00000000	13314.0000000	5801.00000000	23.4081460007	23.5137486754	23.1798541774	-0.365118443319	23.6668057909	26.2141808083	24.1922097605	-10.8927789160	23.5243397747	23.2737861163	23.2758785345	23.8878234650	23.9764863670	22.7635844875	-12.4077104270	0.882295696942	0.00000000000	0.100000000000	0.0500000000000	-0.00169725418091	0.00000000000	54.6035156250	0.00000000000	-0.567773461342	0.00000000000	14.7500000000	15.0437498093	14.7500000000	14.9812498093	14.8312501907	-300.000000000	0.00000000000	NaN	0.00000000000	22.3002319336	24.9999694824	640.000000000	24.3887866938	24.5438624518	25.2794884430	25.6434440550	24.0940085367	26.4512070748	-60.1230244068	-58.7742282605	-0.000859737396240	-0.000859737396240	-0.000531673431396	-0.000531673431396	NaN	NaN	-273.150000000	-273.150000000	NaN	0.00000000000	NaN	NaN	1.00000000000	0.00000000000	5.00000000000	0.00000000000

















3733299931.33	NaN	10.0000000000	112.000000000	0.00000000000	3.00000000000	NaN	3.46792554855	-3.12235649115	0.982252597809	-4.11722965848	0.977986812592	2.44904565811	0.275107383728	0.164851665497	4.67724367733	103.254038521	0.0968823719025	1015.28521311	0.00784254074097	0.000697565078735	0.00121340751648	200000.000000	16.0000000000	0.00000000000	166.000000000	232.000000000	5.00000000000	0.950000000000	-0.740000000000	22.3000000000	0.00000000000	232.000000000	32.0000000000	6720096.00000	2500.00000000	2000.00000000	206.200000000	6466.00000000	1700.00000000	6000.00000000	13314.0000000	5801.00000000	23.4081460007	23.5137486754	23.1798541774	-0.365118443319	23.6668057909	26.2141808083	24.1922097605	-10.8927789160	23.5243397747	23.2737861163	23.2758785345	23.8878234650	23.9764863670	22.7635844875	-12.4077104270	0.882295696942	0.00000000000	0.100000000000	0.0500000000000	0.00159206390381	0.00000000000	54.6035156250	0.00000000000	-0.567773461342	0.00000000000	14.7562503815	15.1250000000	14.7500000000	14.9875001907	14.8312501907	-300.000000000	4509.40418496	NaN	0.00000000000	22.3001708984	24.9998474121	640.000000000	24.3887866938	24.5438624518	25.2794884430	25.6434440550	24.0940085367	26.4512070748	-60.1230244068	-58.7742282605	-0.000859737396240	-0.000859737396240	-0.000531673431396	-0.000531673431396	NaN	NaN	-273.150000000	-273.150000000	NaN	0.00000000000	NaN	NaN	1.00000000000	0.00000000000	5.00000000000	0.00000000000

















3733299931.53	NaN	15.0000000000	109.000000000	0.00000000000	1.00000000000	NaN	3.48630142212	-3.28141548769	0.980283737183	-4.10172724073	0.984221458435	2.44346761703	0.271169662476	0.163538932800	4.65821098080	102.873107952	0.104170505524	1015.32886530	0.00232982635498	0.000710654258728	0.00121872425079	200000.000000	16.0000000000	0.00000000000	166.000000000	232.000000000	5.00000000000	0.950000000000	-0.740000000000	22.3000000000	0.00000000000	232.000000000	32.0000000000	6720096.00000	2500.00000000	2000.00000000	206.200000000	6466.00000000	1700.00000000	6000.00000000	13314.0000000	5801.00000000	23.4081460007	23.5137486754	23.1798541774	-0.365118443319	23.6668057909	26.2141808083	24.1922097605	-10.8927789160	23.5243397747	23.2737861163	23.2758785345	23.8878234650	23.9764863670	22.7635844875	-12.4077104270	0.882295696942	0.00000000000	0.100000000000	0.0500000000000	-0.00405058860779	0.00000000000	47.2285156250	0.00000000000	-0.571484386921	0.00000000000	14.7562503815	15.1250000000	14.7500000000	14.9875001907	14.8312501907	-300.000000000	1259.86574344	NaN	0.00000000000	22.3001708984	24.9998474121	640.000000000	24.3887866938	24.5438624518	25.2794884430	25.6434440550	24.0940085367	26.4512070748	-60.1230244068	-58.7742282605	-0.000859737396240	-0.000859737396240	-0.000531673431396	-0.000531673431396	NaN	NaN	-273.150000000	-273.150000000	NaN	0.00000000000	NaN	NaN	1.00000000000	0.00000000000	5.00000000000	0.00000000000

















3733299931.73	NaN	13.0000000000	129.000000000	1.00000000000	0.00000000000	NaN	3.48203563690	-3.12991521496	0.980611801147	-4.12497752541	0.987174510956	2.44642066956	0.271825790405	0.163867473602	4.60109905930	101.540542557	0.105789829254	1015.45982187	0.00541448593140	0.000712728500366	0.00120699405670	200000.000000	16.0000000000	0.00000000000	166.000000000	232.000000000	5.00000000000	0.950000000000	-0.740000000000	22.3000000000	0.00000000000	232.000000000	32.0000000000	6720096.00000	2500.00000000	2000.00000000	206.200000000	6466.00000000	1700.00000000	6000.00000000	13314.0000000	5801.00000000	23.4081460007	23.5137486754	23.1798541774	-0.365118443319	23.6668057909	26.2141808083	24.1922097605	-10.8927789160	23.5243397747	23.2737861163	23.2758785345	23.8878234650	23.9764863670	22.7635844875	-12.4077104270	0.882295696942	0.00000000000	0.100000000000	0.0500000000000	0.000888490676880	0.00000000000	47.2285156250	0.00000000000	-0.571484386921	0.00000000000	14.7562503815	15.0437498093	14.7500000000	14.9875001907	14.8312501907	-300.000000000	0.00000000000	NaN	0.00000000000	22.3001708984	24.9998474121	640.000000000	24.3887866938	24.5438624518	25.2794884430	25.6434440550	24.0940085367	26.4512070748	-60.1230244068	-58.7742282605	-0.000859737396240	-0.000859737396240	-0.000531673431396	-0.000531673431396	NaN	NaN	-273.150000000	-273.150000000	NaN	0.00000000000	NaN	NaN	1.00000000000	0.00000000000	5.00000000000	0.00000000000

















3733299931.93	NaN	15.0000000000	129.000000000	0.00000000000	0.00000000000	NaN	3.49253606796	-3.27382881653	0.984549522400	-4.13272691782	0.983565330505	2.44346761703	0.271169662476	0.164523601532	4.62013175583	102.302127056	0.0985016956329	1015.32886530	0.00877428054810	0.000684404373169	0.00121014118195	200000.000000	16.0000000000	0.00000000000	166.000000000	232.000000000	5.00000000000	0.950000000000	-0.740000000000	22.3000000000	0.00000000000	232.000000000	32.0000000000	6720096.00000	2500.00000000	2000.00000000	206.200000000	6466.00000000	1700.00000000	6000.00000000	13314.0000000	5801.00000000	23.4081460007	23.5137486754	23.1798541774	-0.365118443319	23.6668057909	26.2141808083	24.1922097605	-10.8927789160	23.5243397747	23.2737861163	23.2758785345	23.8878234650	23.9764863670	22.7635844875	-12.4077104270	0.882295696942	0.00000000000	0.100000000000	0.0500000000000	0.000255918502808	0.00000000000	52.1992187500	0.00000000000	-0.571289062500	0.00000000000	14.7562503815	15.0437498093	14.7500000000	14.9875001907	14.8312501907	-300.000000000	0.00000000000	NaN	0.00000000000	22.2998657227	24.9999389648	640.000000000	24.3887866938	24.5438624518	25.2794884430	25.6434440550	24.0940085367	26.4512070748	-60.1230244068	-58.7742282605	-0.000859737396240	-0.000859737396240	-0.000531673431396	-0.000531673431396	NaN	NaN	-273.150000000	-273.150000000	NaN	0.00000000000	NaN	NaN	1.00000000000	0.00000000000	5.00000000000	0.00000000000


















3733299932.13	NaN	8.00000000000	110.000000000	0.00000000000	0.00000000000	NaN	3.48892688751	-3.18287618955	0.986190319061	-4.16375103863	0.977002143860	2.58456850052	0.277732372284	0.165507793427	4.65821098080	104.015346382	0.0993113574982	1015.32886530	0.00886631011963	0.000662779808044	0.00117671489716	200000.000000	16.0000000000	0.00000000000	166.000000000	232.000000000	5.00000000000	0.950000000000	-0.740000000000	22.3000000000	0.00000000000	232.000000000	32.0000000000	6720096.00000	2500.00000000	2000.00000000	206.200000000	6466.00000000	1700.00000000	6000.00000000	13314.0000000	5801.00000000	23.4081460007	23.5137486754	23.1798541774	-0.365118443319	23.6668057909	26.2141808083	24.1922097605	-10.8927789160	23.5243397747	23.2737861163	23.2758785345	23.8878234650	23.9764863670	22.7635844875	-12.4077104270	0.882295696942	0.00000000000	0.100000000000	0.0500000000000	-0.00421729087830	0.00000000000	52.1992187500	0.00000000000	-0.571289062500	0.00000000000	14.7562503815	15.0312500000	14.7500000000	14.9812498093	14.8312501907	-300.000000000	0.00000000000	NaN	0.00000000000	22.2998657227	24.9999389648	640.000000000	24.3887866938	24.5438624518	25.2794884430	25.6434440550	23.9951306439	26.4512070748	-60.1230244068	-58.7742282605	-0.000859737396240	-0.000859737396240	-0.000531673431396	-0.000531673431396	NaN	NaN	-273.150000000	-273.150000000	NaN	0.00000000000	NaN	NaN	1.00000000000	0.00000000000	5.00000000000	0.00000000000

















3733299932.33	NaN	6.00000000000	94.0000000000	0.00000000000	1.00000000000	NaN	3.48892688751	-3.10723222057	0.989143371582	-4.07076318234	0.986190319061	2.58063077927	0.274779319763	0.162226676941	4.60109905930	104.586603916	0.104980167389	1015.37251749	0.0108218193054	0.000672602653503	0.00116684436798	200000.000000	16.0000000000	0.00000000000	166.000000000	232.000000000	5.00000000000	0.950000000000	-0.740000000000	22.3000000000	0.00000000000	232.000000000	32.0000000000	6720096.00000	2500.00000000	2000.00000000	206.200000000	6466.00000000	1700.00000000	6000.00000000	13314.0000000	5801.00000000	23.4081460007	23.5137486754	23.1798541774	-0.365118443319	23.6668057909	26.2141808083	24.1922097605	-10.8927789160	23.5243397747	23.2737861163	23.2758785345	23.8878234650	23.9764863670	22.7635844875	-12.4077104270	0.882295696942	0.00000000000	0.100000000000	0.0500000000000	-0.00671124458313	0.00000000000	45.3339843750	0.000390625005821	-0.568750023842	0.00000000000	14.7562503815	15.0312500000	14.7500000000	14.9812498093	14.8312501907	-300.000000000	1259.86574344	NaN	0.00000000000	22.3001403809	24.9999694824	640.000000000	24.3887866938	24.5438624518	25.2794884430	25.6434440550	23.9951306439	26.4512070748	-60.1230244068	-58.7742282605	-0.000859737396240	-0.000859737396240	-0.000531673431396	-0.000531673431396	NaN	NaN	-273.150000000	-273.150000000	NaN	0.00000000000	NaN	NaN	1.00000000000	0.00000000000	5.00000000000	0.00000000000

















3733299932.53	NaN	7.00000000000	89.0000000000	0.00000000000	0.00000000000	NaN	3.48466062546	-3.05436831509	0.989471912384	-4.16375103863	0.979627609253	2.57964611053	0.276419639587	0.164523601532	4.59158271103	104.586603916	0.0985016956329	1015.37251749	0.0129485130310	0.000664782524109	0.00120820999146	200000.000000	16.0000000000	0.00000000000	166.000000000	232.000000000	5.00000000000	0.950000000000	-0.740000000000	22.3000000000	0.00000000000	232.000000000	32.0000000000	6720096.00000	2500.00000000	2000.00000000	206.200000000	6466.00000000	1700.00000000	6000.00000000	13314.0000000	5801.00000000	23.4081460007	23.5137486754	23.1798541774	-0.365118443319	23.6668057909	26.2141808083	24.1922097605	-10.8927789160	23.5243397747	23.2737861163	23.2758785345	23.8878234650	23.9764863670	22.7635844875	-12.4077104270	0.882295696942	0.00000000000	0.100000000000	0.0500000000000	-0.000265264511108	0.00000000000	45.3339843750	0.000390625005821	-0.568750023842	0.00000000000	14.7562503815	15.1187505722	14.7500000000	14.9812498093	14.8312501907	-300.000000000	0.00000000000	NaN	0.00000000000	22.3001403809	24.9999694824	640.000000000	24.3887866938	24.5438624518	25.2794884430	25.6434440550	23.9951306439	26.4512070748	-60.1230244068	-58.7742282605	-0.000859737396240	-0.000859737396240	-0.000531673431396	-0.000531673431396	NaN	NaN	-273.150000000	-273.150000000	NaN	0.00000000000	NaN	NaN	1.00000000000	0.00000000000	5.00000000000	0.00000000000


















3733299932.73	NaN	5.00000000000	92.0000000000	0.00000000000	1.00000000000	NaN	3.48531723022	-3.29659305408	0.991768836975	-4.12497752541	0.986190319061	2.58128690720	0.277732372284	0.165179729462	4.65821098080	105.157584812	0.103360843658	1015.28521311	0.0118193626404	0.000717949867249	0.00119903087616	200000.000000	16.0000000000	0.00000000000	166.000000000	232.000000000	5.00000000000	0.950000000000	-0.740000000000	22.3000000000	0.00000000000	232.000000000	32.0000000000	6720096.00000	2500.00000000	2000.00000000	206.200000000	6466.00000000	1700.00000000	6000.00000000	13314.0000000	5801.00000000	23.4081460007	23.5137486754	23.1798541774	-0.365118443319	23.6668057909	26.2141808083	24.1922097605	-10.8927789160	23.5243397747	23.2737861163	23.2758785345	23.8878234650	23.9764863670	22.7635844875	-12.4077104270	0.882295696942	0.00000000000	0.100000000000	0.0500000000000	-0.0105832576752	0.00000000000	50.3496093750	0.00000000000	-0.571093738079	0.00000000000	14.7562503815	15.1187505722	14.7500000000	14.9812498093	14.8312501907	-300.000000000	1424.08449615	NaN	0.00000000000	22.3001403809	25.0004882813	640.000000000	24.3887866938	24.5438624518	25.2794884430	25.6434440550	23.9951306439	26.4512070748	-60.1230244068	-58.7742282605	-0.000859737396240	-0.000859737396240	-0.000531673431396	-0.000531673431396	NaN	NaN	-273.150000000	-273.150000000	NaN	0.00000000000	NaN	NaN	1.00000000000	0.00000000000	5.00000000000	0.00000000000


















3733299932.93	NaN	10.0000000000	95.0000000000	0.00000000000	1.00000000000	NaN	3.48892688751	-3.03927989248	0.990784168243	-4.15599553074	0.980283737183	2.58161497116	0.276419639587	0.164523601532	4.55350348606	106.490150208	0.0976920337677	1015.24156092	0.0155076980591	0.000703477859497	0.00121476650238	200000.000000	16.0000000000	0.00000000000	166.000000000	232.000000000	5.00000000000	0.950000000000	-0.740000000000	22.3000000000	0.00000000000	232.000000000	32.0000000000	6720096.00000	2500.00000000	2000.00000000	206.200000000	6466.00000000	1700.00000000	6000.00000000	13314.0000000	5801.00000000	23.4081460007	23.5137486754	23.1798541774	-0.365118443319	23.6668057909	26.2141808083	24.1922097605	-10.8927789160	23.5243397747	23.2737861163	23.2758785345	23.8878234650	23.9764863670	22.7635844875	-12.4077104270	0.882295696942	0.00000000000	0.100000000000	0.0500000000000	0.00159854888916	0.00000000000	50.3496093750	0.00000000000	-0.571093738079	0.00000000000	14.7562503815	15.0062503815	14.7500000000	14.9812498093	14.8289070129	-300.000000000	1675.46043357	NaN	0.00000000000	22.3001403809	25.0004882813	640.000000000	24.3887866938	24.5438624518	25.2794884430	25.6434440550	23.9951306439	26.4512070748	-60.1230244068	-58.7742282605	-0.000859737396240	-0.000859737396240	-0.000531673431396	-0.000531673431396	NaN	NaN	-273.150000000	-273.150000000	NaN	0.00000000000	NaN	NaN	1.00000000000	0.00000000000	5.00000000000	0.00000000000

















3733299933.13	NaN	3.00000000000	80.0000000000	0.00000000000	1.00000000000	NaN	3.48794221878	-3.27382881653	1.00522232056	-3.88544148856	0.994721889496	0.0217819213867	0.104801654816	0.139913082123	3.69683849545	101.350215591	0.104170505524	1015.32886530	-0.00180482864380	0.000684404373169	0.00120091438293	200000.000000	16.0000000000	0.00000000000	166.000000000	232.000000000	5.00000000000	0.950000000000	-0.740000000000	22.3000000000	0.00000000000	232.000000000	32.0000000000	6720096.00000	2500.00000000	2000.00000000	206.200000000	6466.00000000	1700.00000000	6000.00000000	13314.0000000	5801.00000000	23.4081460007	23.5137486754	23.1798541774	-0.365118443319	23.6668057909	26.2141808083	24.1922097605	-10.8927789160	23.5243397747	23.2737861163	23.2758785345	23.8878234650	23.9764863670	22.7635844875	-12.4077104270	0.882295696942	0.00000000000	0.100000000000	0.0500000000000	-0.0125757694244	0.00000000000	53.2910156250	0.00000000000	-0.567382812500	0.00000000000	14.7562503815	15.0062503815	14.7500000000	14.9812498093	14.8289070129	-300.000000000	1509.11975743	NaN	0.00000000000	22.3001403809	25.0004882813	640.000000000	24.3887866938	24.5438624518	25.2794884430	25.6434440550	23.9951306439	26.4630344129	-60.1230244068	-58.7742282605	-0.000859737396240	-0.000859737396240	-0.000531673431396	-0.000531673431396	NaN	NaN	-273.150000000	-273.150000000	NaN	0.00000000000	NaN	NaN	1.00000000000	0.00000000000	5.00000000000	0.00000000000


















3733299933.33	NaN	10.0000000000	100.000000000	0.00000000000	1.00000000000	NaN	3.48958301544	-3.41825046949	0.996034622192	-4.02435136773	0.990128040314	0.0234227180481	0.100863933563	0.138600349426	3.79201581001	89.5471773605	0.0993113574982	1015.45982187	0.0174765586853	0.000708079338074	0.00121142864227	200000.000000	16.0000000000	0.00000000000	166.000000000	232.000000000	5.00000000000	0.950000000000	-0.740000000000	22.3000000000	0.00000000000	232.000000000	32.0000000000	6720096.00000	2500.00000000	2000.00000000	206.200000000	6466.00000000	1700.00000000	6000.00000000	13314.0000000	5801.00000000	23.4081460007	23.5137486754	23.1798541774	-0.365118443319	23.6668057909	26.2141808083	24.1922097605	-10.8927789160	23.5243397747	23.2737861163	23.2758785345	23.8878234650	23.9764863670	22.7635844875	-12.4077104270	0.882295696942	0.00000000000	0.100000000000	0.0500000000000	-0.00417675971985	0.00000000000	53.2910156250	0.00000000000	-0.567382812500	0.00000000000	14.7500000000	15.1000003815	14.7500000000	14.9875001907	14.8312501907	-300.000000000	1325.12726647	NaN	0.00000000000	22.3000793457	25.0006713867	640.000000000	24.3887866938	24.5438624518	25.2794884430	25.6434440550	23.9951306439	26.4630344129	-60.1230244068	-58.7742282605	-0.000859737396240	-0.000859737396240	-0.000531673431396	-0.000531673431396	NaN	NaN	-273.150000000	-273.150000000	NaN	0.00000000000	NaN	NaN	1.00000000000	0.00000000000	5.00000000000	0.00000000000


















3733299933.53	NaN	13.0000000000	109.000000000	0.00000000000	0.00000000000	NaN	3.48958301544	-3.27382881653	0.996362686157	-4.06302596464	0.986518383026	0.0234227180481	0.102504730225	0.139256477356	3.80153215828	89.1665234299	0.103360843658	1015.50353751	0.0169386863708	0.000679826736450	0.00119104385376	200000.000000	16.0000000000	0.00000000000	166.000000000	232.000000000	5.00000000000	0.950000000000	-0.740000000000	22.3000000000	0.00000000000	232.000000000	32.0000000000	6720096.00000	2500.00000000	2000.00000000	206.200000000	6466.00000000	1700.00000000	6000.00000000	13314.0000000	5801.00000000	23.4081460007	23.5137486754	23.1798541774	-0.365118443319	23.6668057909	26.2141808083	24.1922097605	-10.8927789160	23.5243397747	23.2737861163	23.2758785345	23.8878234650	23.9764863670	22.7635844875	-12.4077104270	0.882295696942	0.00000000000	0.100000000000	0.0500000000000	-0.0111437320709	0.00000000000	45.2871093750	0.00000000000	-0.569140613079	0.00000000000	14.7500000000	15.1000003815	14.7500000000	14.9875001907	14.8312501907	-300.000000000	0.00000000000	NaN	0.00000000000	22.3000793457	25.0006713867	640.000000000	24.3887866938	24.5438624518	25.2794884430	25.6434440550	23.9951306439	26.4630344129	-60.1230244068	-58.7742282605	-0.000859737396240	-0.000859737396240	-0.000531673431396	-0.000531673431396	NaN	NaN	-273.150000000	-273.150000000	NaN	0.00000000000	NaN	NaN	1.00000000000	0.00000000000	5.00000000000	0.00000000000


















3733299933.73	NaN	9.00000000000	106.000000000	0.00000000000	1.00000000000	NaN	3.48827028275	-3.07702225654	0.995706558228	-4.14047783686	0.985205650330	0.0276885032654	0.104145526886	0.136631488800	3.79201581001	88.9759198265	0.103360843658	1015.32886530	0.0211648941040	0.000690340995789	0.00119962692261	200000.000000	16.0000000000	0.00000000000	166.000000000	232.000000000	5.00000000000	0.950000000000	-0.740000000000	22.3000000000	0.00000000000	232.000000000	32.0000000000	6720096.00000	2500.00000000	2000.00000000	206.200000000	6466.00000000	1700.00000000	6000.00000000	13314.0000000	5801.00000000	23.4081460007	23.5137486754	23.1798541774	-0.365118443319	23.6668057909	26.2141808083	24.1922097605	-10.8927789160	23.5243397747	23.2737861163	23.2758785345	23.8878234650	23.9764863670	22.7635844875	-12.4077104270	0.882295696942	0.00000000000	0.100000000000	0.0500000000000	-0.000531625747681	0.00000000000	45.2871093750	0.00000000000	-0.569140613079	0.00000000000	14.7500000000	15.0124998093	14.7500000000	14.9812498093	14.8312501907	-300.000000000	1398.45097522	NaN	0.00000000000	22.3001708984	24.9998779297	640.000000000	24.3887866938	24.5438624518	25.2794884430	25.6434440550	23.9951306439	26.4630344129	-60.1230244068	-58.7742282605	-0.000859737396240	-0.000859737396240	-0.000531673431396	-0.000531673431396	NaN	NaN	-273.150000000	-273.150000000	NaN	0.00000000000	NaN	NaN	1.00000000000	0.00000000000	5.00000000000	0.00000000000

















3733299933.93	NaN	8.00000000000	113.000000000	0.00000000000	0.00000000000	NaN	3.47776985168	-3.14503682610	0.997346878052	-4.05529026345	0.989143371582	0.0250635147095	0.101520538330	0.138272285461	3.79201581001	89.7375043259	0.103360843658	1015.37251749	0.0228452682495	0.000679254531860	0.00118455886841	200000.000000	16.0000000000	0.00000000000	166.000000000	232.000000000	5.00000000000	0.950000000000	-0.740000000000	22.3000000000	0.00000000000	232.000000000	32.0000000000	6720096.00000	2500.00000000	2000.00000000	206.200000000	6466.00000000	1700.00000000	6000.00000000	13314.0000000	5801.00000000	23.4081460007	23.5137486754	23.1798541774	-0.365118443319	23.6668057909	26.2141808083	24.1922097605	-10.8927789160	23.5243397747	23.2737861163	23.2758785345	23.8878234650	23.9764863670	22.7635844875	-12.4077104270	0.882295696942	0.00000000000	0.100000000000	0.0500000000000	0.00225224494934	0.00000000000	54.3261718750	0.00000000000	-0.570898473263	0.00000000000	14.7500000000	15.0124998093	14.7500000000	14.9812498093	14.8312501907	-300.000000000	0.00000000000	NaN	0.00000000000	22.3001708984	24.9998779297	640.000000000	24.3887866938	24.5438624518	25.2794884430	25.6434440550	23.9951306439	26.4630344129	-60.1230244068	-58.7742282605	-0.000859737396240	-0.000859737396240	-0.000531673431396	-0.000531673431396	NaN	NaN	-273.150000000	-273.150000000	NaN	0.00000000000	NaN	NaN	1.00000000000	0.00000000000	5.00000000000	0.00000000000


















3733299934.13	NaN	11.0000000000	122.000000000	0.00000000000	0.00000000000	NaN	3.48039484024	-3.26624355205	1.00030040741	-4.06302596464	0.984877586365	0.0230946540833	0.103160858154	0.138928413391	3.72538754025	87.0723735352	0.106599491119	1015.32886530	0.0230684280396	0.000685739517212	0.00122983455658	200000.000000	16.0000000000	0.00000000000	166.000000000	232.000000000	5.00000000000	0.950000000000	-0.740000000000	22.3000000000	0.00000000000	232.000000000	32.0000000000	6720096.00000	2500.00000000	2000.00000000	206.200000000	6466.00000000	1700.00000000	6000.00000000	13314.0000000	5801.00000000	23.4081460007	23.5137486754	23.1798541774	-0.365118443319	23.6668057909	26.2141808083	24.1922097605	-10.8927789160	23.5243397747	23.2737861163	23.2758785345	23.8878234650	23.9764863670	22.7635844875	-12.4077104270	0.882295696942	0.00000000000	0.100000000000	0.0500000000000	-0.00106863975525	0.00000000000	54.3261718750	0.00000000000	-0.570898473263	0.00000000000	14.7500000000	15.0062503815	14.7500000000	14.9812498093	14.8312501907	-300.000000000	0.00000000000	NaN	0.00000000000	22.3001708984	24.9998779297	640.000000000	24.3887866938	24.5438624518	25.2794884430	25.6434440550	23.9951306439	26.4630344129	-59.5060620420	-58.7742282605	-0.000859737396240	-0.000859737396240	-0.000531673431396	-0.000531673431396	NaN	NaN	-273.150000000	-273.150000000	NaN	0.00000000000	NaN	NaN	1.00000000000	0.00000000000	5.00000000000	0.00000000000


















3733299934.33	NaN	7.00000000000	103.000000000	0.00000000000	3.00000000000	NaN	3.49122381210	-3.08457267427	1.00161314011	-4.09398394576	0.981924533844	0.0273604393005	0.105458259583	0.138600349426	3.75393658504	88.7855928612	0.0985016956329	1015.24156092	0.0168728828430	0.000698256492615	0.00120422840118	200000.000000	16.0000000000	0.00000000000	166.000000000	232.000000000	5.00000000000	0.950000000000	-0.740000000000	22.3000000000	0.00000000000	232.000000000	32.0000000000	6720096.00000	2500.00000000	2000.00000000	206.200000000	6466.00000000	1700.00000000	6000.00000000	13314.0000000	5801.00000000	23.4081460007	23.5137486754	23.1798541774	-0.365118443319	23.6668057909	26.2141808083	24.1922097605	-10.8927789160	23.5243397747	23.2737861163	23.2758785345	23.8878234650	23.9764863670	22.7635844875	-12.4077104270	0.882295696942	0.00000000000	0.100000000000	0.0500000000000	0.00703911781311	0.00000000000	48.9062500000	0.00000000000	-0.567968785763	-0.0195312500000	14.7500000000	15.0062503815	14.7500000000	14.9812498093	14.8312501907	-300.000000000	4486.89988023	NaN	0.00000000000	22.2997436523	25.0004272461	640.000000000	24.3887866938	24.5438624518	25.2794884430	25.6434440550	23.9951306439	26.4630344129	-59.5060620420	-58.7742282605	-0.000859737396240	-0.000859737396240	-0.000531673431396	-0.000531673431396	NaN	NaN	-273.150000000	-273.150000000	NaN	0.00000000000	NaN	NaN	1.00000000000	0.00000000000	5.00000000000	0.00000000000


















3733299934.53	NaN	10.0000000000	85.0000000000	0.00000000000	2.00000000000	NaN	3.48564529419	-3.31178729575	1.00259733200	-4.02435136773	0.988159179687	0.0234227180481	0.103817462921	0.138272285461	3.72538754025	88.2146119652	0.103360843658	1015.15419309	0.0227007865906	0.000704836845398	0.00118978023529	200000.000000	16.0000000000	0.00000000000	166.000000000	232.000000000	5.00000000000	0.950000000000	-0.740000000000	22.3000000000	0.00000000000	232.000000000	32.0000000000	6720096.00000	2500.00000000	2000.00000000	206.200000000	6466.00000000	1700.00000000	6000.00000000	13314.0000000	5801.00000000	23.4081460007	23.5137486754	23.1798541774	-0.365118443319	23.6668057909	26.2141808083	24.1922097605	-10.8927789160	23.5243397747	23.2737861163	23.2758785345	23.8878234650	23.9764863670	22.7635844875	-12.4077104270	0.882295696942	0.00000000000	0.100000000000	0.0500000000000	-0.0134212017059	0.00000000000	48.9062500000	0.00000000000	-0.567968785763	-0.0195312500000	14.7500000000	15.0875005722	14.7500000000	14.9875001907	14.8312501907	-300.000000000	3018.23951486	NaN	0.00000000000	22.2997436523	25.0004272461	640.000000000	24.3887866938	24.5438624518	25.2794884430	25.6434440550	23.9951306439	26.4630344129	-59.5060620420	-58.7742282605	-0.000859737396240	-0.000859737396240	-0.000531673431396	-0.000531673431396	NaN	NaN	-273.150000000	-273.150000000	NaN	0.00000000000	NaN	NaN	1.00000000000	0.00000000000	5.00000000000	0.00000000000

















3733299934.73	NaN	14.0000000000	102.000000000	0.00000000000	0.00000000000	NaN	3.48925495148	-3.17530773014	1.00161314011	-4.11722965848	0.984221458435	0.0280165672302	0.105129718781	0.138600349426	3.78249946175	89.1665234299	0.101740343094	1015.32886530	0.0275964736938	0.000689005851746	0.00120356082916	200000.000000	16.0000000000	0.00000000000	166.000000000	232.000000000	5.00000000000	0.950000000000	-0.740000000000	22.3000000000	0.00000000000	232.000000000	32.0000000000	6720096.00000	2500.00000000	2000.00000000	206.200000000	6466.00000000	1700.00000000	6000.00000000	13314.0000000	5801.00000000	23.4081460007	23.5137486754	23.1798541774	-0.365118443319	23.6668057909	26.2141808083	24.1922097605	-10.8927789160	23.5243397747	23.2737861163	23.2758785345	23.8878234650	23.9764863670	22.7635844875	-12.4077104270	0.882295696942	0.00000000000	0.100000000000	0.0500000000000	-0.00666275024414	0.00000000000	49.1562500000	0.00000000000	-0.571484386921	-0.0195312500000	14.7500000000	15.0875005722	14.7500000000	14.9875001907	14.8312501907	-300.000000000	0.00000000000	NaN	0.00000000000	22.3002624512	25.0001220703	640.000000000	24.3887866938	24.5438624518	25.2794884430	25.6434440550	23.9951306439	26.4630344129	-59.5060620420	-58.7742282605	-0.000859737396240	-0.000859737396240	-0.000531673431396	-0.000531673431396	NaN	NaN	-273.150000000	-273.150000000	NaN	0.00000000000	NaN	NaN	1.00000000000	0.00000000000	5.00000000000	0.00000000000


















3733299934.93	NaN	15.0000000000	112.000000000	0.00000000000	0.00000000000	NaN	3.49909925461	-3.25865969322	1.00456619263	-4.03981216793	0.986190319061	0.0253915786743	0.103489398956	0.138272285461	3.71587119198	87.6433544312	0.107410329819	1015.28521311	0.0259952545166	0.000702214241028	0.00119376182556	200000.000000	16.0000000000	0.00000000000	166.000000000	232.000000000	5.00000000000	0.950000000000	-0.740000000000	22.3000000000	0.00000000000	232.000000000	32.0000000000	6720096.00000	2500.00000000	2000.00000000	206.200000000	6466.00000000	1700.00000000	6000.00000000	13314.0000000	5801.00000000	23.4081460007	23.5137486754	23.1798541774	-0.365118443319	23.6668057909	26.2141808083	24.1922097605	-10.8927789160	23.5243397747	23.2737861163	23.2758785345	23.8878234650	23.9764863670	22.7635844875	-12.4077104270	0.882295696942	0.00000000000	0.100000000000	0.0500000000000	0.00409374237061	0.00000000000	49.1562500000	0.00000000000	-0.571484386921	-0.0195312500000	14.7500000000	15.0000000000	14.7500000000	14.9812498093	14.8289070129	-300.000000000	0.00000000000	NaN	0.00000000000	22.3002624512	25.0001220703	640.000000000	24.3887866938	24.5438624518	25.2794884430	25.6434440550	23.9951306439	26.4630344129	-59.5060620420	-58.7742282605	-0.000859737396240	-0.000859737396240	-0.000531673431396	-0.000531673431396	NaN	NaN	-273.150000000	-273.150000000	NaN	0.00000000000	NaN	NaN	1.00000000000	0.00000000000	5.00000000000	0.00000000000


















3733299935.13	NaN	9.00000000000	116.000000000	0.00000000000	0.00000000000	NaN	3.48925495148	-3.17530773014	1.00259733200	-4.13272691782	0.981596469879	-0.00118780136108	0.101191997528	0.137616157532	3.69683849545	87.0723735352	0.102551181793	1015.28521311	0.0275311470032	0.000708699226379	0.00121803283691	200000.000000	16.0000000000	0.00000000000	166.000000000	232.000000000	5.00000000000	0.950000000000	-0.740000000000	22.3000000000	0.00000000000	232.000000000	32.0000000000	6720096.00000	2500.00000000	2000.00000000	206.200000000	6466.00000000	1700.00000000	6000.00000000	13314.0000000	5801.00000000	23.4081460007	23.5137486754	23.1798541774	-0.365118443319	23.6668057909	26.2141808083	24.1922097605	-10.8927789160	23.5243397747	23.2737861163	23.2758785345	23.8878234650	23.9764863670	22.7635844875	-12.4077104270	0.882295696942	0.00000000000	0.100000000000	0.0500000000000	0.00979037284851	0.00000000000	49.9257812500	0.00000000000	-0.565820336342	0.00000000000	14.7500000000	15.0000000000	14.7500000000	14.9812498093	14.8289070129	-300.000000000	0.00000000000	NaN	0.00000000000	22.3002624512	25.0001220703	640.000000000	24.3887866938	24.5438624518	25.2794884430	25.6434440550	23.9951306439	26.4630344129	-59.5060620420	-59.3563638407	-0.000859737396240	-0.000859737396240	-0.000531673431396	-0.000531673431396	NaN	NaN	-273.150000000	-273.150000000	NaN	0.00000000000	NaN	NaN	1.00000000000	0.00000000000	5.00000000000	0.00000000000

















3733299935.33	NaN	10.0000000000	81.0000000000	0.00000000000	0.00000000000	NaN	3.48991107941	-3.09212447352	1.00522232056	-4.03981216793	0.985534191132	-0.000203609466553	0.100535869598	0.136959552765	3.65875927048	91.4510002899	0.101740343094	1015.28521311	0.0201282501221	0.000692963600159	0.00121471881866	200000.000000	16.0000000000	0.00000000000	166.000000000	232.000000000	5.00000000000	0.950000000000	-0.740000000000	22.3000000000	0.00000000000	232.000000000	32.0000000000	6720096.00000	2500.00000000	2000.00000000	206.200000000	6466.00000000	1700.00000000	6000.00000000	13314.0000000	5801.00000000	23.4081460007	23.5137486754	23.1798541774	-0.365118443319	23.6668057909	26.2141808083	24.1922097605	-10.8927789160	23.5243397747	23.2737861163	23.2758785345	23.8878234650	23.9764863670	22.7635844875	-12.4077104270	0.882295696942	0.00000000000	0.100000000000	0.0500000000000	-0.00377240180969	0.00000000000	49.9257812500	0.00000000000	-0.565820336342	0.00000000000	14.7500000000	15.1250000000	14.7500000000	14.9812498093	14.8312501907	-300.000000000	0.00000000000	NaN	0.00000000000	22.2999267578	25.0004577637	640.000000000	24.3887866938	24.5438624518	25.2794884430	25.6434440550	23.9951306439	26.4630344129	-59.5060620420	-59.3563638407	-0.000859737396240	-0.000859737396240	-0.000531673431396	-0.000531673431396	NaN	NaN	-273.150000000	-273.150000000	NaN	0.00000000000	NaN	NaN	1.00000000000	0.00000000000	5.00000000000	0.00000000000

















3733299935.53	NaN	4.00000000000	75.0000000000	0.00000000000	0.00000000000	NaN	3.48269224167	-3.14503682610	1.00391006470	-4.07076318234	0.986846446991	-0.000531673431396	0.0998797416687	0.136303424835	3.65875927048	91.0700697212	0.100121019363	1015.24156092	0.0302348136902	0.000704789161682	0.00123698711395	200000.000000	16.0000000000	0.00000000000	166.000000000	232.000000000	5.00000000000	0.950000000000	-0.740000000000	22.3000000000	0.00000000000	232.000000000	32.0000000000	6720096.00000	2500.00000000	2000.00000000	206.200000000	6466.00000000	1700.00000000	6000.00000000	13314.0000000	5801.00000000	23.4081460007	23.5137486754	23.1798541774	-0.365118443319	23.6668057909	26.2141808083	24.1922097605	-10.8927789160	23.5243397747	23.2737861163	23.2758785345	23.8878234650	23.9764863670	22.7635844875	-12.4077104270	0.882295696942	0.00000000000	0.100000000000	0.0500000000000	-0.0110399723053	0.00000000000	47.0468750000	0.00000000000	-0.569726586342	0.00000000000	14.7500000000	15.1250000000	14.7500000000	14.9812498093	14.8312501907	-300.000000000	0.00000000000	NaN	0.00000000000	22.2999267578	25.0004577637	640.000000000	24.3887866938	24.5438624518	25.2794884430	25.6434440550	23.9951306439	26.4630344129	-59.5060620420	-59.3563638407	-0.000859737396240	-0.000859737396240	-0.000531673431396	-0.000531673431396	NaN	NaN	-273.150000000	-273.150000000	NaN	0.00000000000	NaN	NaN	1.00000000000	0.00000000000	5.00000000000	0.00000000000


















3733299935.73	NaN	14.0000000000	86.0000000000	0.00000000000	0.00000000000	NaN	3.47580099106	-3.09967765529	1.00325345993	-4.00889661131	0.989471912384	-0.000531673431396	0.100863933563	0.137287616730	3.07812370720	80.0286159897	0.103360843658	1015.41616968	0.0171880722046	0.000700879096985	0.00122849941254	200000.000000	16.0000000000	0.00000000000	166.000000000	232.000000000	5.00000000000	0.950000000000	-0.740000000000	22.3000000000	0.00000000000	232.000000000	32.0000000000	6720096.00000	2500.00000000	2000.00000000	206.200000000	6466.00000000	1700.00000000	6000.00000000	13314.0000000	5801.00000000	23.4081460007	23.5137486754	23.1798541774	-0.365118443319	23.6668057909	26.2141808083	24.1922097605	-10.8927789160	23.5243397747	23.2737861163	23.2758785345	23.8878234650	23.9764863670	22.7635844875	-12.4077104270	0.882295696942	0.00000000000	0.100000000000	0.0500000000000	-0.00200047492981	0.00000000000	47.0468750000	0.00000000000	-0.569726586342	0.00000000000	14.7562503815	15.0500001907	14.7500000000	14.9812498093	14.8312501907	-300.000000000	0.00000000000	NaN	0.00000000000	22.2999267578	25.0004577637	640.000000000	24.3887866938	24.5438624518	25.2794884430	25.6434440550	23.9951306439	26.4630344129	-59.5060620420	-59.3563638407	-0.000859737396240	-0.000859737396240	-0.000531673431396	-0.000531673431396	NaN	NaN	-273.150000000	-273.150000000	NaN	0.00000000000	NaN	NaN	1.00000000000	0.00000000000	5.00000000000	0.00000000000

















3733299935.93	NaN	8.00000000000	90.0000000000	0.00000000000	1.00000000000	NaN	3.48695802689	-3.07702225654	1.00555086136	-4.05529026345	0.988159179687	-0.000859737396240	0.0988950729370	0.134990692139	3.67779196701	89.5471773605	0.101740343094	1015.28521311	0.0259165763855	0.000732398033142	0.00124626159668	200000.000000	16.0000000000	0.00000000000	166.000000000	232.000000000	5.00000000000	0.950000000000	-0.740000000000	22.3000000000	0.00000000000	232.000000000	32.0000000000	6720096.00000	2500.00000000	2000.00000000	206.200000000	6466.00000000	1700.00000000	6000.00000000	13314.0000000	5801.00000000	23.4081460007	23.5137486754	23.1798541774	-0.365118443319	23.6668057909	26.2141808083	24.1922097605	-10.8927789160	23.5243397747	23.2737861163	23.2758785345	23.8878234650	23.9764863670	22.7635844875	-12.4077104270	0.882295696942	0.00000000000	0.100000000000	0.0500000000000	-0.00198736190796	0.00000000000	54.9238281250	0.00000000000	-0.569140613079	0.00000000000	14.7562503815	15.0500001907	14.7500000000	14.9812498093	14.8312501907	-300.000000000	1302.90463530	NaN	0.00000000000	22.2999572754	25.0003967285	640.000000000	24.3887866938	24.5438624518	25.2794884430	25.6434440550	23.9951306439	26.4630344129	-59.5060620420	-59.3563638407	-0.000859737396240	-0.000859737396240	-0.000531673431396	-0.000531673431396	NaN	NaN	-273.150000000	-273.150000000	NaN	0.00000000000	NaN	NaN	1.00000000000	0.00000000000	5.00000000000	0.00000000000

















3733299936.13	NaN	8.00000000000	93.0000000000	0.00000000000	1.00000000000	NaN	3.46923828125	-3.03927989248	1.00620698929	-4.08624217178	0.982908725739	-0.000859737396240	0.100535869598	0.137944221497	3.67779196701	89.3568503952	0.100930681229	1015.28521311	0.0237245559692	0.000708746910095	0.00120685100555	200000.000000	16.0000000000	0.00000000000	166.000000000	232.000000000	5.00000000000	0.950000000000	-0.740000000000	22.3000000000	0.00000000000	232.000000000	32.0000000000	6720096.00000	2500.00000000	2000.00000000	206.200000000	6466.00000000	1700.00000000	6000.00000000	13314.0000000	5801.00000000	23.4081460007	23.5137486754	23.1798541774	-0.365118443319	23.6668057909	26.2141808083	24.1922097605	-10.8927789160	23.5243397747	23.2737861163	23.2758785345	23.8878234650	23.9764863670	22.7635844875	-12.4077104270	0.882295696942	0.00000000000	0.100000000000	0.0500000000000	-0.0101724624634	0.00000000000	54.9238281250	0.00000000000	-0.569140613079	0.00000000000	14.7500000000	15.0250005722	14.7500000000	14.9812498093	14.8312501907	-300.000000000	1280.63276119	NaN	0.00000000000	22.2999572754	25.0003967285	640.000000000	24.3887866938	24.5438624518	25.2794884430	25.6434440550	23.9951306439	26.4630344129	-59.5060620420	-59.3563638407	-0.000859737396240	-0.000859737396240	-0.000531673431396	-0.000531673431396	NaN	NaN	-273.150000000	-273.150000000	NaN	0.00000000000	NaN	NaN	1.00000000000	0.00000000000	5.00000000000	0.00000000000

















3733299936.33	NaN	6.00000000000	83.0000000000	0.00000000000	2.00000000000	NaN	3.48794221878	-3.09967765529	1.00555086136	-4.10172724073	0.983893394470	-0.000531673431396	0.100863933563	0.136631488800	3.63972657394	90.6894157906	0.100930681229	1015.24156092	0.0243415832520	0.000650238990784	0.00117337703705	200000.000000	16.0000000000	0.00000000000	166.000000000	232.000000000	5.00000000000	0.950000000000	-0.740000000000	22.3000000000	0.00000000000	232.000000000	32.0000000000	6720096.00000	2500.00000000	2000.00000000	206.200000000	6466.00000000	1700.00000000	6000.00000000	13314.0000000	5801.00000000	23.4081460007	23.5137486754	23.1798541774	-0.365118443319	23.6668057909	26.2141808083	24.1922097605	-10.8927789160	23.5243397747	23.2737861163	23.2758785345	23.8878234650	23.9764863670	22.7635844875	-12.4077104270	0.882295696942	0.00000000000	0.100000000000	0.0500000000000	-0.00761303901672	0.00000000000	46.2070312500	0.00000000000	-0.570898473263	0.00000000000	14.7500000000	15.0250005722	14.7500000000	14.9812498093	14.8312501907	-300.000000000	2822.53547137	NaN	0.00000000000	22.3000793457	25.0000915527	640.000000000	24.3887866938	24.5438624518	25.2794884430	25.6434440550	23.9951306439	26.4630344129	-59.5060620420	-59.3563638407	-0.000859737396240	-0.000859737396240	-0.000531673431396	-0.000531673431396	NaN	NaN	-273.150000000	-273.150000000	NaN	0.00000000000	NaN	NaN	1.00000000000	0.00000000000	5.00000000000	0.00000000000


















3733299936.53	NaN	10.0000000000	87.0000000000	0.00000000000	1.00000000000	NaN	3.47645711899	-3.00910859070	1.00555086136	-4.04754483723	0.987174510956	-0.000859737396240	0.0998797416687	0.135318756104	3.65875927048	89.5471773605	0.0960715332031	1015.28521311	0.0260739326477	0.000717973709106	0.00121345520020	200000.000000	16.0000000000	0.00000000000	166.000000000	232.000000000	5.00000000000	0.950000000000	-0.740000000000	22.3000000000	0.00000000000	232.000000000	32.0000000000	6720096.00000	2500.00000000	2000.00000000	206.200000000	6466.00000000	1700.00000000	6000.00000000	13314.0000000	5801.00000000	23.4081460007	23.5137486754	23.1798541774	-0.365118443319	23.6668057909	26.2141808083	24.1922097605	-10.8927789160	23.5243397747	23.2737861163	23.2758785345	23.8878234650	23.9764863670	22.7635844875	-12.4077104270	0.882295696942	0.00000000000	0.100000000000	0.0500000000000	0.00467925071716	0.00000000000	46.2070312500	0.00000000000	-0.570898473263	0.00000000000	14.7500000000	15.1187505722	14.7500000000	14.9812498093	14.8312501907	-300.000000000	1398.45097522	NaN	0.00000000000	22.3000793457	25.0000915527	640.000000000	24.3887866938	24.5438624518	25.2794884430	25.6434440550	23.9951306439	26.4630344129	-59.5060620420	-59.3563638407	-0.000859737396240	-0.000859737396240	-0.000531673431396	-0.000531673431396	NaN	NaN	-273.150000000	-273.150000000	NaN	0.00000000000	NaN	NaN	1.00000000000	0.00000000000	5.00000000000	0.00000000000

















3733299936.73	NaN	9.00000000000	92.0000000000	0.00000000000	4.00000000000	NaN	3.48597335815	-3.24348517051	1.00292539597	-4.01662323461	0.987503051758	-0.000531673431396	0.0965981483459	0.136303424835	3.48742350597	80.0286159897	0.102551181793	1015.54718970	0.0287384986877	0.000703454017639	0.00120820999146	200000.000000	16.0000000000	0.00000000000	166.000000000	232.000000000	5.00000000000	0.950000000000	-0.740000000000	22.3000000000	0.00000000000	232.000000000	32.0000000000	6720096.00000	2500.00000000	2000.00000000	206.200000000	6466.00000000	1700.00000000	6000.00000000	13314.0000000	5801.00000000	23.4081460007	23.5137486754	23.1798541774	-0.365118443319	23.6668057909	26.2141808083	24.1922097605	-10.8927789160	23.5243397747	23.2737861163	23.2758785345	23.8878234650	23.9764863670	22.7635844875	-12.4077104270	0.882295696942	0.00000000000	0.100000000000	0.0500000000000	0.00308704376221	0.00000000000	50.0488281250	0.00000000000	-0.571679711342	0.00000000000	14.7500000000	15.1187505722	14.7500000000	14.9812498093	14.8312501907	-300.000000000	5707.58072192	NaN	0.00000000000	22.2997131348	25.0002441406	640.000000000	24.3887866938	24.5438624518	25.2794884430	25.6434440550	23.9951306439	26.4630344129	-59.5060620420	-59.3563638407	-0.000859737396240	-0.000859737396240	-0.000531673431396	-0.000531673431396	NaN	NaN	-273.150000000	-273.150000000	NaN	0.00000000000	NaN	NaN	1.00000000000	0.00000000000	5.00000000000	0.00000000000

















3733299936.93	NaN	10.0000000000	75.0000000000	0.00000000000	0.00000000000	NaN	3.49286460876	-3.26624355205	1.00325345993	-4.08624217178	0.987174510956	-0.000859737396240	0.0985670089722	0.136959552765	3.68730831528	86.8820465698	0.101740343094	1015.37251749	0.0265598297119	0.000681209564209	0.00120096206665	200000.000000	16.0000000000	0.00000000000	166.000000000	232.000000000	5.00000000000	0.950000000000	-0.740000000000	22.3000000000	0.00000000000	232.000000000	32.0000000000	6720096.00000	2500.00000000	2000.00000000	206.200000000	6466.00000000	1700.00000000	6000.00000000	13314.0000000	5801.00000000	23.4081460007	23.5137486754	23.1798541774	-0.365118443319	23.6668057909	26.2141808083	24.1922097605	-10.8927789160	23.5243397747	23.2737861163	23.2758785345	23.8878234650	23.9764863670	22.7635844875	-12.4077104270	0.882295696942	0.00000000000	0.100000000000	0.0500000000000	0.000662803649902	0.00000000000	50.0488281250	0.00000000000	-0.571679711342	0.00000000000	14.7500000000	15.1125001907	14.7500000000	14.9875001907	14.8312501907	-300.000000000	0.00000000000	NaN	0.00000000000	22.2997131348	25.0002441406	640.000000000	24.3887866938	24.5438624518	25.2794884430	25.6434440550	23.9951306439	26.4630344129	-59.5060620420	-59.3563638407	-0.000859737396240	-0.000859737396240	-0.000531673431396	-0.000531673431396	NaN	NaN	-273.150000000	-273.150000000	NaN	0.00000000000	NaN	NaN	1.00000000000	0.00000000000	5.00000000000	0.00000000000


















3733299937.13	NaN	12.0000000000	92.0000000000	0.00000000000	3.00000000000	NaN	3.49187994003	-3.34217066398	1.00325345993	-4.04754483723	0.988815307617	-0.000859737396240	0.0975828170776	0.136631488800	3.66827561874	85.7398081398	0.103360843658	1015.24156092	0.0228452682495	0.000701498985291	0.00118257999420	200000.000000	16.0000000000	0.00000000000	166.000000000	232.000000000	5.00000000000	0.950000000000	-0.740000000000	22.3000000000	0.00000000000	232.000000000	32.0000000000	6720096.00000	2500.00000000	2000.00000000	206.200000000	6466.00000000	1700.00000000	6000.00000000	13314.0000000	5801.00000000	23.4081460007	23.5137486754	23.1798541774	-0.365118443319	23.6668057909	26.2141808083	24.1922097605	-10.8927789160	23.5243397747	23.2737861163	23.2758785345	23.8878234650	23.9764863670	22.7635844875	-12.4077104270	0.882295696942	0.00000000000	0.100000000000	0.0500000000000	0.00196347236633	0.00000000000	49.7460937500	0.00000000000	-0.566015660763	0.00000000000	14.7500000000	15.1125001907	14.7500000000	14.9875001907	14.8312501907	-300.000000000	4199.11826724	NaN	0.00000000000	22.2997131348	25.0002441406	640.000000000	24.3887866938	24.5438624518	25.2794884430	25.6434440550	23.9951306439	26.4630344129	-59.5060620420	-59.3563638407	-0.000859737396240	-0.000859737396240	-0.000531673431396	-0.000531673431396	NaN	NaN	-273.150000000	-273.150000000	NaN	0.00000000000	NaN	NaN	1.00000000000	0.00000000000	5.00000000000	0.00000000000


















3733299937.33	NaN	11.0000000000	73.0000000000	0.00000000000	0.00000000000	NaN	3.48531723022	-3.31178729575	1.00030040741	-4.10948331593	0.987831115723	-0.000859737396240	0.0982389450073	0.137616157532	3.71587119198	87.2627005005	0.101740343094	1015.37251749	0.0240001678467	0.000691628456116	0.00119440555573	200000.000000	16.0000000000	0.00000000000	166.000000000	232.000000000	5.00000000000	0.950000000000	-0.740000000000	22.3000000000	0.00000000000	232.000000000	32.0000000000	6720096.00000	2500.00000000	2000.00000000	206.200000000	6466.00000000	1700.00000000	6000.00000000	13314.0000000	5801.00000000	23.4081460007	23.5137486754	23.1798541774	-0.365118443319	23.6668057909	26.2141808083	24.1922097605	-10.8927789160	23.5243397747	23.2737861163	23.2758785345	23.8878234650	23.9764863670	22.7635844875	-12.4077104270	0.882295696942	0.00000000000	0.100000000000	0.0500000000000	-0.00843329429626	0.00000000000	49.7460937500	0.00000000000	-0.566015660763	0.00000000000	14.7562503815	15.0312500000	14.7500000000	14.9812498093	14.8312501907	-300.000000000	0.00000000000	NaN	0.00000000000	22.3002929688	25.0003967285	640.000000000	24.3887866938	24.5438624518	25.2794884430	25.6434440550	23.9951306439	26.4630344129	-59.5060620420	-59.3563638407	-0.000859737396240	-0.000859737396240	-0.000531673431396	-0.000531673431396	NaN	NaN	-273.150000000	-273.150000000	NaN	0.00000000000	NaN	NaN	1.00000000000	0.00000000000	5.00000000000	0.00000000000

















3733299937.53	NaN	9.00000000000	74.0000000000	0.00000000000	0.00000000000	NaN	3.47842597961	-3.31938101759	1.00226926804	-4.05529026345	0.989143371582	-0.00118780136108	0.0972547531128	0.136303424835	3.68730831528	85.1685506058	0.100121019363	1015.24156092	0.0220971107483	0.000683140754700	0.00119307041168	200000.000000	16.0000000000	0.00000000000	166.000000000	232.000000000	5.00000000000	0.950000000000	-0.740000000000	22.3000000000	0.00000000000	232.000000000	32.0000000000	6720096.00000	2500.00000000	2000.00000000	206.200000000	6466.00000000	1700.00000000	6000.00000000	13314.0000000	5801.00000000	23.4081460007	23.5137486754	23.1798541774	-0.365118443319	23.6668057909	26.2141808083	24.1922097605	-10.8927789160	23.5243397747	23.2737861163	23.2758785345	23.8878234650	23.9764863670	22.7635844875	-12.4077104270	0.882295696942	0.00000000000	0.100000000000	0.0500000000000	-0.00800547599792	0.00000000000	54.6503906250	-0.000390625005821	-0.571484386921	0.00000000000	14.7562503815	15.0312500000	14.7500000000	14.9812498093	14.8312501907	-300.000000000	0.00000000000	NaN	0.00000000000	22.3002929688	25.0003967285	640.000000000	24.3887866938	24.5438624518	25.2794884430	25.6434440550	23.9951306439	26.4630344129	-59.5060620420	-59.3563638407	-0.000859737396240	-0.000859737396240	-0.000531673431396	-0.000531673431396	NaN	NaN	-273.150000000	-273.150000000	NaN	0.00000000000	NaN	NaN	1.00000000000	0.00000000000	5.00000000000	0.00000000000


















3733299937.73	NaN	8.00000000000	89.0000000000	0.00000000000	0.00000000000	NaN	3.48662948608	-3.27382881653	0.998003482819	-4.02435136773	0.993409156799	-0.000859737396240	0.0965981483459	0.135647296906	3.72538754025	87.2627005005	0.0993113574982	1015.37251749	0.0206398963928	0.000679183006287	0.00116028785706	200000.000000	16.0000000000	0.00000000000	166.000000000	232.000000000	5.00000000000	0.950000000000	-0.740000000000	22.3000000000	0.00000000000	232.000000000	32.0000000000	6720096.00000	2500.00000000	2000.00000000	206.200000000	6466.00000000	1700.00000000	6000.00000000	13314.0000000	5801.00000000	23.4081460007	23.5137486754	23.1798541774	-0.365118443319	23.6668057909	26.2141808083	24.1922097605	-10.8927789160	23.5243397747	23.2737861163	23.2758785345	23.8878234650	23.9764863670	22.7635844875	-12.4077104270	0.882295696942	0.00000000000	0.100000000000	0.0500000000000	-0.0205810546875	0.00000000000	54.6503906250	-0.000390625005821	-0.571484386921	0.00000000000	14.7562503815	15.0000000000	14.7500000000	14.9875001907	14.8312501907	-300.000000000	0.00000000000	NaN	0.00000000000	22.3002929688	25.0003967285	640.000000000	24.3887866938	24.5438624518	25.2794884430	25.6434440550	23.9951306439	26.4630344129	-59.5060620420	-59.3563638407	-0.000859737396240	-0.000859737396240	-0.000531673431396	-0.000531673431396	NaN	NaN	-273.150000000	-273.150000000	NaN	0.00000000000	NaN	NaN	1.00000000000	0.00000000000	5.00000000000	0.00000000000


















3733299937.93	NaN	8.00000000000	118.000000000	0.00000000000	2.00000000000	NaN	3.48794221878	-3.30419498567	0.998987674713	-4.09398394576	0.986846446991	0.000452518463135	0.0979108810425	0.136303424835	3.75393658504	85.9301351051	0.100930681229	1015.24156092	0.0209679603577	0.000698876380920	0.00122327804565	200000.000000	16.0000000000	0.00000000000	166.000000000	232.000000000	5.00000000000	0.950000000000	-0.740000000000	22.3000000000	0.00000000000	232.000000000	32.0000000000	6720096.00000	2500.00000000	2000.00000000	206.200000000	6466.00000000	1700.00000000	6000.00000000	13314.0000000	5801.00000000	23.4081460007	23.5137486754	23.1798541774	-0.365118443319	23.6668057909	26.2141808083	24.1922097605	-10.8927789160	23.5243397747	23.2737861163	23.2758785345	23.8878234650	23.9764863670	22.7635844875	-12.4077104270	0.882295696942	0.00000000000	0.100000000000	0.0500000000000	0.00596547126770	0.00000000000	45.2363281250	0.00000000000	-0.567968785763	0.00000000000	14.7562503815	15.0000000000	14.7500000000	14.9875001907	14.8312501907	-300.000000000	2920.28130957	NaN	0.00000000000	22.2996826172	25.0000610352	640.000000000	24.3887866938	24.5438624518	25.2794884430	25.6434440550	23.9951306439	26.4630344129	-59.5060620420	-59.3563638407	-0.000859737396240	-0.000859737396240	-0.000531673431396	-0.000531673431396	NaN	NaN	-273.150000000	-273.150000000	NaN	0.00000000000	NaN	NaN	1.00000000000	0.00000000000	5.00000000000	0.00000000000


















3733299938.13	NaN	10.0000000000	115.000000000	0.00000000000	2.00000000000	NaN	3.48531723022	-3.16016399527	0.995706558228	-4.10948331593	0.980939865112	-0.000531673431396	0.100863933563	0.136303424835	3.76346676521	88.4049389305	0.100121019363	1015.02323651	0.0175557136536	0.000713396072388	0.00120296478271	200000.000000	16.0000000000	0.00000000000	166.000000000	232.000000000	5.00000000000	0.950000000000	-0.740000000000	22.3000000000	0.00000000000	232.000000000	32.0000000000	6720096.00000	2500.00000000	2000.00000000	206.200000000	6466.00000000	1700.00000000	6000.00000000	13314.0000000	5801.00000000	23.4081460007	23.5137486754	23.1798541774	-0.365118443319	23.6668057909	26.2141808083	24.1922097605	-10.8927789160	23.5243397747	23.2737861163	23.2758785345	23.8878234650	23.9764863670	22.7635844875	-12.4077104270	0.882295696942	0.00000000000	0.100000000000	0.0500000000000	-0.00305442810059	0.00000000000	45.2363281250	0.00000000000	-0.567968785763	0.00000000000	14.7500000000	15.1250000000	14.7500000000	14.9812498093	14.8312501907	-300.000000000	2721.81298922	NaN	0.00000000000	22.2996826172	25.0000610352	640.000000000	24.3887866938	24.5438624518	25.2794884430	25.6434440550	23.9951306439	26.4630344129	-59.5060620420	-59.3563638407	-0.000859737396240	-0.000859737396240	0.000452518463135	-0.000531673431396	NaN	NaN	-273.150000000	-273.150000000	NaN	0.00000000000	NaN	NaN	1.00000000000	0.00000000000	5.00000000000	0.00000000000

















3733299938.33	NaN	10.0000000000	108.000000000	0.00000000000	0.00000000000	NaN	3.47809791565	-3.15259971543	0.993409156799	-4.08624217178	0.987503051758	-0.000531673431396	0.0972547531128	0.135647296906	3.79201581001	87.0723735352	0.103360843658	1015.19784528	0.0115308761597	0.000680494308472	0.00120816230774	200000.000000	16.0000000000	0.00000000000	166.000000000	232.000000000	5.00000000000	0.950000000000	-0.740000000000	22.3000000000	0.00000000000	232.000000000	32.0000000000	6720096.00000	2500.00000000	2000.00000000	206.200000000	6466.00000000	1700.00000000	6000.00000000	13314.0000000	5801.00000000	23.4081460007	23.5137486754	23.1798541774	-0.365118443319	23.6668057909	26.2141808083	24.1922097605	-10.8927789160	23.5243397747	23.2737861163	23.2758785345	23.8878234650	23.9764863670	22.7635844875	-12.4077104270	0.882295696942	0.00000000000	0.100000000000	0.0500000000000	-0.00133762359619	0.00000000000	48.8203125000	-0.000390625005821	-0.570507824421	0.00000000000	14.7500000000	15.1250000000	14.7500000000	14.9812498093	14.8312501907	-300.000000000	0.00000000000	NaN	0.00000000000	22.3002624512	25.0000610352	640.000000000	24.3887866938	24.5438624518	25.2794884430	25.6434440550	23.9951306439	26.4630344129	-59.5060620420	-59.3563638407	-0.000859737396240	-0.000859737396240	0.000452518463135	-0.000531673431396	NaN	NaN	-273.150000000	-273.150000000	NaN	0.00000000000	NaN	NaN	1.00000000000	0.00000000000	5.00000000000	0.00000000000


















3733299938.53	NaN	9.00000000000	111.000000000	0.00000000000	0.00000000000	NaN	3.49155187607	-3.20558993899	0.992753028870	-4.07076318234	0.979299068451	-0.000531673431396	0.101191997528	0.136303424835	3.80153215828	86.5011160011	0.102551181793	1015.28521311	0.00806570053101	0.000695610046387	0.00118062496185	200000.000000	16.0000000000	0.00000000000	166.000000000	232.000000000	5.00000000000	0.950000000000	-0.740000000000	22.3000000000	0.00000000000	232.000000000	32.0000000000	6720096.00000	2500.00000000	2000.00000000	206.200000000	6466.00000000	1700.00000000	6000.00000000	13314.0000000	5801.00000000	23.4081460007	23.5137486754	23.1798541774	-0.365118443319	23.6668057909	26.2141808083	24.1922097605	-10.8927789160	23.5243397747	23.2737861163	23.2758785345	23.8878234650	23.9764863670	22.7635844875	-12.4077104270	0.882295696942	0.00000000000	0.100000000000	0.0500000000000	-0.00596704483032	0.00000000000	48.8203125000	-0.000390625005821	-0.570507824421	0.00000000000	14.7562503815	15.0625000000	14.7500000000	14.9812498093	14.8312501907	-300.000000000	0.00000000000	NaN	0.00000000000	22.3002624512	25.0000610352	640.000000000	24.3887866938	24.5438624518	25.2794884430	25.6434440550	23.9951306439	26.4630344129	-59.5060620420	-59.3563638407	-0.000859737396240	-0.000859737396240	0.000452518463135	-0.000531673431396	NaN	NaN	-273.150000000	-273.150000000	NaN	0.00000000000	NaN	NaN	1.00000000000	0.00000000000	5.00000000000	0.00000000000


















3733299938.73	NaN	11.0000000000	104.000000000	0.00000000000	1.00000000000	NaN	3.48367643356	-3.03173774501	0.990456104279	-4.11722965848	0.989143371582	-0.000859737396240	0.0992236137390	0.134662628174	3.64924292221	85.3588775711	0.0968823719025	1015.02323651	0.0123710632324	0.000694918632507	0.00122919082642	200000.000000	16.0000000000	0.00000000000	166.000000000	232.000000000	5.00000000000	0.950000000000	-0.740000000000	22.3000000000	0.00000000000	232.000000000	32.0000000000	6720096.00000	2500.00000000	2000.00000000	206.200000000	6466.00000000	1700.00000000	6000.00000000	13314.0000000	5801.00000000	23.4081460007	23.5137486754	23.1798541774	-0.365118443319	23.6668057909	26.2141808083	24.1922097605	-10.8927789160	23.5243397747	23.2737861163	23.2758785345	23.8878234650	23.9764863670	22.7635844875	-12.4077104270	0.882295696942	0.00000000000	0.100000000000	0.0500000000000	-0.00440769195557	0.00000000000	53.4472656250	0.00000000000	-0.571289062500	0.00000000000	14.7562503815	15.0625000000	14.7500000000	14.9812498093	14.8312501907	-300.000000000	1480.36447624	NaN	0.00000000000	22.2997741699	25.0000610352	640.000000000	24.3887866938	24.5438624518	25.2794884430	25.6434440550	23.9951306439	26.4630344129	-59.5060620420	-59.3563638407	-0.000859737396240	-0.000859737396240	0.000452518463135	-0.000531673431396	NaN	NaN	-273.150000000	-273.150000000	NaN	0.00000000000	NaN	NaN	1.00000000000	0.00000000000	5.00000000000	0.00000000000


















3733299938.93	NaN	8.00000000000	111.000000000	0.00000000000	1.00000000000	NaN	3.48892688751	-3.25865969322	0.989799976349	-4.09398394576	0.982908725739	-0.000531673431396	0.0995516777039	0.135975360870	3.83961138325	88.5952658958	0.106599491119	1015.24156092	0.00754070281982	0.000681853294373	0.00120296478271	200000.000000	16.0000000000	0.00000000000	166.000000000	232.000000000	5.00000000000	0.950000000000	-0.740000000000	22.3000000000	0.00000000000	232.000000000	32.0000000000	6720096.00000	2500.00000000	2000.00000000	206.200000000	6466.00000000	1700.00000000	6000.00000000	13314.0000000	5801.00000000	23.4081460007	23.5137486754	23.1798541774	-0.365118443319	23.6668057909	26.2141808083	24.1922097605	-10.8927789160	23.5243397747	23.2737861163	23.2758785345	23.8878234650	23.9764863670	22.7635844875	-12.4077104270	0.882295696942	0.00000000000	0.100000000000	0.0500000000000	-0.000372791290283	0.00000000000	53.4472656250	0.00000000000	-0.571289062500	0.00000000000	14.7562503815	15.0687503815	14.7500000000	14.9812498093	14.8312501907	-300.000000000	1540.14424584	NaN	0.00000000000	22.2997741699	25.0000610352	640.000000000	24.3887866938	24.5438624518	25.2794884430	25.6434440550	23.9951306439	26.4630344129	-59.5060620420	-59.3563638407	-0.000859737396240	-0.000859737396240	0.000452518463135	-0.000531673431396	NaN	NaN	-273.150000000	-273.150000000	NaN	0.00000000000	NaN	NaN	1.00000000000	0.00000000000	5.00000000000	0.00000000000

















3733299939.13	NaN	13.0000000000	103.000000000	0.00000000000	0.00000000000	NaN	3.50861501694	-3.35738188789	0.987831115723	-4.11722965848	0.986190319061	-0.00184440612793	0.0969262123108	0.135975360870	3.83009503498	88.9759198265	0.100121019363	1015.41616968	0.00364208221436	0.000712656974792	0.00119707584381	200000.000000	16.0000000000	0.00000000000	166.000000000	232.000000000	5.00000000000	0.950000000000	-0.740000000000	22.3000000000	0.00000000000	232.000000000	32.0000000000	6720096.00000	2500.00000000	2000.00000000	206.200000000	6466.00000000	1700.00000000	6000.00000000	13314.0000000	5801.00000000	23.4081460007	23.5137486754	23.1798541774	-0.365118443319	23.6668057909	26.2141808083	24.1922097605	-10.8927789160	23.5243397747	23.2737861163	23.2758785345	23.8878234650	23.9764863670	22.7635844875	-12.4077104270	0.882295696942	0.00000000000	0.100000000000	0.0500000000000	-0.00824832916260	0.00000000000	45.3593750000	0.00000000000	-0.566406250000	0.00000000000	14.7562503815	15.0687503815	14.7500000000	14.9812498093	14.8312501907	-300.000000000	0.00000000000	NaN	0.00000000000	22.2997741699	25.0000610352	640.000000000	24.3887866938	24.5438624518	25.2794884430	25.6434440550	23.9951306439	26.4630344129	-59.5060620420	-59.3563638407	-0.000859737396240	-0.000859737396240	0.000452518463135	-0.000531673431396	NaN	NaN	-273.150000000	-273.150000000	NaN	0.00000000000	NaN	NaN	1.00000000000	0.00000000000	5.00000000000	0.00000000000


















3733299939.33	NaN	10.0000000000	95.0000000000	0.00000000000	1.00000000000	NaN	3.48072338104	-3.24348517051	0.985862255096	-4.13272691782	0.979627609253	0.000781059265137	0.0998797416687	0.136631488800	3.84912773151	85.1685506058	0.101740343094	1015.24156092	0.00422000885010	0.000684452056885	0.00120623111725	200000.000000	16.0000000000	0.00000000000	166.000000000	232.000000000	5.00000000000	0.950000000000	-0.740000000000	22.3000000000	0.00000000000	232.000000000	32.0000000000	6720096.00000	2500.00000000	2000.00000000	206.200000000	6466.00000000	1700.00000000	6000.00000000	13314.0000000	5801.00000000	23.4081460007	23.5137486754	23.1798541774	-0.365118443319	23.6668057909	26.2141808083	24.1922097605	-10.8927789160	23.5243397747	23.2737861163	23.2758785345	23.8878234650	23.9764863670	22.7635844875	-12.4077104270	0.882295696942	0.00000000000	0.100000000000	0.0500000000000	-0.00218687057495	0.00000000000	45.3593750000	0.00000000000	-0.566406250000	0.00000000000	14.7562503815	15.1062498093	14.7500000000	14.9812498093	14.8312501907	-300.000000000	1372.82491023	NaN	0.00000000000	22.3001403809	24.9999084473	640.000000000	24.3887866938	24.5438624518	25.2794884430	25.6434440550	23.9951306439	26.4630344129	-59.5060620420	-59.3563638407	-0.000859737396240	-0.000859737396240	0.000452518463135	-0.000531673431396	NaN	NaN	-273.150000000	-273.150000000	NaN	0.00000000000	NaN	NaN	1.00000000000	0.00000000000	5.00000000000	0.00000000000

















3733299939.53	NaN	12.0000000000	107.000000000	0.00000000000	0.00000000000	NaN	3.48859834671	-3.31938101759	0.980939865112	-4.14047783686	0.984877586365	-0.00282859802246	0.0969262123108	0.134662628174	3.84912773151	87.6433544312	0.106599491119	1015.15419309	0.00277614593506	0.000698280334473	0.00122392177582	200000.000000	16.0000000000	0.00000000000	166.000000000	232.000000000	5.00000000000	0.950000000000	-0.740000000000	22.3000000000	0.00000000000	232.000000000	32.0000000000	6720096.00000	2500.00000000	2000.00000000	206.200000000	6466.00000000	1700.00000000	6000.00000000	13314.0000000	5801.00000000	23.4081460007	23.5137486754	23.1798541774	-0.365118443319	23.6668057909	26.2141808083	24.1922097605	-10.8927789160	23.5243397747	23.2737861163	23.2758785345	23.8878234650	23.9764863670	22.7635844875	-12.4077104270	0.882295696942	0.00000000000	0.100000000000	0.0500000000000	-0.00505867004395	0.00000000000	51.4980468750	0.00000000000	-0.571289062500	0.00000000000	14.7562503815	15.1062498093	14.7500000000	14.9812498093	14.8312501907	-300.000000000	0.00000000000	NaN	0.00000000000	22.3001403809	24.9999084473	640.000000000	24.3887866938	24.5438624518	25.2794884430	25.6434440550	23.9951306439	26.4630344129	-59.5060620420	-59.3563638407	-0.000859737396240	-0.000859737396240	0.000452518463135	-0.000531673431396	NaN	NaN	-273.150000000	-273.150000000	NaN	0.00000000000	NaN	NaN	1.00000000000	0.00000000000	5.00000000000	0.00000000000


















3733299939.73	NaN	10.0000000000	124.000000000	0.00000000000	0.00000000000	NaN	3.47448825836	-3.01664661540	0.981267929077	-4.14823028365	0.984549522400	-0.00184440612793	0.0988950729370	0.134662628174	3.68730831528	84.2166391411	0.100930681229	1015.32886530	-0.00188350677490	0.000709390640259	0.00123250484467	200000.000000	16.0000000000	0.00000000000	166.000000000	232.000000000	5.00000000000	0.950000000000	-0.740000000000	22.3000000000	0.00000000000	232.000000000	32.0000000000	6720096.00000	2500.00000000	2000.00000000	206.200000000	6466.00000000	1700.00000000	6000.00000000	13314.0000000	5801.00000000	23.4081460007	23.5137486754	23.1798541774	-0.365118443319	23.6668057909	26.2141808083	24.1922097605	-10.8927789160	23.5243397747	23.2737861163	23.2758785345	23.8878234650	23.9764863670	22.7635844875	-12.4077104270	0.882295696942	0.00000000000	0.100000000000	0.0500000000000	-0.00325913429260	0.00000000000	51.4980468750	0.00000000000	-0.571289062500	0.00000000000	14.7562503815	15.0124998093	14.7500000000	14.9875001907	14.8312501907	-300.000000000	0.00000000000	NaN	0.00000000000	22.3001708984	25.0001831055	640.000000000	24.3887866938	24.5438624518	25.2794884430	25.6434440550	23.9951306439	26.4630344129	-59.5060620420	-59.3563638407	-0.000859737396240	-0.000859737396240	0.000452518463135	-0.000531673431396	NaN	NaN	-273.150000000	-273.150000000	NaN	0.00000000000	NaN	NaN	1.00000000000	0.00000000000	5.00000000000	0.00000000000

















3733299939.93	NaN	5.00000000000	129.000000000	0.00000000000	0.00000000000	NaN	3.48630142212	-3.05436831509	0.978971004486	-4.12497752541	0.980611801147	-0.000531673431396	0.0998797416687	0.134990692139	3.88720695648	90.4990888252	0.100930681229	1015.28521311	-0.00285482406616	0.000703501701355	0.00122790336609	200000.000000	16.0000000000	0.00000000000	166.000000000	232.000000000	5.00000000000	0.950000000000	-0.740000000000	22.3000000000	0.00000000000	232.000000000	32.0000000000	6720096.00000	2500.00000000	2000.00000000	206.200000000	6466.00000000	1700.00000000	6000.00000000	13314.0000000	5801.00000000	23.4081460007	23.5137486754	23.1798541774	-0.365118443319	23.6668057909	26.2141808083	24.1922097605	-10.8927789160	23.5243397747	23.2737861163	23.2758785345	23.8878234650	23.9764863670	22.7635844875	-12.4077104270	0.882295696942	0.00000000000	0.100000000000	0.0500000000000	-0.00288767814636	0.00000000000	54.1386718750	0.00000000000	-0.565820336342	0.00000000000	14.7562503815	15.0124998093	14.7500000000	14.9875001907	14.8312501907	-300.000000000	0.00000000000	NaN	0.00000000000	22.3001708984	25.0001831055	640.000000000	24.3887866938	24.5438624518	25.2794884430	25.6434440550	23.9951306439	26.4630344129	-59.5060620420	-59.3563638407	-0.000859737396240	-0.000859737396240	0.000452518463135	-0.000531673431396	NaN	NaN	-273.150000000	-273.150000000	NaN	0.00000000000	NaN	NaN	1.00000000000	0.00000000000	5.00000000000	0.00000000000

















3733299940.13	NaN	13.0000000000	105.000000000	0.00000000000	0.00000000000	NaN	3.48400449753	-3.14503682610	0.977002143860	-4.14047783686	0.977330684662	0.00110912322998	0.100535869598	0.136631488800	3.96335157452	87.2627005005	0.100121019363	1015.19784528	-0.00441694259644	0.000710725784302	0.00122265815735	200000.000000	16.0000000000	0.00000000000	166.000000000	232.000000000	5.00000000000	0.950000000000	-0.740000000000	22.3000000000	0.00000000000	232.000000000	32.0000000000	6720096.00000	2500.00000000	2000.00000000	206.200000000	6466.00000000	1700.00000000	6000.00000000	13314.0000000	5801.00000000	23.4081460007	23.5137486754	23.1798541774	-0.365118443319	23.6668057909	26.2141808083	24.1922097605	-10.8927789160	23.5243397747	23.2737861163	23.2758785345	23.8878234650	23.9764863670	22.7635844875	-12.4077104270	0.882295696942	0.00000000000	0.100000000000	0.0500000000000	-0.00397191047668	0.00000000000	54.1386718750	0.00000000000	-0.565820336342	0.00000000000	14.7562503815	15.0875005722	14.7500000000	14.9875001907	14.8312501907	-300.000000000	0.00000000000	NaN	0.00000000000	22.3001708984	25.0001831055	640.000000000	24.3887866938	24.5438624518	25.2794884430	25.6434440550	23.9951306439	26.4630344129	-59.5060620420	-59.3563638407	-0.000859737396240	-0.000859737396240	0.000452518463135	-0.000531673431396	NaN	NaN	-273.150000000	-273.150000000	NaN	0.00000000000	NaN	NaN	1.00000000000	0.00000000000	5.00000000000	0.00000000000


















3733299940.33	NaN	18.0000000000	134.000000000	0.00000000000	4.00000000000	NaN	3.48269224167	-3.09967765529	0.975033283234	-4.10948331593	0.985205650330	-0.00184440612793	0.0979108810425	0.133349895477	3.95383522625	88.0242849998	0.103360843658	1015.45982187	-0.00939130783081	0.000690364837646	0.00121736526489	200000.000000	16.0000000000	0.00000000000	166.000000000	232.000000000	5.00000000000	0.950000000000	-0.740000000000	22.3000000000	0.00000000000	232.000000000	32.0000000000	6720096.00000	2500.00000000	2000.00000000	206.200000000	6466.00000000	1700.00000000	6000.00000000	13314.0000000	5801.00000000	23.4081460007	23.5137486754	23.1798541774	-0.365118443319	23.6668057909	26.2141808083	24.1922097605	-10.8927789160	23.5243397747	23.2737861163	23.2758785345	23.8878234650	23.9764863670	22.7635844875	-12.4077104270	0.882295696942	0.00000000000	0.100000000000	0.0500000000000	-0.00454030036926	0.00000000000	47.3828125000	0.00000000000	-0.571289062500	0.00000000000	14.7562503815	15.0875005722	14.7500000000	14.9875001907	14.8312501907	-300.000000000	5996.09848631	NaN	0.00000000000	22.3003845215	25.0000305176	640.000000000	24.3887866938	24.5438624518	25.2794884430	25.6434440550	23.9951306439	26.4630344129	-59.5060620420	-59.3563638407	-0.000859737396240	-0.000859737396240	0.000452518463135	-0.000531673431396	NaN	NaN	-273.150000000	-273.150000000	NaN	0.00000000000	NaN	NaN	1.00000000000	0.00000000000	5.00000000000	0.00000000000


















3733299940.53	NaN	12.0000000000	104.000000000	0.00000000000	1.00000000000	NaN	3.48137950897	-3.20558993899	0.971095561981	-4.14823028365	0.978971004486	0.000781059265137	0.0998797416687	0.136631488800	4.01094714775	85.9301351051	0.108219991684	1015.24156092	-0.00848579406738	0.000713348388672	0.00122783184052	200000.000000	16.0000000000	0.00000000000	166.000000000	232.000000000	5.00000000000	0.950000000000	-0.740000000000	22.3000000000	0.00000000000	232.000000000	32.0000000000	6720096.00000	2500.00000000	2000.00000000	206.200000000	6466.00000000	1700.00000000	6000.00000000	13314.0000000	5801.00000000	23.4081460007	23.5137486754	23.1798541774	-0.365118443319	23.6668057909	26.2141808083	24.1922097605	-10.8927789160	23.5243397747	23.2737861163	23.2758785345	23.8878234650	23.9764863670	22.7635844875	-12.4077104270	0.882295696942	0.00000000000	0.100000000000	0.0500000000000	-0.00338521003723	0.00000000000	47.3828125000	0.00000000000	-0.571289062500	0.00000000000	14.7562503815	15.0562505722	14.7500000000	14.9812498093	14.8312501907	-300.000000000	1239.02921608	NaN	0.00000000000	22.3003845215	25.0000305176	640.000000000	24.3887866938	24.5438624518	25.2794884430	25.6434440550	23.9951306439	26.4630344129	-59.5060620420	-59.3563638407	-0.000859737396240	-0.000859737396240	0.000452518463135	-0.000531673431396	NaN	NaN	-273.150000000	-273.150000000	NaN	0.00000000000	NaN	NaN	1.00000000000	0.00000000000	5.00000000000	0.00000000000


















3733299940.73	NaN	16.0000000000	131.000000000	0.00000000000	1.00000000000	NaN	3.48433256149	-3.12235649115	0.968798637390	-4.14047783686	0.973721027374	0.000452518463135	0.100207805634	0.135647296906	4.06805906925	91.0700697212	0.104170505524	1015.32886530	-0.0111241340637	0.000718569755554	0.00121805667877	200000.000000	16.0000000000	0.00000000000	166.000000000	232.000000000	5.00000000000	0.950000000000	-0.740000000000	22.3000000000	0.00000000000	232.000000000	32.0000000000	6720096.00000	2500.00000000	2000.00000000	206.200000000	6466.00000000	1700.00000000	6000.00000000	13314.0000000	5801.00000000	23.4081460007	23.5137486754	23.1798541774	-0.365118443319	23.6668057909	26.2141808083	24.1922097605	-10.8927789160	23.5243397747	23.2737861163	23.2758785345	23.8878234650	23.9764863670	22.7635844875	-12.4077104270	0.882295696942	0.00000000000	0.100000000000	0.0500000000000	-0.00554704666138	0.00000000000	52.1445312500	0.00000000000	-0.568945348263	0.00000000000	14.7562503815	15.0562505722	14.7500000000	14.9812498093	14.8312501907	-300.000000000	1280.63276119	NaN	0.00000000000	22.3000183105	25.0000000000	640.000000000	24.3887866938	24.5438624518	25.2794884430	25.6434440550	23.9951306439	26.4630344129	-59.5060620420	-59.3563638407	-0.000859737396240	-0.000859737396240	0.000452518463135	-0.000531673431396	NaN	NaN	-273.150000000	-273.150000000	NaN	0.00000000000	NaN	NaN	1.00000000000	0.00000000000	5.00000000000	0.00000000000

















3733299940.93	NaN	9.00000000000	117.000000000	0.00000000000	0.00000000000	NaN	3.48466062546	-3.12235649115	0.967157840729	-4.16375103863	0.977986812592	-0.000859737396240	0.0995516777039	0.134662628174	4.01094714775	91.4510002899	0.100930681229	1015.06688870	-0.0176215171814	0.000735640525818	0.00123577117920	200000.000000	16.0000000000	0.00000000000	166.000000000	232.000000000	5.00000000000	0.950000000000	-0.740000000000	22.3000000000	0.00000000000	232.000000000	32.0000000000	6720096.00000	2500.00000000	2000.00000000	206.200000000	6466.00000000	1700.00000000	6000.00000000	13314.0000000	5801.00000000	23.4081460007	23.5137486754	23.1798541774	-0.365118443319	23.6668057909	26.2141808083	24.1922097605	-10.8927789160	23.5243397747	23.2737861163	23.2758785345	23.8878234650	23.9764863670	22.7635844875	-12.4077104270	0.882295696942	0.00000000000	0.100000000000	0.0500000000000	-0.00375409126282	0.00000000000	52.1445312500	0.00000000000	-0.568945348263	0.00000000000	14.7562503815	15.0000000000	14.7500000000	14.9812498093	14.8312501907	-300.000000000	0.00000000000	NaN	0.00000000000	22.3000183105	25.0000000000	640.000000000	24.3887866938	24.5438624518	25.2794884430	25.6434440550	23.9951306439	26.4630344129	-59.5060620420	-59.3563638407	-0.000859737396240	-0.000859737396240	0.000452518463135	-0.000531673431396	NaN	NaN	-273.150000000	-273.150000000	NaN	0.00000000000	NaN	NaN	1.00000000000	0.00000000000	5.00000000000	0.00000000000

















3733299941.13	NaN	11.0000000000	130.000000000	0.00000000000	1.00000000000	NaN	3.48105144501	-3.25106621904	0.967157840729	-4.14047783686	0.982580661774	-0.00217247009277	0.0962700843811	0.135975360870	4.03949619255	85.9301351051	0.104980167389	1015.37251749	-0.0136966705322	0.000680494308472	0.00122787952423	200000.000000	16.0000000000	0.00000000000	166.000000000	232.000000000	5.00000000000	0.950000000000	-0.740000000000	22.3000000000	0.00000000000	232.000000000	32.0000000000	6720096.00000	2500.00000000	2000.00000000	206.200000000	6466.00000000	1700.00000000	6000.00000000	13314.0000000	5801.00000000	23.4081460007	23.5137486754	23.1798541774	-0.365118443319	23.6668057909	26.2141808083	24.1922097605	-10.8927789160	23.5243397747	23.2737861163	23.2758785345	23.8878234650	23.9764863670	22.7635844875	-12.4077104270	0.882295696942	0.00000000000	0.100000000000	0.0500000000000	-0.00470166206360	0.00000000000	51.3808593750	0.00000000000	-0.566210925579	0.00000000000	14.7562503815	15.0000000000	14.7500000000	14.9812498093	14.8312501907	-300.000000000	1451.67921303	NaN	0.00000000000	22.3000183105	25.0000000000	640.000000000	24.3887866938	24.5438624518	25.2794884430	25.6434440550	23.9951306439	26.4630344129	-59.5060620420	-59.3563638407	-0.000859737396240	-0.000859737396240	0.000452518463135	-0.000531673431396	NaN	NaN	-273.150000000	-273.150000000	NaN	0.00000000000	NaN	NaN	1.00000000000	0.00000000000	5.00000000000	0.00000000000

















3733299941.33	NaN	18.0000000000	115.000000000	0.00000000000	1.00000000000	NaN	3.48137950897	-3.09212447352	0.964532852173	-4.16375103863	0.976346015930	-0.000203609466553	0.0995516777039	0.135318756104	4.04902637272	89.1665234299	0.102551181793	1015.41616968	-0.0159020423889	0.000706744194031	0.00124824047089	200000.000000	16.0000000000	0.00000000000	166.000000000	232.000000000	5.00000000000	0.950000000000	-0.740000000000	22.3000000000	0.00000000000	232.000000000	32.0000000000	6720096.00000	2500.00000000	2000.00000000	206.200000000	6466.00000000	1700.00000000	6000.00000000	13314.0000000	5801.00000000	23.4081460007	23.5137486754	23.1798541774	-0.365118443319	23.6668057909	26.2141808083	24.1922097605	-10.8927789160	23.5243397747	23.2737861163	23.2758785345	23.8878234650	23.9764863670	22.7635844875	-12.4077104270	0.882295696942	0.00000000000	0.100000000000	0.0500000000000	0.000711345672607	0.00000000000	51.3808593750	0.00000000000	-0.566210925579	0.00000000000	14.7562503815	15.0812501907	14.7500000000	14.9875001907	14.8312501907	-300.000000000	1451.67921303	NaN	0.00000000000	22.2999572754	25.0000915527	640.000000000	24.3887866938	24.5438624518	25.2794884430	25.6434440550	23.9951306439	26.4630344129	-59.5060620420	-59.3563638407	-0.000859737396240	-0.000859737396240	0.000452518463135	-0.000531673431396	NaN	NaN	-273.150000000	-273.150000000	NaN	0.00000000000	NaN	NaN	1.00000000000	0.00000000000	5.00000000000	0.00000000000


















3733299941.53	NaN	9.00000000000	99.0000000000	0.00000000000	3.00000000000	NaN	3.46759748459	-3.07702225654	0.961907863617	-4.18702675369	0.973064422607	0.00110912322998	0.101191997528	0.137944221497	4.10613829422	88.2146119652	0.104170505524	1015.41616968	-0.0218873023987	0.000707435607910	0.00121345520020	200000.000000	16.0000000000	0.00000000000	166.000000000	232.000000000	5.00000000000	0.950000000000	-0.740000000000	22.3000000000	0.00000000000	232.000000000	32.0000000000	6720096.00000	2500.00000000	2000.00000000	206.200000000	6466.00000000	1700.00000000	6000.00000000	13314.0000000	5801.00000000	23.4081460007	23.5137486754	23.1798541774	-0.365118443319	23.6668057909	26.2141808083	24.1922097605	-10.8927789160	23.5243397747	23.2737861163	23.2758785345	23.8878234650	23.9764863670	22.7635844875	-12.4077104270	0.882295696942	0.00000000000	0.100000000000	0.0500000000000	-0.00259246826172	0.00000000000	48.2382812500	0.00000000000	-0.571875035763	0.00000000000	14.7562503815	15.0812501907	14.7500000000	14.9875001907	14.8312501907	-300.000000000	4050.34368950	NaN	0.00000000000	22.2999572754	25.0000915527	640.000000000	24.3887866938	24.5438624518	25.2794884430	25.6434440550	23.9951306439	26.4630344129	-59.5060620420	-59.3563638407	-0.000859737396240	-0.000859737396240	0.000452518463135	-0.000531673431396	NaN	NaN	-273.150000000	-273.150000000	NaN	0.00000000000	NaN	NaN	1.00000000000	0.00000000000	5.00000000000	0.00000000000

















3733299941.73	NaN	15.0000000000	107.000000000	0.00000000000	2.00000000000	NaN	3.49023914337	-3.26624355205	0.959282875061	-4.16375103863	0.977330684662	-0.00118780136108	0.0998797416687	0.136303424835	4.10613829422	88.0242849998	0.100930681229	1015.24156092	-0.0204300880432	0.000719904899597	0.00124754905701	200000.000000	16.0000000000	0.00000000000	166.000000000	232.000000000	5.00000000000	0.950000000000	-0.740000000000	22.3000000000	0.00000000000	232.000000000	32.0000000000	6720096.00000	2500.00000000	2000.00000000	206.200000000	6466.00000000	1700.00000000	6000.00000000	13314.0000000	5801.00000000	23.4081460007	23.5137486754	23.1798541774	-0.365118443319	23.6668057909	26.2141808083	24.1922097605	-10.8927789160	23.5243397747	23.2737861163	23.2758785345	23.8878234650	23.9764863670	22.7635844875	-12.4077104270	0.882295696942	0.00000000000	0.100000000000	0.0500000000000	-0.00154895782471	0.00000000000	48.2382812500	0.00000000000	-0.571875035763	0.00000000000	14.7562503815	15.0124998093	14.7500000000	14.9812498093	14.8312501907	-300.000000000	2651.89271429	NaN	0.00000000000	22.2999572754	25.0000915527	640.000000000	24.3887866938	24.5438624518	25.2794884430	25.6434440550	23.9951306439	26.4630344129	-59.5060620420	-59.3563638407	-0.000859737396240	-0.000859737396240	0.000452518463135	-0.000531673431396	NaN	NaN	-273.150000000	-273.150000000	NaN	0.00000000000	NaN	NaN	1.00000000000	0.00000000000	5.00000000000	0.00000000000

















3733299941.93	NaN	12.0000000000	129.000000000	0.00000000000	0.00000000000	NaN	3.48827028275	-3.09967765529	0.958626270294	-4.20256285267	0.973721027374	0.000452518463135	0.101191997528	0.136631488800	4.12517099075	87.4530274658	0.100121019363	1015.28521311	-0.0265464782715	0.000706171989441	0.00120491981506	200000.000000	16.0000000000	0.00000000000	166.000000000	232.000000000	5.00000000000	0.950000000000	-0.740000000000	22.3000000000	0.00000000000	232.000000000	32.0000000000	6720096.00000	2500.00000000	2000.00000000	206.200000000	6466.00000000	1700.00000000	6000.00000000	13314.0000000	5801.00000000	23.4081460007	23.5137486754	23.1798541774	-0.365118443319	23.6668057909	26.2141808083	24.1922097605	-10.8927789160	23.5243397747	23.2737861163	23.2758785345	23.8878234650	23.9764863670	22.7635844875	-12.4077104270	0.882295696942	0.00000000000	0.100000000000	0.0500000000000	-0.00241131782532	0.00000000000	48.7871093750	0.00000000000	-0.566992223263	0.00000000000	14.7562503815	15.0124998093	14.7500000000	14.9812498093	14.8312501907	-300.000000000	0.00000000000	NaN	0.00000000000	22.3002014160	24.9998474121	640.000000000	24.3887866938	24.5438624518	25.2794884430	25.6434440550	23.9951306439	26.4630344129	-59.5060620420	-59.3563638407	-0.000859737396240	-0.000859737396240	0.000452518463135	-0.000531673431396	NaN	NaN	-273.150000000	-273.150000000	NaN	0.00000000000	NaN	NaN	1.00000000000	0.00000000000	5.00000000000	0.00000000000


















3733299942.13	NaN	15.0000000000	119.000000000	0.00000000000	0.00000000000	NaN	3.49056720734	-3.06191459222	0.956657409668	-4.16375103863	0.976346015930	0.000124454498291	0.0995516777039	0.135318756104	4.08709176579	88.5952658958	0.100930681229	1015.41616968	-0.0263366699219	0.000686407089233	0.00121150016785	200000.000000	16.0000000000	0.00000000000	166.000000000	232.000000000	5.00000000000	0.950000000000	-0.740000000000	22.3000000000	0.00000000000	232.000000000	32.0000000000	6720096.00000	2500.00000000	2000.00000000	206.200000000	6466.00000000	1700.00000000	6000.00000000	13314.0000000	5801.00000000	23.4081460007	23.5137486754	23.1798541774	-0.365118443319	23.6668057909	26.2141808083	24.1922097605	-10.8927789160	23.5243397747	23.2737861163	23.2758785345	23.8878234650	23.9764863670	22.7635844875	-12.4077104270	0.882295696942	0.00000000000	0.100000000000	0.0500000000000	-0.00811562538147	0.00000000000	48.7871093750	0.00000000000	-0.566992223263	0.00000000000	14.7562503815	15.0749998093	14.7562503815	14.9812498093	14.8312501907	-300.000000000	0.00000000000	NaN	0.00000000000	22.3002014160	24.9998474121	640.000000000	24.3887866938	24.5438624518	25.2794884430	25.6434440550	23.9951306439	26.4630344129	-59.5060620420	-59.3563638407	-0.000859737396240	-0.000859737396240	0.000452518463135	-0.000531673431396	NaN	NaN	-273.150000000	-273.150000000	NaN	0.00000000000	NaN	NaN	1.00000000000	0.00000000000	5.00000000000	0.00000000000

















3733299942.33	NaN	8.00000000000	107.000000000	0.00000000000	0.00000000000	NaN	3.47744178772	-3.13747532628	0.953704357147	-4.23363094078	0.971424102783	-0.000531673431396	0.100863933563	0.136631488800	4.17276656399	93.7352005119	0.0976920337677	1015.24156092	-0.0276098251343	0.000710058212280	0.00121080875397	200000.000000	16.0000000000	0.00000000000	166.000000000	232.000000000	5.00000000000	0.950000000000	-0.740000000000	22.3000000000	0.00000000000	232.000000000	32.0000000000	6720096.00000	2500.00000000	2000.00000000	206.200000000	6466.00000000	1700.00000000	6000.00000000	13314.0000000	5801.00000000	23.4081460007	23.5137486754	23.1798541774	-0.365118443319	23.6668057909	26.2141808083	24.1922097605	-10.8927789160	23.5243397747	23.2737861163	23.2758785345	23.8878234650	23.9764863670	22.7635844875	-12.4077104270	0.882295696942	0.00000000000	0.100000000000	0.0500000000000	-0.00407948493958	0.00000000000	45.3652343750	0.00000000000	-0.571484386921	0.00000000000	14.7562503815	15.0749998093	14.7562503815	14.9812498093	14.8312501907	-300.000000000	0.00000000000	NaN	0.00000000000	22.3002014160	25.0001831055	640.000000000	24.3887866938	24.5438624518	25.2794884430	25.6434440550	23.9951306439	26.4630344129	-59.5060620420	-59.3563638407	-0.000859737396240	-0.000859737396240	0.000452518463135	-0.000531673431396	NaN	NaN	-273.150000000	-273.150000000	NaN	0.00000000000	NaN	NaN	1.00000000000	0.00000000000	5.00000000000	0.00000000000

















3733299942.53	NaN	10.0000000000	114.000000000	0.00000000000	1.00000000000	NaN	3.47842597961	-3.10723222057	0.953704357147	-4.17150807767	0.977658748627	-0.000859737396240	0.0985670089722	0.134006500244	4.13468733902	88.7855928612	0.103360843658	1015.32886530	-0.0280036926270	0.000687718391418	0.00118782520294	200000.000000	16.0000000000	0.00000000000	166.000000000	232.000000000	5.00000000000	0.950000000000	-0.740000000000	22.3000000000	0.00000000000	232.000000000	32.0000000000	6720096.00000	2500.00000000	2000.00000000	206.200000000	6466.00000000	1700.00000000	6000.00000000	13314.0000000	5801.00000000	23.4081460007	23.5137486754	23.1798541774	-0.365118443319	23.6668057909	26.2141808083	24.1922097605	-10.8927789160	23.5243397747	23.2737861163	23.2758785345	23.8878234650	23.9764863670	22.7635844875	-12.4077104270	0.882295696942	0.00000000000	0.100000000000	0.0500000000000	0.0136478900909	0.00000000000	45.3652343750	0.00000000000	-0.571484386921	0.00000000000	14.7500000000	15.0062503815	14.7500000000	14.9812498093	14.8312501907	-300.000000000	1398.45097522	NaN	0.00000000000	22.3002014160	25.0001831055	640.000000000	24.3887866938	24.5438624518	25.2794884430	25.6434440550	23.9951306439	26.4630344129	-59.5060620420	-59.3563638407	-0.000859737396240	-0.000859737396240	0.000452518463135	-0.000531673431396	NaN	NaN	-273.150000000	-273.150000000	NaN	0.00000000000	NaN	NaN	1.00000000000	0.00000000000	5.00000000000	0.00000000000


















3733299942.73	NaN	11.0000000000	107.000000000	0.00000000000	1.00000000000	NaN	3.51452159882	-3.28900356653	0.951407432556	-4.20256285267	0.980611801147	-0.000859737396240	0.0969262123108	0.136959552765	4.19179926052	87.2627005005	0.103360843658	1015.37251749	-0.0304188728333	0.000673246383667	0.00118193626404	200000.000000	16.0000000000	0.00000000000	166.000000000	232.000000000	5.00000000000	0.950000000000	-0.740000000000	22.3000000000	0.00000000000	232.000000000	32.0000000000	6720096.00000	2500.00000000	2000.00000000	206.200000000	6466.00000000	1700.00000000	6000.00000000	13314.0000000	5801.00000000	23.4081460007	23.5137486754	23.1798541774	-0.365118443319	23.6668057909	26.2141808083	24.1922097605	-10.8927789160	23.5243397747	23.2737861163	23.2758785345	23.8878234650	23.9764863670	22.7635844875	-12.4077104270	0.882295696942	0.00000000000	0.100000000000	0.0500000000000	-0.000703620910645	0.00000000000	53.2871093750	0.00000000000	-0.570312500000	0.00000000000	14.7500000000	15.0062503815	14.7500000000	14.9812498093	14.8312501907	-300.000000000	1509.11975743	NaN	0.00000000000	22.3002319336	25.0001831055	640.000000000	24.3887866938	24.5438624518	25.2794884430	25.6434440550	23.9951306439	26.4630344129	-59.5060620420	-59.3563638407	-0.000859737396240	-0.000859737396240	0.000452518463135	-0.000531673431396	NaN	NaN	-273.150000000	-273.150000000	NaN	0.00000000000	NaN	NaN	1.00000000000	0.00000000000	5.00000000000	0.00000000000

















3733299942.93	NaN	10.0000000000	96.0000000000	0.00000000000	3.00000000000	NaN	3.48433256149	-3.19801729297	0.949766635895	-4.20256285267	0.972080230713	0.000781059265137	0.100863933563	0.136959552765	4.21083195705	85.5492045364	0.100930681229	1015.41616968	-0.0293951034546	0.000707435607910	0.00121476650238	200000.000000	16.0000000000	0.00000000000	166.000000000	232.000000000	5.00000000000	0.950000000000	-0.740000000000	22.3000000000	0.00000000000	232.000000000	32.0000000000	6720096.00000	2500.00000000	2000.00000000	206.200000000	6466.00000000	1700.00000000	6000.00000000	13314.0000000	5801.00000000	23.4081460007	23.5137486754	23.1798541774	-0.365118443319	23.6668057909	26.2141808083	24.1922097605	-10.8927789160	23.5243397747	23.2737861163	23.2758785345	23.8878234650	23.9764863670	22.7635844875	-12.4077104270	0.882295696942	0.00000000000	0.100000000000	0.0500000000000	-0.00719556808472	0.00000000000	53.2871093750	0.00000000000	-0.570312500000	0.00000000000	14.7562503815	15.0562505722	14.7562503815	14.9875001907	14.8312501907	-300.000000000	4560.42278007	NaN	0.00000000000	22.3002319336	25.0001831055	640.000000000	24.3887866938	24.5438624518	25.2794884430	25.6434440550	23.9951306439	26.4630344129	-59.5060620420	-59.3563638407	-0.000859737396240	-0.000859737396240	0.000452518463135	-0.000531673431396	NaN	NaN	-273.150000000	-273.150000000	NaN	0.00000000000	NaN	NaN	1.00000000000	0.00000000000	5.00000000000	0.00000000000

















3733299943.13	NaN	7.00000000000	118.000000000	0.00000000000	0.00000000000	NaN	3.47481679916	-3.07702225654	0.938937664032	-4.38157640982	0.965517520905	2.46775007248	0.272153854370	0.161570072174	5.05799443130	88.7855928612	0.100121019363	1015.37251749	-0.00744867324829	0.000736951828003	0.00126135349274	200000.000000	16.0000000000	0.00000000000	166.000000000	232.000000000	5.00000000000	0.950000000000	-0.740000000000	22.3000000000	0.00000000000	232.000000000	32.0000000000	6720096.00000	2500.00000000	2000.00000000	206.200000000	6466.00000000	1700.00000000	6000.00000000	13314.0000000	5801.00000000	23.4081460007	23.5137486754	23.1798541774	-0.365118443319	23.6668057909	26.2141808083	24.1922097605	-10.8927789160	23.5243397747	23.2737861163	23.2758785345	23.8878234650	23.9764863670	22.7635844875	-12.4077104270	0.882295696942	0.00000000000	0.100000000000	0.0500000000000	0.0262604236603	0.00000000000	48.9375000000	0.00000000000	-0.568164050579	-0.0195312500000	14.7562503815	15.0562505722	14.7562503815	14.9875001907	14.8312501907	-300.000000000	0.00000000000	NaN	0.00000000000	22.3002319336	25.0001831055	640.000000000	24.3887866938	24.5438624518	25.2794884430	25.6434440550	23.9951306439	26.4630344129	-59.5060620420	-59.3563638407	-0.000859737396240	-0.000859737396240	0.000452518463135	-0.000531673431396	NaN	NaN	-273.150000000	-273.150000000	NaN	0.00000000000	NaN	NaN	1.00000000000	0.00000000000	5.00000000000	0.00000000000


















3733299943.33	NaN	10.0000000000	129.000000000	0.00000000000	0.00000000000	NaN	3.48072338104	-3.06191459222	0.951407432556	-4.21032756663	0.972408294678	2.47201585770	0.274779319763	0.162226676941	4.95328693657	102.682780987	0.101740343094	1015.28521311	-0.0310883522034	0.000679826736450	0.00125222206116	200000.000000	16.0000000000	0.00000000000	166.000000000	232.000000000	5.00000000000	0.950000000000	-0.740000000000	22.3000000000	0.00000000000	232.000000000	32.0000000000	6720096.00000	2500.00000000	2000.00000000	206.200000000	6466.00000000	1700.00000000	6000.00000000	13314.0000000	5801.00000000	23.4081460007	23.5137486754	23.1798541774	-0.365118443319	23.6668057909	26.2141808083	24.1922097605	-10.8927789160	23.5243397747	23.2737861163	23.2758785345	23.8878234650	23.9764863670	22.7635844875	-12.4077104270	0.882295696942	0.00000000000	0.100000000000	0.0500000000000	0.00563340187073	0.00000000000	48.9375000000	0.00000000000	-0.568164050579	-0.0195312500000	14.7500000000	15.1312503815	14.7500000000	14.9875001907	14.8312501907	-300.000000000	0.00000000000	NaN	0.00000000000	22.2998962402	25.0002136230	640.000000000	24.3887866938	24.5438624518	25.2794884430	25.6434440550	23.9951306439	26.4630344129	-59.5060620420	-59.3563638407	-0.000859737396240	-0.000859737396240	0.000452518463135	-0.000531673431396	NaN	NaN	-273.150000000	-273.150000000	NaN	0.00000000000	NaN	NaN	1.00000000000	0.00000000000	5.00000000000	0.00000000000

















3733299943.53	NaN	5.00000000000	135.000000000	0.00000000000	0.00000000000	NaN	3.49187994003	-3.11478817035	0.948781967163	-4.21809381855	0.974377155304	2.46840620041	0.271825790405	0.161570072174	4.94377058830	104.396276951	0.0952618713379	1015.45982187	-0.0309176445007	0.000658822059631	0.00124168395996	200000.000000	16.0000000000	0.00000000000	166.000000000	232.000000000	5.00000000000	0.950000000000	-0.740000000000	22.3000000000	0.00000000000	232.000000000	32.0000000000	6720096.00000	2500.00000000	2000.00000000	206.200000000	6466.00000000	1700.00000000	6000.00000000	13314.0000000	5801.00000000	23.4081460007	23.5137486754	23.1798541774	-0.365118443319	23.6668057909	26.2141808083	24.1922097605	-10.8927789160	23.5243397747	23.2737861163	23.2758785345	23.8878234650	23.9764863670	22.7635844875	-12.4077104270	0.882295696942	0.00000000000	0.100000000000	0.0500000000000	0.00472502708435	0.00000000000	47.4238281250	0.00000000000	-0.571093738079	0.00000000000	14.7500000000	15.1312503815	14.7500000000	14.9875001907	14.8312501907	-300.000000000	0.00000000000	NaN	0.00000000000	22.2998962402	25.0002136230	640.000000000	24.3887866938	24.5438624518	25.2794884430	25.6434440550	23.9951306439	26.4630344129	-59.5060620420	-59.3563638407	-0.000859737396240	-0.000859737396240	0.000452518463135	-0.000531673431396	NaN	NaN	-273.150000000	-273.150000000	NaN	0.00000000000	NaN	NaN	1.00000000000	0.00000000000	5.00000000000	0.00000000000

















3733299943.73	NaN	12.0000000000	113.000000000	1.00000000000	1.00000000000	NaN	3.47612905502	-3.01664661540	0.936968803406	-4.48312648429	0.997346878052	2.47595357895	0.275107383728	0.173711299896	4.88665866680	102.682780987	0.0968823719025	1015.28521311	-0.0326108932495	0.000707387924194	0.00127770900726	200000.000000	16.0000000000	0.00000000000	166.000000000	232.000000000	5.00000000000	0.950000000000	-0.740000000000	22.3000000000	0.00000000000	232.000000000	32.0000000000	6720096.00000	2500.00000000	2000.00000000	206.200000000	6466.00000000	1700.00000000	6000.00000000	13314.0000000	5801.00000000	23.4081460007	23.5137486754	23.1798541774	-0.365118443319	23.6668057909	26.2141808083	24.1922097605	-10.8927789160	23.5243397747	23.2737861163	23.2758785345	23.8878234650	23.9764863670	22.7635844875	-12.4077104270	0.882295696942	0.00000000000	0.100000000000	0.0500000000000	-0.0180478572845	0.00000000000	47.4238281250	0.00000000000	-0.571093738079	0.00000000000	14.7562503815	15.0000000000	14.7500000000	14.9812498093	14.8312501907	-300.000000000	1480.36447624	NaN	0.00000000000	22.2998962402	25.0002136230	640.000000000	24.3887866938	24.5438624518	25.2794884430	25.6434440550	23.9951306439	26.4630344129	-59.5060620420	-59.3563638407	-0.000859737396240	-0.000859737396240	0.000452518463135	-0.000531673431396	NaN	NaN	-273.150000000	-273.150000000	NaN	0.00000000000	NaN	NaN	1.00000000000	0.00000000000	5.00000000000	0.00000000000


















3733299943.93	NaN	5.00000000000	116.000000000	0.00000000000	0.00000000000	NaN	3.48105144501	-3.22832728027	0.950422763824	-4.21032756663	0.971752166748	2.47070312500	0.274122714996	0.163210868835	4.97231963310	103.063434917	0.101740343094	1015.37251749	-0.0322957038879	0.000685119628906	0.00128099918365	200000.000000	16.0000000000	0.00000000000	166.000000000	232.000000000	5.00000000000	0.950000000000	-0.740000000000	22.3000000000	0.00000000000	232.000000000	32.0000000000	6720096.00000	2500.00000000	2000.00000000	206.200000000	6466.00000000	1700.00000000	6000.00000000	13314.0000000	5801.00000000	23.4081460007	23.5137486754	23.1798541774	-0.365118443319	23.6668057909	26.2141808083	24.1922097605	-10.8927789160	23.5243397747	23.2737861163	23.2758785345	23.8878234650	23.9764863670	22.7635844875	-12.4077104270	0.882295696942	0.00000000000	0.100000000000	0.0500000000000	0.00370135307312	0.00000000000	54.0449218750	0.00000000000	-0.566406250000	0.00000000000	14.7562503815	15.0000000000	14.7500000000	14.9812498093	14.8312501907	-300.000000000	0.00000000000	NaN	0.00000000000	22.3001708984	24.9999694824	640.000000000	24.3887866938	24.5438624518	25.2794884430	25.6434440550	23.9951306439	26.4630344129	-59.5060620420	-59.3563638407	-0.000859737396240	-0.000859737396240	0.000452518463135	-0.000531673431396	NaN	NaN	-273.150000000	-273.150000000	NaN	0.00000000000	NaN	NaN	1.00000000000	0.00000000000	5.00000000000	0.00000000000

















3733299944.13	NaN	11.0000000000	134.000000000	0.00000000000	0.00000000000	NaN	3.49220800400	-3.28900356653	0.951078891754	-4.18702675369	0.977002143860	2.47923469543	0.272482395172	0.163867473602	4.94377058830	100.017650196	0.105789829254	1015.32886530	-0.0299329757690	0.000684475898743	0.00124762058258	200000.000000	16.0000000000	0.00000000000	166.000000000	232.000000000	5.00000000000	0.950000000000	-0.740000000000	22.3000000000	0.00000000000	232.000000000	32.0000000000	6720096.00000	2500.00000000	2000.00000000	206.200000000	6466.00000000	1700.00000000	6000.00000000	13314.0000000	5801.00000000	23.4081460007	23.5137486754	23.1798541774	-0.365118443319	23.6668057909	26.2141808083	24.1922097605	-10.8927789160	23.5243397747	23.2737861163	23.2758785345	23.8878234650	23.9764863670	22.7635844875	-12.4077104270	0.882295696942	0.00000000000	0.100000000000	0.0500000000000	-0.00255303382874	0.00000000000	54.0449218750	0.00000000000	-0.566406250000	0.00000000000	14.7500000000	15.1187505722	14.7500000000	14.9875001907	14.8312501907	-300.000000000	0.00000000000	NaN	0.00000000000	22.3001708984	24.9999694824	640.000000000	24.4842020144	24.5438624518	25.2794884430	25.6434440550	23.9951306439	26.4630344129	-59.5060620420	-59.3563638407	-0.000859737396240	-0.000859737396240	0.000452518463135	-0.000531673431396	NaN	NaN	-273.150000000	-273.150000000	NaN	0.00000000000	NaN	NaN	1.00000000000	0.00000000000	5.00000000000	0.00000000000

















3733299944.33	NaN	19.0000000000	133.000000000	0.00000000000	0.00000000000	NaN	3.46989440918	-3.22075043653	0.948453903198	-4.24918552670	0.971424102783	2.47956275940	0.274779319763	0.163867473602	4.99136616154	103.444365486	0.0952618713379	1015.28521311	-0.0329651832581	0.000689721107483	0.00122194290161	200000.000000	16.0000000000	0.00000000000	166.000000000	232.000000000	5.00000000000	0.950000000000	-0.740000000000	22.3000000000	0.00000000000	232.000000000	32.0000000000	6720096.00000	2500.00000000	2000.00000000	206.200000000	6466.00000000	1700.00000000	6000.00000000	13314.0000000	5801.00000000	23.4081460007	23.5137486754	23.1798541774	-0.365118443319	23.6668057909	26.2141808083	24.1922097605	-10.8927789160	23.5243397747	23.2737861163	23.2758785345	23.8878234650	23.9764863670	22.7635844875	-12.4077104270	0.882295696942	0.00000000000	0.100000000000	0.0500000000000	-0.00128240585327	0.00000000000	48.8789062500	-0.000390625005821	-0.570117175579	0.00000000000	14.7500000000	15.1187505722	14.7500000000	14.9875001907	14.8312501907	-300.000000000	0.00000000000	NaN	0.00000000000	22.3000793457	25.0002441406	640.000000000	24.4842020144	24.5438624518	25.2794884430	25.6434440550	23.9951306439	26.4630344129	-59.5060620420	-59.3563638407	-0.000859737396240	-0.000859737396240	0.000452518463135	-0.000531673431396	NaN	NaN	-273.150000000	-273.150000000	NaN	0.00000000000	NaN	NaN	1.00000000000	0.00000000000	5.00000000000	0.00000000000


















3733299944.53	NaN	16.0000000000	123.000000000	0.00000000000	1.00000000000	NaN	3.48695802689	-3.01664661540	0.951078891754	-4.17926664898	0.975361824036	2.48087549210	0.274122714996	0.163210868835	4.94377058830	103.825019417	0.100930681229	1015.54718970	-0.0337262153625	0.000678539276123	0.00121207237244	200000.000000	16.0000000000	0.00000000000	166.000000000	232.000000000	5.00000000000	0.950000000000	-0.740000000000	22.3000000000	0.00000000000	232.000000000	32.0000000000	6720096.00000	2500.00000000	2000.00000000	206.200000000	6466.00000000	1700.00000000	6000.00000000	13314.0000000	5801.00000000	23.4081460007	23.5137486754	23.1798541774	-0.365118443319	23.6668057909	26.2141808083	24.1922097605	-10.8927789160	23.5243397747	23.2737861163	23.2758785345	23.8878234650	23.9764863670	22.7635844875	-12.4077104270	0.882295696942	0.00000000000	0.100000000000	0.0500000000000	0.00369873046875	0.00000000000	48.8789062500	-0.000390625005821	-0.570117175579	0.00000000000	14.7562503815	15.0625000000	14.7562503815	14.9875001907	14.8312501907	-300.000000000	1398.45097522	NaN	0.00000000000	22.3000793457	25.0002441406	640.000000000	24.4842020144	24.5438624518	25.2794884430	25.6434440550	23.9951306439	26.4630344129	-59.5060620420	-59.3563638407	-0.000859737396240	-0.000859737396240	0.000452518463135	-0.000531673431396	NaN	NaN	-273.150000000	-273.150000000	NaN	0.00000000000	NaN	NaN	1.00000000000	0.00000000000	5.00000000000	0.00000000000


















3733299944.73	NaN	14.0000000000	85.0000000000	0.00000000000	2.00000000000	NaN	3.48991107941	-3.29659305408	0.951735496521	-4.19478839294	0.981924533844	2.46775007248	0.273466587067	0.163867473602	4.75340212727	96.5909349060	0.0944522094727	1015.59084189	-0.0304450988770	0.000673246383667	0.00120229721069	200000.000000	16.0000000000	0.00000000000	166.000000000	232.000000000	5.00000000000	0.950000000000	-0.740000000000	22.3000000000	0.00000000000	232.000000000	32.0000000000	6720096.00000	2500.00000000	2000.00000000	206.200000000	6466.00000000	1700.00000000	6000.00000000	13314.0000000	5801.00000000	23.4081460007	23.5137486754	23.1798541774	-0.365118443319	23.6668057909	26.2141808083	24.1922097605	-10.8927789160	23.5243397747	23.2737861163	23.2758785345	23.8878234650	23.9764863670	22.7635844875	-12.4077104270	0.882295696942	0.00000000000	0.100000000000	0.0500000000000	0.00142006874084	0.00000000000	53.4375000000	0.00000000000	-0.566796898842	0.00000000000	14.7562503815	15.0625000000	14.7562503815	14.9875001907	14.8312501907	-300.000000000	3020.50872207	NaN	0.00000000000	22.3002014160	25.0003051758	640.000000000	24.4842020144	24.5438624518	25.2794884430	25.6434440550	23.9951306439	26.4630344129	-59.5060620420	-59.3563638407	-0.000859737396240	-0.000859737396240	0.000452518463135	-0.000531673431396	NaN	NaN	-273.150000000	-273.150000000	NaN	0.00000000000	NaN	NaN	1.00000000000	0.00000000000	5.00000000000	0.00000000000

















3733299944.93	NaN	19.0000000000	140.000000000	0.00000000000	1.00000000000	NaN	3.49155187607	-3.25106621904	0.951407432556	-4.17150807767	0.980283737183	2.47693777084	0.271825790405	0.164195537567	4.91520771160	102.873107952	0.0976920337677	1015.19784528	-0.0288176536560	0.000704789161682	0.00121014118195	200000.000000	16.0000000000	0.00000000000	166.000000000	232.000000000	5.00000000000	0.950000000000	-0.740000000000	22.3000000000	0.00000000000	232.000000000	32.0000000000	6720096.00000	2500.00000000	2000.00000000	206.200000000	6466.00000000	1700.00000000	6000.00000000	13314.0000000	5801.00000000	23.4081460007	23.5137486754	23.1798541774	-0.365118443319	23.6668057909	26.2141808083	24.1922097605	-10.8927789160	23.5243397747	23.2737861163	23.2758785345	23.8878234650	23.9764863670	22.7635844875	-12.4077104270	0.882295696942	0.00000000000	0.100000000000	0.0500000000000	0.00142674446106	0.00000000000	53.4375000000	0.00000000000	-0.566796898842	0.00000000000	14.7500000000	15.0749998093	14.7500000000	14.9812498093	14.8312501907	-300.000000000	1302.90463530	NaN	0.00000000000	22.3002014160	25.0003051758	640.000000000	24.4842020144	24.5438624518	25.2794884430	25.6434440550	23.9951306439	26.4630344129	-59.5060620420	-59.3563638407	-0.000859737396240	-0.000859737396240	0.000452518463135	-0.000531673431396	NaN	NaN	-273.150000000	-273.150000000	NaN	0.00000000000	NaN	NaN	1.00000000000	0.00000000000	5.00000000000	0.00000000000

















3733299945.13	NaN	17.0000000000	115.000000000	0.00000000000	1.00000000000	NaN	3.48302030563	-3.03927989248	0.954360485077	-4.17926664898	0.975033283234	2.51861190796	0.275763511658	0.163210868835	4.91520771160	102.492454021	0.100930681229	1015.19784528	-0.0294475555420	0.000662112236023	0.00119438171387	200000.000000	16.0000000000	0.00000000000	166.000000000	232.000000000	5.00000000000	0.950000000000	-0.740000000000	22.3000000000	0.00000000000	232.000000000	32.0000000000	6720096.00000	2500.00000000	2000.00000000	206.200000000	6466.00000000	1700.00000000	6000.00000000	13314.0000000	5801.00000000	23.4081460007	23.5137486754	23.1798541774	-0.365118443319	23.6668057909	26.2141808083	24.1922097605	-10.8927789160	23.5243397747	23.2737861163	23.2758785345	23.8878234650	23.9764863670	22.7635844875	-12.4077104270	0.882295696942	0.00000000000	0.100000000000	0.0500000000000	-0.0149319171906	0.00000000000	45.3789062500	0.00000000000	-0.570507824421	0.00000000000	14.7500000000	15.0749998093	14.7500000000	14.9812498093	14.8312501907	-300.000000000	1239.02921608	NaN	0.00000000000	22.3002014160	25.0003051758	640.000000000	24.4842020144	24.5975664191	25.2794884430	25.6434440550	23.9951306439	26.4630344129	-59.5060620420	-59.3563638407	-0.000859737396240	-0.000859737396240	0.000452518463135	-0.000531673431396	NaN	NaN	-273.150000000	-273.150000000	NaN	0.00000000000	NaN	NaN	1.00000000000	0.00000000000	5.00000000000	0.00000000000


















3733299945.33	NaN	8.00000000000	119.000000000	0.00000000000	2.00000000000	NaN	3.46989440918	-3.38779926978	0.955016613007	-4.16375103863	0.978971004486	2.51500225067	0.273138523102	0.164523601532	4.92473789177	102.302127056	0.101740343094	1015.41616968	-0.0271635055542	0.000689673423767	0.00118255615234	200000.000000	16.0000000000	0.00000000000	166.000000000	232.000000000	5.00000000000	0.950000000000	-0.740000000000	22.3000000000	0.00000000000	232.000000000	32.0000000000	6720096.00000	2500.00000000	2000.00000000	206.200000000	6466.00000000	1700.00000000	6000.00000000	13314.0000000	5801.00000000	23.4081460007	23.5137486754	23.1798541774	-0.365118443319	23.6668057909	26.2141808083	24.1922097605	-10.8927789160	23.5243397747	23.2737861163	23.2758785345	23.8878234650	23.9764863670	22.7635844875	-12.4077104270	0.882295696942	0.00000000000	0.100000000000	0.0500000000000	-0.00402040481567	0.00000000000	45.3789062500	0.00000000000	-0.570507824421	0.00000000000	14.7562503815	15.1125001907	14.7500000000	14.9812498093	14.8312501907	-300.000000000	2903.35842606	NaN	0.00000000000	22.3002014160	24.9999694824	640.000000000	24.4842020144	24.5975664191	25.2794884430	25.6434440550	23.9951306439	26.4630344129	-59.5060620420	-59.3563638407	-0.000859737396240	-0.000859737396240	0.000452518463135	-0.000531673431396	NaN	NaN	-273.150000000	-273.150000000	NaN	0.00000000000	NaN	NaN	1.00000000000	0.00000000000	5.00000000000	0.00000000000

















3733299945.53	NaN	14.0000000000	120.000000000	0.00000000000	1.00000000000	NaN	3.47350406647	-3.12991521496	0.956985473633	-4.15599553074	0.973064422607	2.51959609985	0.276091575623	0.165507793427	4.93425424004	101.730869522	0.102551181793	1015.45982187	-0.0268225669861	0.000703454017639	0.00122389793396	200000.000000	16.0000000000	0.00000000000	166.000000000	232.000000000	5.00000000000	0.950000000000	-0.740000000000	22.3000000000	0.00000000000	232.000000000	32.0000000000	6720096.00000	2500.00000000	2000.00000000	206.200000000	6466.00000000	1700.00000000	6000.00000000	13314.0000000	5801.00000000	23.4081460007	23.5137486754	23.1798541774	-0.365118443319	23.6668057909	26.2141808083	24.1922097605	-10.8927789160	23.5243397747	23.2737861163	23.2758785345	23.8878234650	23.9764863670	22.7635844875	-12.4077104270	0.882295696942	0.00000000000	0.100000000000	0.0500000000000	0.00523438453674	0.00000000000	50.5859375000	0.00000000000	-0.570312500000	0.00000000000	14.7562503815	15.1125001907	14.7500000000	14.9812498093	14.8312501907	-300.000000000	1280.63276119	NaN	0.00000000000	22.3002014160	24.9999694824	640.000000000	24.4842020144	24.5975664191	25.2794884430	25.6434440550	23.9951306439	26.4630344129	-59.5060620420	-59.3563638407	-0.000859737396240	-0.000859737396240	0.000452518463135	-0.000531673431396	NaN	NaN	-273.150000000	-273.150000000	NaN	0.00000000000	NaN	NaN	1.00000000000	0.00000000000	5.00000000000	0.00000000000


















3733299945.73	NaN	11.0000000000	120.000000000	0.00000000000	2.00000000000	NaN	3.49417686462	-3.16774066425	0.958298206329	-4.21032756663	0.971095561981	2.51795530319	0.275763511658	0.164851665497	4.90569136333	102.873107952	0.0985016956329	1015.28521311	-0.0300908088684	0.000673270225525	0.00119965076447	200000.000000	16.0000000000	0.00000000000	166.000000000	232.000000000	5.00000000000	0.950000000000	-0.740000000000	22.3000000000	0.00000000000	232.000000000	32.0000000000	6720096.00000	2500.00000000	2000.00000000	206.200000000	6466.00000000	1700.00000000	6000.00000000	13314.0000000	5801.00000000	23.4081460007	23.5137486754	23.1798541774	-0.365118443319	23.6668057909	26.2141808083	24.1922097605	-10.8927789160	23.5243397747	23.2737861163	23.2758785345	23.8878234650	23.9764863670	22.7635844875	-12.4077104270	0.882295696942	0.00000000000	0.100000000000	0.0500000000000	-0.00271840095520	0.00000000000	50.5859375000	0.00000000000	-0.570312500000	0.00000000000	14.7562503815	14.9937505722	14.7500000000	14.9812498093	14.8312501907	-300.000000000	2932.04368927	NaN	0.00000000000	22.3002014160	24.9999694824	640.000000000	24.4842020144	24.5975664191	25.2794884430	25.6434440550	23.9951306439	26.4630344129	-59.5060620420	-59.3563638407	-0.000859737396240	-0.000859737396240	0.000452518463135	-0.000531673431396	NaN	NaN	-273.150000000	-273.150000000	NaN	0.00000000000	NaN	NaN	1.00000000000	0.00000000000	5.00000000000	0.00000000000


















3733299945.93	NaN	11.0000000000	110.000000000	0.00000000000	0.00000000000	NaN	3.46956634521	-2.97142807622	0.960923194885	-4.14823028365	0.978971004486	2.51795530319	0.273466587067	0.162882804871	4.86762597027	105.919169312	0.100930681229	1015.32886530	-0.0214014053345	0.000668668746948	0.00119047164917	200000.000000	16.0000000000	0.00000000000	166.000000000	232.000000000	5.00000000000	0.950000000000	-0.740000000000	22.3000000000	0.00000000000	232.000000000	32.0000000000	6720096.00000	2500.00000000	2000.00000000	206.200000000	6466.00000000	1700.00000000	6000.00000000	13314.0000000	5801.00000000	23.4081460007	23.5137486754	23.1798541774	-0.365118443319	23.6668057909	26.2141808083	24.1922097605	-10.8927789160	23.5243397747	23.2737861163	23.2758785345	23.8878234650	23.9764863670	22.7635844875	-12.4077104270	0.882295696942	0.00000000000	0.100000000000	0.0500000000000	-0.00858564376831	0.00000000000	51.5722656250	0.00000000000	-0.566015660763	0.00000000000	14.7562503815	14.9937505722	14.7500000000	14.9812498093	14.8312501907	-300.000000000	0.00000000000	NaN	0.00000000000	22.2998352051	25.0003051758	640.000000000	24.4842020144	24.5975664191	25.2794884430	25.6434440550	23.9951306439	26.4630344129	-59.5060620420	-59.3563638407	-0.000859737396240	-0.000859737396240	0.000452518463135	-0.000531673431396	NaN	NaN	-273.150000000	-273.150000000	NaN	0.00000000000	NaN	NaN	1.00000000000	0.00000000000	5.00000000000	0.00000000000
















3733299946.13	NaN	9.00000000000	120.000000000	0.00000000000	1.00000000000	NaN	3.48827028275	-3.11478817035	0.962892055511	-4.10948331593	0.981267929077	2.53272199631	0.273138523102	0.161898612976	4.83906309357	104.015346382	0.0968823719025	1015.06688870	-0.0156130790710	0.000687098503113	0.00119504928589	200000.000000	16.0000000000	0.00000000000	166.000000000	232.000000000	5.00000000000	0.950000000000	-0.740000000000	22.3000000000	0.00000000000	232.000000000	32.0000000000	6720096.00000	2500.00000000	2000.00000000	206.200000000	6466.00000000	1700.00000000	6000.00000000	13314.0000000	5801.00000000	23.4081460007	23.5137486754	23.1798541774	-0.365118443319	23.6668057909	26.2141808083	24.1922097605	-10.8927789160	23.5243397747	23.2737861163	23.2758785345	23.8878234650	23.9764863670	22.7635844875	-12.4077104270	0.882295696942	0.00000000000	0.100000000000	0.0500000000000	0.000329351425171	0.00000000000	51.5722656250	0.00000000000	-0.566015660763	0.00000000000	14.7500000000	15.1250000000	14.7500000000	14.9812498093	14.8312501907	-300.000000000	1348.98807899	NaN	0.00000000000	22.2998352051	25.0003051758	640.000000000	24.4842020144	24.5975664191	25.3205319467	25.6434440550	23.9951306439	26.4630344129	-59.5060620420	-59.3563638407	-0.000859737396240	-0.000859737396240	0.000452518463135	-0.000531673431396	NaN	NaN	-273.150000000	-273.150000000	NaN	0.00000000000	NaN	NaN	1.00000000000	0.00000000000	5.00000000000	0.00000000000

















3733299946.33	NaN	15.0000000000	120.000000000	1.00000000000	0.00000000000	NaN	3.48006677628	-2.98650274234	0.964532852173	-4.12497752541	0.981267929077	2.53403425217	0.273794651031	0.163867473602	4.83906309357	102.873107952	0.103360843658	1015.32886530	-0.0218348503113	0.000672626495361	0.00119309425354	200000.000000	16.0000000000	0.00000000000	166.000000000	232.000000000	5.00000000000	0.950000000000	-0.740000000000	22.3000000000	0.00000000000	232.000000000	32.0000000000	6720096.00000	2500.00000000	2000.00000000	206.200000000	6466.00000000	1700.00000000	6000.00000000	13314.0000000	5801.00000000	23.4081460007	23.5137486754	23.1798541774	-0.365118443319	23.6668057909	26.2141808083	24.1922097605	-10.8927789160	23.5243397747	23.2737861163	23.2758785345	23.8878234650	23.9764863670	22.7635844875	-12.4077104270	0.882295696942	0.00000000000	0.100000000000	0.0500000000000	-0.0104468345642	0.00000000000	47.2167968750	0.00000000000	-0.570312500000	0.00000000000	14.7500000000	15.1250000000	14.7500000000	14.9812498093	14.8312501907	-300.000000000	0.00000000000	NaN	0.00000000000	22.3000793457	24.9999389648	640.000000000	24.4842020144	24.5975664191	25.3205319467	25.6434440550	23.9951306439	26.4630344129	-59.5060620420	-59.3563638407	-0.000859737396240	-0.000859737396240	0.000452518463135	-0.000531673431396	NaN	NaN	-273.150000000	-273.150000000	NaN	0.00000000000	NaN	NaN	1.00000000000	0.00000000000	5.00000000000	0.00000000000


















3733299946.53	NaN	11.0000000000	127.000000000	0.00000000000	3.00000000000	NaN	3.49220800400	-3.07702225654	0.965517520905	-4.14047783686	0.980283737183	2.53436279297	0.273466587067	0.161898612976	4.81051404877	101.350215591	0.101740343094	1015.28521311	-0.0161905288696	0.000685048103333	0.00118265151978	200000.000000	16.0000000000	0.00000000000	166.000000000	232.000000000	5.00000000000	0.950000000000	-0.740000000000	22.3000000000	0.00000000000	232.000000000	32.0000000000	6720096.00000	2500.00000000	2000.00000000	206.200000000	6466.00000000	1700.00000000	6000.00000000	13314.0000000	5801.00000000	23.4081460007	23.5137486754	23.1798541774	-0.365118443319	23.6668057909	26.2141808083	24.1922097605	-10.8927789160	23.5243397747	23.2737861163	23.2758785345	23.8878234650	23.9764863670	22.7635844875	-12.4077104270	0.882295696942	0.00000000000	0.100000000000	0.0500000000000	-0.00709066390991	0.00000000000	47.2167968750	0.00000000000	-0.570312500000	0.00000000000	14.7562503815	15.0250005722	14.7500000000	14.9812498093	14.8312501907	-300.000000000	4569.18395455	NaN	0.00000000000	22.3000793457	24.9999389648	640.000000000	24.4842020144	24.5975664191	25.3205319467	25.6434440550	23.9951306439	26.4630344129	-59.5060620420	-59.3563638407	-0.000859737396240	-0.000859737396240	0.000452518463135	-0.000531673431396	NaN	NaN	-273.150000000	-273.150000000	NaN	0.00000000000	NaN	NaN	1.00000000000	0.00000000000	5.00000000000	0.00000000000


















3733299946.73	NaN	8.00000000000	113.000000000	0.00000000000	0.00000000000	NaN	3.50270843506	-3.05436831509	0.965188980103	-4.16375103863	0.981267929077	2.53534698486	0.275763511658	0.164195537567	4.69629020576	102.873107952	0.0993113574982	1015.54718970	-0.0197343826294	0.000711989402771	0.00120887756348	200000.000000	16.0000000000	0.00000000000	166.000000000	232.000000000	5.00000000000	0.950000000000	-0.740000000000	22.3000000000	0.00000000000	232.000000000	32.0000000000	6720096.00000	2500.00000000	2000.00000000	206.200000000	6466.00000000	1700.00000000	6000.00000000	13314.0000000	5801.00000000	23.4081460007	23.5137486754	23.1798541774	-0.365118443319	23.6668057909	26.2141808083	24.1922097605	-10.8927789160	23.5243397747	23.2737861163	23.2758785345	23.8878234650	23.9764863670	22.7635844875	-12.4077104270	0.882295696942	0.00000000000	0.100000000000	0.0500000000000	-0.00791482925415	0.00000000000	53.9648437500	0.00000000000	-0.568750023842	0.00000000000	14.7562503815	15.0250005722	14.7500000000	14.9812498093	14.8312501907	-300.000000000	0.00000000000	NaN	0.00000000000	22.2999572754	25.0004882813	640.000000000	24.4842020144	24.5975664191	25.3205319467	25.6434440550	23.9951306439	26.4630344129	-59.5060620420	-59.3563638407	-0.000859737396240	-0.000859737396240	0.000452518463135	-0.000531673431396	NaN	NaN	-273.150000000	-273.150000000	NaN	0.00000000000	NaN	NaN	1.00000000000	0.00000000000	5.00000000000	0.00000000000

















3733299946.93	NaN	14.0000000000	122.000000000	0.00000000000	2.00000000000	NaN	3.47941064835	-3.28900356653	0.970111370087	-4.12497752541	0.980611801147	2.53206539154	0.275435447693	0.165179729462	4.80098386860	104.205673347	0.0968823719025	1015.45982187	-0.0102577209473	0.000658822059631	0.00119769573212	200000.000000	16.0000000000	0.00000000000	166.000000000	232.000000000	5.00000000000	0.950000000000	-0.740000000000	22.3000000000	0.00000000000	232.000000000	32.0000000000	6720096.00000	2500.00000000	2000.00000000	206.200000000	6466.00000000	1700.00000000	6000.00000000	13314.0000000	5801.00000000	23.4081460007	23.5137486754	23.1798541774	-0.365118443319	23.6668057909	26.2141808083	24.1922097605	-10.8927789160	23.5243397747	23.2737861163	23.2758785345	23.8878234650	23.9764863670	22.7635844875	-12.4077104270	0.882295696942	0.00000000000	0.100000000000	0.0500000000000	-0.00424752235413	0.00000000000	53.9648437500	0.00000000000	-0.568750023842	0.00000000000	14.7562503815	15.0812501907	14.7500000000	14.9812498093	14.8312501907	-300.000000000	3210.10296717	NaN	0.00000000000	22.2999572754	25.0004882813	640.000000000	24.4842020144	24.5975664191	25.3205319467	25.6434440550	23.9951306439	26.4630344129	-59.5060620420	-59.3563638407	-0.000859737396240	-0.000859737396240	0.000452518463135	-0.000531673431396	NaN	NaN	-273.150000000	-273.150000000	NaN	0.00000000000	NaN	NaN	1.00000000000	0.00000000000	5.00000000000	0.00000000000

















3733299947.13	NaN	8.00000000000	141.000000000	0.00000000000	0.00000000000	NaN	3.48630142212	-3.27382881653	0.970767498016	-4.14823028365	0.981596469879	2.44281101227	0.271169662476	0.164195537567	4.78195117207	104.015346382	0.0976920337677	1015.28521311	-0.0148911476135	0.000690245628357	0.00121667385101	200000.000000	16.0000000000	0.00000000000	166.000000000	232.000000000	5.00000000000	0.950000000000	-0.740000000000	22.3000000000	0.00000000000	232.000000000	32.0000000000	6720096.00000	2500.00000000	2000.00000000	206.200000000	6466.00000000	1700.00000000	6000.00000000	13314.0000000	5801.00000000	23.4081460007	23.5137486754	23.1798541774	-0.365118443319	23.6668057909	26.2141808083	24.1922097605	-10.8927789160	23.5243397747	23.2737861163	23.2758785345	23.8878234650	23.9764863670	22.7635844875	-12.4077104270	0.882295696942	0.00000000000	0.100000000000	0.0500000000000	-0.00403094291687	0.00000000000	46.4804687500	0.00000000000	-0.566015660763	0.00000000000	14.7562503815	15.0812501907	14.7500000000	14.9812498093	14.8312501907	-300.000000000	0.00000000000	NaN	0.00000000000	22.2999572754	25.0004882813	640.000000000	24.4842020144	24.5975664191	25.3205319467	25.5729260508	23.9951306439	26.4630344129	-59.5060620420	-59.3563638407	-0.000859737396240	-0.000859737396240	0.000452518463135	-0.000531673431396	NaN	NaN	-273.150000000	-273.150000000	NaN	0.00000000000	NaN	NaN	1.00000000000	0.00000000000	5.00000000000	0.00000000000


















3733299947.33	NaN	9.00000000000	102.000000000	0.00000000000	1.00000000000	NaN	3.48105144501	-3.22832728027	0.974049091339	-4.12497752541	0.977986812592	2.44609260559	0.276419639587	0.165179729462	4.77243482380	101.159888626	0.100930681229	1015.32886530	-0.00944423675537	0.000695633888245	0.00117866992950	200000.000000	16.0000000000	0.00000000000	166.000000000	232.000000000	5.00000000000	0.950000000000	-0.740000000000	22.3000000000	0.00000000000	232.000000000	32.0000000000	6720096.00000	2500.00000000	2000.00000000	206.200000000	6466.00000000	1700.00000000	6000.00000000	13314.0000000	5801.00000000	23.4081460007	23.5137486754	23.1798541774	-0.365118443319	23.6668057909	26.2141808083	24.1922097605	-10.8927789160	23.5243397747	23.2737861163	23.2758785345	23.8878234650	23.9764863670	22.7635844875	-12.4077104270	0.882295696942	0.00000000000	0.100000000000	0.0500000000000	-0.00293364524841	0.00000000000	46.4804687500	0.00000000000	-0.566015660763	0.00000000000	14.7562503815	15.1062498093	14.7562503815	14.9875001907	14.8312501907	-300.000000000	1424.08449615	NaN	0.00000000000	22.2997131348	25.0003967285	640.000000000	24.4842020144	24.5975664191	25.3205319467	25.5729260508	23.9951306439	26.4630344129	-59.5060620420	-59.3563638407	-0.000859737396240	-0.000859737396240	0.000452518463135	-0.000531673431396	NaN	NaN	-273.150000000	-273.150000000	NaN	0.00000000000	NaN	NaN	1.00000000000	0.00000000000	5.00000000000	0.00000000000


















3733299947.53	NaN	15.0000000000	121.000000000	0.00000000000	0.00000000000	NaN	3.46956634521	-3.05436831509	0.974705219269	-4.14823028365	0.977330684662	2.44871759415	0.273138523102	0.163538932800	4.71532290230	105.347911777	0.100930681229	1015.32886530	-0.00790834426880	0.000687670707703	0.00119576454163	200000.000000	16.0000000000	0.00000000000	166.000000000	232.000000000	5.00000000000	0.950000000000	-0.740000000000	22.3000000000	0.00000000000	232.000000000	32.0000000000	6720096.00000	2500.00000000	2000.00000000	206.200000000	6466.00000000	1700.00000000	6000.00000000	13314.0000000	5801.00000000	23.4081460007	23.5137486754	23.1798541774	-0.365118443319	23.6668057909	26.2141808083	24.1922097605	-10.8927789160	23.5243397747	23.2737861163	23.2758785345	23.8878234650	23.9764863670	22.7635844875	-12.4077104270	0.882295696942	0.00000000000	0.100000000000	0.0500000000000	-0.00579771995544	0.00000000000	51.2519531250	0.00000000000	-0.571484386921	0.00000000000	14.7562503815	15.1062498093	14.7562503815	14.9875001907	14.8312501907	-300.000000000	0.00000000000	NaN	0.00000000000	22.2997131348	25.0003967285	640.000000000	24.4842020144	24.5975664191	25.3205319467	25.5729260508	23.9951306439	26.4630344129	-59.5060620420	-59.3563638407	-0.000859737396240	-0.000859737396240	0.000452518463135	-0.000531673431396	NaN	NaN	-273.150000000	-273.150000000	NaN	0.00000000000	NaN	NaN	1.00000000000	0.00000000000	5.00000000000	0.00000000000


















3733299947.73	NaN	11.0000000000	120.000000000	1.00000000000	0.00000000000	NaN	3.47383213043	-3.16016399527	0.976346015930	-4.15599553074	0.980283737183	2.44740486145	0.275107383728	0.165836334229	4.81051404877	105.728842346	0.0976920337677	1015.06688870	-0.00159502029419	0.000671267509460	0.00119497776031	200000.000000	16.0000000000	0.00000000000	166.000000000	232.000000000	5.00000000000	0.950000000000	-0.740000000000	22.3000000000	0.00000000000	232.000000000	32.0000000000	6720096.00000	2500.00000000	2000.00000000	206.200000000	6466.00000000	1700.00000000	6000.00000000	13314.0000000	5801.00000000	23.4081460007	23.5137486754	23.1798541774	-0.365118443319	23.6668057909	26.2141808083	24.1922097605	-10.8927789160	23.5243397747	23.2737861163	23.2758785345	23.8878234650	23.9764863670	22.7635844875	-12.4077104270	0.882295696942	0.00000000000	0.100000000000	0.0500000000000	-0.00472536087036	0.00000000000	51.2519531250	0.00000000000	-0.571484386921	0.00000000000	14.7562503815	15.0000000000	14.7500000000	14.9875001907	14.8312501907	-300.000000000	0.00000000000	NaN	0.00000000000	22.2997131348	25.0002136230	640.000000000	24.4842020144	24.5975664191	25.3205319467	25.5729260508	23.9951306439	26.4630344129	-59.5060620420	-59.3563638407	-0.000859737396240	-0.000859737396240	0.000452518463135	-0.000531673431396	NaN	NaN	-273.150000000	-273.150000000	NaN	0.00000000000	NaN	NaN	1.00000000000	0.00000000000	5.00000000000	0.00000000000

















3733299947.93	NaN	6.00000000000	124.000000000	0.00000000000	1.00000000000	NaN	3.49155187607	-3.31938101759	0.978642940521	-4.10172724073	0.983565330505	2.44149875641	0.272153854370	0.164523601532	4.68676002560	102.111800091	0.104980167389	1015.19784528	-0.00239562988281	0.000671982765198	0.00117471218109	200000.000000	16.0000000000	0.00000000000	166.000000000	232.000000000	5.00000000000	0.950000000000	-0.740000000000	22.3000000000	0.00000000000	232.000000000	32.0000000000	6720096.00000	2500.00000000	2000.00000000	206.200000000	6466.00000000	1700.00000000	6000.00000000	13314.0000000	5801.00000000	23.4081460007	23.5137486754	23.1798541774	-0.365118443319	23.6668057909	26.2141808083	24.1922097605	-10.8927789160	23.5243397747	23.2737861163	23.2758785345	23.8878234650	23.9764863670	22.7635844875	-12.4077104270	0.882295696942	0.00000000000	0.100000000000	0.0500000000000	-0.00271449089050	0.00000000000	51.9394531250	0.00000000000	-0.566601574421	0.00000000000	14.7562503815	15.0000000000	14.7500000000	14.9875001907	14.8312501907	-300.000000000	1571.29323058	NaN	0.00000000000	22.3004455566	25.0002136230	640.000000000	24.4842020144	24.5975664191	25.3205319467	25.5729260508	23.9951306439	26.4630344129	-59.5060620420	-59.3563638407	-0.000859737396240	-0.000859737396240	0.000452518463135	-0.000531673431396	NaN	NaN	-273.150000000	-273.150000000	NaN	0.00000000000	NaN	NaN	1.00000000000	0.00000000000	5.00000000000	0.00000000000


















3733299948.13	NaN	9.00000000000	107.000000000	0.00000000000	0.00000000000	NaN	3.48498916626	-3.25865969322	0.980283737183	-4.17150807767	0.980283737183	2.58259963989	0.276419639587	0.165507793427	4.69629020576	104.015346382	0.100121019363	1015.24156092	0.00229024887085	0.000676536560059	0.00118260383606	200000.000000	16.0000000000	0.00000000000	166.000000000	232.000000000	5.00000000000	0.950000000000	-0.740000000000	22.3000000000	0.00000000000	232.000000000	32.0000000000	6720096.00000	2500.00000000	2000.00000000	206.200000000	6466.00000000	1700.00000000	6000.00000000	13314.0000000	5801.00000000	23.4081460007	23.5137486754	23.1798541774	-0.365118443319	23.6668057909	26.2141808083	24.1922097605	-10.8927789160	23.5243397747	23.2737861163	23.2758785345	23.8878234650	23.9764863670	22.7635844875	-12.4077104270	0.882295696942	0.00000000000	0.100000000000	0.0500000000000	-0.00522017478943	0.00000000000	51.9394531250	0.00000000000	-0.566601574421	0.00000000000	14.7500000000	15.1062498093	14.7562503815	14.9812498093	14.8312501907	-300.000000000	0.00000000000	NaN	0.00000000000	22.3004455566	25.0002136230	640.000000000	24.4842020144	24.5975664191	25.3205319467	25.5729260508	23.9602434520	26.4630344129	-59.5060620420	-59.3563638407	-0.000859737396240	-0.000859737396240	0.000452518463135	-0.000531673431396	NaN	NaN	-273.150000000	-273.150000000	NaN	0.00000000000	NaN	NaN	1.00000000000	0.00000000000	5.00000000000	0.00000000000


















3733299948.33	NaN	14.0000000000	137.000000000	0.00000000000	1.00000000000	NaN	3.48498916626	-3.24348517051	0.984221458435	-4.05529026345	0.984221458435	2.58292770386	0.273794651031	0.164195537567	4.63917828426	103.063434917	0.101740343094	1015.32886530	0.00398349761963	0.000673270225525	0.00121340751648	200000.000000	16.0000000000	0.00000000000	166.000000000	232.000000000	5.00000000000	0.950000000000	-0.740000000000	22.3000000000	0.00000000000	232.000000000	32.0000000000	6720096.00000	2500.00000000	2000.00000000	206.200000000	6466.00000000	1700.00000000	6000.00000000	13314.0000000	5801.00000000	23.4081460007	23.5137486754	23.1798541774	-0.365118443319	23.6668057909	26.2141808083	24.1922097605	-10.8927789160	23.5243397747	23.2737861163	23.2758785345	23.8878234650	23.9764863670	22.7635844875	-12.4077104270	0.882295696942	0.00000000000	0.100000000000	0.0500000000000	-0.00249791145325	0.00000000000	45.7636718750	0.00000000000	-0.570898473263	0.00000000000	14.7500000000	15.1062498093	14.7562503815	14.9812498093	14.8312501907	-300.000000000	1451.67921303	NaN	0.00000000000	22.2998962402	24.9998474121	640.000000000	24.4842020144	24.5975664191	25.3205319467	25.5729260508	23.9602434520	26.4630344129	-59.5060620420	-59.3563638407	-0.000859737396240	-0.000859737396240	0.000452518463135	-0.000531673431396	NaN	NaN	-273.150000000	-273.150000000	NaN	0.00000000000	NaN	NaN	1.00000000000	0.00000000000	5.00000000000	0.00000000000


















3733299948.53	NaN	12.0000000000	112.000000000	0.00000000000	1.00000000000	NaN	3.47973871231	-2.97142807622	0.985862255096	-4.09398394576	0.982580661774	2.58161497116	0.276091575623	0.163538932800	4.62013175583	103.063434917	0.100930681229	1015.45982187	0.00509929656982	0.000696253776550	0.00120029449463	200000.000000	16.0000000000	0.00000000000	166.000000000	232.000000000	5.00000000000	0.950000000000	-0.740000000000	22.3000000000	0.00000000000	232.000000000	32.0000000000	6720096.00000	2500.00000000	2000.00000000	206.200000000	6466.00000000	1700.00000000	6000.00000000	13314.0000000	5801.00000000	23.4081460007	23.5137486754	23.1798541774	-0.365118443319	23.6668057909	26.2141808083	24.1922097605	-10.8927789160	23.5243397747	23.2737861163	23.2758785345	23.8878234650	23.9764863670	22.7635844875	-12.4077104270	0.882295696942	0.00000000000	0.100000000000	0.0500000000000	-0.00157513618469	0.00000000000	45.7636718750	0.00000000000	-0.570898473263	0.00000000000	14.7500000000	15.0000000000	14.7500000000	14.9875001907	14.8312501907	-300.000000000	1509.11975743	NaN	0.00000000000	22.2998962402	24.9998474121	640.000000000	24.4842020144	24.5975664191	25.3205319467	25.5729260508	23.9602434520	26.4630344129	-59.5060620420	-59.3563638407	-0.000859737396240	-0.000859737396240	0.000452518463135	-0.000531673431396	NaN	NaN	-273.150000000	-273.150000000	NaN	0.00000000000	NaN	NaN	1.00000000000	0.00000000000	5.00000000000	0.00000000000

















3733299948.73	NaN	13.0000000000	118.000000000	0.00000000000	0.00000000000	NaN	3.47416019440	-3.06946224789	0.992096900940	-4.09398394576	0.988159179687	2.58227109909	0.275107383728	0.162554740906	4.66772732906	102.682780987	0.102551181793	1015.59084189	0.0100083351135	0.000668644905090	0.00116684436798	200000.000000	16.0000000000	0.00000000000	166.000000000	232.000000000	5.00000000000	0.950000000000	-0.740000000000	22.3000000000	0.00000000000	232.000000000	32.0000000000	6720096.00000	2500.00000000	2000.00000000	206.200000000	6466.00000000	1700.00000000	6000.00000000	13314.0000000	5801.00000000	23.4081460007	23.5137486754	23.1798541774	-0.365118443319	23.6668057909	26.2141808083	24.1922097605	-10.8927789160	23.5243397747	23.2737861163	23.2758785345	23.8878234650	23.9764863670	22.7635844875	-12.4077104270	0.882295696942	0.00000000000	0.100000000000	0.0500000000000	-0.00433154106140	0.00000000000	51.8671875000	0.00000000000	-0.566406250000	0.00000000000	14.7500000000	15.0000000000	14.7500000000	14.9875001907	14.8312501907	-300.000000000	0.00000000000	NaN	0.00000000000	22.2999572754	25.0000915527	640.000000000	24.4842020144	24.5975664191	25.3205319467	25.5729260508	23.9602434520	26.4630344129	-59.5060620420	-59.3563638407	-0.000859737396240	-0.000859737396240	0.000452518463135	-0.000531673431396	NaN	NaN	-273.150000000	-273.150000000	NaN	0.00000000000	NaN	NaN	1.00000000000	0.00000000000	5.00000000000	0.00000000000

















3733299948.93	NaN	13.0000000000	110.000000000	0.00000000000	0.00000000000	NaN	3.49384880066	-3.03927989248	0.989471912384	-4.11722965848	0.981267929077	2.58161497116	0.277076244354	0.164851665497	4.58206636276	104.967257847	0.0968823719025	1015.24156092	0.0106382369995	0.000669956207275	0.00117869377136	200000.000000	16.0000000000	0.00000000000	166.000000000	232.000000000	5.00000000000	0.950000000000	-0.740000000000	22.3000000000	0.00000000000	232.000000000	32.0000000000	6720096.00000	2500.00000000	2000.00000000	206.200000000	6466.00000000	1700.00000000	6000.00000000	13314.0000000	5801.00000000	23.4081460007	23.5137486754	23.1798541774	-0.365118443319	23.6668057909	26.2141808083	24.1922097605	-10.8927789160	23.5243397747	23.2737861163	23.2758785345	23.8878234650	23.9764863670	22.7635844875	-12.4077104270	0.882295696942	0.00000000000	0.100000000000	0.0500000000000	-0.00210685729980	0.00000000000	51.8671875000	0.00000000000	-0.566406250000	0.00000000000	14.7562503815	15.1125001907	14.7500000000	14.9875001907	14.8312501907	-300.000000000	0.00000000000	NaN	0.00000000000	22.2999572754	25.0000915527	640.000000000	24.4842020144	24.5975664191	25.3205319467	25.5729260508	23.9602434520	26.4630344129	-59.5060620420	-59.3563638407	-0.000859737396240	-0.000859737396240	0.000452518463135	-0.000531673431396	NaN	NaN	-273.150000000	-273.150000000	NaN	0.00000000000	NaN	NaN	1.00000000000	0.00000000000	5.00000000000	0.00000000000

















3733299949.13	NaN	14.0000000000	111.000000000	0.00000000000	0.00000000000	NaN	3.48859834671	-3.26624355205	1.00423812866	-3.84693959983	0.998987674713	0.0221099853516	0.102504730225	0.138272285461	3.72538754025	101.159888626	0.101740343094	1015.41616968	-0.00473165512085	0.000693678855896	0.00118653774261	200000.000000	16.0000000000	0.00000000000	166.000000000	232.000000000	5.00000000000	0.950000000000	-0.740000000000	22.3000000000	0.00000000000	232.000000000	32.0000000000	6720096.00000	2500.00000000	2000.00000000	206.200000000	6466.00000000	1700.00000000	6000.00000000	13314.0000000	5801.00000000	23.4081460007	23.5137486754	23.1798541774	-0.365118443319	23.6668057909	26.2141808083	24.1922097605	-10.8927789160	23.5243397747	23.2737861163	23.2758785345	23.8878234650	23.9764863670	22.7635844875	-12.4077104270	0.882295696942	0.00000000000	0.100000000000	0.0500000000000	-0.0184836387634	0.00000000000	46.4414062500	0.00000000000	-0.567968785763	0.00000000000	14.7562503815	15.1125001907	14.7500000000	14.9875001907	14.8312501907	-300.000000000	0.00000000000	NaN	0.00000000000	22.2999572754	25.0000915527	640.000000000	24.4842020144	24.5975664191	25.3205319467	25.5729260508	23.9602434520	26.4630344129	-59.5060620420	-59.3563638407	-0.000859737396240	-0.000859737396240	0.000452518463135	-0.000531673431396	NaN	NaN	-273.150000000	-273.150000000	NaN	0.00000000000	NaN	NaN	1.00000000000	0.00000000000	5.00000000000	0.00000000000


















3733299949.33	NaN	15.0000000000	106.000000000	0.00000000000	0.00000000000	NaN	3.49253606796	-3.07702225654	0.994393825531	-4.02435136773	0.988159179687	0.0263757705688	0.103489398956	0.136959552765	3.81104850655	92.5929620819	0.0993113574982	1015.37251749	0.0118851661682	0.000648951530457	0.00118589401245	200000.000000	16.0000000000	0.00000000000	166.000000000	232.000000000	5.00000000000	0.950000000000	-0.740000000000	22.3000000000	0.00000000000	232.000000000	32.0000000000	6720096.00000	2500.00000000	2000.00000000	206.200000000	6466.00000000	1700.00000000	6000.00000000	13314.0000000	5801.00000000	23.4081460007	23.5137486754	23.1798541774	-0.365118443319	23.6668057909	26.2141808083	24.1922097605	-10.8927789160	23.5243397747	23.2737861163	23.2758785345	23.8878234650	23.9764863670	22.7635844875	-12.4077104270	0.882295696942	0.00000000000	0.100000000000	0.0500000000000	-0.0161775112152	0.00000000000	46.4414062500	0.00000000000	-0.567968785763	0.00000000000	14.7500000000	15.0875005722	14.7500000000	14.9875001907	14.8312501907	-300.000000000	0.00000000000	NaN	0.00000000000	22.3001403809	25.0002136230	640.000000000	24.4842020144	24.5975664191	25.3205319467	25.5729260508	23.9602434520	26.4630344129	-59.5060620420	-59.3563638407	-0.000859737396240	-0.000859737396240	0.000452518463135	-0.000531673431396	NaN	NaN	-273.150000000	-273.150000000	NaN	0.00000000000	NaN	NaN	1.00000000000	0.00000000000	5.00000000000	0.00000000000

















3733299949.53	NaN	7.00000000000	118.000000000	0.00000000000	1.00000000000	NaN	3.47711372375	-3.22832728027	0.997346878052	-4.04754483723	0.983236789703	0.0267038345337	0.104473590851	0.139256477356	3.79201581001	89.5471773605	0.0993113574982	1015.41616968	0.0136046409607	0.000668025016785	0.00118384361267	200000.000000	16.0000000000	0.00000000000	166.000000000	232.000000000	5.00000000000	0.950000000000	-0.740000000000	22.3000000000	0.00000000000	232.000000000	32.0000000000	6720096.00000	2500.00000000	2000.00000000	206.200000000	6466.00000000	1700.00000000	6000.00000000	13314.0000000	5801.00000000	23.4081460007	23.5137486754	23.1798541774	-0.365118443319	23.6668057909	26.2141808083	24.1922097605	-10.8927789160	23.5243397747	23.2737861163	23.2758785345	23.8878234650	23.9764863670	22.7635844875	-12.4077104270	0.882295696942	0.00000000000	0.100000000000	0.0500000000000	-0.0157128334045	0.00000000000	54.6523437500	0.00000000000	-0.569921910763	0.00000000000	14.7500000000	15.0875005722	14.7500000000	14.9875001907	14.8312501907	-300.000000000	1372.82491023	NaN	0.00000000000	22.3001403809	25.0002136230	640.000000000	24.4842020144	24.5975664191	25.3205319467	25.5729260508	23.9602434520	26.4630344129	-59.5060620420	-59.3563638407	-0.000859737396240	-0.000859737396240	0.000452518463135	-0.000531673431396	NaN	NaN	-273.150000000	-273.150000000	NaN	0.00000000000	NaN	NaN	1.00000000000	0.00000000000	5.00000000000	0.00000000000

















3733299949.73	NaN	12.0000000000	124.000000000	0.00000000000	4.00000000000	NaN	3.48203563690	-3.08457267427	0.998003482819	-4.09398394576	0.983893394470	0.0276885032654	0.105458259583	0.138600349426	3.78249946175	88.7855928612	0.100930681229	1015.24156092	0.0226483345032	0.000648951530457	0.00118064880371	200000.000000	16.0000000000	0.00000000000	166.000000000	232.000000000	5.00000000000	0.950000000000	-0.740000000000	22.3000000000	0.00000000000	232.000000000	32.0000000000	6720096.00000	2500.00000000	2000.00000000	206.200000000	6466.00000000	1700.00000000	6000.00000000	13314.0000000	5801.00000000	23.4081460007	23.5137486754	23.1798541774	-0.365118443319	23.6668057909	26.2141808083	24.1922097605	-10.8927789160	23.5243397747	23.2737861163	23.2758785345	23.8878234650	23.9764863670	22.7635844875	-12.4077104270	0.882295696942	0.00000000000	0.100000000000	0.0500000000000	-0.0140052318573	0.00000000000	54.6523437500	0.00000000000	-0.569921910763	0.00000000000	14.7500000000	15.0124998093	14.7500000000	14.9812498093	14.8312501907	-300.000000000	6298.12819524	NaN	0.00000000000	22.3001403809	25.0002136230	640.000000000	24.4842020144	24.5975664191	25.3205319467	25.5729260508	23.9602434520	26.4630344129	-59.5060620420	-59.3563638407	-0.000859737396240	-0.000859737396240	0.000452518463135	-0.000531673431396	NaN	NaN	-273.150000000	-273.150000000	NaN	0.00000000000	NaN	NaN	1.00000000000	0.00000000000	5.00000000000	0.00000000000

















3733299949.93	NaN	9.00000000000	136.000000000	0.00000000000	1.00000000000	NaN	3.48006677628	-3.03927989248	0.999315738678	-4.07850191768	0.988159179687	0.0257196426392	0.101848602295	0.137287616730	3.77298311348	87.0723735352	0.0985016956329	1015.28521311	0.0221495628357	0.000671982765198	0.00117068290710	200000.000000	16.0000000000	0.00000000000	166.000000000	232.000000000	5.00000000000	0.950000000000	-0.740000000000	22.3000000000	0.00000000000	232.000000000	32.0000000000	6720096.00000	2500.00000000	2000.00000000	206.200000000	6466.00000000	1700.00000000	6000.00000000	13314.0000000	5801.00000000	23.4081460007	23.5137486754	23.1798541774	-0.365118443319	23.6668057909	26.2141808083	24.1922097605	-10.8927789160	23.5243397747	23.2737861163	23.2758785345	23.8878234650	23.9764863670	22.7635844875	-12.4077104270	0.882295696942	0.00000000000	0.100000000000	0.0500000000000	-0.00763263702393	0.00000000000	49.9531250000	0.00000000000	-0.565234363079	0.00000000000	14.7500000000	15.0124998093	14.7500000000	14.9812498093	14.8312501907	-300.000000000	1883.01298279	NaN	0.00000000000	22.2999877930	25.0001220703	640.000000000	24.4842020144	24.5975664191	25.3205319467	25.5729260508	23.9602434520	26.4630344129	-59.5060620420	-59.3563638407	-0.000859737396240	-0.000859737396240	0.000452518463135	-0.000531673431396	NaN	NaN	-273.150000000	-273.150000000	NaN	0.00000000000	NaN	NaN	1.00000000000	0.00000000000	5.00000000000	0.00000000000


















3733299950.13	NaN	10.0000000000	107.000000000	0.00000000000	1.00000000000	NaN	3.48367643356	-3.22075043653	1.00095653534	-4.03208101180	0.985205650330	0.0257196426392	0.103489398956	0.138928413391	3.75393658504	87.6433544312	0.0993113574982	1015.32886530	0.0178313255310	0.000652217864990	0.00118064880371	200000.000000	16.0000000000	0.00000000000	166.000000000	232.000000000	5.00000000000	0.950000000000	-0.740000000000	22.3000000000	0.00000000000	232.000000000	32.0000000000	6720096.00000	2500.00000000	2000.00000000	206.200000000	6466.00000000	1700.00000000	6000.00000000	13314.0000000	5801.00000000	23.4081460007	23.5137486754	23.1798541774	-0.365118443319	23.6668057909	26.2141808083	24.1922097605	-10.8927789160	23.5243397747	23.2737861163	23.2758785345	23.8878234650	23.9764863670	22.7635844875	-12.4077104270	0.882295696942	0.00000000000	0.100000000000	0.0500000000000	-0.00573611259460	0.00000000000	49.9531250000	0.00000000000	-0.565234363079	0.00000000000	14.7500000000	15.1250000000	14.7500000000	14.9875001907	14.8312501907	-300.000000000	1509.11975743	NaN	0.00000000000	22.2999877930	25.0001220703	640.000000000	24.4842020144	24.5975664191	25.3205319467	25.5729260508	23.9602434520	26.4630344129	-59.2083717365	-59.3563638407	-0.000859737396240	-0.000859737396240	0.000452518463135	-0.000531673431396	NaN	NaN	-273.150000000	-273.150000000	NaN	0.00000000000	NaN	NaN	1.00000000000	0.00000000000	5.00000000000	0.00000000000

















3733299950.33	NaN	14.0000000000	115.000000000	0.00000000000	0.00000000000	NaN	3.48137950897	-3.02419697213	1.00358200073	-4.05529026345	0.985534191132	0.0260477066040	0.103489398956	0.137616157532	3.73490388851	90.8797427559	0.0968823719025	1015.28521311	0.0247483253479	0.000683069229126	0.00119700431824	200000.000000	16.0000000000	0.00000000000	166.000000000	232.000000000	5.00000000000	0.950000000000	-0.740000000000	22.3000000000	0.00000000000	232.000000000	32.0000000000	6720096.00000	2500.00000000	2000.00000000	206.200000000	6466.00000000	1700.00000000	6000.00000000	13314.0000000	5801.00000000	23.4081460007	23.5137486754	23.1798541774	-0.365118443319	23.6668057909	26.2141808083	24.1922097605	-10.8927789160	23.5243397747	23.2737861163	23.2758785345	23.8878234650	23.9764863670	22.7635844875	-12.4077104270	0.882295696942	0.00000000000	0.100000000000	0.0500000000000	-0.00431327819824	0.00000000000	48.1562500000	0.00000000000	-0.569531261921	0.00000000000	14.7500000000	15.1250000000	14.7500000000	14.9875001907	14.8312501907	-300.000000000	0.00000000000	NaN	0.00000000000	22.3001403809	25.0000000000	640.000000000	24.4842020144	24.5975664191	25.3205319467	25.5729260508	23.9602434520	26.4630344129	-59.2083717365	-59.3563638407	-0.000859737396240	-0.000859737396240	0.000452518463135	-0.000531673431396	NaN	NaN	-273.150000000	-273.150000000	NaN	0.00000000000	NaN	NaN	1.00000000000	0.00000000000	5.00000000000	0.00000000000

















3733299950.53	NaN	12.0000000000	108.000000000	0.00000000000	1.00000000000	NaN	3.48958301544	-3.17530773014	1.00423812866	-4.00889661131	0.991112232208	0.0250635147095	0.0998797416687	0.136631488800	3.69683849545	86.5011160011	0.104170505524	1015.24156092	0.0222411155701	0.000664806365967	0.00119700431824	200000.000000	16.0000000000	0.00000000000	166.000000000	232.000000000	5.00000000000	0.950000000000	-0.740000000000	22.3000000000	0.00000000000	232.000000000	32.0000000000	6720096.00000	2500.00000000	2000.00000000	206.200000000	6466.00000000	1700.00000000	6000.00000000	13314.0000000	5801.00000000	23.4081460007	23.5137486754	23.1798541774	-0.365118443319	23.6668057909	26.2141808083	24.1922097605	-10.8927789160	23.5243397747	23.2737861163	23.2758785345	23.8878234650	23.9764863670	22.7635844875	-12.4077104270	0.882295696942	0.00000000000	0.100000000000	0.0500000000000	-0.00320272445679	0.00000000000	48.1562500000	0.00000000000	-0.569531261921	0.00000000000	14.7500000000	15.0250005722	14.7500000000	14.9812498093	14.8289070129	-300.000000000	1638.80973658	NaN	0.00000000000	22.3001403809	25.0000000000	640.000000000	24.4842020144	24.5975664191	25.3205319467	25.5729260508	23.9602434520	26.4630344129	-59.2083717365	-59.3563638407	-0.000859737396240	-0.000859737396240	0.000452518463135	-0.000531673431396	NaN	NaN	-273.150000000	-273.150000000	NaN	0.00000000000	NaN	NaN	1.00000000000	0.00000000000	5.00000000000	0.00000000000


















3733299950.73	NaN	15.0000000000	126.000000000	0.00000000000	5.00000000000	NaN	3.49220800400	-3.25106621904	1.00391006470	-4.02435136773	0.993737697601	0.0234227180481	0.101191997528	0.137616157532	3.55405177574	84.0263121758	0.100930681229	1015.32886530	0.0245513916016	0.000676560401917	0.00119116306305	200000.000000	16.0000000000	0.00000000000	166.000000000	232.000000000	5.00000000000	0.950000000000	-0.740000000000	22.3000000000	0.00000000000	232.000000000	32.0000000000	6720096.00000	2500.00000000	2000.00000000	206.200000000	6466.00000000	1700.00000000	6000.00000000	13314.0000000	5801.00000000	23.4081460007	23.5137486754	23.1798541774	-0.365118443319	23.6668057909	26.2141808083	24.1922097605	-10.8927789160	23.5243397747	23.2737861163	23.2758785345	23.8878234650	23.9764863670	22.7635844875	-12.4077104270	0.882295696942	0.00000000000	0.100000000000	0.0500000000000	-0.0108773231506	0.00000000000	54.7441406250	0.00000000000	-0.565429687500	0.00000000000	14.7500000000	15.0250005722	14.7500000000	14.9812498093	14.8289070129	-300.000000000	7089.29827534	NaN	0.00000000000	22.2999877930	25.0001220703	640.000000000	24.4842020144	24.5975664191	25.3205319467	25.5729260508	23.9602434520	26.4630344129	-59.2083717365	-59.3563638407	-0.000859737396240	-0.000859737396240	0.000452518463135	-0.000531673431396	NaN	NaN	-273.150000000	-273.150000000	NaN	0.00000000000	NaN	NaN	1.00000000000	0.00000000000	5.00000000000	0.00000000000


















3733299950.93	NaN	8.00000000000	110.000000000	0.00000000000	0.00000000000	NaN	3.48859834671	-3.27382881653	1.00653505325	-4.01662323461	0.991768836975	0.0230946540833	0.100535869598	0.137287616730	3.70635484371	86.8820465698	0.103360843658	1015.32886530	0.0277280807495	0.000653576850891	0.00116419792175	200000.000000	16.0000000000	0.00000000000	166.000000000	232.000000000	5.00000000000	0.950000000000	-0.740000000000	22.3000000000	0.00000000000	232.000000000	32.0000000000	6720096.00000	2500.00000000	2000.00000000	206.200000000	6466.00000000	1700.00000000	6000.00000000	13314.0000000	5801.00000000	23.4081460007	23.5137486754	23.1798541774	-0.365118443319	23.6668057909	26.2141808083	24.1922097605	-10.8927789160	23.5243397747	23.2737861163	23.2758785345	23.8878234650	23.9764863670	22.7635844875	-12.4077104270	0.882295696942	0.00000000000	0.100000000000	0.0500000000000	-0.00143342018127	0.00000000000	54.7441406250	0.00000000000	-0.565429687500	0.00000000000	14.7500000000	15.1125001907	14.7500000000	14.9875001907	14.8289070129	-300.000000000	0.00000000000	NaN	0.00000000000	22.2999877930	25.0001220703	640.000000000	24.4842020144	24.5975664191	25.3205319467	25.5729260508	23.9602434520	26.4630344129	-59.2083717365	-59.3563638407	-0.000859737396240	-0.000859737396240	0.000452518463135	-0.000531673431396	NaN	NaN	-273.150000000	-273.150000000	NaN	0.00000000000	NaN	NaN	1.00000000000	0.00000000000	5.00000000000	0.00000000000

















3733299951.13	NaN	13.0000000000	117.000000000	0.00000000000	4.00000000000	NaN	3.50631809235	-3.12235649115	1.00456619263	-4.09398394576	0.982252597809	-0.000531673431396	0.101520538330	0.137944221497	3.69683849545	87.2627005005	0.100930681229	1015.32886530	0.0222673416138	0.000644373893738	0.00117144584656	200000.000000	16.0000000000	0.00000000000	166.000000000	232.000000000	5.00000000000	0.950000000000	-0.740000000000	22.3000000000	0.00000000000	232.000000000	32.0000000000	6720096.00000	2500.00000000	2000.00000000	206.200000000	6466.00000000	1700.00000000	6000.00000000	13314.0000000	5801.00000000	23.4081460007	23.5137486754	23.1798541774	-0.365118443319	23.6668057909	26.2141808083	24.1922097605	-10.8927789160	23.5243397747	23.2737861163	23.2758785345	23.8878234650	23.9764863670	22.7635844875	-12.4077104270	0.882295696942	0.00000000000	0.100000000000	0.0500000000000	-0.00855803489685	0.00000000000	46.1835937500	0.00000000000	-0.569531261921	0.00000000000	14.7500000000	15.1125001907	14.7500000000	14.9875001907	14.8289070129	-300.000000000	6205.68272934	NaN	0.00000000000	22.2999877930	25.0001220703	640.000000000	24.4842020144	24.5975664191	25.3205319467	25.5729260508	23.9602434520	26.4630344129	-59.2083717365	-60.4428257950	-0.000859737396240	-0.000859737396240	0.000452518463135	-0.000531673431396	NaN	NaN	-273.150000000	-273.150000000	NaN	0.00000000000	NaN	NaN	1.00000000000	0.00000000000	5.00000000000	0.00000000000


















3733299951.33	NaN	11.0000000000	134.000000000	0.00000000000	3.00000000000	NaN	3.47186326981	-3.02419697213	1.00719118118	-4.04754483723	0.989471912384	-0.000859737396240	0.0982389450073	0.134334564209	3.65875927048	86.8820465698	0.101740343094	1015.24156092	0.0263891220093	0.000650930404663	0.00118780136108	200000.000000	16.0000000000	0.00000000000	166.000000000	232.000000000	5.00000000000	0.950000000000	-0.740000000000	22.3000000000	0.00000000000	232.000000000	32.0000000000	6720096.00000	2500.00000000	2000.00000000	206.200000000	6466.00000000	1700.00000000	6000.00000000	13314.0000000	5801.00000000	23.4081460007	23.5137486754	23.1798541774	-0.365118443319	23.6668057909	26.2141808083	24.1922097605	-10.8927789160	23.5243397747	23.2737861163	23.2758785345	23.8878234650	23.9764863670	22.7635844875	-12.4077104270	0.882295696942	0.00000000000	0.100000000000	0.0500000000000	-0.00488681793213	0.00000000000	46.1835937500	0.00000000000	-0.569531261921	0.00000000000	14.7500000000	15.0562505722	14.7500000000	14.9812498093	14.8312501907	-300.000000000	4356.12818542	NaN	0.00000000000	22.3002929688	25.0003051758	640.000000000	24.4842020144	24.5975664191	25.3205319467	25.5729260508	23.9602434520	26.4630344129	-59.2083717365	-60.4428257950	-0.000859737396240	-0.000859737396240	0.000452518463135	-0.000531673431396	NaN	NaN	-273.150000000	-273.150000000	NaN	0.00000000000	NaN	NaN	1.00000000000	0.00000000000	5.00000000000	0.00000000000

















3733299951.53	NaN	9.00000000000	109.000000000	0.00000000000	1.00000000000	NaN	3.49778652191	-3.38779926978	1.00620698929	-4.01662323461	0.990456104279	-0.000859737396240	0.0975828170776	0.137616157532	3.68730831528	86.8820465698	0.104170505524	1015.28521311	0.0264811515808	0.000647640228271	0.00117468833923	200000.000000	16.0000000000	0.00000000000	166.000000000	232.000000000	5.00000000000	0.950000000000	-0.740000000000	22.3000000000	0.00000000000	232.000000000	32.0000000000	6720096.00000	2500.00000000	2000.00000000	206.200000000	6466.00000000	1700.00000000	6000.00000000	13314.0000000	5801.00000000	23.4081460007	23.5137486754	23.1798541774	-0.365118443319	23.6668057909	26.2141808083	24.1922097605	-10.8927789160	23.5243397747	23.2737861163	23.2758785345	23.8878234650	23.9764863670	22.7635844875	-12.4077104270	0.882295696942	0.00000000000	0.100000000000	0.0500000000000	-0.0132083892822	0.00000000000	54.8671875000	0.00000000000	-0.571484386921	0.00000000000	14.7500000000	15.0562505722	14.7500000000	14.9812498093	14.8312501907	-300.000000000	1792.88586566	NaN	0.00000000000	22.3002929688	25.0003051758	640.000000000	24.4842020144	24.5975664191	25.3205319467	25.5729260508	23.9602434520	26.4630344129	-59.2083717365	-60.4428257950	-0.000859737396240	-0.000859737396240	0.000452518463135	-0.000531673431396	NaN	NaN	-273.150000000	-273.150000000	NaN	0.00000000000	NaN	NaN	1.00000000000	0.00000000000	5.00000000000	0.00000000000


















3733299951.73	NaN	10.0000000000	113.000000000	0.00000000000	2.00000000000	NaN	3.48433256149	-3.26624355205	1.00850391388	-3.72399599635	0.985205650330	-0.000531673431396	0.0788784027100	0.0631279945374	2.67834025669	63.2756934700	0.102551181793	1015.37251749	0.0178046226501	0.000654244422913	0.00117270946503	200000.000000	16.0000000000	0.00000000000	166.000000000	232.000000000	5.00000000000	0.950000000000	-0.740000000000	22.3000000000	0.00000000000	232.000000000	32.0000000000	6720096.00000	2500.00000000	2000.00000000	206.200000000	6466.00000000	1700.00000000	6000.00000000	13314.0000000	5801.00000000	23.4081460007	23.5137486754	23.1798541774	-0.365118443319	23.6668057909	26.2141808083	24.1922097605	-10.8927789160	23.5243397747	23.2737861163	23.2758785345	23.8878234650	23.9764863670	22.7635844875	-12.4077104270	0.882295696942	0.00000000000	0.100000000000	0.0500000000000	-0.0123158931732	0.00000000000	54.8671875000	0.00000000000	-0.571484386921	0.00000000000	14.7500000000	15.0625000000	14.7500000000	14.9875001907	14.8312501907	-300.000000000	3080.41298801	NaN	0.00000000000	22.3002929688	25.0003051758	640.000000000	24.4842020144	24.5975664191	25.3205319467	25.5729260508	23.9602434520	26.4630344129	-59.2083717365	-60.4428257950	-0.000859737396240	-0.000859737396240	0.000452518463135	-0.000531673431396	NaN	NaN	-273.150000000	-273.150000000	NaN	0.00000000000	NaN	NaN	1.00000000000	0.00000000000	5.00000000000	0.00000000000

















3733299951.93	NaN	9.00000000000	119.000000000	0.00000000000	1.00000000000	NaN	3.48072338104	-3.09967765529	1.00751972198	-4.06302596464	0.984877586365	-0.000859737396240	0.100863933563	0.136303424835	3.66827561874	86.3107890358	0.102551181793	1015.28521311	0.0261263847351	0.000656890869141	0.00117406845093	200000.000000	16.0000000000	0.00000000000	166.000000000	232.000000000	5.00000000000	0.950000000000	-0.740000000000	22.3000000000	0.00000000000	232.000000000	32.0000000000	6720096.00000	2500.00000000	2000.00000000	206.200000000	6466.00000000	1700.00000000	6000.00000000	13314.0000000	5801.00000000	23.4081460007	23.5137486754	23.1798541774	-0.365118443319	23.6668057909	26.2141808083	24.1922097605	-10.8927789160	23.5243397747	23.2737861163	23.2758785345	23.8878234650	23.9764863670	22.7635844875	-12.4077104270	0.882295696942	0.00000000000	0.100000000000	0.0500000000000	-0.00806312561035	0.00000000000	47.5468750000	0.00000000000	-0.566796898842	0.00000000000	14.7500000000	15.0625000000	14.7500000000	14.9875001907	14.8312501907	-300.000000000	1836.84453838	NaN	0.00000000000	22.2999572754	25.0003051758	640.000000000	24.4842020144	24.5975664191	25.3205319467	25.5729260508	23.9602434520	26.4630344129	-59.2083717365	-60.4428257950	-0.000859737396240	-0.000859737396240	0.000452518463135	-0.000531673431396	NaN	NaN	-273.150000000	-273.150000000	NaN	0.00000000000	NaN	NaN	1.00000000000	0.00000000000	5.00000000000	0.00000000000

















3733299952.13	NaN	18.0000000000	118.000000000	0.00000000000	1.00000000000	NaN	3.47941064835	-2.99403665515	1.00555086136	-4.05529026345	0.989143371582	-0.000531673431396	0.0992236137390	0.135647296906	3.67779196701	87.6433544312	0.100930681229	1015.28521311	0.0267696380615	0.000674629211426	0.00115964412689	200000.000000	16.0000000000	0.00000000000	166.000000000	232.000000000	5.00000000000	0.950000000000	-0.740000000000	22.3000000000	0.00000000000	232.000000000	32.0000000000	6720096.00000	2500.00000000	2000.00000000	206.200000000	6466.00000000	1700.00000000	6000.00000000	13314.0000000	5801.00000000	23.4081460007	23.5137486754	23.1798541774	-0.365118443319	23.6668057909	26.2141808083	24.1922097605	-10.8927789160	23.5243397747	23.2737861163	23.2758785345	23.8878234650	23.9764863670	22.7635844875	-12.4077104270	0.882295696942	0.00000000000	0.100000000000	0.0500000000000	-0.00476593971252	0.00000000000	47.5468750000	0.00000000000	-0.566796898842	0.00000000000	14.7500000000	15.1250000000	14.7500000000	14.9875001907	14.8289070129	-300.000000000	1451.67921303	NaN	0.00000000000	22.2999572754	25.0003051758	640.000000000	24.4842020144	24.5975664191	25.3205319467	25.5729260508	23.9602434520	26.4630344129	-59.2083717365	-60.4428257950	-0.000859737396240	-0.000859737396240	0.000452518463135	-0.000531673431396	NaN	NaN	-273.150000000	-273.150000000	NaN	0.00000000000	NaN	NaN	1.00000000000	0.00000000000	5.00000000000	0.00000000000

















3733299952.33	NaN	6.00000000000	112.000000000	0.00000000000	1.00000000000	NaN	3.48072338104	-3.03173774501	1.00555086136	-4.03981216793	0.988487243652	-0.000531673431396	0.0992236137390	0.134662628174	3.67779196701	89.5471773605	0.0976920337677	1015.15419309	0.0243544578552	0.000668048858643	0.00116553306580	200000.000000	16.0000000000	0.00000000000	166.000000000	232.000000000	5.00000000000	0.950000000000	-0.740000000000	22.3000000000	0.00000000000	232.000000000	32.0000000000	6720096.00000	2500.00000000	2000.00000000	206.200000000	6466.00000000	1700.00000000	6000.00000000	13314.0000000	5801.00000000	23.4081460007	23.5137486754	23.1798541774	-0.365118443319	23.6668057909	26.2141808083	24.1922097605	-10.8927789160	23.5243397747	23.2737861163	23.2758785345	23.8878234650	23.9764863670	22.7635844875	-12.4077104270	0.882295696942	0.00000000000	0.100000000000	0.0500000000000	-0.000632715225220	0.00000000000	49.9082031250	0.00000000000	-0.570703148842	0.00000000000	14.7500000000	15.1250000000	14.7500000000	14.9875001907	14.8289070129	-300.000000000	1509.11975743	NaN	0.00000000000	22.3002014160	25.0000000000	640.000000000	24.4842020144	24.5975664191	25.3205319467	25.5729260508	23.9602434520	26.4630344129	-59.2083717365	-60.4428257950	-0.000859737396240	-0.000859737396240	0.000452518463135	-0.000531673431396	NaN	NaN	-273.150000000	-273.150000000	NaN	0.00000000000	NaN	NaN	1.00000000000	0.00000000000	5.00000000000	0.00000000000


















3733299952.53	NaN	22.0000000000	118.000000000	0.00000000000	1.00000000000	NaN	3.49417686462	-3.21317499237	1.00292539597	-4.03981216793	0.987174510956	-0.000203609466553	0.0992236137390	0.137944221497	3.71587119198	87.6433544312	0.102551181793	1015.28521311	0.0219526290894	0.000666666030884	0.00119965076447	200000.000000	16.0000000000	0.00000000000	166.000000000	232.000000000	5.00000000000	0.950000000000	-0.740000000000	22.3000000000	0.00000000000	232.000000000	32.0000000000	6720096.00000	2500.00000000	2000.00000000	206.200000000	6466.00000000	1700.00000000	6000.00000000	13314.0000000	5801.00000000	23.4081460007	23.5137486754	23.1798541774	-0.365118443319	23.6668057909	26.2141808083	24.1922097605	-10.8927789160	23.5243397747	23.2737861163	23.2758785345	23.8878234650	23.9764863670	22.7635844875	-12.4077104270	0.882295696942	0.00000000000	0.100000000000	0.0500000000000	-0.00965275764465	0.00000000000	49.9082031250	0.00000000000	-0.570703148842	0.00000000000	14.7500000000	15.0000000000	14.7500000000	14.9875001907	14.8312501907	-300.000000000	1509.11975743	NaN	0.00000000000	22.3002014160	25.0000000000	640.000000000	24.4842020144	24.5975664191	25.3205319467	25.5729260508	23.9602434520	26.4630344129	-59.2083717365	-60.4428257950	-0.000859737396240	-0.000859737396240	0.000452518463135	-0.000531673431396	NaN	NaN	-273.150000000	-273.150000000	NaN	0.00000000000	NaN	NaN	1.00000000000	0.00000000000	5.00000000000	0.00000000000

















3733299952.73	NaN	14.0000000000	109.000000000	0.00000000000	1.00000000000	NaN	3.48498916626	-3.07702225654	1.00030040741	-4.03208101180	0.982580661774	-0.000859737396240	0.100535869598	0.135647296906	3.74442023678	91.0700697212	0.105789829254	1015.41616968	0.0200099945068	0.000673270225525	0.00119438171387	200000.000000	16.0000000000	0.00000000000	166.000000000	232.000000000	5.00000000000	0.950000000000	-0.740000000000	22.3000000000	0.00000000000	232.000000000	32.0000000000	6720096.00000	2500.00000000	2000.00000000	206.200000000	6466.00000000	1700.00000000	6000.00000000	13314.0000000	5801.00000000	23.4081460007	23.5137486754	23.1798541774	-0.365118443319	23.6668057909	26.2141808083	24.1922097605	-10.8927789160	23.5243397747	23.2737861163	23.2758785345	23.8878234650	23.9764863670	22.7635844875	-12.4077104270	0.882295696942	0.00000000000	0.100000000000	0.0500000000000	-0.00776386260986	0.00000000000	54.5000000000	0.00000000000	-0.567773461342	0.00000000000	14.7500000000	15.0000000000	14.7500000000	14.9875001907	14.8312501907	-300.000000000	1509.11975743	NaN	0.00000000000	22.3002624512	24.9997863770	640.000000000	24.4842020144	24.5975664191	25.3205319467	25.5729260508	23.9602434520	26.4630344129	-59.2083717365	-60.4428257950	-0.000859737396240	-0.000859737396240	0.000452518463135	-0.000531673431396	NaN	NaN	-273.150000000	-273.150000000	NaN	0.00000000000	NaN	NaN	1.00000000000	0.00000000000	5.00000000000	0.00000000000


















3733299952.93	NaN	9.00000000000	150.000000000	0.00000000000	1.00000000000	NaN	3.46661329269	-3.02419697213	1.00062847137	-4.08624217178	0.988159179687	-0.000859737396240	0.0982389450073	0.134990692139	3.71587119198	87.8336813965	0.0993113574982	1015.32886530	0.0191435813904	0.000660157203674	0.00116877555847	200000.000000	16.0000000000	0.00000000000	166.000000000	232.000000000	5.00000000000	0.950000000000	-0.740000000000	22.3000000000	0.00000000000	232.000000000	32.0000000000	6720096.00000	2500.00000000	2000.00000000	206.200000000	6466.00000000	1700.00000000	6000.00000000	13314.0000000	5801.00000000	23.4081460007	23.5137486754	23.1798541774	-0.365118443319	23.6668057909	26.2141808083	24.1922097605	-10.8927789160	23.5243397747	23.2737861163	23.2758785345	23.8878234650	23.9764863670	22.7635844875	-12.4077104270	0.882295696942	0.00000000000	0.100000000000	0.0500000000000	-0.0108130931854	0.00000000000	54.5000000000	0.00000000000	-0.567773461342	0.00000000000	14.7500000000	15.1062498093	14.7500000000	14.9812498093	14.8312501907	-300.000000000	1509.11975743	NaN	0.00000000000	22.3002624512	24.9997863770	640.000000000	24.4842020144	24.5975664191	25.3205319467	25.5729260508	23.9602434520	26.4630344129	-59.2083717365	-60.4428257950	-0.000859737396240	-0.000859737396240	0.000452518463135	-0.000531673431396	NaN	NaN	-273.150000000	-273.150000000	NaN	0.00000000000	NaN	NaN	1.00000000000	0.00000000000	5.00000000000	0.00000000000

















3733299953.13	NaN	15.0000000000	122.000000000	0.00000000000	1.00000000000	NaN	3.49122381210	-3.22832728027	0.998659610748	-4.07850191768	0.984549522400	-0.000203609466553	0.100207805634	0.135647296906	3.75393658504	86.6914429665	0.102551181793	1015.19784528	0.0190520286560	0.000677180290222	0.00121409893036	200000.000000	16.0000000000	0.00000000000	166.000000000	232.000000000	5.00000000000	0.950000000000	-0.740000000000	22.3000000000	0.00000000000	232.000000000	32.0000000000	6720096.00000	2500.00000000	2000.00000000	206.200000000	6466.00000000	1700.00000000	6000.00000000	13314.0000000	5801.00000000	23.4081460007	23.5137486754	23.1798541774	-0.365118443319	23.6668057909	26.2141808083	24.1922097605	-10.8927789160	23.5243397747	23.2737861163	23.2758785345	23.8878234650	23.9764863670	22.7635844875	-12.4077104270	0.882295696942	0.00000000000	0.100000000000	0.0500000000000	-0.00315432548523	0.00000000000	45.2343750000	-0.000390625005821	-0.566796898842	0.00000000000	14.7500000000	15.1062498093	14.7500000000	14.9812498093	14.8312501907	-300.000000000	1675.46043357	NaN	0.00000000000	22.3002624512	24.9997863770	640.000000000	24.4842020144	24.5975664191	25.3205319467	25.5729260508	23.9602434520	26.4630344129	-59.2083717365	-60.4428257950	-0.000859737396240	-0.000859737396240	0.000452518463135	-0.000531673431396	NaN	NaN	-273.150000000	-273.150000000	NaN	0.00000000000	NaN	NaN	1.00000000000	0.00000000000	5.00000000000	0.00000000000


















3733299953.33	NaN	8.00000000000	120.000000000	0.00000000000	1.00000000000	NaN	3.48958301544	-3.19044604349	0.996690750122	-4.10172724073	0.982908725739	-0.000531673431396	0.100535869598	0.139256477356	3.77298311348	89.7375043259	0.0993113574982	1015.28521311	0.0104937553406	0.000678491592407	0.00117936134338	200000.000000	16.0000000000	0.00000000000	166.000000000	232.000000000	5.00000000000	0.950000000000	-0.740000000000	22.3000000000	0.00000000000	232.000000000	32.0000000000	6720096.00000	2500.00000000	2000.00000000	206.200000000	6466.00000000	1700.00000000	6000.00000000	13314.0000000	5801.00000000	23.4081460007	23.5137486754	23.1798541774	-0.365118443319	23.6668057909	26.2141808083	24.1922097605	-10.8927789160	23.5243397747	23.2737861163	23.2758785345	23.8878234650	23.9764863670	22.7635844875	-12.4077104270	0.882295696942	0.00000000000	0.100000000000	0.0500000000000	-0.00482373237610	0.00000000000	45.2343750000	-0.000390625005821	-0.566796898842	0.00000000000	14.7562503815	15.0562505722	14.7500000000	14.9875001907	14.8312501907	-300.000000000	1604.95521257	NaN	0.00000000000	22.3000183105	25.0002441406	640.000000000	24.4842020144	24.5975664191	25.3205319467	25.5729260508	23.9602434520	26.4630344129	-59.2083717365	-60.4428257950	-0.000859737396240	-0.000859737396240	0.000452518463135	-0.000531673431396	NaN	NaN	-273.150000000	-273.150000000	NaN	0.00000000000	NaN	NaN	1.00000000000	0.00000000000	5.00000000000	0.00000000000


















3733299953.53	NaN	17.0000000000	110.000000000	0.00000000000	0.00000000000	NaN	3.49450492859	-3.22832728027	0.994393825531	-4.09398394576	0.982252597809	-0.000531673431396	0.100207805634	0.136959552765	3.80153215828	86.5011160011	0.100121019363	1015.54718970	0.0145363807678	0.000681829452515	0.00119700431824	200000.000000	16.0000000000	0.00000000000	166.000000000	232.000000000	5.00000000000	0.950000000000	-0.740000000000	22.3000000000	0.00000000000	232.000000000	32.0000000000	6720096.00000	2500.00000000	2000.00000000	206.200000000	6466.00000000	1700.00000000	6000.00000000	13314.0000000	5801.00000000	23.4081460007	23.5137486754	23.1798541774	-0.365118443319	23.6668057909	26.2141808083	24.1922097605	-10.8927789160	23.5243397747	23.2737861163	23.2758785345	23.8878234650	23.9764863670	22.7635844875	-12.4077104270	0.882295696942	0.00000000000	0.100000000000	0.0500000000000	-0.00507054328918	0.00000000000	54.5039062500	0.00000000000	-0.570898473263	0.00000000000	14.7562503815	15.0562505722	14.7500000000	14.9875001907	14.8312501907	-300.000000000	0.00000000000	NaN	0.00000000000	22.3000183105	25.0002441406	640.000000000	24.4842020144	24.5975664191	25.3205319467	25.5729260508	23.9602434520	26.4630344129	-59.2083717365	-60.4428257950	-0.000859737396240	-0.000859737396240	0.000452518463135	-0.000531673431396	NaN	NaN	-273.150000000	-273.150000000	NaN	0.00000000000	NaN	NaN	1.00000000000	0.00000000000	5.00000000000	0.00000000000


















3733299953.73	NaN	9.00000000000	113.000000000	0.00000000000	1.00000000000	NaN	3.49220800400	-3.13747532628	0.990784168243	-4.10172724073	0.993737697601	-0.000859737396240	0.0985670089722	0.132693767548	3.71587119198	85.3588775711	0.103360843658	1015.28521311	0.00831508636475	0.000705456733704	0.00122070312500	200000.000000	16.0000000000	0.00000000000	166.000000000	232.000000000	5.00000000000	0.950000000000	-0.740000000000	22.3000000000	0.00000000000	232.000000000	32.0000000000	6720096.00000	2500.00000000	2000.00000000	206.200000000	6466.00000000	1700.00000000	6000.00000000	13314.0000000	5801.00000000	23.4081460007	23.5137486754	23.1798541774	-0.365118443319	23.6668057909	26.2141808083	24.1922097605	-10.8927789160	23.5243397747	23.2737861163	23.2758785345	23.8878234650	23.9764863670	22.7635844875	-12.4077104270	0.882295696942	0.00000000000	0.100000000000	0.0500000000000	-0.00170636177063	0.00000000000	54.5039062500	0.00000000000	-0.570898473263	0.00000000000	14.7562503815	15.0000000000	14.7500000000	14.9812498093	14.8312501907	-300.000000000	1540.14424584	NaN	0.00000000000	22.3000183105	25.0002441406	640.000000000	24.4842020144	24.5975664191	25.3205319467	25.5729260508	23.9602434520	26.4630344129	-59.2083717365	-60.4428257950	-0.000859737396240	-0.000859737396240	0.000452518463135	-0.000531673431396	NaN	NaN	-273.150000000	-273.150000000	NaN	0.00000000000	NaN	NaN	1.00000000000	0.00000000000	5.00000000000	0.00000000000


















3733299953.93	NaN	9.00000000000	137.000000000	0.00000000000	1.00000000000	NaN	3.48859834671	-3.26624355205	0.991112232208	-4.07850191768	0.987174510956	-0.000859737396240	0.0972547531128	0.135975360870	3.81104850655	86.3107890358	0.104980167389	1015.45982187	0.00250053405762	0.000677180290222	0.00117995738983	200000.000000	16.0000000000	0.00000000000	166.000000000	232.000000000	5.00000000000	0.950000000000	-0.740000000000	22.3000000000	0.00000000000	232.000000000	32.0000000000	6720096.00000	2500.00000000	2000.00000000	206.200000000	6466.00000000	1700.00000000	6000.00000000	13314.0000000	5801.00000000	23.4081460007	23.5137486754	23.1798541774	-0.365118443319	23.6668057909	26.2141808083	24.1922097605	-10.8927789160	23.5243397747	23.2737861163	23.2758785345	23.8878234650	23.9764863670	22.7635844875	-12.4077104270	0.882295696942	0.00000000000	0.100000000000	0.0500000000000	-0.00363988876343	0.00000000000	51.4238281250	0.00000000000	-0.568945348263	0.00000000000	14.7562503815	15.0000000000	14.7500000000	14.9812498093	14.8312501907	-300.000000000	1398.45097522	NaN	0.00000000000	22.3001098633	25.0004882813	640.000000000	24.4842020144	24.5975664191	25.3205319467	25.5729260508	23.9602434520	26.4630344129	-59.2083717365	-60.4428257950	-0.000859737396240	-0.000859737396240	0.000452518463135	-0.000531673431396	NaN	NaN	-273.150000000	-273.150000000	NaN	0.00000000000	NaN	NaN	1.00000000000	0.00000000000	5.00000000000	0.00000000000


















3733299954.13	NaN	6.00000000000	128.000000000	0.00000000000	2.00000000000	NaN	3.47973871231	-3.07702225654	0.990128040314	-4.08624217178	0.986518383026	-0.000859737396240	0.0979108810425	0.134334564209	3.81104850655	87.2627005005	0.102551181793	1015.15419309	0.00698947906494	0.000689005851746	0.00118582248688	200000.000000	16.0000000000	0.00000000000	166.000000000	232.000000000	5.00000000000	0.950000000000	-0.740000000000	22.3000000000	0.00000000000	232.000000000	32.0000000000	6720096.00000	2500.00000000	2000.00000000	206.200000000	6466.00000000	1700.00000000	6000.00000000	13314.0000000	5801.00000000	23.4081460007	23.5137486754	23.1798541774	-0.365118443319	23.6668057909	26.2141808083	24.1922097605	-10.8927789160	23.5243397747	23.2737861163	23.2758785345	23.8878234650	23.9764863670	22.7635844875	-12.4077104270	0.882295696942	0.00000000000	0.100000000000	0.0500000000000	-0.00528306961060	0.00000000000	51.4238281250	0.00000000000	-0.568945348263	0.00000000000	14.7500000000	15.0937500000	14.7500000000	14.9812498093	14.8312501907	-300.000000000	2865.27151231	NaN	0.00000000000	22.3001098633	25.0004882813	640.000000000	24.4842020144	24.5975664191	25.3205319467	25.5729260508	23.9602434520	26.4630344129	-59.2083717365	-60.4428257950	-0.000859737396240	-0.000859737396240	-0.000859737396240	-0.000531673431396	NaN	NaN	-273.150000000	-273.150000000	NaN	0.00000000000	NaN	NaN	1.00000000000	0.00000000000	5.00000000000	0.00000000000


















3733299954.33	NaN	18.0000000000	140.000000000	0.00000000000	0.00000000000	NaN	3.47875452042	-3.02419697213	0.986846446991	-4.13272691782	0.979955673218	-0.000531673431396	0.100535869598	0.135647296906	3.83961138325	90.3087618599	0.104170505524	1015.37251749	0.00190973281860	0.000683784484863	0.00121808052063	200000.000000	16.0000000000	0.00000000000	166.000000000	232.000000000	5.00000000000	0.950000000000	-0.740000000000	22.3000000000	0.00000000000	232.000000000	32.0000000000	6720096.00000	2500.00000000	2000.00000000	206.200000000	6466.00000000	1700.00000000	6000.00000000	13314.0000000	5801.00000000	23.4081460007	23.5137486754	23.1798541774	-0.365118443319	23.6668057909	26.2141808083	24.1922097605	-10.8927789160	23.5243397747	23.2737861163	23.2758785345	23.8878234650	23.9764863670	22.7635844875	-12.4077104270	0.882295696942	0.00000000000	0.100000000000	0.0500000000000	-0.00464010238647	0.00000000000	52.9921875000	0.00000000000	-0.567382812500	0.00000000000	14.7500000000	15.0937500000	14.7500000000	14.9812498093	14.8312501907	-300.000000000	0.00000000000	NaN	0.00000000000	22.2999267578	25.0000305176	640.000000000	24.4842020144	24.5975664191	25.3205319467	25.5729260508	23.9602434520	26.4630344129	-59.2083717365	-60.4428257950	-0.000859737396240	-0.000859737396240	-0.000859737396240	-0.000531673431396	NaN	NaN	-273.150000000	-273.150000000	NaN	0.00000000000	NaN	NaN	1.00000000000	0.00000000000	5.00000000000	0.00000000000


















3733299954.53	NaN	11.0000000000	119.000000000	0.00000000000	1.00000000000	NaN	3.47711372375	-3.09967765529	0.985205650330	-4.09398394576	0.979627609253	-0.000859737396240	0.100535869598	0.135647296906	3.88720695648	89.1665234299	0.102551181793	1015.41616968	0.00306463241577	0.000670647621155	0.00117928981781	200000.000000	16.0000000000	0.00000000000	166.000000000	232.000000000	5.00000000000	0.950000000000	-0.740000000000	22.3000000000	0.00000000000	232.000000000	32.0000000000	6720096.00000	2500.00000000	2000.00000000	206.200000000	6466.00000000	1700.00000000	6000.00000000	13314.0000000	5801.00000000	23.4081460007	23.5137486754	23.1798541774	-0.365118443319	23.6668057909	26.2141808083	24.1922097605	-10.8927789160	23.5243397747	23.2737861163	23.2758785345	23.8878234650	23.9764863670	22.7635844875	-12.4077104270	0.882295696942	0.00000000000	0.100000000000	0.0500000000000	-0.00448384284973	0.00000000000	52.9921875000	0.00000000000	-0.567382812500	0.00000000000	14.7500000000	14.9937505722	14.7500000000	14.9812498093	14.8312501907	-300.000000000	1451.67921303	NaN	0.00000000000	22.2999267578	25.0000305176	640.000000000	24.4842020144	24.5975664191	25.3205319467	25.5729260508	23.9602434520	26.4630344129	-59.2083717365	-60.4428257950	-0.000859737396240	-0.000859737396240	-0.000859737396240	-0.000531673431396	NaN	NaN	-273.150000000	-273.150000000	NaN	0.00000000000	NaN	NaN	1.00000000000	0.00000000000	5.00000000000	0.00000000000

















3733299954.73	NaN	12.0000000000	111.000000000	0.00000000000	0.00000000000	NaN	3.49384880066	-3.28141548769	0.980939865112	-4.10948331593	0.984549522400	-0.000859737396240	0.0969262123108	0.135975360870	3.76346676521	82.6937467804	0.100930681229	1015.19784528	-0.000977993011475	0.000681185722351	0.00121414661407	200000.000000	16.0000000000	0.00000000000	166.000000000	232.000000000	5.00000000000	0.950000000000	-0.740000000000	22.3000000000	0.00000000000	232.000000000	32.0000000000	6720096.00000	2500.00000000	2000.00000000	206.200000000	6466.00000000	1700.00000000	6000.00000000	13314.0000000	5801.00000000	23.4081460007	23.5137486754	23.1798541774	-0.365118443319	23.6668057909	26.2141808083	24.1922097605	-10.8927789160	23.5243397747	23.2737861163	23.2758785345	23.8878234650	23.9764863670	22.7635844875	-12.4077104270	0.882295696942	0.00000000000	0.100000000000	0.0500000000000	-0.00295214653015	0.00000000000	54.3984375000	0.00000000000	-0.565429687500	0.00000000000	14.7500000000	14.9937505722	14.7500000000	14.9812498093	14.8312501907	-300.000000000	0.00000000000	NaN	0.00000000000	22.3000183105	25.0001525879	640.000000000	24.4842020144	24.5975664191	25.3205319467	25.5729260508	23.9602434520	26.4630344129	-59.2083717365	-60.4428257950	-0.000859737396240	-0.000859737396240	-0.000859737396240	-0.000531673431396	NaN	NaN	-273.150000000	-273.150000000	NaN	0.00000000000	NaN	NaN	1.00000000000	0.00000000000	5.00000000000	0.00000000000

















3733299954.93	NaN	8.00000000000	120.000000000	0.00000000000	0.00000000000	NaN	3.48269224167	-3.10723222057	0.980611801147	-4.12497752541	0.977986812592	-0.000531673431396	0.100535869598	0.134990692139	3.90623965302	88.5952658958	0.107410329819	1015.41616968	-0.00299930572510	0.000675868988037	0.00115826129913	200000.000000	16.0000000000	0.00000000000	166.000000000	232.000000000	5.00000000000	0.950000000000	-0.740000000000	22.3000000000	0.00000000000	232.000000000	32.0000000000	6720096.00000	2500.00000000	2000.00000000	206.200000000	6466.00000000	1700.00000000	6000.00000000	13314.0000000	5801.00000000	23.4081460007	23.5137486754	23.1798541774	-0.365118443319	23.6668057909	26.2141808083	24.1922097605	-10.8927789160	23.5243397747	23.2737861163	23.2758785345	23.8878234650	23.9764863670	22.7635844875	-12.4077104270	0.882295696942	0.00000000000	0.100000000000	0.0500000000000	-0.00175113677979	0.00000000000	54.3984375000	0.00000000000	-0.565429687500	0.00000000000	14.7500000000	15.1000003815	14.7500000000	14.9812498093	14.8312501907	-300.000000000	0.00000000000	NaN	0.00000000000	22.3000183105	25.0001525879	640.000000000	24.4842020144	24.5975664191	25.3205319467	25.5729260508	23.9602434520	26.4630344129	-59.2083717365	-60.4428257950	-0.000859737396240	-0.000859737396240	-0.000859737396240	-0.000531673431396	NaN	NaN	-273.150000000	-273.150000000	NaN	0.00000000000	NaN	NaN	1.00000000000	0.00000000000	5.00000000000	0.00000000000

















3733299955.13	NaN	7.00000000000	101.000000000	0.00000000000	0.00000000000	NaN	3.49745845795	-3.28900356653	0.978642940521	-4.12497752541	0.980283737183	-0.000531673431396	0.0995516777039	0.136631488800	3.95383522625	85.9301351051	0.101740343094	1015.32886530	-0.00458765029907	0.000653553009033	0.00115501880646	200000.000000	16.0000000000	0.00000000000	166.000000000	232.000000000	5.00000000000	0.950000000000	-0.740000000000	22.3000000000	0.00000000000	232.000000000	32.0000000000	6720096.00000	2500.00000000	2000.00000000	206.200000000	6466.00000000	1700.00000000	6000.00000000	13314.0000000	5801.00000000	23.4081460007	23.5137486754	23.1798541774	-0.365118443319	23.6668057909	26.2141808083	24.1922097605	-10.8927789160	23.5243397747	23.2737861163	23.2758785345	23.8878234650	23.9764863670	22.7635844875	-12.4077104270	0.882295696942	0.00000000000	0.100000000000	0.0500000000000	-0.00352292060852	0.00000000000	45.9082031250	0.00000000000	-0.569531261921	0.00000000000	14.7500000000	15.1000003815	14.7500000000	14.9812498093	14.8312501907	-300.000000000	0.00000000000	NaN	0.00000000000	22.3000183105	25.0001525879	640.000000000	24.4842020144	24.5975664191	25.3205319467	25.5729260508	23.9602434520	26.4630344129	-59.2083717365	-60.4428257950	-0.000859737396240	-0.000859737396240	-0.000859737396240	-0.000531673431396	NaN	NaN	-273.150000000	-273.150000000	NaN	0.00000000000	NaN	NaN	1.00000000000	0.00000000000	5.00000000000	0.00000000000

















3733299955.33	NaN	13.0000000000	123.000000000	0.00000000000	3.00000000000	NaN	3.48006677628	-3.04682341551	0.975033283234	-4.13272691782	0.977986812592	-0.000203609466553	0.100207805634	0.135647296906	3.96335157452	88.0242849998	0.104170505524	1015.32886530	-0.00713396072388	0.000639152526855	0.00118062496185	200000.000000	16.0000000000	0.00000000000	166.000000000	232.000000000	5.00000000000	0.950000000000	-0.740000000000	22.3000000000	0.00000000000	232.000000000	32.0000000000	6720096.00000	2500.00000000	2000.00000000	206.200000000	6466.00000000	1700.00000000	6000.00000000	13314.0000000	5801.00000000	23.4081460007	23.5137486754	23.1798541774	-0.365118443319	23.6668057909	26.2141808083	24.1922097605	-10.8927789160	23.5243397747	23.2737861163	23.2758785345	23.8878234650	23.9764863670	22.7635844875	-12.4077104270	0.882295696942	0.00000000000	0.100000000000	0.0500000000000	-0.00345082283020	0.00000000000	45.9082031250	0.00000000000	-0.569531261921	0.00000000000	14.7562503815	15.0500001907	14.7500000000	14.9812498093	14.8312501907	-300.000000000	5076.56804550	NaN	0.00000000000	22.2999267578	24.9999389648	640.000000000	24.4842020144	24.5975664191	25.3205319467	25.5729260508	23.9602434520	26.4630344129	-59.2083717365	-60.4428257950	-0.000859737396240	-0.000859737396240	-0.000859737396240	-0.000531673431396	NaN	NaN	-273.150000000	-273.150000000	NaN	0.00000000000	NaN	NaN	1.00000000000	0.00000000000	5.00000000000	0.00000000000

















3733299955.53	NaN	13.0000000000	134.000000000	0.00000000000	2.00000000000	NaN	3.48400449753	-3.21317499237	0.973064422607	-4.15599553074	0.976346015930	0.000781059265137	0.101520538330	0.136631488800	3.99191445122	87.4530274658	0.0944522094727	1015.28521311	-0.0116095542908	0.000656890869141	0.00118856430054	200000.000000	16.0000000000	0.00000000000	166.000000000	232.000000000	5.00000000000	0.950000000000	-0.740000000000	22.3000000000	0.00000000000	232.000000000	32.0000000000	6720096.00000	2500.00000000	2000.00000000	206.200000000	6466.00000000	1700.00000000	6000.00000000	13314.0000000	5801.00000000	23.4081460007	23.5137486754	23.1798541774	-0.365118443319	23.6668057909	26.2141808083	24.1922097605	-10.8927789160	23.5243397747	23.2737861163	23.2758785345	23.8878234650	23.9764863670	22.7635844875	-12.4077104270	0.882295696942	0.00000000000	0.100000000000	0.0500000000000	-0.00566902160645	0.00000000000	54.7324218750	0.000390625005821	-0.569335937500	0.00000000000	14.7562503815	15.0500001907	14.7500000000	14.9812498093	14.8312501907	-300.000000000	3278.43949309	NaN	0.00000000000	22.2999267578	24.9999389648	640.000000000	24.4842020144	24.5975664191	25.3205319467	25.5729260508	23.9602434520	26.4630344129	-59.2083717365	-60.4428257950	-0.000859737396240	-0.000859737396240	-0.000859737396240	-0.000531673431396	NaN	NaN	-273.150000000	-273.150000000	NaN	0.00000000000	NaN	NaN	1.00000000000	0.00000000000	5.00000000000	0.00000000000

















3733299955.73	NaN	9.00000000000	113.000000000	0.00000000000	1.00000000000	NaN	3.48137950897	-3.26624355205	0.971095561981	-4.14047783686	0.983893394470	-0.00151634216309	0.0962700843811	0.135975360870	3.98238427105	87.4530274658	0.0985016956329	1015.15419309	-0.0146026611328	0.000648903846741	0.00116353034973	200000.000000	16.0000000000	0.00000000000	166.000000000	232.000000000	5.00000000000	0.950000000000	-0.740000000000	22.3000000000	0.00000000000	232.000000000	32.0000000000	6720096.00000	2500.00000000	2000.00000000	206.200000000	6466.00000000	1700.00000000	6000.00000000	13314.0000000	5801.00000000	23.4081460007	23.5137486754	23.1798541774	-0.365118443319	23.6668057909	26.2141808083	24.1922097605	-10.8927789160	23.5243397747	23.2737861163	23.2758785345	23.8878234650	23.9764863670	22.7635844875	-12.4077104270	0.882295696942	0.00000000000	0.100000000000	0.0500000000000	-0.00325536727905	0.00000000000	54.7324218750	0.000390625005821	-0.569335937500	0.00000000000	14.7562503815	15.0375003815	14.7500000000	14.9875001907	14.8312501907	-300.000000000	1675.46043357	NaN	0.00000000000	22.2999267578	24.9999389648	640.000000000	24.4842020144	24.5975664191	25.3205319467	25.5729260508	23.9602434520	26.4630344129	-59.2083717365	-60.4428257950	-0.000859737396240	-0.000859737396240	-0.000859737396240	-0.000531673431396	NaN	NaN	-273.150000000	-273.150000000	NaN	0.00000000000	NaN	NaN	1.00000000000	0.00000000000	5.00000000000	0.00000000000

















3733299955.93	NaN	8.00000000000	108.000000000	0.00000000000	0.00000000000	NaN	3.49417686462	-3.12991521496	0.968798637390	-4.14823028365	0.975033283234	0.000452518463135	0.100863933563	0.135975360870	4.02046349602	88.0242849998	0.0985016956329	1015.28521311	-0.0168075561523	0.000653553009033	0.00117797851563	200000.000000	16.0000000000	0.00000000000	166.000000000	232.000000000	5.00000000000	0.950000000000	-0.740000000000	22.3000000000	0.00000000000	232.000000000	32.0000000000	6720096.00000	2500.00000000	2000.00000000	206.200000000	6466.00000000	1700.00000000	6000.00000000	13314.0000000	5801.00000000	23.4081460007	23.5137486754	23.1798541774	-0.365118443319	23.6668057909	26.2141808083	24.1922097605	-10.8927789160	23.5243397747	23.2737861163	23.2758785345	23.8878234650	23.9764863670	22.7635844875	-12.4077104270	0.882295696942	0.00000000000	0.100000000000	0.0500000000000	-0.00425949096680	0.00000000000	46.7421875000	0.00000000000	-0.565625011921	0.00000000000	14.7562503815	15.0375003815	14.7500000000	14.9875001907	14.8312501907	-300.000000000	0.00000000000	NaN	0.00000000000	22.3000793457	25.0004272461	640.000000000	24.4842020144	24.5975664191	25.3205319467	25.5729260508	23.9602434520	26.4630344129	-59.2083717365	-60.4428257950	-0.000859737396240	-0.000859737396240	-0.000859737396240	-0.000531673431396	NaN	NaN	-273.150000000	-273.150000000	NaN	0.00000000000	NaN	NaN	1.00000000000	0.00000000000	5.00000000000	0.00000000000


















3733299956.13	NaN	10.0000000000	115.000000000	0.00000000000	1.00000000000	NaN	3.47317600250	-2.94884274900	0.966501712799	-4.13272691782	0.979627609253	-0.000859737396240	0.0995516777039	0.134662628174	4.05854272099	89.9278312912	0.101740343094	1015.24156092	-0.0190649032593	0.000681138038635	0.00118522644043	200000.000000	16.0000000000	0.00000000000	166.000000000	232.000000000	5.00000000000	0.950000000000	-0.740000000000	22.3000000000	0.00000000000	232.000000000	32.0000000000	6720096.00000	2500.00000000	2000.00000000	206.200000000	6466.00000000	1700.00000000	6000.00000000	13314.0000000	5801.00000000	23.4081460007	23.5137486754	23.1798541774	-0.365118443319	23.6668057909	26.2141808083	24.1922097605	-10.8927789160	23.5243397747	23.2737861163	23.2758785345	23.8878234650	23.9764863670	22.7635844875	-12.4077104270	0.882295696942	0.00000000000	0.100000000000	0.0500000000000	-0.00323162078857	0.00000000000	46.7421875000	0.00000000000	-0.565625011921	0.00000000000	14.7500000000	15.1250000000	14.7562503815	14.9875001907	14.8312501907	-300.000000000	1398.45097522	NaN	0.00000000000	22.3000793457	25.0004272461	640.000000000	24.4842020144	24.5975664191	25.3205319467	25.5729260508	23.9602434520	26.4630344129	-59.2083717365	-60.4428257950	-0.000859737396240	-0.000859737396240	-0.000859737396240	-0.000531673431396	-98.9704909459	NaN	-273.150000000	-273.150000000	NaN	0.00000000000	NaN	NaN	1.00000000000	0.00000000000	5.00000000000	0.00000000000


















3733299956.33	NaN	12.0000000000	116.000000000	0.00000000000	1.00000000000	NaN	3.48958301544	-3.08457267427	0.964860916138	-4.17150807767	0.977002143860	0.000452518463135	0.101520538330	0.134990692139	4.04902637272	89.3568503952	0.102551181793	1015.37251749	-0.0185923576355	0.000673246383667	0.00119049549103	200000.000000	16.0000000000	0.00000000000	166.000000000	232.000000000	5.00000000000	0.950000000000	-0.740000000000	22.3000000000	0.00000000000	232.000000000	32.0000000000	6720096.00000	2500.00000000	2000.00000000	206.200000000	6466.00000000	1700.00000000	6000.00000000	13314.0000000	5801.00000000	23.4081460007	23.5137486754	23.1798541774	-0.365118443319	23.6668057909	26.2141808083	24.1922097605	-10.8927789160	23.5243397747	23.2737861163	23.2758785345	23.8878234650	23.9764863670	22.7635844875	-12.4077104270	0.882295696942	0.00000000000	0.100000000000	0.0500000000000	0.00504674911499	0.00000000000	47.0332031250	0.00000000000	-0.570703148842	0.00000000000	14.7500000000	15.1250000000	14.7562503815	14.9875001907	14.8312501907	-300.000000000	1480.36447624	NaN	0.00000000000	22.2997741699	25.0004577637	640.000000000	24.4842020144	24.5975664191	25.3205319467	25.5729260508	23.9602434520	26.4630344129	-59.2083717365	-60.4428257950	-0.000859737396240	-0.000859737396240	-0.000859737396240	-0.000531673431396	-98.9704909459	NaN	-273.150000000	-273.150000000	NaN	0.00000000000	NaN	NaN	1.00000000000	0.00000000000	5.00000000000	0.00000000000


















3733299956.53	NaN	11.0000000000	123.000000000	0.00000000000	0.00000000000	NaN	3.52436590195	-3.08457267427	0.961907863617	-4.16375103863	0.976674079895	0.00176525115967	0.100207805634	0.137287616730	4.11565464249	86.8820465698	0.0976920337677	1015.02323651	-0.0153241157532	0.000693583488464	0.00118057727814	200000.000000	16.0000000000	0.00000000000	166.000000000	232.000000000	5.00000000000	0.950000000000	-0.740000000000	22.3000000000	0.00000000000	232.000000000	32.0000000000	6720096.00000	2500.00000000	2000.00000000	206.200000000	6466.00000000	1700.00000000	6000.00000000	13314.0000000	5801.00000000	23.4081460007	23.5137486754	23.1798541774	-0.365118443319	23.6668057909	26.2141808083	24.1922097605	-10.8927789160	23.5243397747	23.2737861163	23.2758785345	23.8878234650	23.9764863670	22.7635844875	-12.4077104270	0.882295696942	0.00000000000	0.100000000000	0.0500000000000	0.000602388381958	0.00000000000	47.0332031250	0.00000000000	-0.570703148842	0.00000000000	14.7500000000	15.0062503815	14.7500000000	14.9812498093	14.8312501907	-300.000000000	0.00000000000	NaN	0.00000000000	22.2997741699	25.0004577637	640.000000000	24.4842020144	24.5975664191	25.3205319467	25.5729260508	23.9602434520	26.4630344129	-59.2083717365	-60.4428257950	-0.000859737396240	-0.000859737396240	-0.000859737396240	-0.000531673431396	-98.9704909459	NaN	-273.150000000	-273.150000000	NaN	0.00000000000	NaN	NaN	1.00000000000	0.00000000000	5.00000000000	0.00000000000

















3733299956.73	NaN	9.00000000000	132.000000000	0.00000000000	1.00000000000	NaN	3.48105144501	-3.31178729575	0.959610939026	-4.10172724073	0.977986812592	-0.00184440612793	0.0985670089722	0.138272285461	4.14420368729	86.6914429665	0.105789829254	1015.15419309	-0.0224514007568	0.000679874420166	0.00119574069977	200000.000000	16.0000000000	0.00000000000	166.000000000	232.000000000	5.00000000000	0.950000000000	-0.740000000000	22.3000000000	0.00000000000	232.000000000	32.0000000000	6720096.00000	2500.00000000	2000.00000000	206.200000000	6466.00000000	1700.00000000	6000.00000000	13314.0000000	5801.00000000	23.4081460007	23.5137486754	23.1798541774	-0.365118443319	23.6668057909	26.2141808083	24.1922097605	-10.8927789160	23.5243397747	23.2737861163	23.2758785345	23.8878234650	23.9764863670	22.7635844875	-12.4077104270	0.882295696942	0.00000000000	0.100000000000	0.0500000000000	-0.00837159156799	0.00000000000	54.9687500000	0.00000000000	-0.566601574421	0.00000000000	14.7500000000	15.0062503815	14.7500000000	14.9812498093	14.8312501907	-300.000000000	1638.80973658	NaN	0.00000000000	22.2998962402	24.9999694824	640.000000000	24.4842020144	24.5975664191	25.3205319467	25.5729260508	23.9602434520	26.4630344129	-59.2083717365	-60.4428257950	-0.000859737396240	-0.000859737396240	-0.000859737396240	-0.000531673431396	-98.9704909459	NaN	-273.150000000	-273.150000000	NaN	0.00000000000	NaN	NaN	1.00000000000	0.00000000000	5.00000000000	0.00000000000


















3733299956.93	NaN	16.0000000000	117.000000000	0.00000000000	2.00000000000	NaN	3.50303697586	-3.13747532628	0.957970142365	-4.19478839294	0.974049091339	0.000452518463135	0.100535869598	0.135975360870	4.12517099075	88.9759198265	0.102551181793	1015.19784528	-0.0213098526001	0.000687050819397	0.00121085643768	200000.000000	16.0000000000	0.00000000000	166.000000000	232.000000000	5.00000000000	0.950000000000	-0.740000000000	22.3000000000	0.00000000000	232.000000000	32.0000000000	6720096.00000	2500.00000000	2000.00000000	206.200000000	6466.00000000	1700.00000000	6000.00000000	13314.0000000	5801.00000000	23.4081460007	23.5137486754	23.1798541774	-0.365118443319	23.6668057909	26.2141808083	24.1922097605	-10.8927789160	23.5243397747	23.2737861163	23.2758785345	23.8878234650	23.9764863670	22.7635844875	-12.4077104270	0.882295696942	0.00000000000	0.100000000000	0.0500000000000	-0.00128765106201	0.00000000000	54.9687500000	0.00000000000	-0.566601574421	0.00000000000	14.7500000000	15.1250000000	14.7562503815	14.9812498093	14.8312501907	-300.000000000	3085.31968881	NaN	0.00000000000	22.2998962402	24.9999694824	640.000000000	24.4842020144	24.5975664191	25.3205319467	25.5729260508	23.9602434520	26.4630344129	-59.2083717365	-60.4428257950	-0.000859737396240	-0.000859737396240	-0.000859737396240	-0.000531673431396	-98.9704909459	NaN	-273.150000000	-273.150000000	NaN	0.00000000000	NaN	NaN	1.00000000000	0.00000000000	5.00000000000	0.00000000000


















3733299957.13	NaN	13.0000000000	116.000000000	0.00000000000	2.00000000000	NaN	3.47350406647	-3.10723222057	0.960267066956	-4.11722965848	0.982252597809	-0.000859737396240	0.0969262123108	0.135647296906	4.12517099075	87.6433544312	0.104980167389	1015.24156092	-0.0256409645081	0.000696921348572	0.00118913650513	200000.000000	16.0000000000	0.00000000000	166.000000000	232.000000000	5.00000000000	0.950000000000	-0.740000000000	22.3000000000	0.00000000000	232.000000000	32.0000000000	6720096.00000	2500.00000000	2000.00000000	206.200000000	6466.00000000	1700.00000000	6000.00000000	13314.0000000	5801.00000000	23.4081460007	23.5137486754	23.1798541774	-0.365118443319	23.6668057909	26.2141808083	24.1922097605	-10.8927789160	23.5243397747	23.2737861163	23.2758785345	23.8878234650	23.9764863670	22.7635844875	-12.4077104270	0.882295696942	0.00000000000	0.100000000000	0.0500000000000	-0.00404148101807	0.00000000000	47.3769531250	-0.000390625005821	-0.569921910763	0.00000000000	14.7500000000	15.1250000000	14.7562503815	14.9812498093	14.8312501907	-300.000000000	2850.13018825	NaN	0.00000000000	22.2998962402	24.9999694824	640.000000000	24.4842020144	24.5975664191	25.3205319467	25.5729260508	23.9602434520	26.4630344129	-59.2083717365	-60.4428257950	-0.000859737396240	-0.000859737396240	-0.000859737396240	-0.000531673431396	-98.9704909459	-273.150000000	-273.150000000	-273.150000000	NaN	0.00000000000	NaN	NaN	1.00000000000	0.00000000000	5.00000000000	0.00000000000

















3733299957.33	NaN	20.0000000000	140.000000000	0.00000000000	1.00000000000	NaN	3.49056720734	-3.15259971543	0.957970142365	-4.15599553074	0.977002143860	-0.000531673431396	0.0995516777039	0.135647296906	4.12517099075	89.1665234299	0.100121019363	1015.41616968	-0.0326762199402	0.000687742233276	0.00121283531189	200000.000000	16.0000000000	0.00000000000	166.000000000	232.000000000	5.00000000000	0.950000000000	-0.740000000000	22.3000000000	0.00000000000	232.000000000	32.0000000000	6720096.00000	2500.00000000	2000.00000000	206.200000000	6466.00000000	1700.00000000	6000.00000000	13314.0000000	5801.00000000	23.4081460007	23.5137486754	23.1798541774	-0.365118443319	23.6668057909	26.2141808083	24.1922097605	-10.8927789160	23.5243397747	23.2737861163	23.2758785345	23.8878234650	23.9764863670	22.7635844875	-12.4077104270	0.882295696942	0.00000000000	0.100000000000	0.0500000000000	-0.00498261451721	0.00000000000	47.3769531250	-0.000390625005821	-0.569921910763	0.00000000000	14.7562503815	15.0562505722	14.7500000000	14.9875001907	14.8312501907	-300.000000000	1451.67921303	NaN	0.00000000000	22.3000793457	25.0002441406	640.000000000	24.4842020144	24.5975664191	25.3205319467	25.5729260508	23.9602434520	26.4630344129	-59.2083717365	-60.4428257950	-0.000859737396240	-0.000859737396240	-0.000859737396240	-0.000531673431396	-98.9704909459	-273.150000000	-273.150000000	-273.150000000	NaN	0.00000000000	NaN	NaN	1.00000000000	0.00000000000	5.00000000000	0.00000000000

















3733299957.53	NaN	11.0000000000	105.000000000	0.00000000000	0.00000000000	NaN	3.48203563690	-3.02419697213	0.956657409668	-4.17926664898	0.979299068451	-0.000859737396240	0.0975828170776	0.135318756104	4.13468733902	86.3107890358	0.101740343094	1015.63449409	-0.0276494026184	0.000679183006287	0.00121996402740	200000.000000	16.0000000000	0.00000000000	166.000000000	232.000000000	5.00000000000	0.950000000000	-0.740000000000	22.3000000000	0.00000000000	232.000000000	32.0000000000	6720096.00000	2500.00000000	2000.00000000	206.200000000	6466.00000000	1700.00000000	6000.00000000	13314.0000000	5801.00000000	23.4081460007	23.5137486754	23.1798541774	-0.365118443319	23.6668057909	26.2141808083	24.1922097605	-10.8927789160	23.5243397747	23.2737861163	23.2758785345	23.8878234650	23.9764863670	22.7635844875	-12.4077104270	0.882295696942	0.00000000000	0.100000000000	0.0500000000000	0.00253453254700	0.00000000000	54.0957031250	0.00000000000	-0.569726586342	0.00000000000	14.7562503815	15.0562505722	14.7500000000	14.9875001907	14.8312501907	-300.000000000	0.00000000000	NaN	0.00000000000	22.3000793457	25.0002441406	640.000000000	24.4842020144	24.5975664191	25.3205319467	25.5729260508	23.9602434520	26.4630344129	-59.2083717365	-60.4428257950	-0.000859737396240	-0.000859737396240	-0.000859737396240	-0.000531673431396	-98.9704909459	-273.150000000	-273.150000000	-273.150000000	NaN	0.00000000000	NaN	NaN	1.00000000000	0.00000000000	5.00000000000	0.00000000000

















3733299957.73	NaN	12.0000000000	117.000000000	0.00000000000	0.00000000000	NaN	3.49187994003	-3.27382881653	0.955016613007	-4.02435136773	0.988159179687	-0.00184440612793	0.0962700843811	0.136303424835	3.29705504494	74.1270968742	0.106599491119	1015.28521311	-0.0373620986938	0.000703525543213	0.00121471881866	200000.000000	16.0000000000	0.00000000000	166.000000000	232.000000000	5.00000000000	0.950000000000	-0.740000000000	22.3000000000	0.00000000000	232.000000000	32.0000000000	6720096.00000	2500.00000000	2000.00000000	206.200000000	6466.00000000	1700.00000000	6000.00000000	13314.0000000	5801.00000000	23.4081460007	23.5137486754	23.1798541774	-0.365118443319	23.6668057909	26.2141808083	24.1922097605	-10.8927789160	23.5243397747	23.2737861163	23.2758785345	23.8878234650	23.9764863670	22.7635844875	-12.4077104270	0.882295696942	0.00000000000	0.100000000000	0.0500000000000	-0.000345325469971	0.00000000000	54.0957031250	0.00000000000	-0.569726586342	0.00000000000	14.7562503815	15.0687503815	14.7500000000	14.9812498093	14.8312501907	-300.000000000	0.00000000000	NaN	0.00000000000	22.3000793457	25.0002441406	640.000000000	24.4842020144	24.5975664191	25.3205319467	25.5729260508	23.9602434520	26.4630344129	-59.2083717365	-60.4428257950	-0.000859737396240	-0.000859737396240	-0.000859737396240	-0.000531673431396	-98.9704909459	-273.150000000	-273.150000000	-273.150000000	NaN	0.00000000000	NaN	NaN	1.00000000000	0.00000000000	5.00000000000	0.00000000000

















3733299957.93	NaN	12.0000000000	133.000000000	0.00000000000	1.00000000000	NaN	3.48400449753	-3.15259971543	0.952719688416	-4.18702675369	0.974705219269	0.000781059265137	0.100535869598	0.137616157532	4.21083195705	88.5952658958	0.0993113574982	1015.41616968	-0.0294604301453	0.000691604614258	0.00116679668427	200000.000000	16.0000000000	0.00000000000	166.000000000	232.000000000	5.00000000000	0.950000000000	-0.740000000000	22.3000000000	0.00000000000	232.000000000	32.0000000000	6720096.00000	2500.00000000	2000.00000000	206.200000000	6466.00000000	1700.00000000	6000.00000000	13314.0000000	5801.00000000	23.4081460007	23.5137486754	23.1798541774	-0.365118443319	23.6668057909	26.2141808083	24.1922097605	-10.8927789160	23.5243397747	23.2737861163	23.2758785345	23.8878234650	23.9764863670	22.7635844875	-12.4077104270	0.882295696942	0.00000000000	0.100000000000	0.0500000000000	-0.00550498962402	0.00000000000	45.2343750000	0.00000000000	-0.568554699421	0.00000000000	14.7562503815	15.0687503815	14.7500000000	14.9812498093	14.8312501907	-300.000000000	1348.98807899	NaN	0.00000000000	22.3000793457	25.0002441406	640.000000000	24.4842020144	24.5975664191	25.3205319467	25.5729260508	23.9602434520	26.4630344129	-59.2083717365	-60.4428257950	-0.000859737396240	-0.000859737396240	-0.000859737396240	-0.000531673431396	-98.9704909459	-273.150000000	-273.150000000	-273.150000000	NaN	0.00000000000	NaN	NaN	1.00000000000	0.00000000000	5.00000000000	0.00000000000


















3733299958.13	NaN	11.0000000000	120.000000000	0.00000000000	0.00000000000	NaN	3.48269224167	-3.02419697213	0.951078891754	-4.17150807767	0.975033283234	-0.000531673431396	0.0998797416687	0.135647296906	4.18228291225	88.9759198265	0.0968823719025	1015.24156092	-0.0328731536865	0.000669360160828	0.00119831562042	200000.000000	16.0000000000	0.00000000000	166.000000000	232.000000000	5.00000000000	0.950000000000	-0.740000000000	22.3000000000	0.00000000000	232.000000000	32.0000000000	6720096.00000	2500.00000000	2000.00000000	206.200000000	6466.00000000	1700.00000000	6000.00000000	13314.0000000	5801.00000000	23.4081460007	23.5137486754	23.1798541774	-0.365118443319	23.6668057909	26.2141808083	24.1922097605	-10.8927789160	23.5243397747	23.2737861163	23.2758785345	23.8878234650	23.9764863670	22.7635844875	-12.4077104270	0.882295696942	0.00000000000	0.100000000000	0.0500000000000	0.00813264846802	0.00000000000	45.2343750000	0.00000000000	-0.568554699421	0.00000000000	14.7500000000	15.1187505722	14.7562503815	14.9875001907	14.8312501907	-300.000000000	0.00000000000	NaN	0.00000000000	22.3000793457	25.0002441406	640.000000000	24.4842020144	24.5975664191	25.3205319467	25.5729260508	23.9602434520	26.4630344129	-59.2083717365	-60.4428257950	-0.000859737396240	-0.000859737396240	-0.000859737396240	-0.000531673431396	-98.9704909459	-273.150000000	-273.150000000	-273.150000000	NaN	0.00000000000	NaN	NaN	1.00000000000	0.00000000000	5.00000000000	0.00000000000


















3733299958.33	NaN	17.0000000000	121.000000000	0.00000000000	2.00000000000	NaN	3.49253606796	-3.13747532628	0.951078891754	-4.22586160955	0.973392963409	0.00176525115967	0.101191997528	0.137944221497	4.22034830532	88.5952658958	0.100930681229	1015.24156092	-0.0322566032410	0.000685715675354	0.00118849277496	200000.000000	16.0000000000	0.00000000000	166.000000000	232.000000000	5.00000000000	0.950000000000	-0.740000000000	22.3000000000	0.00000000000	232.000000000	32.0000000000	6720096.00000	2500.00000000	2000.00000000	206.200000000	6466.00000000	1700.00000000	6000.00000000	13314.0000000	5801.00000000	23.4081460007	23.5137486754	23.1798541774	-0.365118443319	23.6668057909	26.2141808083	24.1922097605	-10.8927789160	23.5243397747	23.2737861163	23.2758785345	23.8878234650	23.9764863670	22.7635844875	-12.4077104270	0.882295696942	0.00000000000	0.100000000000	0.0500000000000	0.00173106193542	0.00000000000	48.7363281250	0.00000000000	-0.569531261921	0.00000000000	14.7500000000	15.1187505722	14.7562503815	14.9875001907	14.8312501907	-300.000000000	2960.79897046	NaN	0.00000000000	22.2997131348	24.9999389648	640.000000000	24.4842020144	24.5975664191	25.3205319467	25.5729260508	23.9602434520	26.4630344129	-59.2083717365	-60.4428257950	-0.000859737396240	-0.000859737396240	-0.000859737396240	-0.000531673431396	-98.9704909459	-273.150000000	-273.150000000	-273.150000000	NaN	0.00000000000	NaN	NaN	1.00000000000	0.00000000000	5.00000000000	0.00000000000


















3733299958.53	NaN	6.00000000000	123.000000000	0.00000000000	0.00000000000	NaN	3.47481679916	-3.18287618955	0.949766635895	-4.16375103863	0.980283737183	-0.00151634216309	0.0969262123108	0.135975360870	4.19179926052	88.7855928612	0.100121019363	1015.32886530	-0.0319938659668	0.000661420822144	0.00117535591125	200000.000000	16.0000000000	0.00000000000	166.000000000	232.000000000	5.00000000000	0.950000000000	-0.740000000000	22.3000000000	0.00000000000	232.000000000	32.0000000000	6720096.00000	2500.00000000	2000.00000000	206.200000000	6466.00000000	1700.00000000	6000.00000000	13314.0000000	5801.00000000	23.4081460007	23.5137486754	23.1798541774	-0.365118443319	23.6668057909	26.2141808083	24.1922097605	-10.8927789160	23.5243397747	23.2737861163	23.2758785345	23.8878234650	23.9764863670	22.7635844875	-12.4077104270	0.882295696942	0.00000000000	0.100000000000	0.0500000000000	-0.00339183807373	0.00000000000	48.7363281250	0.00000000000	-0.569531261921	0.00000000000	14.7500000000	14.9937505722	14.7562503815	14.9875001907	14.8312501907	-300.000000000	0.00000000000	NaN	0.00000000000	22.2997131348	24.9999389648	640.000000000	24.4842020144	24.5975664191	25.3205319467	25.5729260508	23.9602434520	26.4630344129	-59.2083717365	-60.4428257950	-0.000859737396240	-0.000859737396240	-0.000859737396240	-0.000531673431396	-98.9704909459	-273.150000000	-273.150000000	-273.150000000	NaN	0.00000000000	NaN	NaN	1.00000000000	0.00000000000	5.00000000000	0.00000000000

















3733299958.73	NaN	9.00000000000	135.000000000	0.00000000000	3.00000000000	NaN	3.49220800400	-3.19044604349	0.950750827789	-4.16375103863	0.971095561981	-0.000531673431396	0.0998797416687	0.137616157532	4.09660811405	85.9301351051	0.100930681229	1015.19784528	-0.0352358818054	0.000694298744202	0.00119242668152	200000.000000	16.0000000000	0.00000000000	166.000000000	232.000000000	5.00000000000	0.950000000000	-0.740000000000	22.3000000000	0.00000000000	232.000000000	32.0000000000	6720096.00000	2500.00000000	2000.00000000	206.200000000	6466.00000000	1700.00000000	6000.00000000	13314.0000000	5801.00000000	23.4081460007	23.5137486754	23.1798541774	-0.365118443319	23.6668057909	26.2141808083	24.1922097605	-10.8927789160	23.5243397747	23.2737861163	23.2758785345	23.8878234650	23.9764863670	22.7635844875	-12.4077104270	0.882295696942	0.00000000000	0.100000000000	0.0500000000000	-0.00897674560547	0.00000000000	53.5703125000	0.00000000000	-0.565429687500	0.00000000000	14.7500000000	14.9937505722	14.7562503815	14.9875001907	14.8312501907	-300.000000000	4139.86064843	NaN	0.00000000000	22.3003234863	25.0005187988	640.000000000	24.4842020144	24.5975664191	25.3205319467	25.5729260508	23.9602434520	26.4630344129	-59.2083717365	-60.4428257950	-0.000859737396240	-0.000859737396240	-0.000859737396240	-0.000531673431396	-98.9704909459	-273.150000000	-273.150000000	-273.150000000	NaN	0.00000000000	NaN	NaN	1.00000000000	0.00000000000	5.00000000000	0.00000000000

















3733299958.93	NaN	13.0000000000	121.000000000	0.00000000000	0.00000000000	NaN	3.48072338104	-3.13747532628	0.951735496521	-4.17926664898	0.972080230713	0.00176525115967	0.101848602295	0.136959552765	4.17276656399	86.6914429665	0.101740343094	1015.41616968	-0.0410375595093	0.000677227973938	0.00122268199921	200000.000000	16.0000000000	0.00000000000	166.000000000	232.000000000	5.00000000000	0.950000000000	-0.740000000000	22.3000000000	0.00000000000	232.000000000	32.0000000000	6720096.00000	2500.00000000	2000.00000000	206.200000000	6466.00000000	1700.00000000	6000.00000000	13314.0000000	5801.00000000	23.4081460007	23.5137486754	23.1798541774	-0.365118443319	23.6668057909	26.2141808083	24.1922097605	-10.8927789160	23.5243397747	23.2737861163	23.2758785345	23.8878234650	23.9764863670	22.7635844875	-12.4077104270	0.882295696942	0.00000000000	0.100000000000	0.0500000000000	-0.00392065048218	0.00000000000	53.5703125000	0.00000000000	-0.565429687500	0.00000000000	14.7500000000	15.1000003815	14.7500000000	14.9812498093	14.8312501907	-300.000000000	0.00000000000	NaN	0.00000000000	22.3003234863	25.0005187988	640.000000000	24.4842020144	24.5975664191	25.3205319467	25.5729260508	23.9602434520	26.4630344129	-59.2083717365	-60.4428257950	-0.000859737396240	-0.000859737396240	-0.000859737396240	-0.000531673431396	-98.9704909459	-273.150000000	-273.150000000	-273.150000000	NaN	0.00000000000	NaN	NaN	1.00000000000	0.00000000000	5.00000000000	0.00000000000

















3733299959.13	NaN	15.0000000000	113.000000000	0.00000000000	1.00000000000	NaN	3.48892688751	-3.19801729297	0.939266204834	-4.38157640982	0.969783306122	2.46840620041	0.271169662476	0.162882804871	5.07702712784	88.2146119652	0.0993113574982	1015.15419309	-0.0118327140808	0.000650930404663	0.00120682716370	200000.000000	16.0000000000	0.00000000000	166.000000000	232.000000000	5.00000000000	0.950000000000	-0.740000000000	22.3000000000	0.00000000000	232.000000000	32.0000000000	6720096.00000	2500.00000000	2000.00000000	206.200000000	6466.00000000	1700.00000000	6000.00000000	13314.0000000	5801.00000000	23.4081460007	23.5137486754	23.1798541774	-0.365118443319	23.6668057909	26.2141808083	24.1922097605	-10.8927789160	23.5243397747	23.2737861163	23.2758785345	23.8878234650	23.9764863670	22.7635844875	-12.4077104270	0.882295696942	0.00000000000	0.100000000000	0.0500000000000	0.00857095718384	0.00000000000	46.0195312500	0.00000000000	-0.570703148842	0.00000000000	14.7500000000	15.1000003815	14.7500000000	14.9812498093	14.8312501907	-300.000000000	1398.45097522	NaN	0.00000000000	22.3003234863	25.0005187988	640.000000000	24.4842020144	24.5975664191	25.3205319467	25.5729260508	23.9602434520	26.4630344129	-59.2083717365	-60.4428257950	-0.000859737396240	-0.000859737396240	-0.000859737396240	-0.000531673431396	-98.9704909459	-273.150000000	-273.150000000	-273.150000000	NaN	0.00000000000	NaN	NaN	1.00000000000	0.00000000000	5.00000000000	0.00000000000


















3733299959.33	NaN	7.00000000000	120.000000000	0.00000000000	2.00000000000	NaN	3.47744178772	-3.03173774501	0.951735496521	-4.19478839294	0.976674079895	2.46971893311	0.272810459137	0.161242008209	4.97231963310	103.634692451	0.100930681229	1015.50353751	-0.0304713249207	0.000662136077881	0.00124101638794	200000.000000	16.0000000000	0.00000000000	166.000000000	232.000000000	5.00000000000	0.950000000000	-0.740000000000	22.3000000000	0.00000000000	232.000000000	32.0000000000	6720096.00000	2500.00000000	2000.00000000	206.200000000	6466.00000000	1700.00000000	6000.00000000	13314.0000000	5801.00000000	23.4081460007	23.5137486754	23.1798541774	-0.365118443319	23.6668057909	26.2141808083	24.1922097605	-10.8927789160	23.5243397747	23.2737861163	23.2758785345	23.8878234650	23.9764863670	22.7635844875	-12.4077104270	0.882295696942	0.00000000000	0.100000000000	0.0500000000000	-0.00240082740784	0.00000000000	46.0195312500	0.00000000000	-0.570703148842	0.00000000000	14.7562503815	15.0187501907	14.7500000000	14.9812498093	14.8289070129	-300.000000000	3252.53319508	NaN	0.00000000000	22.2997741699	25.0001220703	640.000000000	24.4842020144	24.5975664191	25.3205319467	25.5729260508	23.9602434520	26.4630344129	-59.2083717365	-60.4428257950	-0.000859737396240	-0.000859737396240	-0.000859737396240	-0.000531673431396	-98.9704909459	-273.150000000	-273.150000000	-273.150000000	NaN	0.00000000000	NaN	NaN	1.00000000000	0.00000000000	5.00000000000	0.00000000000

















3733299959.53	NaN	10.0000000000	121.000000000	0.00000000000	2.00000000000	NaN	3.48236370087	-3.18287618955	0.951735496521	-4.21809381855	0.972080230713	2.47365617752	0.274451255798	0.163538932800	4.96280328484	104.396276951	0.0985016956329	1015.19784528	-0.0324401855469	0.000675892829895	0.00123445987701	200000.000000	16.0000000000	0.00000000000	166.000000000	232.000000000	5.00000000000	0.950000000000	-0.740000000000	22.3000000000	0.00000000000	232.000000000	32.0000000000	6720096.00000	2500.00000000	2000.00000000	206.200000000	6466.00000000	1700.00000000	6000.00000000	13314.0000000	5801.00000000	23.4081460007	23.5137486754	23.1798541774	-0.365118443319	23.6668057909	26.2141808083	24.1922097605	-10.8927789160	23.5243397747	23.2737861163	23.2758785345	23.8878234650	23.9764863670	22.7635844875	-12.4077104270	0.882295696942	0.00000000000	0.100000000000	0.0500000000000	-0.00843200683594	0.00000000000	53.9589843750	-0.000390625005821	-0.566601574421	0.00000000000	14.7562503815	15.0187501907	14.7500000000	14.9812498093	14.8289070129	-300.000000000	2812.02439273	NaN	0.00000000000	22.2997741699	25.0001220703	640.000000000	24.4842020144	24.5975664191	25.3205319467	25.5729260508	23.9602434520	26.4630344129	-59.2083717365	-60.4428257950	-0.000859737396240	-0.000859737396240	-0.000859737396240	-0.000531673431396	-98.9704909459	-273.150000000	-273.150000000	-273.150000000	NaN	0.00000000000	NaN	NaN	1.00000000000	0.00000000000	5.00000000000	0.00000000000

















3733299959.73	NaN	8.00000000000	122.000000000	0.00000000000	1.00000000000	NaN	3.48794221878	-3.22075043653	0.949438571930	-4.20256285267	0.981267929077	2.46479654312	0.274779319763	0.164851665497	4.94377058830	100.778958057	0.104170505524	1015.32886530	-0.0291194915771	0.000666689872742	0.00123114585876	200000.000000	16.0000000000	0.00000000000	166.000000000	232.000000000	5.00000000000	0.950000000000	-0.740000000000	22.3000000000	0.00000000000	232.000000000	32.0000000000	6720096.00000	2500.00000000	2000.00000000	206.200000000	6466.00000000	1700.00000000	6000.00000000	13314.0000000	5801.00000000	23.4081460007	23.5137486754	23.1798541774	-0.365118443319	23.6668057909	26.2141808083	24.1922097605	-10.8927789160	23.5243397747	23.2737861163	23.2758785345	23.8878234650	23.9764863670	22.7635844875	-12.4077104270	0.882295696942	0.00000000000	0.100000000000	0.0500000000000	-0.00737938880920	0.00000000000	53.9589843750	-0.000390625005821	-0.566601574421	0.00000000000	14.7562503815	15.0062503815	14.7500000000	14.9812498093	14.8312501907	-300.000000000	1425.05194486	NaN	0.00000000000	22.2997741699	25.0001220703	640.000000000	24.4842020144	24.5975664191	25.3205319467	25.5729260508	23.9602434520	26.4630344129	-59.2083717365	-60.4428257950	-0.000859737396240	-0.000859737396240	-0.000859737396240	-0.000531673431396	-98.9704909459	-273.150000000	-273.150000000	-273.150000000	NaN	0.00000000000	NaN	NaN	1.00000000000	0.00000000000	5.00000000000	0.00000000000

















3733299959.93	NaN	9.00000000000	134.000000000	0.00000000000	2.00000000000	NaN	3.48564529419	-3.19044604349	0.949766635895	-4.19478839294	0.974049091339	2.46676540375	0.274122714996	0.163867473602	4.93425424004	103.825019417	0.100121019363	1015.37251749	-0.0306286811829	0.000660777091980	0.00122983455658	200000.000000	16.0000000000	0.00000000000	166.000000000	232.000000000	5.00000000000	0.950000000000	-0.740000000000	22.3000000000	0.00000000000	232.000000000	32.0000000000	6720096.00000	2500.00000000	2000.00000000	206.200000000	6466.00000000	1700.00000000	6000.00000000	13314.0000000	5801.00000000	23.4081460007	23.5137486754	23.1798541774	-0.365118443319	23.6668057909	26.2141808083	24.1922097605	-10.8927789160	23.5243397747	23.2737861163	23.2758785345	23.8878234650	23.9764863670	22.7635844875	-12.4077104270	0.882295696942	0.00000000000	0.100000000000	0.0500000000000	0.00382733345032	0.00000000000	49.9042968750	0.00000000000	-0.565234363079	0.00000000000	14.7562503815	15.0062503815	14.7500000000	14.9812498093	14.8312501907	-300.000000000	2889.13232482	NaN	0.00000000000	22.3000183105	25.0003356934	640.000000000	24.4842020144	24.5975664191	25.3205319467	25.5729260508	23.9602434520	26.4630344129	-59.2083717365	-60.4428257950	-0.000859737396240	-0.000859737396240	-0.000859737396240	-0.000531673431396	-98.9704909459	-273.150000000	-273.150000000	-273.150000000	NaN	0.00000000000	NaN	NaN	1.00000000000	0.00000000000	5.00000000000	0.00000000000

















3733299960.13	NaN	14.0000000000	111.000000000	0.00000000000	2.00000000000	NaN	3.48039484024	-3.02419697213	0.951735496521	-4.19478839294	0.973721027374	2.48186016083	0.274122714996	0.163867473602	4.95328693657	104.967257847	0.0993113574982	1015.37251749	-0.0288963317871	0.000693583488464	0.00123836994171	200000.000000	16.0000000000	0.00000000000	166.000000000	232.000000000	5.00000000000	0.950000000000	-0.740000000000	22.3000000000	0.00000000000	232.000000000	32.0000000000	6720096.00000	2500.00000000	2000.00000000	206.200000000	6466.00000000	1700.00000000	6000.00000000	13314.0000000	5801.00000000	23.4081460007	23.5137486754	23.1798541774	-0.365118443319	23.6668057909	26.2141808083	24.1922097605	-10.8927789160	23.5243397747	23.2737861163	23.2758785345	23.8878234650	23.9764863670	22.7635844875	-12.4077104270	0.882295696942	0.00000000000	0.100000000000	0.0500000000000	-0.00116829872131	0.00000000000	49.9042968750	0.00000000000	-0.565234363079	0.00000000000	14.7562503815	15.1125001907	14.7500000000	14.9812498093	14.8312501907	-300.000000000	2697.97615798	NaN	0.00000000000	22.3000183105	25.0003356934	640.000000000	24.4126381535	24.5975664191	25.3205319467	25.5729260508	23.9602434520	26.4630344129	-59.2083717365	-60.4428257950	-0.000859737396240	-0.000859737396240	-0.000859737396240	-0.000531673431396	-98.9704909459	-273.150000000	-273.150000000	-273.150000000	NaN	0.00000000000	NaN	NaN	1.00000000000	0.00000000000	5.00000000000	0.00000000000


















3733299960.33	NaN	11.0000000000	112.000000000	0.00000000000	1.00000000000	NaN	3.47514486313	-3.03173774501	0.955345153809	-4.12497752541	0.981267929077	2.47496891022	0.271825790405	0.161242008209	4.91520771160	101.350215591	0.0976920337677	1015.37251749	-0.0325322151184	0.000673270225525	0.00121016502380	200000.000000	16.0000000000	0.00000000000	166.000000000	232.000000000	5.00000000000	0.950000000000	-0.740000000000	22.3000000000	0.00000000000	232.000000000	32.0000000000	6720096.00000	2500.00000000	2000.00000000	206.200000000	6466.00000000	1700.00000000	6000.00000000	13314.0000000	5801.00000000	23.4081460007	23.5137486754	23.1798541774	-0.365118443319	23.6668057909	26.2141808083	24.1922097605	-10.8927789160	23.5243397747	23.2737861163	23.2758785345	23.8878234650	23.9764863670	22.7635844875	-12.4077104270	0.882295696942	0.00000000000	0.100000000000	0.0500000000000	-0.00424890518188	0.00000000000	47.7050781250	0.00000000000	-0.570312500000	0.00000000000	14.7562503815	15.1125001907	14.7500000000	14.9812498093	14.8312501907	-300.000000000	1479.32049565	NaN	0.00000000000	22.3000793457	25.0000610352	640.000000000	24.4126381535	24.5975664191	25.3205319467	25.5729260508	23.9602434520	26.4630344129	-59.2083717365	-60.4428257950	-0.000859737396240	-0.000859737396240	-0.000859737396240	-0.000531673431396	-98.9704909459	-273.150000000	-273.150000000	-273.150000000	NaN	0.00000000000	NaN	NaN	1.00000000000	0.00000000000	5.00000000000	0.00000000000


















3733299960.53	NaN	14.0000000000	109.000000000	0.00000000000	0.00000000000	NaN	3.48991107941	-3.01664661540	0.953047752380	-4.16375103863	0.977330684662	2.48218822479	0.272810459137	0.163210868835	4.91520771160	103.063434917	0.0993113574982	1015.24156092	-0.0276885032654	0.000667333602905	0.00119512081146	200000.000000	16.0000000000	0.00000000000	166.000000000	232.000000000	5.00000000000	0.950000000000	-0.740000000000	22.3000000000	0.00000000000	232.000000000	32.0000000000	6720096.00000	2500.00000000	2000.00000000	206.200000000	6466.00000000	1700.00000000	6000.00000000	13314.0000000	5801.00000000	23.4081460007	23.5137486754	23.1798541774	-0.365118443319	23.6668057909	26.2141808083	24.1922097605	-10.8927789160	23.5243397747	23.2737861163	23.2758785345	23.8878234650	23.9764863670	22.7635844875	-12.4077104270	0.882295696942	0.00000000000	0.100000000000	0.0500000000000	0.00157890319824	0.00000000000	47.7050781250	0.00000000000	-0.570312500000	0.00000000000	14.7500000000	15.0000000000	14.7562503815	14.9875001907	14.8289070129	-300.000000000	0.00000000000	NaN	0.00000000000	22.3000793457	25.0000610352	640.000000000	24.4126381535	24.5975664191	25.3205319467	25.5729260508	23.9602434520	26.4630344129	-59.2083717365	-60.4428257950	-0.000859737396240	-0.000859737396240	-0.000859737396240	-0.000531673431396	-98.9704909459	-273.150000000	-273.150000000	-273.150000000	NaN	0.00000000000	NaN	NaN	1.00000000000	0.00000000000	5.00000000000	0.00000000000

















3733299960.73	NaN	9.00000000000	131.000000000	0.00000000000	0.00000000000	NaN	3.48728609085	-3.30419498567	0.949438571930	-4.24140181337	0.984221458435	2.47693777084	0.273138523102	0.163867473602	4.76291847553	99.4463926620	0.0960715332031	1015.24156092	-0.0329518318176	0.000687718391418	0.00122008323669	200000.000000	16.0000000000	0.00000000000	166.000000000	232.000000000	5.00000000000	0.950000000000	-0.740000000000	22.3000000000	0.00000000000	232.000000000	32.0000000000	6720096.00000	2500.00000000	2000.00000000	206.200000000	6466.00000000	1700.00000000	6000.00000000	13314.0000000	5801.00000000	23.4081460007	23.5137486754	23.1798541774	-0.365118443319	23.6668057909	26.2141808083	24.1922097605	-10.8927789160	23.5243397747	23.2737861163	23.2758785345	23.8878234650	23.9764863670	22.7635844875	-12.4077104270	0.882295696942	0.00000000000	0.100000000000	0.0500000000000	-0.00528712272644	0.00000000000	54.5917968750	-0.000390625005821	-0.566210925579	0.00000000000	14.7500000000	15.0000000000	14.7562503815	14.9875001907	14.8289070129	-300.000000000	0.00000000000	NaN	0.00000000000	22.2999877930	25.0003051758	640.000000000	24.4126381535	24.5975664191	25.3205319467	25.5729260508	23.9602434520	26.4630344129	-59.2083717365	-60.4428257950	-0.000859737396240	-0.000859737396240	-0.000859737396240	-0.000531673431396	-98.9704909459	-273.150000000	-273.150000000	-273.150000000	NaN	0.00000000000	NaN	NaN	1.00000000000	0.00000000000	5.00000000000	0.00000000000


















3733299960.93	NaN	16.0000000000	104.000000000	0.00000000000	0.00000000000	NaN	3.49187994003	-3.22832728027	0.953704357147	-4.18702675369	0.973064422607	2.47956275940	0.275107383728	0.165179729462	4.95328693657	102.111800091	0.100930681229	1015.41616968	-0.0282135009766	0.000691676139832	0.00120491981506	200000.000000	16.0000000000	0.00000000000	166.000000000	232.000000000	5.00000000000	0.950000000000	-0.740000000000	22.3000000000	0.00000000000	232.000000000	32.0000000000	6720096.00000	2500.00000000	2000.00000000	206.200000000	6466.00000000	1700.00000000	6000.00000000	13314.0000000	5801.00000000	23.4081460007	23.5137486754	23.1798541774	-0.365118443319	23.6668057909	26.2141808083	24.1922097605	-10.8927789160	23.5243397747	23.2737861163	23.2758785345	23.8878234650	23.9764863670	22.7635844875	-12.4077104270	0.882295696942	0.00000000000	0.100000000000	0.0500000000000	0.000253295898438	0.00000000000	54.5917968750	-0.000390625005821	-0.566210925579	0.00000000000	14.7500000000	15.1062498093	14.7500000000	14.9875001907	14.8312501907	-300.000000000	0.00000000000	NaN	0.00000000000	22.2999877930	25.0003051758	640.000000000	24.4126381535	24.5975664191	25.3205319467	25.5729260508	23.9602434520	26.4630344129	-59.2083717365	-60.4428257950	-0.000859737396240	-0.000859737396240	-0.000859737396240	-0.000531673431396	-98.9704909459	-273.150000000	-273.150000000	-273.150000000	NaN	0.00000000000	NaN	NaN	1.00000000000	0.00000000000	5.00000000000	0.00000000000

















3733299961.13	NaN	11.0000000000	129.000000000	0.00000000000	1.00000000000	NaN	3.47580099106	-3.16774066425	0.956001281738	-4.18702675369	0.973392963409	2.51861190796	0.277732372284	0.165836334229	4.94377058830	102.111800091	0.0993113574982	1015.41616968	-0.0258903503418	0.000672602653503	0.00120823383331	200000.000000	16.0000000000	0.00000000000	166.000000000	232.000000000	5.00000000000	0.950000000000	-0.740000000000	22.3000000000	0.00000000000	232.000000000	32.0000000000	6720096.00000	2500.00000000	2000.00000000	206.200000000	6466.00000000	1700.00000000	6000.00000000	13314.0000000	5801.00000000	23.4081460007	23.5137486754	23.1798541774	-0.365118443319	23.6668057909	26.2141808083	24.1922097605	-10.8927789160	23.5243397747	23.2737861163	23.2758785345	23.8878234650	23.9764863670	22.7635844875	-12.4077104270	0.882295696942	0.00000000000	0.100000000000	0.0500000000000	0.00146207809448	0.00000000000	46.0292968750	0.00000000000	-0.569921910763	0.00000000000	14.7500000000	15.1062498093	14.7500000000	14.9875001907	14.8312501907	-300.000000000	1480.36447624	NaN	0.00000000000	22.2999877930	25.0003051758	640.000000000	24.4126381535	24.6453175038	25.3205319467	25.5729260508	23.9602434520	26.4630344129	-59.2083717365	-60.4428257950	-0.000859737396240	-0.000859737396240	-0.000859737396240	-0.000531673431396	-98.9704909459	-273.150000000	-273.150000000	-273.150000000	NaN	0.00000000000	NaN	NaN	1.00000000000	0.00000000000	5.00000000000	0.00000000000


















3733299961.33	NaN	17.0000000000	111.000000000	0.00000000000	1.00000000000	NaN	3.48367643356	-3.02419697213	0.957970142365	-4.17150807767	0.977330684662	2.51762723923	0.273466587067	0.163538932800	4.89617501507	104.205673347	0.100121019363	1015.32886530	-0.0253524780273	0.000661373138428	0.00118918418884	200000.000000	16.0000000000	0.00000000000	166.000000000	232.000000000	5.00000000000	0.950000000000	-0.740000000000	22.3000000000	0.00000000000	232.000000000	32.0000000000	6720096.00000	2500.00000000	2000.00000000	206.200000000	6466.00000000	1700.00000000	6000.00000000	13314.0000000	5801.00000000	23.4081460007	23.5137486754	23.1798541774	-0.365118443319	23.6668057909	26.2141808083	24.1922097605	-10.8927789160	23.5243397747	23.2737861163	23.2758785345	23.8878234650	23.9764863670	22.7635844875	-12.4077104270	0.882295696942	0.00000000000	0.100000000000	0.0500000000000	-0.00484347343445	0.00000000000	46.0292968750	0.00000000000	-0.569921910763	0.00000000000	14.7562503815	15.0000000000	14.7562503815	14.9812498093	14.8312501907	-300.000000000	1480.36447624	NaN	0.00000000000	22.2998962402	25.0001831055	640.000000000	24.4126381535	24.6453175038	25.3205319467	25.5729260508	23.9602434520	26.4630344129	-59.2083717365	-60.4428257950	-0.000859737396240	-0.000859737396240	-0.000859737396240	-0.000531673431396	-98.9704909459	-273.150000000	-273.150000000	-273.150000000	NaN	0.00000000000	NaN	NaN	1.00000000000	0.00000000000	5.00000000000	0.00000000000


















3733299961.53	NaN	7.00000000000	154.000000000	0.00000000000	2.00000000000	NaN	3.47219133377	-3.16016399527	0.959939002991	-4.16375103863	0.974705219269	2.51598691940	0.276091575623	0.165507793427	4.92473789177	104.015346382	0.100121019363	1015.06688870	-0.0240921974182	0.000669932365417	0.00121803283691	200000.000000	16.0000000000	0.00000000000	166.000000000	232.000000000	5.00000000000	0.950000000000	-0.740000000000	22.3000000000	0.00000000000	232.000000000	32.0000000000	6720096.00000	2500.00000000	2000.00000000	206.200000000	6466.00000000	1700.00000000	6000.00000000	13314.0000000	5801.00000000	23.4081460007	23.5137486754	23.1798541774	-0.365118443319	23.6668057909	26.2141808083	24.1922097605	-10.8927789160	23.5243397747	23.2737861163	23.2758785345	23.8878234650	23.9764863670	22.7635844875	-12.4077104270	0.882295696942	0.00000000000	0.100000000000	0.0500000000000	-0.00236535072327	0.00000000000	53.4843750000	0.00000000000	-0.568554699421	0.00000000000	14.7562503815	15.0000000000	14.7562503815	14.9812498093	14.8312501907	-300.000000000	2991.82345887	NaN	0.00000000000	22.2998962402	25.0001831055	640.000000000	24.4126381535	24.6453175038	25.3205319467	25.5729260508	23.9602434520	26.4630344129	-59.2083717365	-60.4428257950	-0.000859737396240	-0.000859737396240	-0.000859737396240	-0.000531673431396	-98.9704909459	-273.150000000	-273.150000000	-273.150000000	NaN	0.00000000000	NaN	NaN	1.00000000000	0.00000000000	5.00000000000	0.00000000000

















3733299961.73	NaN	13.0000000000	105.000000000	0.00000000000	1.00000000000	NaN	3.49680233002	-3.29659305408	0.961579799652	-4.05529026345	0.986518383026	2.51631498337	0.273794651031	0.163538932800	4.82003039703	101.921196487	0.100930681229	1015.24156092	-0.0218214988708	0.000664067268372	0.00116684436798	200000.000000	16.0000000000	0.00000000000	166.000000000	232.000000000	5.00000000000	0.950000000000	-0.740000000000	22.3000000000	0.00000000000	232.000000000	32.0000000000	6720096.00000	2500.00000000	2000.00000000	206.200000000	6466.00000000	1700.00000000	6000.00000000	13314.0000000	5801.00000000	23.4081460007	23.5137486754	23.1798541774	-0.365118443319	23.6668057909	26.2141808083	24.1922097605	-10.8927789160	23.5243397747	23.2737861163	23.2758785345	23.8878234650	23.9764863670	22.7635844875	-12.4077104270	0.882295696942	0.00000000000	0.100000000000	0.0500000000000	-0.00348362922668	0.00000000000	53.4843750000	0.00000000000	-0.568554699421	0.00000000000	14.7562503815	15.0312500000	14.7562503815	14.9875001907	14.8312501907	-300.000000000	1451.67921303	NaN	0.00000000000	22.2998962402	25.0001831055	640.000000000	24.4126381535	24.6453175038	25.3205319467	25.5729260508	23.9602434520	26.4630344129	-59.2083717365	-60.4428257950	-0.000859737396240	-0.000859737396240	-0.000859737396240	-0.000531673431396	-98.9704909459	-273.150000000	-273.150000000	-273.150000000	NaN	0.00000000000	NaN	NaN	1.00000000000	0.00000000000	5.00000000000	0.00000000000


















3733299961.93	NaN	9.00000000000	117.000000000	0.00000000000	3.00000000000	NaN	3.47481679916	-3.09967765529	0.964204788208	-4.18702675369	0.981267929077	2.51467418671	0.273466587067	0.164195537567	4.84857944183	102.111800091	0.101740343094	1015.32886530	-0.0209159851074	0.000689005851746	0.00120816230774	200000.000000	16.0000000000	0.00000000000	166.000000000	232.000000000	5.00000000000	0.950000000000	-0.740000000000	22.3000000000	0.00000000000	232.000000000	32.0000000000	6720096.00000	2500.00000000	2000.00000000	206.200000000	6466.00000000	1700.00000000	6000.00000000	13314.0000000	5801.00000000	23.4081460007	23.5137486754	23.1798541774	-0.365118443319	23.6668057909	26.2141808083	24.1922097605	-10.8927789160	23.5243397747	23.2737861163	23.2758785345	23.8878234650	23.9764863670	22.7635844875	-12.4077104270	0.882295696942	0.00000000000	0.100000000000	0.0500000000000	-0.00150303840637	0.00000000000	45.9355468750	0.00000000000	-0.566601574421	0.00000000000	14.7562503815	15.0312500000	14.7562503815	14.9875001907	14.8312501907	-300.000000000	4328.53346854	NaN	0.00000000000	22.3002014160	25.0002136230	640.000000000	24.4126381535	24.6453175038	25.3205319467	25.5729260508	23.9602434520	26.4630344129	-59.2083717365	-60.4428257950	-0.000859737396240	-0.000859737396240	-0.000859737396240	-0.000531673431396	-98.9704909459	-273.150000000	-273.150000000	-273.150000000	NaN	0.00000000000	NaN	NaN	1.00000000000	0.00000000000	5.00000000000	0.00000000000


















3733299962.13	NaN	17.0000000000	114.000000000	0.00000000000	0.00000000000	NaN	3.49253606796	-3.25106621904	0.962892055511	-4.13272691782	0.979299068451	2.53567504883	0.276091575623	0.165179729462	4.84857944183	104.015346382	0.100121019363	1015.15419309	-0.0190124511719	0.000696945190430	0.00120689868927	200000.000000	16.0000000000	0.00000000000	166.000000000	232.000000000	5.00000000000	0.950000000000	-0.740000000000	22.3000000000	0.00000000000	232.000000000	32.0000000000	6720096.00000	2500.00000000	2000.00000000	206.200000000	6466.00000000	1700.00000000	6000.00000000	13314.0000000	5801.00000000	23.4081460007	23.5137486754	23.1798541774	-0.365118443319	23.6668057909	26.2141808083	24.1922097605	-10.8927789160	23.5243397747	23.2737861163	23.2758785345	23.8878234650	23.9764863670	22.7635844875	-12.4077104270	0.882295696942	0.00000000000	0.100000000000	0.0500000000000	-0.00235619544983	0.00000000000	45.9355468750	0.00000000000	-0.566601574421	0.00000000000	14.7500000000	15.0749998093	14.7500000000	14.9812498093	14.8312501907	-300.000000000	0.00000000000	NaN	0.00000000000	22.3002014160	25.0002136230	640.000000000	24.4126381535	24.6453175038	25.2619056246	25.5729260508	23.9602434520	26.4630344129	-59.2083717365	-60.4428257950	-0.000859737396240	-0.000859737396240	-0.000859737396240	-0.000531673431396	-98.9704909459	-273.150000000	-273.150000000	-273.150000000	NaN	0.00000000000	NaN	NaN	1.00000000000	0.00000000000	5.00000000000	0.00000000000

















3733299962.33	NaN	15.0000000000	129.000000000	0.00000000000	2.00000000000	NaN	3.48859834671	-3.25865969322	0.965517520905	-4.11722965848	0.981924533844	2.53370618820	0.273794651031	0.164523601532	4.82003039703	102.492454021	0.0993113574982	1015.67814628	-0.0183167457581	0.000658798217773	0.00120556354523	200000.000000	16.0000000000	0.00000000000	166.000000000	232.000000000	5.00000000000	0.950000000000	-0.740000000000	22.3000000000	0.00000000000	232.000000000	32.0000000000	6720096.00000	2500.00000000	2000.00000000	206.200000000	6466.00000000	1700.00000000	6000.00000000	13314.0000000	5801.00000000	23.4081460007	23.5137486754	23.1798541774	-0.365118443319	23.6668057909	26.2141808083	24.1922097605	-10.8927789160	23.5243397747	23.2737861163	23.2758785345	23.8878234650	23.9764863670	22.7635844875	-12.4077104270	0.882295696942	0.00000000000	0.100000000000	0.0500000000000	-0.00413208007813	0.00000000000	48.1191406250	-0.000390625005821	-0.571289062500	0.00000000000	14.7500000000	15.0749998093	14.7500000000	14.9812498093	14.8312501907	-300.000000000	3119.17421282	NaN	0.00000000000	22.2997131348	25.0000305176	640.000000000	24.4126381535	24.6453175038	25.2619056246	25.5729260508	23.9602434520	26.4630344129	-59.2083717365	-60.4428257950	-0.000859737396240	-0.000859737396240	-0.000859737396240	-0.000531673431396	-98.9704909459	-273.150000000	-273.150000000	-273.150000000	NaN	0.00000000000	NaN	NaN	1.00000000000	0.00000000000	5.00000000000	0.00000000000

















3733299962.53	NaN	9.00000000000	109.000000000	1.00000000000	0.00000000000	NaN	3.47284793854	-3.04682341551	0.966501712799	-4.14823028365	0.976017951965	2.53633165359	0.276748180389	0.164195537567	4.82954674530	104.586603916	0.101740343094	1015.32886530	-0.0162563323975	0.000648927688599	0.00114452838898	200000.000000	16.0000000000	0.00000000000	166.000000000	232.000000000	5.00000000000	0.950000000000	-0.740000000000	22.3000000000	0.00000000000	232.000000000	32.0000000000	6720096.00000	2500.00000000	2000.00000000	206.200000000	6466.00000000	1700.00000000	6000.00000000	13314.0000000	5801.00000000	23.4081460007	23.5137486754	23.1798541774	-0.365118443319	23.6668057909	26.2141808083	24.1922097605	-10.8927789160	23.5243397747	23.2737861163	23.2758785345	23.8878234650	23.9764863670	22.7635844875	-12.4077104270	0.882295696942	0.00000000000	0.100000000000	0.0500000000000	-0.00462555885315	0.00000000000	48.1191406250	-0.000390625005821	-0.571289062500	0.00000000000	14.7500000000	15.0000000000	14.7500000000	14.9812498093	14.8312501907	-300.000000000	0.00000000000	NaN	0.00000000000	22.2997131348	25.0000305176	640.000000000	24.4126381535	24.6453175038	25.2619056246	25.5729260508	23.9602434520	26.4630344129	-59.2083717365	-60.4428257950	-0.000859737396240	-0.000859737396240	-0.000859737396240	-0.000531673431396	-98.9704909459	-273.150000000	-273.150000000	-273.150000000	NaN	0.00000000000	NaN	NaN	1.00000000000	0.00000000000	5.00000000000	0.00000000000


















3733299962.73	NaN	9.00000000000	106.000000000	0.00000000000	1.00000000000	NaN	3.49548959732	-3.31178729575	0.966173648834	-4.14047783686	0.978971004486	2.53633165359	0.276091575623	0.164851665497	4.62964810410	99.6369962654	0.0993113574982	1015.11054090	-0.0172667503357	0.000673294067383	0.00118386745453	200000.000000	16.0000000000	0.00000000000	166.000000000	232.000000000	5.00000000000	0.950000000000	-0.740000000000	22.3000000000	0.00000000000	232.000000000	32.0000000000	6720096.00000	2500.00000000	2000.00000000	206.200000000	6466.00000000	1700.00000000	6000.00000000	13314.0000000	5801.00000000	23.4081460007	23.5137486754	23.1798541774	-0.365118443319	23.6668057909	26.2141808083	24.1922097605	-10.8927789160	23.5243397747	23.2737861163	23.2758785345	23.8878234650	23.9764863670	22.7635844875	-12.4077104270	0.882295696942	0.00000000000	0.100000000000	0.0500000000000	-0.00437493324280	0.00000000000	54.7031250000	0.00000000000	-0.565820336342	0.00000000000	14.7500000000	15.0000000000	14.7500000000	14.9812498093	14.8312501907	-300.000000000	1509.11975743	NaN	0.00000000000	22.3000183105	24.9999694824	640.000000000	24.4126381535	24.6453175038	25.2619056246	25.5729260508	23.9602434520	26.4630344129	-59.2083717365	-60.4428257950	-0.000859737396240	-0.000859737396240	-0.000859737396240	-0.000531673431396	-98.9704909459	-273.150000000	-273.150000000	-273.150000000	NaN	0.00000000000	NaN	NaN	1.00000000000	0.00000000000	5.00000000000	0.00000000000


















3733299962.93	NaN	9.00000000000	109.000000000	0.00000000000	0.00000000000	NaN	3.47580099106	-3.10723222057	0.969783306122	-4.13272691782	0.975361824036	2.53764390945	0.277076244354	0.165507793427	4.81051404877	103.254038521	0.103360843658	1015.54718970	-0.0124363899231	0.000673937797546	0.00120687484741	200000.000000	16.0000000000	0.00000000000	166.000000000	232.000000000	5.00000000000	0.950000000000	-0.740000000000	22.3000000000	0.00000000000	232.000000000	32.0000000000	6720096.00000	2500.00000000	2000.00000000	206.200000000	6466.00000000	1700.00000000	6000.00000000	13314.0000000	5801.00000000	23.4081460007	23.5137486754	23.1798541774	-0.365118443319	23.6668057909	26.2141808083	24.1922097605	-10.8927789160	23.5243397747	23.2737861163	23.2758785345	23.8878234650	23.9764863670	22.7635844875	-12.4077104270	0.882295696942	0.00000000000	0.100000000000	0.0500000000000	-0.00635943412781	0.00000000000	54.7031250000	0.00000000000	-0.565820336342	0.00000000000	14.7500000000	15.1250000000	14.7500000000	14.9875001907	14.8312501907	-300.000000000	0.00000000000	NaN	0.00000000000	22.3000183105	24.9999694824	640.000000000	24.4126381535	24.6453175038	25.2619056246	25.5729260508	23.9602434520	26.4630344129	-59.2083717365	-60.4428257950	-0.000859737396240	-0.000859737396240	-0.000859737396240	-0.000531673431396	-98.9704909459	-273.150000000	-273.150000000	-273.150000000	NaN	0.00000000000	NaN	NaN	1.00000000000	0.00000000000	5.00000000000	0.00000000000

















3733299963.13	NaN	12.0000000000	113.000000000	0.00000000000	1.00000000000	NaN	3.46759748459	-2.99403665515	0.974377155304	-3.99343666469	0.984549522400	2.44773340225	0.271497726440	0.162226676941	5.01039885807	107.632388638	0.0993113574982	1015.19784528	-0.0126204490662	0.000666093826294	0.00117933750153	200000.000000	16.0000000000	0.00000000000	166.000000000	232.000000000	5.00000000000	0.950000000000	-0.740000000000	22.3000000000	0.00000000000	232.000000000	32.0000000000	6720096.00000	2500.00000000	2000.00000000	206.200000000	6466.00000000	1700.00000000	6000.00000000	13314.0000000	5801.00000000	23.4081460007	23.5137486754	23.1798541774	-0.365118443319	23.6668057909	26.2141808083	24.1922097605	-10.8927789160	23.5243397747	23.2737861163	23.2758785345	23.8878234650	23.9764863670	22.7635844875	-12.4077104270	0.882295696942	0.00000000000	0.100000000000	0.0500000000000	-0.00546960830688	0.00000000000	49.2695312500	0.00000000000	-0.570312500000	0.00000000000	14.7500000000	15.1250000000	14.7500000000	14.9875001907	14.8312501907	-300.000000000	1424.08449615	NaN	0.00000000000	22.3000183105	24.9999694824	640.000000000	24.4126381535	24.6453175038	25.2619056246	25.6728387326	23.9602434520	26.4630344129	-59.2083717365	-60.4428257950	-0.000859737396240	-0.000859737396240	-0.000859737396240	-0.000531673431396	-98.9704909459	-273.150000000	-273.150000000	-273.150000000	NaN	0.00000000000	NaN	NaN	1.00000000000	0.00000000000	5.00000000000	0.00000000000


















3733299963.33	NaN	14.0000000000	138.000000000	0.00000000000	4.00000000000	NaN	3.48498916626	-3.23590552459	0.974049091339	-4.13272691782	0.981924533844	2.44117021561	0.272810459137	0.165836334229	4.74387194710	102.302127056	0.0976920337677	1015.41616968	-0.00555896759033	0.000691676139832	0.00122263431549	200000.000000	16.0000000000	0.00000000000	166.000000000	232.000000000	5.00000000000	0.950000000000	-0.740000000000	22.3000000000	0.00000000000	232.000000000	32.0000000000	6720096.00000	2500.00000000	2000.00000000	206.200000000	6466.00000000	1700.00000000	6000.00000000	13314.0000000	5801.00000000	23.4081460007	23.5137486754	23.1798541774	-0.365118443319	23.6668057909	26.2141808083	24.1922097605	-10.8927789160	23.5243397747	23.2737861163	23.2758785345	23.8878234650	23.9764863670	22.7635844875	-12.4077104270	0.882295696942	0.00000000000	0.100000000000	0.0500000000000	-0.00242571830750	0.00000000000	49.2695312500	0.00000000000	-0.570312500000	0.00000000000	14.7562503815	15.0312500000	14.7500000000	14.9875001907	14.8312501907	-300.000000000	5603.98765103	NaN	0.00000000000	22.3003540039	25.0003051758	640.000000000	24.4126381535	24.6453175038	25.2619056246	25.6728387326	23.9602434520	26.4630344129	-59.2083717365	-60.4428257950	-0.000859737396240	-0.000859737396240	-0.000859737396240	-0.000531673431396	-98.9704909459	-273.150000000	-273.150000000	-273.150000000	NaN	0.00000000000	NaN	NaN	1.00000000000	0.00000000000	5.00000000000	0.00000000000

















3733299963.53	NaN	15.0000000000	125.000000000	0.00000000000	1.00000000000	NaN	3.49450492859	-3.27382881653	0.978642940521	-4.03208101180	0.986518383026	2.43854522705	0.273466587067	0.164523601532	4.71532290230	100.969561661	0.102551181793	1015.32886530	-0.00692367553711	0.000692296028137	0.00121276378632	200000.000000	16.0000000000	0.00000000000	166.000000000	232.000000000	5.00000000000	0.950000000000	-0.740000000000	22.3000000000	0.00000000000	232.000000000	32.0000000000	6720096.00000	2500.00000000	2000.00000000	206.200000000	6466.00000000	1700.00000000	6000.00000000	13314.0000000	5801.00000000	23.4081460007	23.5137486754	23.1798541774	-0.365118443319	23.6668057909	26.2141808083	24.1922097605	-10.8927789160	23.5243397747	23.2737861163	23.2758785345	23.8878234650	23.9764863670	22.7635844875	-12.4077104270	0.882295696942	0.00000000000	0.100000000000	0.0500000000000	-0.0125443935394	0.00000000000	53.0351562500	0.00000000000	-0.570117175579	0.00000000000	14.7562503815	15.0312500000	14.7500000000	14.9875001907	14.8312501907	-300.000000000	1451.67921303	NaN	0.00000000000	22.3003540039	25.0003051758	640.000000000	24.4126381535	24.6453175038	25.2619056246	25.6728387326	23.9602434520	26.4630344129	-59.2083717365	-60.4428257950	-0.000859737396240	-0.000859737396240	-0.000859737396240	-0.000531673431396	-98.9704909459	-273.150000000	-273.150000000	-273.150000000	NaN	0.00000000000	NaN	NaN	1.00000000000	0.00000000000	5.00000000000	0.00000000000


















3733299963.73	NaN	14.0000000000	124.000000000	0.00000000000	2.00000000000	NaN	0.00767183303833	-2.79104405820	0.982580661774	-4.19478839294	0.970767498016	2.44937372208	0.263622283936	0.0841288566589	2.47845544739	60.8008896446	0.100930681229	1015.32886530	0.000741481781006	0.000710058212280	0.00113008022308	200000.000000	16.0000000000	0.00000000000	166.000000000	232.000000000	5.00000000000	0.950000000000	-0.740000000000	22.3000000000	0.00000000000	232.000000000	32.0000000000	6720096.00000	2500.00000000	2000.00000000	206.200000000	6466.00000000	1700.00000000	6000.00000000	13314.0000000	5801.00000000	23.4081460007	23.5137486754	23.1798541774	-0.365118443319	23.6668057909	26.2141808083	24.1922097605	-10.8927789160	23.5243397747	23.2737861163	23.2758785345	23.8878234650	23.9764863670	22.7635844875	-12.4077104270	0.882295696942	0.00000000000	0.100000000000	0.0500000000000	0.000892400741577	0.00000000000	53.0351562500	0.00000000000	-0.570117175579	0.00000000000	14.7562503815	15.0250005722	14.7500000000	14.9812498093	14.8312501907	-300.000000000	3029.03970872	NaN	0.00000000000	22.2999877930	24.9998779297	640.000000000	24.4126381535	24.6453175038	25.2619056246	25.6728387326	23.9602434520	26.4630344129	-59.2083717365	-60.4428257950	-0.000859737396240	-0.000859737396240	-0.000859737396240	-0.000531673431396	-98.9704909459	-273.150000000	-273.150000000	-273.150000000	NaN	0.00000000000	NaN	NaN	1.00000000000	0.00000000000	5.00000000000	0.00000000000

















3733299963.93	NaN	10.0000000000	126.000000000	0.00000000000	0.00000000000	NaN	0.00832796096802	-2.91873713574	0.984877586365	-4.00889661131	0.987831115723	2.44379568100	0.263294219971	0.0995516777039	2.75448487473	64.7988624687	0.0968823719025	1015.41616968	0.00734376907349	0.000710773468018	0.00116019248962	200000.000000	16.0000000000	0.00000000000	166.000000000	232.000000000	5.00000000000	0.950000000000	-0.740000000000	22.3000000000	0.00000000000	232.000000000	32.0000000000	6720096.00000	2500.00000000	2000.00000000	206.200000000	6466.00000000	1700.00000000	6000.00000000	13314.0000000	5801.00000000	23.4081460007	23.5137486754	23.1798541774	-0.365118443319	23.6668057909	26.2141808083	24.1922097605	-10.8927789160	23.5243397747	23.2737861163	23.2758785345	23.8878234650	23.9764863670	22.7635844875	-12.4077104270	0.882295696942	0.00000000000	0.100000000000	0.0500000000000	0.00119700431824	0.00000000000	46.2695312500	0.00000000000	-0.569140613079	0.00000000000	14.7562503815	15.0250005722	14.7500000000	14.9812498093	14.8312501907	-300.000000000	0.00000000000	NaN	0.00000000000	22.2999877930	24.9998779297	640.000000000	24.4126381535	24.6453175038	25.2619056246	25.6728387326	23.9602434520	26.4630344129	-59.2083717365	-60.4428257950	-0.000859737396240	-0.000859737396240	-0.000859737396240	-0.000531673431396	-98.9704909459	-273.150000000	-273.150000000	-273.150000000	NaN	0.00000000000	NaN	NaN	1.00000000000	0.00000000000	5.00000000000	0.00000000000

















3733299964.13	NaN	16.0000000000	138.000000000	0.00000000000	1.00000000000	NaN	0.00799989700317	-2.88866421952	0.987174510956	-4.02435136773	0.983565330505	2.58030223846	0.266247272491	0.0936450958252	2.64979121189	63.0853665047	0.0993113574982	1015.37251749	0.00579500198364	0.000696921348572	0.00116615295410	200000.000000	16.0000000000	0.00000000000	166.000000000	232.000000000	5.00000000000	0.950000000000	-0.740000000000	22.3000000000	0.00000000000	232.000000000	32.0000000000	6720096.00000	2500.00000000	2000.00000000	206.200000000	6466.00000000	1700.00000000	6000.00000000	13314.0000000	5801.00000000	23.4081460007	23.5137486754	23.1798541774	-0.365118443319	23.6668057909	26.2141808083	24.1922097605	-10.8927789160	23.5243397747	23.2737861163	23.2758785345	23.8878234650	23.9764863670	22.7635844875	-12.4077104270	0.882295696942	0.00000000000	0.100000000000	0.0500000000000	0.00460958480835	0.00000000000	46.2695312500	0.00000000000	-0.569140613079	0.00000000000	14.7500000000	15.1250000000	14.7500000000	14.9875001907	14.8312501907	-300.000000000	1509.11975743	NaN	0.00000000000	22.2999877930	24.9998779297	640.000000000	24.4126381535	24.6453175038	25.2619056246	25.6728387326	24.0009444420	26.4630344129	-59.2083717365	-60.4428257950	-0.000859737396240	-0.000859737396240	-0.000859737396240	-0.000531673431396	-98.9704909459	-273.150000000	-273.150000000	-273.150000000	NaN	0.00000000000	NaN	NaN	1.00000000000	0.00000000000	5.00000000000	0.00000000000


















3733299964.33	NaN	12.0000000000	120.000000000	1.00000000000	0.00000000000	NaN	0.00373411178589	-2.89618041222	0.988159179687	-4.04754483723	0.983565330505	2.58456850052	0.268216133118	0.100207805634	2.74496852646	66.7024087601	0.0960715332031	1015.37251749	0.0124888420105	0.000692319869995	0.00115110874176	200000.000000	16.0000000000	0.00000000000	166.000000000	232.000000000	5.00000000000	0.950000000000	-0.740000000000	22.3000000000	0.00000000000	232.000000000	32.0000000000	6720096.00000	2500.00000000	2000.00000000	206.200000000	6466.00000000	1700.00000000	6000.00000000	13314.0000000	5801.00000000	23.4081460007	23.5137486754	23.1798541774	-0.365118443319	23.6668057909	26.2141808083	24.1922097605	-10.8927789160	23.5243397747	23.2737861163	23.2758785345	23.8878234650	23.9764863670	22.7635844875	-12.4077104270	0.882295696942	0.00000000000	0.100000000000	0.0500000000000	0.00205807685852	0.00000000000	46.2949218750	0.00000000000	-0.571289062500	0.00000000000	14.7500000000	15.1250000000	14.7500000000	14.9875001907	14.8312501907	-300.000000000	0.00000000000	NaN	0.00000000000	22.2997436523	25.0002136230	640.000000000	24.4126381535	24.6453175038	25.2619056246	25.6728387326	24.0009444420	26.4630344129	-59.2083717365	-60.4428257950	-0.000859737396240	-0.000859737396240	-0.000859737396240	-0.000531673431396	-98.9704909459	-273.150000000	-273.150000000	-273.150000000	NaN	0.00000000000	NaN	NaN	1.00000000000	0.00000000000	5.00000000000	0.00000000000

















3733299964.53	NaN	10.0000000000	129.000000000	0.00000000000	0.00000000000	NaN	0.00767183303833	-2.89618041222	0.989799976349	-3.98571456642	0.988487243652	2.58128690720	0.266247272491	0.0972547531128	2.72593582993	62.3240586433	0.0968823719025	1015.19784528	0.0104150772095	0.000719285011292	0.00116286277771	200000.000000	16.0000000000	0.00000000000	166.000000000	232.000000000	5.00000000000	0.950000000000	-0.740000000000	22.3000000000	0.00000000000	104.000000000	32.0000000000	6720096.00000	2500.00000000	2000.00000000	206.200000000	6466.00000000	1700.00000000	6000.00000000	13314.0000000	5801.00000000	23.4081460007	23.5137486754	23.1798541774	-0.365118443319	23.6668057909	26.2141808083	24.1922097605	-10.8927789160	23.5243397747	23.2737861163	23.2758785345	23.8878234650	23.9764863670	22.7635844875	-12.4077104270	0.882295696942	0.00000000000	0.100000000000	0.0500000000000	0.000326728820801	0.00000000000	46.2949218750	0.00000000000	-0.571289062500	0.00000000000	14.7500000000	15.0250005722	14.7500000000	14.9875001907	14.8312501907	-300.000000000	0.00000000000	NaN	0.00000000000	22.2997436523	25.0002136230	640.000000000	24.4126381535	24.6453175038	25.2619056246	25.6728387326	24.0009444420	26.4630344129	-59.2083717365	-60.4428257950	-0.000859737396240	-0.000859737396240	-0.000859737396240	-0.000531673431396	-98.9704909459	-273.150000000	-273.150000000	-273.150000000	NaN	0.00000000000	NaN	NaN	1.00000000000	0.00000000000	5.00000000000	0.00000000000

















3733299964.73	NaN	18.0000000000	128.000000000	0.00000000000	0.00000000000	NaN	0.0139064788818	-3.12235649115	0.993737697601	-3.86233141299	0.997018814087	2.57833337784	0.264935016632	0.0975828170776	2.35471525612	54.7090435638	0.100930681229	1015.28521311	0.0128960609436	0.000715970993042	0.00117340087891	200000.000000	16.0000000000	0.00000000000	166.000000000	232.000000000	5.00000000000	0.950000000000	-0.740000000000	22.3000000000	0.00000000000	104.000000000	32.0000000000	6720096.00000	2500.00000000	2000.00000000	206.200000000	6466.00000000	1700.00000000	6000.00000000	13314.0000000	5801.00000000	23.4081460007	23.5137486754	23.1798541774	-0.365118443319	23.6668057909	26.2141808083	24.1922097605	-10.8927789160	23.5243397747	23.2737861163	23.2758785345	23.8878234650	23.9764863670	22.7635844875	-12.4077104270	0.882295696942	0.00000000000	0.100000000000	0.0500000000000	0.00237960815430	0.00000000000	53.9785156250	-0.000390625005821	-0.565625011921	0.00000000000	14.7500000000	15.0250005722	14.7500000000	14.9875001907	14.8312501907	-300.000000000	0.00000000000	NaN	0.00000000000	22.3002014160	25.0002746582	640.000000000	24.4126381535	24.6453175038	25.2619056246	25.6728387326	24.0009444420	26.4630344129	-59.2083717365	-60.4428257950	-0.000859737396240	-0.000859737396240	-0.000859737396240	-0.000531673431396	-98.9704909459	-273.150000000	-273.150000000	-273.150000000	NaN	0.00000000000	NaN	NaN	1.00000000000	0.00000000000	5.00000000000	0.00000000000

















3733299964.93	NaN	6.00000000000	112.000000000	0.00000000000	1.00000000000	NaN	0.00439023971558	-2.85109266193	0.995706558228	-3.96255729952	0.989143371582	2.57931804657	0.265919208527	0.0949573516846	2.62122833519	65.3698433647	0.0993113574982	1015.45982187	0.0205874443054	0.000682449340820	0.00117866992950	200000.000000	16.0000000000	0.00000000000	166.000000000	232.000000000	5.00000000000	0.950000000000	-0.740000000000	22.3000000000	0.00000000000	104.000000000	32.0000000000	6720096.00000	2500.00000000	2000.00000000	206.200000000	6466.00000000	1700.00000000	6000.00000000	13314.0000000	5801.00000000	23.4081460007	23.5137486754	23.1798541774	-0.365118443319	23.6668057909	26.2141808083	24.1922097605	-10.8927789160	23.5243397747	23.2737861163	23.2758785345	23.8878234650	23.9764863670	22.7635844875	-12.4077104270	0.882295696942	0.00000000000	0.100000000000	0.0500000000000	0.00252785682678	0.00000000000	53.9785156250	-0.000390625005821	-0.565625011921	0.00000000000	14.7562503815	15.1187505722	14.7500000000	14.9875001907	14.8312501907	-300.000000000	1675.46043357	NaN	0.00000000000	22.3002014160	25.0002746582	640.000000000	24.4126381535	24.6453175038	25.2619056246	25.6728387326	24.0009444420	26.4630344129	-59.2083717365	-60.4428257950	-0.000859737396240	-0.000859737396240	-0.000859737396240	-0.000531673431396	-98.9704909459	-273.150000000	-273.150000000	-273.150000000	NaN	0.00000000000	NaN	NaN	1.00000000000	0.00000000000	5.00000000000	0.00000000000

















3733299965.13	NaN	12.0000000000	119.000000000	0.00000000000	1.00000000000	NaN	0.0129222869873	-3.00157193761	1.00423812866	-3.55554776148	1.00883197784	0.0237507820129	0.0175161361694	0.0125937461853	0.936433566856	49.7594359131	0.0952618713379	1015.28521311	-0.00859069824219	0.000736284255981	0.00117540359497	200000.000000	16.0000000000	0.00000000000	166.000000000	232.000000000	5.00000000000	0.950000000000	-0.740000000000	22.3000000000	0.00000000000	104.000000000	32.0000000000	6720096.00000	2500.00000000	2000.00000000	206.200000000	6466.00000000	1700.00000000	6000.00000000	13314.0000000	5801.00000000	23.4081460007	23.5137486754	23.1798541774	-0.365118443319	23.6668057909	26.2141808083	24.1922097605	-10.8927789160	23.5243397747	23.2737861163	23.2758785345	23.8878234650	23.9764863670	22.7635844875	-12.4077104270	0.882295696942	0.00000000000	0.100000000000	0.0500000000000	-0.00785450935364	0.00000000000	50.0722656250	0.00000000000	-0.570507824421	0.00000000000	14.7562503815	15.1187505722	14.7500000000	14.9875001907	14.8312501907	-300.000000000	1372.82491023	NaN	0.00000000000	22.3002014160	25.0002746582	640.000000000	24.4126381535	24.6453175038	25.2619056246	25.6728387326	24.0009444420	26.4216350983	-59.2083717365	-60.4428257950	-0.000859737396240	-0.000859737396240	-0.000859737396240	-0.000531673431396	-98.9704909459	-273.150000000	-273.150000000	-273.150000000	NaN	0.00000000000	NaN	NaN	1.00000000000	0.00000000000	5.00000000000	0.00000000000


















3733299965.33	NaN	8.00000000000	114.000000000	0.00000000000	0.00000000000	NaN	0.0165314674377	-2.95636982635	0.997346878052	-3.90084820048	0.995378017426	0.0244069099426	0.0139064788818	0.0257196426392	0.727032409286	25.0111210213	0.105789829254	1015.37251749	0.0187234878540	0.000698232650757	0.00116155147552	200000.000000	16.0000000000	0.00000000000	166.000000000	232.000000000	5.00000000000	0.950000000000	-0.740000000000	22.3000000000	0.00000000000	104.000000000	32.0000000000	6720096.00000	2500.00000000	2000.00000000	206.200000000	6466.00000000	1700.00000000	6000.00000000	13314.0000000	5801.00000000	23.4081460007	23.5137486754	23.1798541774	-0.365118443319	23.6668057909	26.2141808083	24.1922097605	-10.8927789160	23.5243397747	23.2737861163	23.2758785345	23.8878234650	23.9764863670	22.7635844875	-12.4077104270	0.882295696942	0.00000000000	0.100000000000	0.0500000000000	-0.000438451766968	0.00000000000	50.0722656250	0.00000000000	-0.570507824421	0.00000000000	14.7500000000	15.0062503815	14.7500000000	14.9812498093	14.8312501907	-300.000000000	0.00000000000	NaN	0.00000000000	22.2999572754	25.0000915527	640.000000000	24.4126381535	24.6453175038	25.2619056246	25.6728387326	24.0009444420	26.4216350983	-59.2083717365	-60.4428257950	-0.000859737396240	-0.000859737396240	-0.000859737396240	-0.000531673431396	-98.9704909459	-273.150000000	-273.150000000	-273.150000000	NaN	0.00000000000	NaN	NaN	1.00000000000	0.00000000000	5.00000000000	0.00000000000

















3733299965.53	NaN	10.0000000000	137.000000000	0.00000000000	0.00000000000	NaN	0.00799989700317	-2.92625876197	1.00062847137	-3.91627208874	0.993409156799	0.0247354507446	0.0125937461853	0.0244069099426	0.707985880852	27.4859248466	0.100930681229	1015.41616968	0.0205087661743	0.000681114196777	0.00112152099609	200000.000000	16.0000000000	0.00000000000	166.000000000	232.000000000	5.00000000000	0.950000000000	-0.740000000000	22.3000000000	0.00000000000	104.000000000	32.0000000000	6720096.00000	2500.00000000	2000.00000000	206.200000000	6466.00000000	1700.00000000	6000.00000000	13314.0000000	5801.00000000	23.4081460007	23.5137486754	23.1798541774	-0.365118443319	23.6668057909	26.2141808083	24.1922097605	-10.8927789160	23.5243397747	23.2737861163	23.2758785345	23.8878234650	23.9764863670	22.7635844875	-12.4077104270	0.882295696942	0.00000000000	0.100000000000	0.0500000000000	0.00272216796875	0.00000000000	54.5273437500	-0.000390625005821	-0.567578136921	0.00000000000	14.7500000000	15.0062503815	14.7500000000	14.9812498093	14.8312501907	-300.000000000	0.00000000000	NaN	0.00000000000	22.2999572754	25.0000915527	640.000000000	24.4126381535	24.6453175038	25.2619056246	25.6728387326	24.0009444420	26.4216350983	-59.2083717365	-60.4428257950	-0.000859737396240	-0.000859737396240	-0.000859737396240	-0.000531673431396	-98.9704909459	-273.150000000	-273.150000000	-273.150000000	NaN	0.00000000000	NaN	NaN	1.00000000000	0.00000000000	5.00000000000	0.00000000000


















3733299965.73	NaN	12.0000000000	127.000000000	0.00000000000	0.00000000000	NaN	0.00537490844727	-3.07702225654	1.00194120407	-3.93169075996	0.990128040314	0.0257196426392	0.0129222869873	0.00209331512451	0.251104340744	17.2057789764	0.100121019363	1015.50353751	0.0214800834656	0.000681853294373	0.00116086006165	200000.000000	16.0000000000	0.00000000000	166.000000000	232.000000000	5.00000000000	0.950000000000	-0.740000000000	22.3000000000	0.00000000000	104.000000000	32.0000000000	6720096.00000	2500.00000000	2000.00000000	206.200000000	6466.00000000	1700.00000000	6000.00000000	13314.0000000	5801.00000000	23.4081460007	23.5137486754	23.1798541774	-0.365118443319	23.6668057909	26.2141808083	24.1922097605	-10.8927789160	23.5243397747	23.2737861163	23.2758785345	23.8878234650	23.9764863670	22.7635844875	-12.4077104270	0.882295696942	0.00000000000	0.100000000000	0.0500000000000	0.00571217536926	0.00000000000	54.5273437500	-0.000390625005821	-0.567578136921	0.00000000000	14.7562503815	15.0500001907	14.7500000000	14.9875001907	14.8312501907	-300.000000000	0.00000000000	NaN	0.00000000000	22.2999572754	25.0000915527	640.000000000	24.4126381535	24.6453175038	25.2619056246	25.6728387326	24.0009444420	26.4216350983	-59.2083717365	-60.4428257950	-0.000859737396240	-0.000859737396240	-0.000859737396240	-0.000531673431396	-98.9704909459	-273.150000000	-273.150000000	-273.150000000	NaN	0.00000000000	NaN	NaN	1.00000000000	0.00000000000	5.00000000000	0.00000000000


















3733299965.93	NaN	8.00000000000	123.000000000	0.00000000000	1.00000000000	NaN	0.00570297241211	-2.94884274900	1.00456619263	-3.97799397353	0.988487243652	0.0260477066040	0.0152192115784	0.0244069099426	0.688953184319	28.0569057426	0.0960715332031	1015.41616968	0.0242757797241	0.000711369514465	0.00117070674896	200000.000000	16.0000000000	0.00000000000	166.000000000	232.000000000	5.00000000000	0.950000000000	-0.740000000000	22.3000000000	0.00000000000	104.000000000	32.0000000000	6720096.00000	2500.00000000	2000.00000000	206.200000000	6466.00000000	1700.00000000	6000.00000000	13314.0000000	5801.00000000	23.4081460007	23.5137486754	23.1798541774	-0.365118443319	23.6668057909	26.2141808083	24.1922097605	-10.8927789160	23.5243397747	23.2737861163	23.2758785345	23.8878234650	23.9764863670	22.7635844875	-12.4077104270	0.882295696942	0.00000000000	0.100000000000	0.0500000000000	0.000401592254639	0.00000000000	45.1738281250	0.00000000000	-0.565820336342	0.00000000000	14.7562503815	15.0500001907	14.7500000000	14.9875001907	14.8312501907	-300.000000000	1372.82491023	NaN	0.00000000000	22.2998962402	25.0001525879	640.000000000	24.4126381535	24.6453175038	25.2619056246	25.6728387326	24.0009444420	26.4216350983	-59.2083717365	-60.4428257950	-0.000859737396240	-0.000859737396240	-0.000859737396240	-0.000531673431396	-98.9704909459	-273.150000000	-273.150000000	-273.150000000	NaN	0.00000000000	NaN	NaN	1.00000000000	0.00000000000	5.00000000000	0.00000000000


















3733299966.13	NaN	18.0000000000	111.000000000	0.00000000000	1.00000000000	NaN	-0.00184440612793	-3.06191459222	1.00522232056	-3.90855379580	0.990128040314	0.0234227180481	0.0132503509521	0.0194849967957	0.603292218018	26.1533594513	0.103360843658	1015.11054090	0.0263495445251	0.000734972953796	0.00118129253387	200000.000000	16.0000000000	0.00000000000	166.000000000	232.000000000	5.00000000000	0.950000000000	-0.740000000000	22.3000000000	0.00000000000	104.000000000	32.0000000000	6720096.00000	2500.00000000	2000.00000000	206.200000000	6466.00000000	1700.00000000	6000.00000000	13314.0000000	5801.00000000	23.4081460007	23.5137486754	23.1798541774	-0.365118443319	23.6668057909	26.2141808083	24.1922097605	-10.8927789160	23.5243397747	23.2737861163	23.2758785345	23.8878234650	23.9764863670	22.7635844875	-12.4077104270	0.882295696942	0.00000000000	0.100000000000	0.0500000000000	4.97341156006E-5	0.00000000000	45.1738281250	0.00000000000	-0.565820336342	0.00000000000	14.7562503815	15.1250000000	14.7500000000	14.9812498093	14.8289070129	-300.000000000	1325.12726647	NaN	0.00000000000	22.2998962402	25.0001525879	640.000000000	24.4126381535	24.6453175038	25.2619056246	25.6728387326	24.0009444420	26.4216350983	-59.0620446148	-60.4428257950	-0.000859737396240	-0.000859737396240	-0.000859737396240	-0.000531673431396	-98.9704909459	-273.150000000	-273.150000000	-273.150000000	NaN	0.00000000000	NaN	NaN	1.00000000000	0.00000000000	5.00000000000	0.00000000000

















3733299966.33	NaN	9.00000000000	123.000000000	0.00000000000	0.00000000000	NaN	0.0119376182556	-3.09967765529	1.00653505325	-3.92398067607	0.993409156799	0.0211257934570	0.0109534263611	0.0217819213867	0.612808566284	24.2495365219	0.101740343094	1015.24156092	0.0278196334839	0.000696229934692	0.00117335319519	200000.000000	16.0000000000	0.00000000000	166.000000000	232.000000000	5.00000000000	0.950000000000	-0.740000000000	22.3000000000	0.00000000000	104.000000000	32.0000000000	6720096.00000	2500.00000000	2000.00000000	206.200000000	6466.00000000	1700.00000000	6000.00000000	13314.0000000	5801.00000000	23.4081460007	23.5137486754	23.1798541774	-0.365118443319	23.6668057909	26.2141808083	24.1922097605	-10.8927789160	23.5243397747	23.2737861163	23.2758785345	23.8878234650	23.9764863670	22.7635844875	-12.4077104270	0.882295696942	0.00000000000	0.100000000000	0.0500000000000	0.00375385284424	0.00000000000	51.5253906250	0.00000000000	-0.570507824421	0.00000000000	14.7562503815	15.1250000000	14.7500000000	14.9812498093	14.8289070129	-300.000000000	0.00000000000	NaN	0.00000000000	22.3002929688	25.0001831055	640.000000000	24.4126381535	24.6453175038	25.2619056246	25.6728387326	24.0009444420	26.4216350983	-59.0620446148	-60.4428257950	-0.000859737396240	-0.000859737396240	-0.000859737396240	-0.000531673431396	-98.9704909459	-273.150000000	-273.150000000	-273.150000000	NaN	0.00000000000	NaN	NaN	1.00000000000	0.00000000000	5.00000000000	0.00000000000

















3733299966.53	NaN	9.00000000000	115.000000000	0.00000000000	1.00000000000	NaN	0.00799989700317	-3.08457267427	1.03048944473	-3.16016399527	1.01605129242	0.0214538574219	0.0132503509521	0.0253915786743	0.784144330788	19.2999288712	0.107410329819	1015.11054090	0.0198788642883	0.000712656974792	0.00104079246521	200000.000000	16.0000000000	0.00000000000	166.000000000	232.000000000	5.00000000000	0.950000000000	-0.740000000000	22.3000000000	0.00000000000	104.000000000	32.0000000000	6720032.00000	2500.00000000	2000.00000000	206.200000000	6466.00000000	1700.00000000	6000.00000000	13314.0000000	5801.00000000	23.4081460007	23.5137486754	23.1798541774	-0.365118443319	23.6668057909	26.2141808083	24.1922097605	-10.8927789160	23.5243397747	23.2737861163	23.2758785345	23.8878234650	23.9764863670	22.7635844875	-12.4077104270	0.882295696942	0.00000000000	0.100000000000	0.0500000000000	-0.00224971771240	0.00000000000	51.5253906250	0.00000000000	-0.570507824421	0.00000000000	14.7562503815	15.0062503815	14.7500000000	14.9812498093	14.8312501907	-300.000000000	1451.67921303	NaN	0.00000000000	22.3002929688	25.0001831055	640.000000000	24.4126381535	24.6453175038	25.2619056246	25.6728387326	24.0009444420	26.4216350983	-59.0620446148	-60.4428257950	-0.000859737396240	-0.000859737396240	-0.000859737396240	-0.000531673431396	-98.9704909459	-273.150000000	-273.150000000	-273.150000000	NaN	0.00000000000	NaN	NaN	1.00000000000	0.00000000000	5.00000000000	0.00000000000

















3733299966.73	NaN	21.0000000000	130.000000000	0.00000000000	0.00000000000	NaN	0.0112814903259	-3.03927989248	1.03672409058	-2.93379268458	1.03377103806	0.0253915786743	0.0106253623962	0.0145626068115	0.384360880280	10.5426753616	0.0976920337677	1015.24156092	0.0274128913879	0.000680422782898	0.000881290435791	200000.000000	16.0000000000	0.00000000000	166.000000000	232.000000000	5.00000000000	0.950000000000	-0.740000000000	22.3000000000	0.00000000000	104.000000000	32.0000000000	6720032.00000	2500.00000000	2000.00000000	206.200000000	6466.00000000	1700.00000000	6000.00000000	13314.0000000	5801.00000000	23.4081460007	23.5137486754	23.1798541774	-0.365118443319	23.6668057909	26.2141808083	24.1922097605	-10.8927789160	23.5243397747	23.2737861163	23.2758785345	23.8878234650	23.9764863670	22.7635844875	-12.4077104270	0.882295696942	0.00000000000	0.100000000000	0.0500000000000	-0.00381174087524	0.00000000000	53.5898437500	0.00000000000	-0.566992223263	0.00000000000	14.7562503815	15.0062503815	14.7500000000	14.9812498093	14.8312501907	-300.000000000	0.00000000000	NaN	0.00000000000	22.2998352051	25.0001831055	640.000000000	24.4126381535	24.6453175038	25.2619056246	25.6728387326	24.0009444420	26.4216350983	-59.0620446148	-60.4428257950	-0.000859737396240	-0.000859737396240	-0.000859737396240	-0.000531673431396	-98.9704909459	-273.150000000	-273.150000000	-273.150000000	NaN	0.00000000000	NaN	NaN	1.00000000000	0.00000000000	5.00000000000	0.00000000000


















3733299966.93	NaN	11.0000000000	104.000000000	0.00000000000	1.00000000000	NaN	0.00307798385620	-3.09967765529	1.03836488724	-2.90369796184	1.02720785141	0.0260477066040	0.0129222869873	0.0237507820129	0.736548757553	17.9673634758	0.103360843658	1015.45982187	0.0209813117981	0.000683760643005	0.000864887237549	200000.000000	16.0000000000	0.00000000000	166.000000000	232.000000000	5.00000000000	0.950000000000	-0.740000000000	22.3000000000	0.00000000000	104.000000000	32.0000000000	6720032.00000	2500.00000000	2000.00000000	206.200000000	6466.00000000	1700.00000000	6000.00000000	13314.0000000	5801.00000000	23.4081460007	23.5137486754	23.1798541774	-0.365118443319	23.6668057909	26.2141808083	24.1922097605	-10.8927789160	23.5243397747	23.2737861163	23.2758785345	23.8878234650	23.9764863670	22.7635844875	-12.4077104270	0.882295696942	0.00000000000	0.100000000000	0.0500000000000	-0.0114141464233	0.00000000000	53.5898437500	0.00000000000	-0.566992223263	0.00000000000	14.7500000000	15.1062498093	14.7500000000	14.9812498093	14.8312501907	-300.000000000	1540.14424584	NaN	0.00000000000	22.2998352051	25.0001831055	640.000000000	24.4126381535	24.6453175038	25.2619056246	25.6728387326	24.0009444420	26.4216350983	-59.0620446148	-60.4428257950	-0.000859737396240	-0.000859737396240	-0.000859737396240	-0.000531673431396	-98.9704909459	-273.150000000	-273.150000000	-273.150000000	NaN	0.00000000000	NaN	NaN	1.00000000000	0.00000000000	5.00000000000	0.00000000000

















3733299967.13	NaN	18.0000000000	121.000000000	0.00000000000	2.00000000000	NaN	-0.00151634216309	-2.94131703540	1.04164600372	-2.93379268458	1.02753591537	-0.000531673431396	0.00832796096802	0.0162034034729	0.603292218018	17.3961059418	0.103360843658	1015.45982187	0.0240526199341	0.000702142715454	0.000882601737976	200000.000000	16.0000000000	0.00000000000	166.000000000	232.000000000	5.00000000000	0.950000000000	-0.740000000000	22.3000000000	0.00000000000	104.000000000	32.0000000000	4622880.00000	2500.00000000	2000.00000000	206.200000000	6466.00000000	1700.00000000	6000.00000000	13314.0000000	5801.00000000	23.4081460007	23.5137486754	23.1798541774	-0.365118443319	23.6668057909	26.2141808083	24.1922097605	-10.8927789160	23.5243397747	23.2737861163	23.2758785345	23.8878234650	23.9764863670	22.7635844875	-12.4077104270	0.882295696942	0.00000000000	0.100000000000	0.0500000000000	-0.0107552051544	0.00000000000	45.3769531250	-0.000390625005821	-0.569531261921	0.00000000000	14.7500000000	15.1062498093	14.7500000000	14.9812498093	14.8312501907	-300.000000000	2878.81545146	NaN	0.00000000000	22.2998352051	25.0001831055	640.000000000	24.4126381535	24.6453175038	25.2619056246	25.6728387326	24.0009444420	26.4216350983	-59.0620446148	-59.0620446148	-0.000859737396240	-0.000859737396240	-0.000859737396240	-0.000531673431396	-98.9704909459	-273.150000000	-273.150000000	-273.150000000	NaN	0.00000000000	NaN	NaN	1.00000000000	0.00000000000	5.00000000000	0.00000000000


















3733299967.33	NaN	7.00000000000	121.000000000	0.00000000000	0.00000000000	NaN	0.00504684448242	-3.06191459222	1.03541135788	-2.95636982635	1.02852058411	-0.000203609466553	0.00635910034180	0.0178442001343	0.555696644783	16.6345214424	0.0960715332031	1015.28521311	0.0219392776489	0.000707435607910	0.000992250442505	200000.000000	16.0000000000	0.00000000000	166.000000000	232.000000000	5.00000000000	0.950000000000	-0.740000000000	22.3000000000	0.00000000000	104.000000000	32.0000000000	4622880.00000	2500.00000000	2000.00000000	206.200000000	6466.00000000	1700.00000000	6000.00000000	13314.0000000	5801.00000000	23.4081460007	23.5137486754	23.1798541774	-0.365118443319	23.6668057909	26.2141808083	24.1922097605	-10.8927789160	23.5243397747	23.2737861163	23.2758785345	23.8878234650	23.9764863670	22.7635844875	-12.4077104270	0.882295696942	0.00000000000	0.100000000000	0.0500000000000	-0.0122226715088	0.00000000000	45.3769531250	-0.000390625005821	-0.569531261921	0.00000000000	14.7500000000	15.0937500000	14.7500000000	14.9812498093	14.8312501907	-300.000000000	0.00000000000	NaN	0.00000000000	22.3002624512	25.0001525879	640.000000000	24.4126381535	24.6453175038	25.2619056246	25.6728387326	24.0009444420	26.4216350983	-59.0620446148	-59.0620446148	-0.000859737396240	-0.000859737396240	-0.000859737396240	-0.000531673431396	-98.9704909459	-273.150000000	-273.150000000	-273.150000000	NaN	0.00000000000	NaN	NaN	1.00000000000	0.00000000000	5.00000000000	0.00000000000

















3733299967.53	NaN	6.00000000000	111.000000000	0.00000000000	1.00000000000	NaN	0.00537490844727	-3.18287618955	1.03344249725	-2.97897019818	1.02884864807	-0.000203609466553	0.00603103637695	0.0188288688660	0.603292218018	15.4922830124	0.103360843658	1015.19784528	0.0197210311890	0.000693655014038	0.000956797599792	200000.000000	16.0000000000	0.00000000000	166.000000000	232.000000000	5.00000000000	0.950000000000	-0.740000000000	22.3000000000	0.00000000000	104.000000000	32.0000000000	4622880.00000	2500.00000000	2000.00000000	206.200000000	6466.00000000	1700.00000000	6000.00000000	13314.0000000	5801.00000000	23.4081460007	23.5137486754	23.1798541774	-0.365118443319	23.6668057909	26.2141808083	24.1922097605	-10.8927789160	23.5243397747	23.2737861163	23.2758785345	23.8878234650	23.9764863670	22.7635844875	-12.4077104270	0.882295696942	0.00000000000	0.100000000000	0.0500000000000	-0.00897936820984	0.00000000000	52.9492187500	0.00000000000	-0.569726586342	0.00000000000	14.7500000000	15.0937500000	14.7500000000	14.9812498093	14.8312501907	-300.000000000	1372.82491023	NaN	0.00000000000	22.3002624512	25.0001525879	640.000000000	24.4126381535	24.6453175038	25.2619056246	25.6728387326	24.0009444420	26.4216350983	-59.0620446148	-59.0620446148	-0.000859737396240	-0.000859737396240	-0.000859737396240	-0.000531673431396	-98.9704909459	-273.150000000	-273.150000000	-273.150000000	NaN	0.00000000000	NaN	NaN	1.00000000000	0.00000000000	5.00000000000	0.00000000000

















3733299967.73	NaN	12.0000000000	128.000000000	0.00000000000	1.00000000000	NaN	-0.00151634216309	-2.97142807622	1.03344249725	-3.00910859070	1.03081750870	-0.000859737396240	0.00668764114380	-0.00742244720459	0.146396846008	10.3523483963	0.108219991684	1015.19784528	0.0187234878540	0.000709414482117	0.000988364219666	200000.000000	16.0000000000	0.00000000000	166.000000000	232.000000000	5.00000000000	0.950000000000	-0.740000000000	22.3000000000	0.00000000000	104.000000000	32.0000000000	4622880.00000	2500.00000000	2000.00000000	206.200000000	6466.00000000	1700.00000000	6000.00000000	13314.0000000	5801.00000000	23.4081460007	23.5137486754	23.1798541774	-0.365118443319	23.6668057909	26.2141808083	24.1922097605	-10.8927789160	23.5243397747	23.2737861163	23.2758785345	23.8878234650	23.9764863670	22.7635844875	-12.4077104270	0.882295696942	0.00000000000	0.100000000000	0.0500000000000	-0.0168297767639	0.00000000000	52.9492187500	0.00000000000	-0.569726586342	0.00000000000	14.7562503815	15.0000000000	14.7500000000	14.9812498093	14.8312501907	-300.000000000	1571.29323058	NaN	0.00000000000	22.3002624512	25.0001525879	640.000000000	24.4126381535	24.6453175038	25.2619056246	25.6728387326	24.0009444420	26.4216350983	-59.0620446148	-59.0620446148	-0.000859737396240	-0.000859737396240	-0.000859737396240	-0.000531673431396	-98.9704909459	-273.150000000	-273.150000000	-273.150000000	NaN	0.00000000000	NaN	NaN	1.00000000000	0.00000000000	5.00000000000	0.00000000000

















3733299967.93	NaN	9.00000000000	134.000000000	0.00000000000	1.00000000000	NaN	0.0119376182556	-2.90369796184	1.03541135788	-2.96389826843	1.03016138077	-0.000203609466553	0.00471878051758	0.0148911476135	0.555696644783	18.7286713371	0.101740343094	1015.28521311	0.0194716453552	0.000691699981689	0.000960040092468	200000.000000	16.0000000000	0.00000000000	166.000000000	232.000000000	5.00000000000	0.950000000000	-0.740000000000	22.3000000000	0.00000000000	104.000000000	32.0000000000	4622880.00000	2500.00000000	2000.00000000	206.200000000	6466.00000000	1700.00000000	6000.00000000	13314.0000000	5801.00000000	23.4081460007	23.5137486754	23.1798541774	-0.365118443319	23.6668057909	26.2141808083	24.1922097605	-10.8927789160	23.5243397747	23.2737861163	23.2758785345	23.8878234650	23.9764863670	22.7635844875	-12.4077104270	0.882295696942	0.00000000000	0.100000000000	0.0500000000000	-0.0169782161713	0.00000000000	50.2265625000	0.00000000000	-0.565429687500	0.00000000000	14.7562503815	15.0000000000	14.7500000000	14.9812498093	14.8312501907	-300.000000000	1424.08449615	NaN	0.00000000000	22.3002014160	25.0001831055	640.000000000	24.4126381535	24.6453175038	25.2619056246	25.6728387326	24.0009444420	26.4216350983	-59.0620446148	-59.0620446148	-0.000859737396240	-0.000859737396240	-0.000859737396240	-0.000531673431396	-98.9704909459	-273.150000000	-273.150000000	-273.150000000	NaN	0.00000000000	NaN	NaN	1.00000000000	0.00000000000	5.00000000000	0.00000000000


















3733299968.13	NaN	12.0000000000	130.000000000	1.00000000000	2.00000000000	NaN	0.0106253623962	-2.93379268458	1.03081750870	-2.91873713574	1.03508329391	-0.000859737396240	0.00964069366455	0.0139064788818	0.117833969307	8.25819850159	0.0985016956329	1015.28521311	0.0167942047119	0.000681805610657	0.000971245765686	200000.000000	16.0000000000	0.00000000000	166.000000000	232.000000000	5.00000000000	0.950000000000	-0.740000000000	22.3000000000	0.00000000000	104.000000000	32.0000000000	4622880.00000	2500.00000000	2000.00000000	206.200000000	6466.00000000	1700.00000000	6000.00000000	13314.0000000	5801.00000000	23.4081460007	23.5137486754	23.1798541774	-0.365118443319	23.6668057909	26.2141808083	24.1922097605	-10.8927789160	23.5243397747	23.2737861163	23.2758785345	23.8878234650	23.9764863670	22.7635844875	-12.4077104270	0.882295696942	0.00000000000	0.100000000000	0.0500000000000	-0.00798048973083	0.00000000000	50.2265625000	0.00000000000	-0.565429687500	0.00000000000	14.7562503815	15.1062498093	14.7500000000	14.9812498093	14.8312501907	-300.000000000	2969.74420580	NaN	0.00000000000	22.3002014160	25.0001831055	640.000000000	24.4126381535	24.6453175038	25.2619056246	25.6728387326	24.0009444420	26.4216350983	-59.0620446148	-59.0620446148	-0.000203609466553	-0.000859737396240	-0.000859737396240	-0.000531673431396	-98.9704909459	-273.150000000	-273.150000000	-273.150000000	NaN	0.00000000000	NaN	NaN	1.00000000000	0.00000000000	5.00000000000	0.00000000000

















3733299968.33	NaN	9.00000000000	140.000000000	0.00000000000	2.00000000000	NaN	0.00767183303833	-2.88113846102	1.03705215454	-2.95636982635	1.03016138077	-0.000531673431396	0.00439023971558	0.0168600082397	0.593762037849	17.5864329071	0.0985016956329	1015.28521311	0.0203514099121	0.000684428215027	0.000965356826782	200000.000000	16.0000000000	0.00000000000	166.000000000	232.000000000	5.00000000000	0.950000000000	-0.740000000000	22.3000000000	0.00000000000	104.000000000	32.0000000000	4622880.00000	2500.00000000	2000.00000000	206.200000000	6466.00000000	1700.00000000	6000.00000000	13314.0000000	5801.00000000	23.4081460007	23.5137486754	23.1798541774	-0.365118443319	23.6668057909	26.2141808083	24.1922097605	-10.8927789160	23.5243397747	23.2737861163	23.2758785345	23.8878234650	23.9764863670	22.7635844875	-12.4077104270	0.882295696942	0.00000000000	0.100000000000	0.0500000000000	-0.00836372375488	0.00000000000	52.0996093750	0.00000000000	-0.571484386921	0.00000000000	14.7562503815	15.1062498093	14.7500000000	14.9812498093	14.8312501907	-300.000000000	2768.98550087	NaN	0.00000000000	22.3002014160	24.9996948242	640.000000000	24.4126381535	24.6453175038	25.2619056246	25.6728387326	24.0009444420	26.4216350983	-59.0620446148	-59.0620446148	-0.000203609466553	-0.000859737396240	-0.000859737396240	-0.000531673431396	-98.9704909459	-273.150000000	-273.150000000	-273.150000000	NaN	0.00000000000	NaN	NaN	1.00000000000	0.00000000000	5.00000000000	0.00000000000


















3733299968.53	NaN	12.0000000000	127.000000000	0.00000000000	0.00000000000	NaN	0.0112814903259	-2.91873713574	1.03967714310	-2.91873713574	1.03081750870	-0.000859737396240	0.00439023971558	0.0152192115784	0.565212993050	16.0635405464	0.103360843658	1015.24156092	0.0239477157593	0.000693011283875	0.000972533226013	200000.000000	16.0000000000	0.00000000000	166.000000000	232.000000000	5.00000000000	0.950000000000	-0.740000000000	22.3000000000	0.00000000000	104.000000000	32.0000000000	4622880.00000	2500.00000000	2000.00000000	206.200000000	6466.00000000	1700.00000000	6000.00000000	13314.0000000	5801.00000000	23.4081460007	23.5137486754	23.1798541774	-0.365118443319	23.6668057909	26.2141808083	24.1922097605	-10.8927789160	23.5243397747	23.2737861163	23.2758785345	23.8878234650	23.9764863670	22.7635844875	-12.4077104270	0.882295696942	0.00000000000	0.100000000000	0.0500000000000	-0.0115821838379	0.00000000000	52.0996093750	0.00000000000	-0.571484386921	0.00000000000	14.7500000000	15.0000000000	14.7500000000	14.9812498093	14.8312501907	-300.000000000	0.00000000000	NaN	0.00000000000	22.3002014160	24.9996948242	640.000000000	24.4126381535	24.6453175038	25.2619056246	25.6728387326	24.0009444420	26.4216350983	-59.0620446148	-59.0620446148	-0.000203609466553	-0.000859737396240	-0.000859737396240	-0.000531673431396	-98.9704909459	-273.150000000	-273.150000000	-273.150000000	NaN	0.00000000000	NaN	NaN	1.00000000000	0.00000000000	5.00000000000	0.00000000000

















3733299968.73	NaN	11.0000000000	106.000000000	0.00000000000	0.00000000000	NaN	0.0155472755432	-3.00157193761	1.03081750870	-3.02419697213	1.03803682327	-0.000531673431396	0.00439023971558	0.00832796096802	0.346281655312	9.59076389694	0.105789829254	1015.41616968	0.0223855972290	0.000693607330322	0.000979137420654	200000.000000	16.0000000000	0.00000000000	166.000000000	232.000000000	5.00000000000	0.950000000000	-0.740000000000	22.3000000000	0.00000000000	104.000000000	32.0000000000	4622880.00000	2500.00000000	2000.00000000	206.200000000	6466.00000000	1700.00000000	6000.00000000	13314.0000000	5801.00000000	23.4081460007	23.5137486754	23.1798541774	-0.365118443319	23.6668057909	26.2141808083	24.1922097605	-10.8927789160	23.5243397747	23.2737861163	23.2758785345	23.8878234650	23.9764863670	22.7635844875	-12.4077104270	0.882295696942	0.00000000000	0.100000000000	0.0500000000000	-0.00768647193909	0.00000000000	52.2968750000	0.00000000000	-0.566015660763	0.00000000000	14.7500000000	15.0000000000	14.7500000000	14.9812498093	14.8312501907	-300.000000000	0.00000000000	NaN	0.00000000000	22.2998352051	25.0001831055	640.000000000	24.4126381535	24.6453175038	25.2619056246	25.6728387326	24.0009444420	26.4216350983	-59.0620446148	-59.0620446148	-0.000203609466553	-0.000859737396240	-0.000859737396240	-0.000531673431396	-98.9704909459	-273.150000000	-273.150000000	-273.150000000	NaN	0.00000000000	NaN	NaN	1.00000000000	0.00000000000	5.00000000000	0.00000000000

















3733299968.93	NaN	12.0000000000	108.000000000	0.00000000000	0.00000000000	NaN	0.00373411178589	-2.86611285541	1.03541135788	-2.97897019818	1.02458286285	-0.000859737396240	0.00668764114380	0.0168600082397	0.555696644783	18.5383443718	0.0976920337677	1015.11054090	0.0203776359558	0.000681185722351	0.000992894172668	200000.000000	16.0000000000	0.00000000000	166.000000000	232.000000000	5.00000000000	0.950000000000	-0.740000000000	22.3000000000	0.00000000000	104.000000000	32.0000000000	4622880.00000	2500.00000000	2000.00000000	206.200000000	6466.00000000	1700.00000000	6000.00000000	13314.0000000	5801.00000000	23.4081460007	23.5137486754	23.1798541774	-0.365118443319	23.6668057909	26.2141808083	24.1922097605	-10.8927789160	23.5243397747	23.2737861163	23.2758785345	23.8878234650	23.9764863670	22.7635844875	-12.4077104270	0.882295696942	0.00000000000	0.100000000000	0.0500000000000	-0.00859217643738	0.00000000000	52.2968750000	0.00000000000	-0.566015660763	0.00000000000	14.7562503815	15.1125001907	14.7500000000	14.9875001907	14.8312501907	-300.000000000	0.00000000000	NaN	0.00000000000	22.2998352051	25.0001831055	640.000000000	24.4126381535	24.6453175038	25.2619056246	25.6728387326	24.0009444420	26.4216350983	-59.0620446148	-59.0620446148	-0.000203609466553	-0.000859737396240	-0.000859737396240	-0.000531673431396	-98.9704909459	-273.150000000	-273.150000000	-273.150000000	NaN	0.00000000000	NaN	NaN	1.00000000000	0.00000000000	5.00000000000	0.00000000000

















3733299969.13	NaN	9.00000000000	115.000000000	0.00000000000	1.00000000000	NaN	0.0109534263611	-2.91873713574	1.03573989868	-2.94131703540	1.02983331680	-0.000859737396240	0.00537490844727	0.0112814903259	0.536650116348	16.2538675117	0.102551181793	1015.15419309	0.0183825492859	0.000708675384521	0.000950956344604	200000.000000	16.0000000000	0.00000000000	166.000000000	232.000000000	5.00000000000	0.950000000000	-0.740000000000	22.3000000000	0.00000000000	104.000000000	32.0000000000	4622880.00000	2500.00000000	2000.00000000	206.200000000	6466.00000000	1700.00000000	6000.00000000	13314.0000000	5801.00000000	23.4081460007	23.5137486754	23.1798541774	-0.365118443319	23.6668057909	26.2141808083	24.1922097605	-10.8927789160	23.5243397747	23.2737861163	23.2758785345	23.8878234650	23.9764863670	22.7635844875	-12.4077104270	0.882295696942	0.00000000000	0.100000000000	0.0500000000000	-0.0156484603882	0.00000000000	45.3671875000	0.00000000000	-0.566992223263	0.00000000000	14.7562503815	15.1125001907	14.7500000000	14.9875001907	14.8312501907	-300.000000000	1638.80973658	NaN	0.00000000000	22.2998352051	25.0001831055	640.000000000	24.4126381535	24.6453175038	25.2619056246	25.6728387326	24.0009444420	26.4216350983	-59.0620446148	-59.0620446148	-0.000203609466553	-0.000859737396240	-0.000859737396240	-0.000531673431396	-98.9704909459	-273.150000000	-273.150000000	-273.150000000	NaN	0.00000000000	NaN	NaN	1.00000000000	0.00000000000	5.00000000000	0.00000000000

















3733299969.33	NaN	16.0000000000	110.000000000	0.00000000000	1.00000000000	NaN	0.0112814903259	-2.85860208264	1.03278636932	-2.98650274234	1.02950477600	-0.000859737396240	0.00504684448242	0.0158753395081	0.584245689583	20.4421673012	0.0993113574982	1015.54718970	0.0216898918152	0.000679802894592	0.000945711135864	200000.000000	16.0000000000	0.00000000000	166.000000000	232.000000000	5.00000000000	0.950000000000	-0.740000000000	22.3000000000	0.00000000000	104.000000000	32.0000000000	4622880.00000	2500.00000000	2000.00000000	206.200000000	6466.00000000	1700.00000000	6000.00000000	13314.0000000	5801.00000000	23.4081460007	23.5137486754	23.1798541774	-0.365118443319	23.6668057909	26.2141808083	24.1922097605	-10.8927789160	23.5243397747	23.2737861163	23.2758785345	23.8878234650	23.9764863670	22.7635844875	-12.4077104270	0.882295696942	0.00000000000	0.100000000000	0.0500000000000	-0.00999665260315	0.00000000000	45.3671875000	0.00000000000	-0.566992223263	0.00000000000	14.7500000000	15.0875005722	14.7500000000	14.9812498093	14.8312501907	-300.000000000	1540.14424584	NaN	0.00000000000	22.2999877930	25.0004272461	640.000000000	24.4126381535	24.6453175038	25.2619056246	25.6728387326	24.0009444420	26.4216350983	-59.0620446148	-59.0620446148	-0.000203609466553	-0.000859737396240	-0.000859737396240	-0.000531673431396	-98.9704909459	-273.150000000	-273.150000000	-273.150000000	NaN	0.00000000000	NaN	NaN	1.00000000000	0.00000000000	5.00000000000	0.00000000000

















3733299969.53	NaN	12.0000000000	148.000000000	0.00000000000	2.00000000000	NaN	0.00110912322998	-3.01664661540	1.03344249725	-2.97897019818	1.02556705475	-0.000859737396240	0.00635910034180	0.0175161361694	0.584245689583	14.9213021164	0.0952618713379	1015.06688870	0.0192747116089	0.000653576850891	0.000944948196411	200000.000000	16.0000000000	0.00000000000	166.000000000	232.000000000	5.00000000000	0.950000000000	-0.740000000000	22.3000000000	0.00000000000	104.000000000	32.0000000000	4622880.00000	2500.00000000	2000.00000000	206.200000000	6466.00000000	1700.00000000	6000.00000000	13314.0000000	5801.00000000	23.4081460007	23.5137486754	23.1798541774	-0.365118443319	23.6668057909	26.2141808083	24.1922097605	-10.8927789160	23.5243397747	23.2737861163	23.2758785345	23.8878234650	23.9764863670	22.7635844875	-12.4077104270	0.882295696942	0.00000000000	0.100000000000	0.0500000000000	-0.0131952762604	0.00000000000	53.3066406250	0.00000000000	-0.568554699421	0.00000000000	14.7500000000	15.0875005722	14.7500000000	14.9812498093	14.8312501907	-300.000000000	4066.28154181	NaN	0.00000000000	22.2999877930	25.0004272461	640.000000000	24.4126381535	24.6453175038	25.2619056246	25.6728387326	24.0009444420	26.4216350983	-59.0620446148	-59.0620446148	-0.000203609466553	-0.000859737396240	-0.000859737396240	-0.000531673431396	-98.9704909459	-273.150000000	-273.150000000	-273.150000000	NaN	0.00000000000	NaN	NaN	1.00000000000	0.00000000000	5.00000000000	0.00000000000


















3733299969.73	NaN	7.00000000000	125.000000000	2.00000000000	1.00000000000	NaN	0.0129222869873	-3.01664661540	1.03114557266	-2.99403665515	1.03081750870	-0.000859737396240	0.00307798385620	-0.0116887092590	0.136880497742	10.1620214310	0.0976920337677	1015.32886530	0.0172009468079	0.000675868988037	0.000963997840881	200000.000000	16.0000000000	0.00000000000	166.000000000	232.000000000	5.00000000000	0.950000000000	-0.740000000000	22.3000000000	0.00000000000	104.000000000	32.0000000000	4622880.00000	2500.00000000	2000.00000000	206.200000000	6466.00000000	1700.00000000	6000.00000000	13314.0000000	5801.00000000	23.4081460007	23.5137486754	23.1798541774	-0.365118443319	23.6668057909	26.2141808083	24.1922097605	-10.8927789160	23.5243397747	23.2737861163	23.2758785345	23.8878234650	23.9764863670	22.7635844875	-12.4077104270	0.882295696942	0.00000000000	0.100000000000	0.0500000000000	-0.0160724163055	0.00000000000	53.3066406250	0.00000000000	-0.568554699421	0.00000000000	14.7500000000	15.0000000000	14.7562503815	14.9875001907	14.8312501907	-300.000000000	1451.67921303	NaN	0.00000000000	22.2999877930	25.0004272461	640.000000000	24.4126381535	24.6453175038	25.2619056246	25.6728387326	24.0009444420	26.4216350983	-59.0620446148	-59.0620446148	-0.000203609466553	-0.000859737396240	-0.000859737396240	-0.000531673431396	-98.9704909459	-273.150000000	-273.150000000	-273.150000000	NaN	0.00000000000	NaN	NaN	1.00000000000	0.00000000000	5.00000000000	0.00000000000

















3733299969.93	NaN	8.00000000000	126.000000000	0.00000000000	0.00000000000	NaN	0.000781059265137	-2.90369796184	1.03213024139	-3.02419697213	1.02392673492	-0.000203609466553	0.00734376907349	0.0188288688660	0.631841262817	17.9673634758	0.0968823719025	1015.41616968	0.0181593894958	0.000651574134827	0.000944972038269	200000.000000	16.0000000000	0.00000000000	166.000000000	232.000000000	5.00000000000	0.950000000000	-0.740000000000	22.3000000000	0.00000000000	104.000000000	32.0000000000	4622880.00000	2500.00000000	2000.00000000	206.200000000	6466.00000000	1700.00000000	6000.00000000	13314.0000000	5801.00000000	23.4081460007	23.5137486754	23.1798541774	-0.365118443319	23.6668057909	26.2141808083	24.1922097605	-10.8927789160	23.5243397747	23.2737861163	23.2758785345	23.8878234650	23.9764863670	22.7635844875	-12.4077104270	0.882295696942	0.00000000000	0.100000000000	0.0500000000000	-0.0140903949738	0.00000000000	49.7089843750	0.00000000000	-0.566406250000	0.00000000000	14.7500000000	15.0000000000	14.7562503815	14.9875001907	14.8312501907	-300.000000000	0.00000000000	NaN	0.00000000000	22.2997741699	25.0001220703	640.000000000	24.4126381535	24.6453175038	25.2619056246	25.6728387326	24.0009444420	26.4216350983	-59.0620446148	-59.0620446148	-0.000203609466553	-0.000859737396240	-0.000859737396240	-0.000531673431396	-98.9704909459	-273.150000000	-273.150000000	-273.150000000	NaN	0.00000000000	NaN	NaN	1.00000000000	0.00000000000	5.00000000000	0.00000000000

















3733299970.13	NaN	14.0000000000	107.000000000	0.00000000000	0.00000000000	NaN	0.00668764114380	-3.02419697213	1.03377103806	-2.94131703540	1.03016138077	-0.000203609466553	0.00635910034180	0.0132503509521	0.555696644783	16.2538675117	0.105789829254	1015.15419309	0.0107693672180	0.000681829452515	0.000964760780334	200000.000000	16.0000000000	0.00000000000	166.000000000	232.000000000	5.00000000000	0.950000000000	-0.740000000000	22.3000000000	0.00000000000	104.000000000	32.0000000000	4622880.00000	2500.00000000	2000.00000000	206.200000000	6466.00000000	1700.00000000	6000.00000000	13314.0000000	5801.00000000	23.4081460007	23.5137486754	23.1798541774	-0.365118443319	23.6668057909	26.2141808083	24.1922097605	-10.8927789160	23.5243397747	23.2737861163	23.2758785345	23.8878234650	23.9764863670	22.7635844875	-12.4077104270	0.882295696942	0.00000000000	0.100000000000	0.0500000000000	-0.0140957832336	0.00000000000	49.7089843750	0.00000000000	-0.566406250000	0.00000000000	14.7500000000	15.1187505722	14.7500000000	14.9812498093	14.8312501907	-300.000000000	0.00000000000	NaN	0.00000000000	22.2997741699	25.0001220703	640.000000000	24.4126381535	24.6453175038	25.2619056246	25.6728387326	24.0009444420	26.4216350983	-59.0620446148	-59.0620446148	-0.000203609466553	-0.000859737396240	-0.000203609466553	-0.000531673431396	-98.9704909459	-273.150000000	-273.150000000	-273.150000000	NaN	0.00000000000	NaN	NaN	1.00000000000	0.00000000000	5.00000000000	0.00000000000


















3733299970.33	NaN	11.0000000000	121.000000000	0.00000000000	0.00000000000	NaN	0.00668764114380	-2.94131703540	1.03147363663	-2.96389826843	1.02687978745	0.000124454498291	0.00668764114380	0.0188288688660	0.631841262817	19.8709097672	0.0976920337677	1015.24156092	0.0132503509521	0.000702166557312	0.000995564460754	200000.000000	16.0000000000	0.00000000000	166.000000000	232.000000000	5.00000000000	0.950000000000	-0.740000000000	22.3000000000	0.00000000000	104.000000000	32.0000000000	4622880.00000	2500.00000000	2000.00000000	206.200000000	6466.00000000	1700.00000000	6000.00000000	13314.0000000	5801.00000000	23.4081460007	23.5137486754	23.1798541774	-0.365118443319	23.6668057909	26.2141808083	24.1922097605	-10.8927789160	23.5243397747	23.2737861163	23.2758785345	23.8878234650	23.9764863670	22.7635844875	-12.4077104270	0.882295696942	0.00000000000	0.100000000000	0.0500000000000	-0.0120350360870	0.00000000000	46.6972656250	0.00000000000	-0.570703148842	0.00000000000	14.7500000000	15.1187505722	14.7500000000	14.9812498093	14.8312501907	-300.000000000	0.00000000000	NaN	0.00000000000	22.2551269531	24.9786987305	640.000000000	24.4126381535	24.6453175038	25.2619056246	25.6728387326	24.0009444420	26.4216350983	-59.0620446148	-59.0620446148	-0.000203609466553	-0.000859737396240	-0.000203609466553	-0.000531673431396	-98.9704909459	-273.150000000	-273.150000000	-273.150000000	NaN	0.00000000000	NaN	NaN	1.00000000000	0.00000000000	5.00000000000	0.00000000000


















3733299970.53	NaN	13.0000000000	143.000000000	0.00000000000	0.00000000000	NaN	0.00242137908936	-2.91873713574	1.03147363663	-2.94131703540	1.02687978745	-0.000203609466553	0.00668764114380	0.0204691886902	0.669920487785	15.6828866158	0.100930681229	1015.50353751	0.00638532638550	0.000702786445618	0.000963973999023	200000.000000	16.0000000000	0.00000000000	166.000000000	232.000000000	5.00000000000	0.950000000000	-0.740000000000	22.3000000000	0.00000000000	104.000000000	32.0000000000	4622880.00000	2500.00000000	2000.00000000	206.200000000	6466.00000000	1700.00000000	6000.00000000	13314.0000000	5801.00000000	23.4081460007	23.5137486754	23.1798541774	-0.365118443319	23.6668057909	26.2141808083	24.1922097605	-10.8927789160	23.5243397747	23.2737861163	23.2758785345	23.8878234650	23.9764863670	22.7635844875	-12.4077104270	0.882295696942	0.00000000000	0.100000000000	0.0500000000000	-0.0123736381531	0.00000000000	46.6972656250	0.00000000000	-0.570703148842	0.00000000000	14.7562503815	15.0375003815	14.7500000000	14.9875001907	14.8312501907	-300.000000000	0.00000000000	NaN	0.00000000000	22.2551269531	24.9786987305	640.000000000	24.4126381535	24.6453175038	25.2619056246	25.6728387326	24.0009444420	26.4216350983	-59.0620446148	-59.0620446148	-0.000203609466553	-0.000859737396240	-0.000203609466553	-0.000531673431396	-98.9704909459	-273.150000000	-273.150000000	-273.150000000	NaN	0.00000000000	NaN	NaN	1.00000000000	0.00000000000	5.00000000000	0.00000000000

















3733299970.73	NaN	11.0000000000	146.000000000	0.00000000000	0.00000000000	NaN	0.0102968215942	-3.06191459222	1.02359819412	-2.97142807622	1.03672409058	0.000124454498291	0.00439023971558	0.0142345428467	0.412909925079	11.6849137917	0.100121019363	1015.24156092	0.00390481948853	0.000683736801147	0.000931859016418	200000.000000	16.0000000000	0.00000000000	166.000000000	232.000000000	5.00000000000	0.950000000000	-0.740000000000	22.3000000000	0.00000000000	104.000000000	32.0000000000	4622880.00000	2500.00000000	2000.00000000	206.200000000	6466.00000000	1700.00000000	6000.00000000	13314.0000000	5801.00000000	23.4081460007	23.5137486754	23.1798541774	-0.365118443319	23.6668057909	26.2141808083	24.1922097605	-10.8927789160	23.5243397747	23.2737861163	23.2758785345	23.8878234650	23.9764863670	22.7635844875	-12.4077104270	0.882295696942	0.00000000000	0.100000000000	0.0500000000000	-0.0108852386475	0.00000000000	54.2949218750	0.00000000000	-0.567578136921	0.00000000000	14.7562503815	15.0375003815	14.7500000000	14.9875001907	14.8312501907	-300.000000000	0.00000000000	NaN	0.00000000000	22.2283935547	24.9601440430	640.000000000	24.4126381535	24.6453175038	25.2619056246	25.6728387326	24.0009444420	26.4216350983	-59.0620446148	-59.0620446148	-0.000203609466553	-0.000859737396240	-0.000203609466553	-0.000531673431396	-98.9704909459	-273.150000000	-273.150000000	-273.150000000	NaN	0.00000000000	NaN	NaN	1.00000000000	0.00000000000	5.00000000000	0.00000000000


















3733299970.93	NaN	20.0000000000	108.000000000	1.00000000000	2.00000000000	NaN	0.0112814903259	-2.97897019818	1.02425479889	-2.94884274900	1.02458286285	-0.000531673431396	0.00799989700317	0.0227665901184	0.736548757553	16.2538675117	0.104980167389	1015.37251749	0.00738286972046	0.000679850578308	0.000954198837280	200000.000000	16.0000000000	0.00000000000	166.000000000	232.000000000	5.00000000000	0.950000000000	-0.740000000000	22.3000000000	0.00000000000	104.000000000	32.0000000000	4622880.00000	2500.00000000	2000.00000000	206.200000000	6466.00000000	1700.00000000	6000.00000000	13314.0000000	5801.00000000	23.4081460007	23.5137486754	23.1798541774	-0.365118443319	23.6668057909	26.2141808083	24.1922097605	-10.8927789160	23.5243397747	23.2737861163	23.2758785345	23.8878234650	23.9764863670	22.7635844875	-12.4077104270	0.882295696942	0.00000000000	0.100000000000	0.0500000000000	-0.00760383605957	0.00000000000	54.2949218750	0.00000000000	-0.567578136921	0.00000000000	14.7500000000	15.0937500000	14.7500000000	14.9812498093	14.8312501907	-300.000000000	2965.19619069	NaN	0.00000000000	22.2283935547	24.9601440430	640.000000000	24.4126381535	24.6453175038	25.2619056246	25.6728387326	24.0009444420	26.4216350983	-59.0620446148	-59.0620446148	-0.000203609466553	-0.000859737396240	-0.000203609466553	-0.000531673431396	-98.9704909459	-273.150000000	-273.150000000	-273.150000000	NaN	0.00000000000	NaN	NaN	1.00000000000	0.00000000000	5.00000000000	0.00000000000


















3733299971.13	NaN	8.00000000000	95.0000000000	0.00000000000	0.00000000000	NaN	0.0129222869873	-3.00910859070	1.02261400223	-2.83606696289	1.04919338226	-0.000859737396240	0.00373411178589	0.0112814903259	1.04114106159	23.1072980919	0.0993113574982	1015.41616968	0.00112199783325	0.000687074661255	0.000972580909729	200000.000000	16.0000000000	0.00000000000	166.000000000	232.000000000	5.00000000000	0.950000000000	-0.740000000000	22.3000000000	0.00000000000	104.000000000	32.0000000000	4622880.00000	2500.00000000	2000.00000000	206.200000000	6466.00000000	1700.00000000	6000.00000000	13314.0000000	5801.00000000	23.4081460007	23.5137486754	23.1798541774	-0.365118443319	23.6668057909	26.2141808083	24.1922097605	-10.8927789160	23.5243397747	23.2737861163	23.2758785345	23.8878234650	23.9764863670	22.7635844875	-12.4077104270	0.882295696942	0.00000000000	0.100000000000	0.0500000000000	-0.00893998146057	0.00000000000	50.2851562500	0.00000000000	-0.566601574421	0.00000000000	14.7500000000	15.0937500000	14.7500000000	14.9812498093	14.8312501907	-300.000000000	0.00000000000	NaN	0.00000000000	22.2283935547	24.9601440430	640.000000000	24.4126381535	24.6453175038	25.2619056246	25.6728387326	24.0009444420	26.4216350983	-59.0620446148	-59.0620446148	-0.000203609466553	-0.000859737396240	-0.000203609466553	-0.000531673431396	-98.9704909459	-273.150000000	-273.150000000	-273.150000000	NaN	0.00000000000	NaN	NaN	1.00000000000	0.00000000000	5.00000000000	0.00000000000

















3733299971.33	NaN	12.0000000000	123.000000000	0.00000000000	1.00000000000	NaN	0.0106253623962	-2.88113846102	1.02327013016	-2.91873713574	1.02753591537	-0.00118780136108	0.00701570510864	0.0207977294922	0.727032409286	19.1096019058	0.104170505524	1015.11054090	0.00910234451294	0.000703454017639	0.000977802276611	200000.000000	16.0000000000	0.00000000000	166.000000000	232.000000000	5.00000000000	0.950000000000	-0.740000000000	22.3000000000	0.00000000000	104.000000000	32.0000000000	4622880.00000	2500.00000000	2000.00000000	206.200000000	6466.00000000	1700.00000000	6000.00000000	13314.0000000	5801.00000000	23.4081460007	23.5137486754	23.1798541774	-0.365118443319	23.6668057909	26.2141808083	24.1922097605	-10.8927789160	23.5243397747	23.2737861163	23.2758785345	23.8878234650	23.9764863670	22.7635844875	-12.4077104270	0.882295696942	0.00000000000	0.100000000000	0.0500000000000	-0.0143398284912	0.00000000000	50.2851562500	0.00000000000	-0.566601574421	0.00000000000	14.7500000000	14.9937505722	14.7500000000	14.9812498093	14.8312501907	-300.000000000	1540.14424584	NaN	0.00000000000	22.2863769531	25.0115661621	640.000000000	24.4126381535	24.6453175038	25.2619056246	25.6728387326	24.0009444420	26.4216350983	-59.0620446148	-59.0620446148	-0.000203609466553	-0.000859737396240	-0.000203609466553	-0.000531673431396	-98.9704909459	-273.150000000	-273.150000000	-273.150000000	NaN	0.00000000000	NaN	NaN	1.00000000000	0.00000000000	5.00000000000	0.00000000000

















3733299971.53	NaN	10.0000000000	111.000000000	0.00000000000	1.00000000000	NaN	0.00931262969971	-3.03173774501	1.02195787430	-2.94884274900	1.02753591537	-0.00118780136108	0.00701570510864	0.0240788459778	0.793660679054	15.3019560471	0.106599491119	1015.54718970	0.00694990158081	0.000697565078735	0.000994181632996	200000.000000	16.0000000000	0.00000000000	166.000000000	232.000000000	5.00000000000	0.950000000000	-0.740000000000	22.3000000000	0.00000000000	104.000000000	32.0000000000	4622880.00000	2500.00000000	2000.00000000	206.200000000	6466.00000000	1700.00000000	6000.00000000	13314.0000000	5801.00000000	23.4081460007	23.5137486754	23.1798541774	-0.365118443319	23.6668057909	26.2141808083	24.1922097605	-10.8927789160	23.5243397747	23.2737861163	23.2758785345	23.8878234650	23.9764863670	22.7635844875	-12.4077104270	0.882295696942	0.00000000000	0.100000000000	0.0500000000000	-0.00756306648254	0.00000000000	52.4746093750	0.00000000000	-0.569335937500	0.00000000000	14.7500000000	14.9937505722	14.7500000000	14.9812498093	14.8312501907	-300.000000000	1372.82491023	NaN	0.00000000000	22.2863769531	25.0115661621	640.000000000	24.4126381535	24.6453175038	25.2619056246	25.6728387326	24.0009444420	26.4216350983	-59.0620446148	-59.0620446148	-0.000203609466553	-0.000859737396240	-0.000203609466553	-0.000531673431396	-98.9704909459	-273.150000000	-273.150000000	-273.150000000	NaN	0.00000000000	NaN	NaN	1.00000000000	0.00000000000	5.00000000000	0.00000000000


















3733299971.73	NaN	12.0000000000	112.000000000	0.00000000000	2.00000000000	NaN	0.00274991989136	-2.89618041222	1.02392673492	-2.95636982635	1.02819252014	0.000124454498291	0.00734376907349	-0.00906324386597	0.289169733810	8.82945603561	0.103360843658	1015.37251749	-0.00517797470093	0.000683736801147	0.000937080383301	200000.000000	16.0000000000	0.00000000000	166.000000000	232.000000000	5.00000000000	0.950000000000	-0.740000000000	22.3000000000	0.00000000000	104.000000000	32.0000000000	4622880.00000	2500.00000000	2000.00000000	206.200000000	6466.00000000	1700.00000000	6000.00000000	13314.0000000	5801.00000000	23.4081460007	23.5137486754	23.1798541774	-0.365118443319	23.6668057909	26.2141808083	24.1922097605	-10.8927789160	23.5243397747	23.2737861163	23.2758785345	23.8878234650	23.9764863670	22.7635844875	-12.4077104270	0.882295696942	0.00000000000	0.100000000000	0.0500000000000	-0.0146706581116	0.00000000000	52.4746093750	0.00000000000	-0.569335937500	0.00000000000	14.7562503815	15.0500001907	14.7500000000	14.9812498093	14.8289070129	-300.000000000	2930.99970868	NaN	0.00000000000	22.2939147949	25.0013427734	640.000000000	24.4126381535	24.6453175038	25.2619056246	25.6728387326	24.0009444420	26.4216350983	-59.0620446148	-59.0620446148	-0.000203609466553	-0.000859737396240	-0.000203609466553	-0.000531673431396	-98.9704909459	-273.150000000	-273.150000000	-273.150000000	NaN	0.00000000000	NaN	NaN	1.00000000000	0.00000000000	5.00000000000	0.00000000000

















3733299971.93	NaN	14.0000000000	110.000000000	0.00000000000	1.00000000000	NaN	0.00996875762939	-2.89618041222	1.01867628098	-2.97897019818	1.02556705475	-0.000203609466553	0.00832796096802	0.0250635147095	0.793660679054	18.1576904411	0.0985016956329	1014.97958432	0.00248718261719	0.000707435607910	0.000973892211914	200000.000000	16.0000000000	0.00000000000	166.000000000	232.000000000	5.00000000000	0.950000000000	-0.740000000000	22.3000000000	0.00000000000	104.000000000	32.0000000000	4622880.00000	2500.00000000	2000.00000000	206.200000000	6466.00000000	1700.00000000	6000.00000000	13314.0000000	5801.00000000	23.4081460007	23.5137486754	23.1798541774	-0.365118443319	23.6668057909	26.2141808083	24.1922097605	-10.8927789160	23.5243397747	23.2737861163	23.2758785345	23.8878234650	23.9764863670	22.7635844875	-12.4077104270	0.882295696942	0.00000000000	0.100000000000	0.0500000000000	-0.00997686386108	0.00000000000	46.3730468750	0.00000000000	-0.564453125000	0.00000000000	14.7562503815	15.0500001907	14.7500000000	14.9812498093	14.8289070129	-300.000000000	1451.67921303	NaN	0.00000000000	22.2939147949	25.0013427734	640.000000000	24.4126381535	24.6453175038	25.2619056246	25.6728387326	24.0009444420	26.4216350983	-59.0620446148	-59.0620446148	-0.000203609466553	-0.000859737396240	-0.000203609466553	-0.000531673431396	-98.9704909459	-273.150000000	-273.150000000	-273.150000000	NaN	0.00000000000	NaN	NaN	1.00000000000	0.00000000000	5.00000000000	0.00000000000


















3733299972.13	NaN	12.0000000000	106.000000000	0.00000000000	0.00000000000	NaN	0.00964069366455	-2.81355490144	1.01539468765	-3.01664661540	1.02294206619	-0.000203609466553	0.00898456573486	0.0217819213867	0.793660679054	20.6324942665	0.0968823719025	1015.37251749	-0.00113534927368	0.000697541236877	0.000994849205017	200000.000000	16.0000000000	0.00000000000	166.000000000	232.000000000	5.00000000000	0.950000000000	-0.740000000000	22.3000000000	0.00000000000	104.000000000	32.0000000000	4622880.00000	2500.00000000	2000.00000000	206.200000000	6466.00000000	1700.00000000	6000.00000000	13314.0000000	5801.00000000	23.4081460007	23.5137486754	23.1798541774	-0.365118443319	23.6668057909	26.2141808083	24.1922097605	-10.8927789160	23.5243397747	23.2737861163	23.2758785345	23.8878234650	23.9764863670	22.7635844875	-12.4077104270	0.882295696942	0.00000000000	0.100000000000	0.0500000000000	-0.00543413162231	0.00000000000	46.3730468750	0.00000000000	-0.564453125000	0.00000000000	14.7500000000	15.0562505722	14.7500000000	14.9875001907	14.8312501907	-300.000000000	0.00000000000	NaN	0.00000000000	22.2939147949	25.0013427734	640.000000000	24.4126381535	24.6453175038	25.2619056246	25.6728387326	24.0009444420	26.4216350983	-59.0620446148	-59.0620446148	-0.000203609466553	-0.000859737396240	-0.000203609466553	-0.000531673431396	NaN	-273.150000000	-273.150000000	-273.150000000	NaN	0.00000000000	NaN	NaN	1.00000000000	0.00000000000	5.00000000000	0.00000000000


















3733299972.33	NaN	9.00000000000	106.000000000	0.00000000000	1.00000000000	NaN	0.0109534263611	-3.06191459222	1.01539468765	-2.93379268458	1.02852058411	-0.00118780136108	0.00635910034180	0.0276885032654	0.898368173790	18.3480174065	0.107410329819	1015.28521311	-0.00660896301270	0.000707435607910	0.000962090492249	200000.000000	16.0000000000	0.00000000000	166.000000000	232.000000000	5.00000000000	0.950000000000	-0.740000000000	22.3000000000	0.00000000000	104.000000000	32.0000000000	4622880.00000	2500.00000000	2000.00000000	206.200000000	6466.00000000	1700.00000000	6000.00000000	13314.0000000	5801.00000000	23.4081460007	23.5137486754	23.1798541774	-0.365118443319	23.6668057909	26.2141808083	24.1922097605	-10.8927789160	23.5243397747	23.2737861163	23.2758785345	23.8878234650	23.9764863670	22.7635844875	-12.4077104270	0.882295696942	0.00000000000	0.100000000000	0.0500000000000	-0.00938367843628	0.00000000000	54.1562500000	0.00000000000	-0.569726586342	0.00000000000	14.7500000000	15.0562505722	14.7500000000	14.9875001907	14.8312501907	-300.000000000	1509.11975743	NaN	0.00000000000	22.3057250977	25.0035095215	640.000000000	24.4126381535	24.6453175038	25.2619056246	25.6728387326	24.0009444420	26.4216350983	-59.0620446148	-59.0620446148	-0.000203609466553	-0.000859737396240	-0.000203609466553	-0.000531673431396	NaN	-273.150000000	-273.150000000	-273.150000000	NaN	0.00000000000	NaN	NaN	1.00000000000	0.00000000000	5.00000000000	0.00000000000


















3733299972.53	NaN	4.00000000000	122.000000000	0.00000000000	0.00000000000	NaN	0.0112814903259	-3.06191459222	1.01178550720	-2.99403665515	1.02589559555	-0.00250053405762	0.00767183303833	0.0293292999268	0.907884522057	17.2057789764	0.102551181793	1015.45982187	-0.0102710723877	0.000716543197632	0.000973224639893	200000.000000	16.0000000000	0.00000000000	166.000000000	232.000000000	5.00000000000	0.950000000000	-0.740000000000	22.3000000000	0.00000000000	104.000000000	32.0000000000	4622880.00000	2500.00000000	2000.00000000	206.200000000	6466.00000000	1700.00000000	6000.00000000	13314.0000000	5801.00000000	23.4081460007	23.5137486754	23.1798541774	-0.365118443319	23.6668057909	26.2141808083	24.1922097605	-10.8927789160	23.5243397747	23.2737861163	23.2758785345	23.8878234650	23.9764863670	22.7635844875	-12.4077104270	0.882295696942	0.00000000000	0.100000000000	0.0500000000000	-0.0110387325287	0.00000000000	54.1562500000	0.00000000000	-0.569726586342	0.00000000000	14.7562503815	15.0187501907	14.7500000000	14.9812498093	14.8312501907	-300.000000000	0.00000000000	NaN	0.00000000000	22.3057250977	25.0035095215	640.000000000	24.4126381535	24.6453175038	25.2619056246	25.6728387326	24.0009444420	26.4216350983	-59.0620446148	-59.0620446148	-0.000203609466553	-0.000859737396240	-0.000203609466553	-0.000531673431396	NaN	-273.150000000	-273.150000000	-273.150000000	NaN	0.00000000000	NaN	NaN	1.00000000000	0.00000000000	5.00000000000	0.00000000000

















3733299972.73	NaN	13.0000000000	111.000000000	0.00000000000	1.00000000000	NaN	0.0155472755432	-2.87362498121	1.00948810577	-2.94884274900	1.02687978745	-0.00151634216309	0.00767183303833	0.0237507820129	0.755581454086	15.4922830124	0.106599491119	1015.45982187	-0.00718641281128	0.000703501701355	0.000994873046875	200000.000000	16.0000000000	0.00000000000	166.000000000	232.000000000	5.00000000000	0.950000000000	-0.740000000000	22.3000000000	0.00000000000	104.000000000	32.0000000000	4622880.00000	2500.00000000	2000.00000000	206.200000000	6466.00000000	1700.00000000	6000.00000000	13314.0000000	5801.00000000	23.4081460007	23.5137486754	23.1798541774	-0.365118443319	23.6668057909	26.2141808083	24.1922097605	-10.8927789160	23.5243397747	23.2737861163	23.2758785345	23.8878234650	23.9764863670	22.7635844875	-12.4077104270	0.882295696942	0.00000000000	0.100000000000	0.0500000000000	-0.00842542648315	0.00000000000	51.5214843750	0.00000000000	-0.565429687500	0.00000000000	14.7562503815	15.0187501907	14.7500000000	14.9812498093	14.8312501907	-300.000000000	1451.67921303	NaN	0.00000000000	22.3034057617	25.0052795410	640.000000000	24.4126381535	24.6453175038	25.2619056246	25.6728387326	24.0009444420	26.4216350983	-59.0620446148	-59.0620446148	-0.000203609466553	-0.000859737396240	-0.000203609466553	-0.000531673431396	NaN	-273.150000000	-273.150000000	-273.150000000	NaN	0.00000000000	NaN	NaN	1.00000000000	0.00000000000	5.00000000000	0.00000000000

















3733299972.93	NaN	22.0000000000	126.000000000	1.00000000000	0.00000000000	NaN	0.0132503509521	-2.94131703540	1.00653505325	-2.97142807622	1.02655172348	-0.00118780136108	0.00701570510864	0.0306415557861	0.984029140091	18.3480174065	0.104170505524	1015.45982187	-0.00996923446655	0.000694274902344	0.000984382629395	200000.000000	16.0000000000	0.00000000000	166.000000000	232.000000000	5.00000000000	0.950000000000	-0.740000000000	22.3000000000	0.00000000000	104.000000000	32.0000000000	4622880.00000	2500.00000000	2000.00000000	206.200000000	6466.00000000	1700.00000000	6000.00000000	13314.0000000	5801.00000000	23.4081460007	23.5137486754	23.1798541774	-0.365118443319	23.6668057909	26.2141808083	24.1922097605	-10.8927789160	23.5243397747	23.2737861163	23.2758785345	23.8878234650	23.9764863670	22.7635844875	-12.4077104270	0.882295696942	0.00000000000	0.100000000000	0.0500000000000	-0.00773634910583	0.00000000000	51.5214843750	0.00000000000	-0.565429687500	0.00000000000	14.7500000000	15.1125001907	14.7500000000	14.9812498093	14.8312501907	-300.000000000	0.00000000000	NaN	0.00000000000	22.3034057617	25.0052795410	640.000000000	24.4126381535	24.6453175038	25.2619056246	25.6728387326	24.0009444420	26.4216350983	-59.0620446148	-59.0620446148	-0.000203609466553	-0.000859737396240	-0.000203609466553	-0.000531673431396	NaN	-273.150000000	-273.150000000	-273.150000000	NaN	0.00000000000	NaN	NaN	1.00000000000	0.00000000000	5.00000000000	0.00000000000

















3733299973.13	NaN	6.00000000000	118.000000000	1.00000000000	1.00000000000	NaN	0.0148911476135	-2.91121686936	1.00555086136	-3.00157193761	1.02458286285	-0.000859737396240	0.00865650177002	0.0293292999268	0.945949915123	17.2057789764	0.100121019363	1015.11054090	-0.0164794921875	0.000715303421021	0.000993585586548	200000.000000	16.0000000000	0.00000000000	166.000000000	232.000000000	5.00000000000	0.950000000000	-0.740000000000	22.3000000000	0.00000000000	104.000000000	32.0000000000	4622880.00000	2500.00000000	2000.00000000	206.200000000	6466.00000000	1700.00000000	6000.00000000	13314.0000000	5801.00000000	23.4081460007	23.5137486754	23.1798541774	-0.365118443319	23.6668057909	26.2141808083	24.1922097605	-10.8927789160	23.5243397747	23.2737861163	23.2758785345	23.8878234650	23.9764863670	22.7635844875	-12.4077104270	0.882295696942	0.00000000000	0.100000000000	0.0500000000000	-0.00891766548157	0.00000000000	45.4042968750	0.00000000000	-0.565820336342	0.00000000000	14.7500000000	15.1125001907	14.7500000000	14.9812498093	14.8312501907	-300.000000000	1509.11975743	NaN	0.00000000000	22.3034057617	25.0052795410	640.000000000	24.4126381535	24.6453175038	25.2619056246	25.6728387326	24.0009444420	26.4216350983	-59.0620446148	-59.0620446148	-0.000203609466553	-0.000859737396240	-0.000203609466553	-0.000531673431396	NaN	NaN	-273.150000000	-273.150000000	NaN	0.00000000000	NaN	NaN	1.00000000000	0.00000000000	5.00000000000	0.00000000000


















3733299973.33	NaN	19.0000000000	130.000000000	0.00000000000	2.00000000000	NaN	0.00537490844727	-2.96389826843	1.00128459930	-3.05436831509	1.02195787430	-0.00118780136108	0.0106253623962	0.0345792770386	1.03162471333	18.5383443718	0.104170505524	1015.24156092	-0.0153765678406	0.000715351104736	0.000974535942078	200000.000000	16.0000000000	0.00000000000	166.000000000	232.000000000	5.00000000000	0.950000000000	-0.740000000000	22.3000000000	0.00000000000	104.000000000	32.0000000000	4622880.00000	2500.00000000	2000.00000000	206.200000000	6466.00000000	1700.00000000	6000.00000000	13314.0000000	5801.00000000	23.4081460007	23.5137486754	23.1798541774	-0.365118443319	23.6668057909	26.2141808083	24.1922097605	-10.8927789160	23.5243397747	23.2737861163	23.2758785345	23.8878234650	23.9764863670	22.7635844875	-12.4077104270	0.882295696942	0.00000000000	0.100000000000	0.0500000000000	-0.00799627304077	0.00000000000	45.4042968750	0.00000000000	-0.565820336342	0.00000000000	14.7562503815	15.1125001907	14.7500000000	14.9812498093	14.8289070129	-300.000000000	2848.16899230	NaN	0.00000000000	22.3019104004	24.9999084473	640.000000000	24.4126381535	24.6453175038	25.2619056246	25.6728387326	24.0009444420	26.4216350983	-59.0620446148	-59.0620446148	-0.000203609466553	-0.000859737396240	-0.000203609466553	-0.000531673431396	NaN	NaN	-273.150000000	-273.150000000	NaN	0.00000000000	NaN	NaN	1.00000000000	0.00000000000	5.00000000000	0.00000000000

















3733299973.53	NaN	17.0000000000	120.000000000	0.00000000000	0.00000000000	NaN	0.00832796096802	-2.85860208264	1.00194120407	-3.00157193761	1.02261400223	0.000124454498291	0.0106253623962	0.0332670211792	1.04114106159	21.0131481972	0.104170505524	1015.41616968	-0.0166234970093	0.000682425498962	0.000956821441650	200000.000000	16.0000000000	0.00000000000	166.000000000	232.000000000	5.00000000000	0.950000000000	-0.740000000000	22.3000000000	0.00000000000	104.000000000	32.0000000000	4622880.00000	2500.00000000	2000.00000000	206.200000000	6466.00000000	1700.00000000	6000.00000000	13314.0000000	5801.00000000	23.4081460007	23.5137486754	23.1798541774	-0.365118443319	23.6668057909	26.2141808083	24.1922097605	-10.8927789160	23.5243397747	23.2737861163	23.2758785345	23.8878234650	23.9764863670	22.7635844875	-12.4077104270	0.882295696942	0.00000000000	0.100000000000	0.0500000000000	-0.00351371765137	0.00000000000	54.8984375000	0.00000000000	-0.569140613079	0.00000000000	14.7562503815	15.1125001907	14.7500000000	14.9812498093	14.8289070129	-300.000000000	0.00000000000	NaN	0.00000000000	22.3019104004	24.9999084473	640.000000000	24.4126381535	24.6453175038	25.2619056246	25.6728387326	24.0009444420	26.4216350983	-59.0620446148	-59.0620446148	-0.000203609466553	-0.000859737396240	-0.000203609466553	-0.000531673431396	NaN	NaN	-273.150000000	-273.150000000	NaN	0.00000000000	NaN	NaN	1.00000000000	0.00000000000	5.00000000000	0.00000000000


















3733299973.73	NaN	14.0000000000	108.000000000	1.00000000000	0.00000000000	NaN	0.00865650177002	-2.86611285541	0.996362686157	-3.05436831509	1.01703548431	0.00439023971558	0.0122656822205	0.0214538574219	0.812693375587	16.0635405464	0.0968823719025	1015.37251749	-0.0188684463501	0.000721859931946	0.00100932121277	200000.000000	16.0000000000	0.00000000000	166.000000000	232.000000000	5.00000000000	0.950000000000	-0.740000000000	22.3000000000	0.00000000000	104.000000000	32.0000000000	4622880.00000	2500.00000000	2000.00000000	206.200000000	6466.00000000	1700.00000000	6000.00000000	13314.0000000	5801.00000000	23.4081460007	23.5137486754	23.1798541774	-0.365118443319	23.6668057909	26.2141808083	24.1922097605	-10.8927789160	23.5243397747	23.2737861163	23.2758785345	23.8878234650	23.9764863670	22.7635844875	-12.4077104270	0.882295696942	0.00000000000	0.100000000000	0.0500000000000	-0.00375661849976	0.00000000000	54.8984375000	0.00000000000	-0.569140613079	0.00000000000	14.7562503815	15.0124998093	14.7500000000	14.9812498093	14.8312501907	-300.000000000	0.00000000000	NaN	0.00000000000	22.2996520996	24.9998779297	640.000000000	24.4126381535	24.6453175038	25.2619056246	25.6728387326	24.0009444420	26.4216350983	-59.0620446148	-59.0620446148	-0.000203609466553	-0.000859737396240	-0.000203609466553	-0.000531673431396	NaN	NaN	-273.150000000	-273.150000000	NaN	0.00000000000	NaN	NaN	1.00000000000	0.00000000000	5.00000000000	0.00000000000


















3733299973.93	NaN	11.0000000000	111.000000000	0.00000000000	5.00000000000	NaN	0.0122656822205	-2.89618041222	0.995706558228	-3.05436831509	1.02327013016	-0.000859737396240	0.00964069366455	0.0362200737000	1.10776933136	19.1096019058	0.102551181793	1015.37251749	-0.0225563049316	0.000705504417419	0.000967311859131	200000.000000	16.0000000000	0.00000000000	166.000000000	232.000000000	5.00000000000	0.950000000000	-0.740000000000	22.3000000000	0.00000000000	104.000000000	32.0000000000	4622880.00000	2500.00000000	2000.00000000	206.200000000	6466.00000000	1700.00000000	6000.00000000	13314.0000000	5801.00000000	23.4081460007	23.5137486754	23.1798541774	-0.365118443319	23.6668057909	26.2141808083	24.1922097605	-10.8927789160	23.5243397747	23.2737861163	23.2758785345	23.8878234650	23.9764863670	22.7635844875	-12.4077104270	0.882295696942	0.00000000000	0.100000000000	0.0500000000000	-0.00873785018921	0.00000000000	46.7812500000	0.00000000000	-0.564453125000	0.00000000000	14.7562503815	15.0124998093	14.7500000000	14.9812498093	14.8312501907	-300.000000000	7215.69239213	NaN	0.00000000000	22.2996520996	24.9998779297	640.000000000	24.4126381535	24.6453175038	25.2619056246	25.6728387326	24.0009444420	26.4216350983	-59.0620446148	-59.0620446148	-0.000203609466553	-0.000859737396240	-0.000203609466553	-0.000531673431396	NaN	NaN	-273.150000000	-273.150000000	NaN	0.00000000000	NaN	NaN	1.00000000000	0.00000000000	5.00000000000	0.00000000000


















3733299974.13	NaN	15.0000000000	122.000000000	0.00000000000	0.00000000000	NaN	0.00340604782104	-3.02419697213	0.995706558228	-3.01664661540	1.01966094971	-0.000203609466553	0.0125937461853	0.0355639457703	1.09825298309	17.3961059418	0.0976920337677	1015.15419309	-0.0218477249146	0.000696969032288	0.000986337661743	200000.000000	16.0000000000	0.00000000000	166.000000000	232.000000000	5.00000000000	0.950000000000	-0.740000000000	22.3000000000	0.00000000000	104.000000000	32.0000000000	4622880.00000	2500.00000000	2000.00000000	206.200000000	6466.00000000	1700.00000000	6000.00000000	13314.0000000	5801.00000000	23.4081460007	23.5137486754	23.1798541774	-0.365118443319	23.6668057909	26.2141808083	24.1922097605	-10.8927789160	23.5243397747	23.2737861163	23.2758785345	23.8878234650	23.9764863670	22.7635844875	-12.4077104270	0.882295696942	0.00000000000	0.100000000000	0.0500000000000	-0.00774550437927	0.00000000000	46.7812500000	0.00000000000	-0.564453125000	0.00000000000	14.7562503815	15.1125001907	14.7500000000	14.9812498093	14.8312501907	-300.000000000	0.00000000000	NaN	0.00000000000	22.2996520996	24.9998779297	640.000000000	24.4126381535	24.6453175038	25.2619056246	25.6728387326	24.0009444420	26.4216350983	-59.0620446148	-59.0620446148	-0.000203609466553	-0.000859737396240	-0.000203609466553	-0.000531673431396	NaN	NaN	NaN	-273.150000000	NaN	0.00000000000	NaN	NaN	1.00000000000	0.00000000000	5.00000000000	0.00000000000


















3733299974.33	NaN	11.0000000000	123.000000000	1.00000000000	0.00000000000	NaN	0.00964069366455	-2.96389826843	0.993081092834	-3.03927989248	1.01802015305	0.000452518463135	0.0132503509521	0.0391736030579	1.12681585979	20.6324942665	0.0985016956329	1015.32886530	-0.0297889709473	0.000692963600159	0.000955510139465	200000.000000	16.0000000000	0.00000000000	166.000000000	232.000000000	5.00000000000	0.950000000000	-0.740000000000	22.3000000000	0.00000000000	104.000000000	32.0000000000	4622880.00000	2500.00000000	2000.00000000	206.200000000	6466.00000000	1700.00000000	6000.00000000	13314.0000000	5801.00000000	23.4081460007	23.5137486754	23.1798541774	-0.365118443319	23.6668057909	26.2141808083	24.1922097605	-10.8927789160	23.5243397747	23.2737861163	23.2758785345	23.8878234650	23.9764863670	22.7635844875	-12.4077104270	0.882295696942	0.00000000000	0.100000000000	0.0500000000000	-0.00920386314392	0.00000000000	49.2636718750	0.00000000000	-0.570312500000	0.00000000000	14.7562503815	15.1125001907	14.7500000000	14.9812498093	14.8312501907	-300.000000000	0.00000000000	NaN	0.00000000000	22.2986755371	25.0000305176	640.000000000	24.4126381535	24.6453175038	25.2619056246	25.6728387326	24.0009444420	26.4216350983	-59.0620446148	-59.0620446148	-0.000203609466553	-0.000859737396240	-0.000203609466553	-0.000531673431396	NaN	NaN	NaN	-273.150000000	NaN	0.00000000000	NaN	NaN	1.00000000000	0.00000000000	5.00000000000	0.00000000000


















3733299974.53	NaN	7.00000000000	117.000000000	0.00000000000	1.00000000000	NaN	0.00307798385620	-2.96389826843	0.992424964905	-3.03927989248	1.01834821701	0.000781059265137	0.0132503509521	0.0408143997192	1.20296047783	18.5383443718	0.0993113574982	1015.32886530	-0.0258641242981	0.000713300704956	0.000994801521301	200000.000000	16.0000000000	0.00000000000	166.000000000	232.000000000	5.00000000000	0.950000000000	-0.740000000000	22.3000000000	0.00000000000	104.000000000	32.0000000000	4622880.00000	2500.00000000	2000.00000000	206.200000000	6466.00000000	1700.00000000	6000.00000000	13314.0000000	5801.00000000	23.4081460007	23.5137486754	23.1798541774	-0.365118443319	23.6668057909	26.2141808083	24.1922097605	-10.8927789160	23.5243397747	23.2737861163	23.2758785345	23.8878234650	23.9764863670	22.7635844875	-12.4077104270	0.882295696942	0.00000000000	0.100000000000	0.0500000000000	-0.00417141914368	0.00000000000	49.2636718750	0.00000000000	-0.570312500000	0.00000000000	14.7500000000	15.0062503815	14.7500000000	14.9812498093	14.8312501907	-300.000000000	1424.08449615	NaN	0.00000000000	22.2986755371	25.0000305176	640.000000000	24.4126381535	24.6453175038	25.2619056246	25.6728387326	24.0009444420	26.4216350983	-59.0620446148	-59.0620446148	-0.000203609466553	-0.000859737396240	-0.000203609466553	-0.000531673431396	NaN	NaN	NaN	-273.150000000	NaN	0.00000000000	NaN	NaN	1.00000000000	0.00000000000	5.00000000000	0.00000000000

















3733299974.73	NaN	22.0000000000	111.000000000	0.00000000000	3.00000000000	NaN	0.0142345428467	-3.08457267427	0.992753028870	-2.94131703540	1.02655172348	-0.00184440612793	0.00996875762939	0.0349078178406	0.993545488358	13.0174791870	0.103360843658	1015.28521311	-0.0277280807495	0.000700879096985	0.000939655303955	200000.000000	16.0000000000	0.00000000000	166.000000000	232.000000000	5.00000000000	0.950000000000	-0.740000000000	22.3000000000	0.00000000000	104.000000000	32.0000000000	4622880.00000	2500.00000000	2000.00000000	206.200000000	6466.00000000	1700.00000000	6000.00000000	13314.0000000	5801.00000000	23.4081460007	23.5137486754	23.1798541774	-0.365118443319	23.6668057909	26.2141808083	24.1922097605	-10.8927789160	23.5243397747	23.2737861163	23.2758785345	23.8878234650	23.9764863670	22.7635844875	-12.4077104270	0.882295696942	0.00000000000	0.100000000000	0.0500000000000	-0.00702490806580	0.00000000000	54.3183593750	0.00000000000	-0.564648449421	0.00000000000	14.7500000000	15.0062503815	14.7500000000	14.9812498093	14.8312501907	-300.000000000	4448.53300871	NaN	0.00000000000	22.2982788086	24.9996643066	640.000000000	24.4126381535	24.6453175038	25.2619056246	25.6728387326	24.0009444420	26.4216350983	-59.0620446148	-59.0620446148	-0.000203609466553	-0.000859737396240	-0.000203609466553	-0.000531673431396	NaN	NaN	NaN	-273.150000000	NaN	0.00000000000	NaN	NaN	1.00000000000	0.00000000000	5.00000000000	0.00000000000


















3733299974.93	NaN	15.0000000000	118.000000000	0.00000000000	0.00000000000	NaN	0.00832796096802	-3.12991521496	0.988487243652	-3.02419697213	1.02031707764	-0.000531673431396	0.0129222869873	0.0421266555786	1.23150952263	18.7286713371	0.0960715332031	1015.32886530	-0.0261659622192	0.000673890113831	0.000947690010071	200000.000000	16.0000000000	0.00000000000	166.000000000	232.000000000	5.00000000000	0.950000000000	-0.740000000000	22.3000000000	0.00000000000	104.000000000	32.0000000000	4622880.00000	2500.00000000	2000.00000000	206.200000000	6466.00000000	1700.00000000	6000.00000000	13314.0000000	5801.00000000	23.4081460007	23.5137486754	23.1798541774	-0.365118443319	23.6668057909	26.2141808083	24.1922097605	-10.8927789160	23.5243397747	23.2737861163	23.2758785345	23.8878234650	23.9764863670	22.7635844875	-12.4077104270	0.882295696942	0.00000000000	0.100000000000	0.0500000000000	-0.00760898590088	0.00000000000	54.3183593750	0.00000000000	-0.564648449421	0.00000000000	14.7562503815	15.0375003815	14.7500000000	14.9875001907	14.8312501907	-300.000000000	0.00000000000	NaN	0.00000000000	22.2982788086	24.9996643066	640.000000000	24.4126381535	24.6453175038	25.2619056246	25.6728387326	24.0009444420	26.4216350983	-59.0620446148	-59.0620446148	-0.000203609466553	-0.000859737396240	-0.000203609466553	-0.000531673431396	NaN	NaN	NaN	-273.150000000	NaN	0.00000000000	NaN	NaN	1.00000000000	0.00000000000	5.00000000000	0.00000000000

















3733299975.13	NaN	20.0000000000	117.000000000	0.00000000000	1.00000000000	NaN	0.00701570510864	-2.79104405820	0.977658748627	-3.25865969322	1.00686311722	2.47234392166	0.263294219971	0.0979108810425	3.09715640373	41.0021824036	0.0985016956329	1015.19784528	-0.00786876678467	0.000693058967590	0.000992274284363	200000.000000	16.0000000000	0.00000000000	166.000000000	232.000000000	5.00000000000	0.950000000000	-0.740000000000	22.3000000000	0.00000000000	104.000000000	32.0000000000	4622880.00000	2500.00000000	2000.00000000	206.200000000	6466.00000000	1700.00000000	6000.00000000	13314.0000000	5801.00000000	23.4081460007	23.5137486754	23.1798541774	-0.365118443319	23.6668057909	26.2141808083	24.1922097605	-10.8927789160	23.5243397747	23.2737861163	23.2758785345	23.8878234650	23.9764863670	22.7635844875	-12.4077104270	0.882295696942	0.00000000000	0.100000000000	0.0500000000000	0.0114927291870	0.00000000000	45.4042968750	0.00000000000	-0.567968785763	0.00000000000	14.7562503815	15.0375003815	14.7500000000	14.9875001907	14.8312501907	-300.000000000	1424.08449615	NaN	0.00000000000	22.2982788086	24.9996643066	640.000000000	24.4126381535	24.6453175038	25.2619056246	25.6728387326	24.0009444420	26.4216350983	-59.0620446148	-59.0620446148	-0.000203609466553	-0.000859737396240	-0.000203609466553	-0.000531673431396	NaN	NaN	NaN	NaN	NaN	0.00000000000	NaN	NaN	1.00000000000	0.00000000000	5.00000000000	0.00000000000

















3733299975.33	NaN	10.0000000000	127.000000000	0.00000000000	0.00000000000	NaN	0.00471878051758	-2.94131703540	0.983893394470	-3.08457267427	1.01375436783	2.47201585770	0.264935016632	0.102832794189	3.08764005547	54.1380626678	0.102551181793	1015.41616968	-0.0325584411621	0.000666689872742	0.000939130783081	200000.000000	16.0000000000	0.00000000000	166.000000000	232.000000000	5.00000000000	0.950000000000	-0.740000000000	22.3000000000	0.00000000000	104.000000000	32.0000000000	4622880.00000	2500.00000000	2000.00000000	206.200000000	6466.00000000	1700.00000000	6000.00000000	13314.0000000	5801.00000000	23.4081460007	23.5137486754	23.1798541774	-0.365118443319	23.6668057909	26.2141808083	24.1922097605	-10.8927789160	23.5243397747	23.2737861163	23.2758785345	23.8878234650	23.9764863670	22.7635844875	-12.4077104270	0.882295696942	0.00000000000	0.100000000000	0.0500000000000	-0.00275382995605	0.00000000000	45.4042968750	0.00000000000	-0.567968785763	0.00000000000	14.7500000000	15.1187505722	14.7500000000	14.9812498093	14.8312501907	-300.000000000	0.00000000000	NaN	0.00000000000	22.2987365723	25.0001831055	640.000000000	24.4126381535	24.6453175038	25.2619056246	25.6728387326	24.0009444420	26.4216350983	-59.0620446148	-59.0620446148	-0.000203609466553	-0.000859737396240	-0.000203609466553	-0.000531673431396	NaN	NaN	NaN	NaN	NaN	0.00000000000	NaN	NaN	1.00000000000	0.00000000000	5.00000000000	0.00000000000


















3733299975.53	NaN	14.0000000000	103.000000000	0.00000000000	1.00000000000	NaN	0.00439023971558	-3.06191459222	0.982908725739	-3.05436831509	1.01637935638	2.46643733978	0.264606952667	0.103817462921	3.06860735893	54.7090435638	0.104170505524	1015.37251749	-0.0319809913635	0.000672626495361	0.000967359542847	200000.000000	16.0000000000	0.00000000000	166.000000000	232.000000000	5.00000000000	0.950000000000	-0.740000000000	22.3000000000	0.00000000000	104.000000000	32.0000000000	4622880.00000	2500.00000000	2000.00000000	206.200000000	6466.00000000	1700.00000000	6000.00000000	13314.0000000	5801.00000000	23.4081460007	23.5137486754	23.1798541774	-0.365118443319	23.6668057909	26.2141808083	24.1922097605	-10.8927789160	23.5243397747	23.2737861163	23.2758785345	23.8878234650	23.9764863670	22.7635844875	-12.4077104270	0.882295696942	0.00000000000	0.100000000000	0.0500000000000	-0.00465054512024	0.00000000000	51.8125000000	0.00000000000	-0.569726586342	0.00000000000	14.7500000000	15.1187505722	14.7500000000	14.9812498093	14.8312501907	-300.000000000	1509.11975743	NaN	0.00000000000	22.2987365723	25.0001831055	640.000000000	24.4126381535	24.6453175038	25.2619056246	25.6728387326	24.0009444420	26.4216350983	-59.0620446148	-59.0620446148	-0.000203609466553	-0.000859737396240	-0.000203609466553	-0.000531673431396	NaN	NaN	NaN	NaN	NaN	0.00000000000	NaN	NaN	1.00000000000	0.00000000000	5.00000000000	0.00000000000


















3733299975.73	NaN	11.0000000000	130.000000000	1.00000000000	2.00000000000	NaN	0.00307798385620	-3.00157193761	0.983893394470	-3.07702225654	1.01637935638	2.46873426437	0.264935016632	0.0765814781189	2.66882390842	48.4268705177	0.0960715332031	1015.28521311	-0.0404467582703	0.000694322586060	0.000946331024170	200000.000000	16.0000000000	0.00000000000	166.000000000	232.000000000	5.00000000000	0.950000000000	-0.740000000000	22.3000000000	0.00000000000	104.000000000	32.0000000000	4622880.00000	2500.00000000	2000.00000000	206.200000000	6466.00000000	1700.00000000	6000.00000000	13314.0000000	5801.00000000	23.4081460007	23.5137486754	23.1798541774	-0.365118443319	23.6668057909	26.2141808083	24.1922097605	-10.8927789160	23.5243397747	23.2737861163	23.2758785345	23.8878234650	23.9764863670	22.7635844875	-12.4077104270	0.882295696942	0.00000000000	0.100000000000	0.0500000000000	-0.00735836029053	0.00000000000	51.8125000000	0.00000000000	-0.569726586342	0.00000000000	14.7562503815	15.0000000000	14.7500000000	14.9812498093	14.8312501907	-300.000000000	2834.24702390	NaN	0.00000000000	22.2987365723	25.0001831055	640.000000000	24.4126381535	24.6453175038	25.2619056246	25.6728387326	24.0009444420	26.4216350983	-59.0620446148	-59.0620446148	-0.000203609466553	-0.000859737396240	-0.000203609466553	-0.000531673431396	NaN	NaN	NaN	NaN	NaN	0.00000000000	NaN	NaN	1.00000000000	0.00000000000	5.00000000000	0.00000000000

















3733299975.93	NaN	11.0000000000	129.000000000	0.00000000000	1.00000000000	NaN	0.00406217575073	-2.96389826843	0.981924533844	-3.07702225654	1.01605129242	2.47431278229	0.265591144562	0.105786323547	3.11620293217	53.7571320992	0.100121019363	1015.24156092	-0.0371260643005	0.000688362121582	0.000952219963074	200000.000000	16.0000000000	0.00000000000	166.000000000	232.000000000	5.00000000000	0.950000000000	-0.740000000000	22.3000000000	0.00000000000	104.000000000	32.0000000000	4622880.00000	2500.00000000	2000.00000000	206.200000000	6466.00000000	1700.00000000	6000.00000000	13314.0000000	5801.00000000	23.4081460007	23.5137486754	23.1798541774	-0.365118443319	23.6668057909	26.2141808083	24.1922097605	-10.8927789160	23.5243397747	23.2737861163	23.2758785345	23.8878234650	23.9764863670	22.7635844875	-12.4077104270	0.882295696942	0.00000000000	0.100000000000	0.0500000000000	-0.00247159004211	0.00000000000	52.5644531250	0.00000000000	-0.564453125000	0.00000000000	14.7562503815	15.0000000000	14.7500000000	14.9812498093	14.8312501907	-300.000000000	1978.94005927	NaN	0.00000000000	22.2989501953	25.0000305176	640.000000000	24.4126381535	24.6453175038	25.2619056246	25.6728387326	24.0009444420	26.4216350983	-59.0620446148	-59.0620446148	-0.000203609466553	-0.000859737396240	-0.000203609466553	-0.000531673431396	NaN	NaN	NaN	NaN	NaN	0.00000000000	NaN	NaN	1.00000000000	0.00000000000	5.00000000000	0.00000000000


















3733299976.13	NaN	11.0000000000	116.000000000	0.00000000000	2.00000000000	NaN	0.0129222869873	-2.86611285541	0.982580661774	-3.06191459222	1.01933240891	2.47628164291	0.262638092041	0.101191997528	3.09715640373	56.2319359245	0.101740343094	1015.37251749	-0.0381760597229	0.000706124305725	0.000994873046875	200000.000000	16.0000000000	0.00000000000	166.000000000	232.000000000	5.00000000000	0.950000000000	-0.740000000000	22.3000000000	0.00000000000	104.000000000	32.0000000000	4622880.00000	2500.00000000	2000.00000000	206.200000000	6466.00000000	1700.00000000	6000.00000000	13314.0000000	5801.00000000	23.4081460007	23.5137486754	23.1798541774	-0.365118443319	23.6668057909	26.2141808083	24.1922097605	-10.8927789160	23.5243397747	23.2737861163	23.2758785345	23.8878234650	23.9764863670	22.7635844875	-12.4077104270	0.882295696942	0.00000000000	0.100000000000	0.0500000000000	-0.00936260223389	0.00000000000	52.5644531250	0.00000000000	-0.564453125000	0.00000000000	14.7500000000	15.1250000000	14.7500000000	14.9812498093	14.8312501907	-300.000000000	3244.56507869	NaN	0.00000000000	22.2989501953	25.0000305176	640.000000000	24.5498278204	24.6453175038	25.2619056246	25.6728387326	24.0009444420	26.4216350983	-59.0620446148	-59.0620446148	-0.000203609466553	-0.000859737396240	-0.000203609466553	-0.000531673431396	NaN	NaN	NaN	NaN	NaN	0.00000000000	NaN	NaN	1.00000000000	0.00000000000	5.00000000000	0.00000000000


















3733299976.33	NaN	20.0000000000	105.000000000	0.00000000000	1.00000000000	NaN	0.0142345428467	-3.04682341551	0.982908725739	-3.04682341551	1.02130126953	2.47628164291	0.262966156006	0.106770515442	3.14475197697	57.5647779579	0.0993113574982	1015.32886530	-0.0338969230652	0.000679802894592	0.000962710380554	200000.000000	16.0000000000	0.00000000000	166.000000000	232.000000000	5.00000000000	0.950000000000	-0.740000000000	22.3000000000	0.00000000000	104.000000000	32.0000000000	4622880.00000	2500.00000000	2000.00000000	206.200000000	6466.00000000	1700.00000000	6000.00000000	13314.0000000	5801.00000000	23.4081460007	23.5137486754	23.1798541774	-0.365118443319	23.6668057909	26.2141808083	24.1922097605	-10.8927789160	23.5243397747	23.2737861163	23.2758785345	23.8878234650	23.9764863670	22.7635844875	-12.4077104270	0.882295696942	0.00000000000	0.100000000000	0.0500000000000	-0.00250577926636	0.00000000000	45.4589843750	0.00000000000	-0.566992223263	0.00000000000	14.7500000000	15.1250000000	14.7500000000	14.9812498093	14.8312501907	-300.000000000	1604.95521257	NaN	0.00000000000	22.2992248535	25.0000305176	640.000000000	24.5498278204	24.6453175038	25.2619056246	25.6728387326	24.0009444420	26.4216350983	-59.0620446148	-59.0620446148	-0.000203609466553	-0.000859737396240	-0.000203609466553	-0.000531673431396	NaN	NaN	NaN	NaN	NaN	0.00000000000	NaN	NaN	1.00000000000	0.00000000000	5.00000000000	0.00000000000


















3733299976.53	NaN	9.00000000000	138.000000000	0.00000000000	0.00000000000	NaN	0.00373411178589	-3.00157193761	0.983565330505	-3.05436831509	1.01637935638	2.47890663147	0.266247272491	0.107755184174	3.14475197697	54.3283896332	0.101740343094	1015.41616968	-0.0388584136963	0.000698184967041	0.000979804992676	200000.000000	16.0000000000	0.00000000000	166.000000000	232.000000000	5.00000000000	0.950000000000	-0.740000000000	22.3000000000	0.00000000000	104.000000000	32.0000000000	4622880.00000	2500.00000000	2000.00000000	206.200000000	6466.00000000	1700.00000000	6000.00000000	13314.0000000	5801.00000000	23.4081460007	23.5137486754	23.1798541774	-0.365118443319	23.6668057909	26.2141808083	24.1922097605	-10.8927789160	23.5243397747	23.2737861163	23.2758785345	23.8878234650	23.9764863670	22.7635844875	-12.4077104270	0.882295696942	0.00000000000	0.100000000000	0.0500000000000	-0.0106266498566	0.00000000000	45.4589843750	0.00000000000	-0.566992223263	0.00000000000	14.7562503815	15.0000000000	14.7500000000	14.9812498093	14.8312501907	-300.000000000	0.00000000000	NaN	0.00000000000	22.2992248535	25.0000305176	640.000000000	24.5498278204	24.6453175038	25.2619056246	25.6728387326	24.0009444420	26.4216350983	-59.0620446148	-59.0620446148	-0.000203609466553	-0.000859737396240	-0.000203609466553	-0.000531673431396	NaN	NaN	NaN	NaN	NaN	0.00000000000	NaN	NaN	1.00000000000	0.00000000000	5.00000000000	0.00000000000

















3733299976.73	NaN	13.0000000000	113.000000000	0.00000000000	1.00000000000	NaN	0.0122656822205	-2.85109266193	0.984221458435	-3.00157193761	1.01572322845	2.48021936417	0.263294219971	0.105458259583	2.87823889790	52.8052206345	0.0993113574982	1015.28521311	-0.0366663932800	0.000687050819397	0.000967359542847	200000.000000	16.0000000000	0.00000000000	166.000000000	232.000000000	5.00000000000	0.950000000000	-0.740000000000	22.3000000000	0.00000000000	104.000000000	32.0000000000	4622880.00000	2500.00000000	2000.00000000	206.200000000	6466.00000000	1700.00000000	6000.00000000	13314.0000000	5801.00000000	23.4081460007	23.5137486754	23.1798541774	-0.365118443319	23.6668057909	26.2141808083	24.1922097605	-10.8927789160	23.5243397747	23.2737861163	23.2758785345	23.8878234650	23.9764863670	22.7635844875	-12.4077104270	0.882295696942	0.00000000000	0.100000000000	0.0500000000000	-0.00551548004150	0.00000000000	54.7226562500	0.00000000000	-0.566406250000	0.00000000000	14.7562503815	15.0000000000	14.7500000000	14.9812498093	14.8312501907	-300.000000000	1348.98807899	NaN	0.00000000000	22.2996826172	25.0000000000	640.000000000	24.5498278204	24.6453175038	25.2619056246	25.6728387326	24.0009444420	26.4216350983	-59.0620446148	-59.0620446148	-0.000203609466553	-0.000859737396240	-0.000203609466553	-0.000531673431396	NaN	NaN	NaN	NaN	NaN	0.00000000000	NaN	NaN	1.00000000000	0.00000000000	5.00000000000	0.00000000000


















3733299976.93	NaN	14.0000000000	104.000000000	0.00000000000	1.00000000000	NaN	0.00701570510864	-2.97142807622	0.981596469879	-3.07702225654	1.01572322845	2.48120355606	0.264935016632	0.108411312103	3.15426832523	55.6609550285	0.103360843658	1015.32886530	-0.0365748405457	0.000718569755554	0.000989055633545	200000.000000	16.0000000000	0.00000000000	166.000000000	232.000000000	5.00000000000	0.950000000000	-0.740000000000	22.3000000000	0.00000000000	104.000000000	32.0000000000	4622880.00000	2500.00000000	2000.00000000	206.200000000	6466.00000000	1700.00000000	6000.00000000	13314.0000000	5801.00000000	23.4081460007	23.5137486754	23.1798541774	-0.365118443319	23.6668057909	26.2141808083	24.1922097605	-10.8927789160	23.5243397747	23.2737861163	23.2758785345	23.8878234650	23.9764863670	22.7635844875	-12.4077104270	0.882295696942	0.00000000000	0.100000000000	0.0500000000000	-0.000668191909790	0.00000000000	54.7226562500	0.00000000000	-0.566406250000	0.00000000000	14.7500000000	15.0812501907	14.7500000000	14.9875001907	14.8312501907	-300.000000000	1325.12726647	NaN	0.00000000000	22.2996826172	25.0000000000	640.000000000	24.5498278204	24.6453175038	25.2619056246	25.6728387326	24.0009444420	26.4216350983	-59.0620446148	-59.0620446148	-0.000203609466553	-0.000859737396240	-0.000203609466553	-0.000531673431396	NaN	NaN	NaN	NaN	NaN	0.00000000000	NaN	NaN	1.00000000000	0.00000000000	5.00000000000	0.00000000000

















3733299977.13	NaN	11.0000000000	124.000000000	0.00000000000	0.00000000000	NaN	0.00274991989136	-3.02419697213	0.981596469879	-3.03927989248	1.01736354828	2.51106452942	0.267560005188	0.106442451477	3.12571928043	56.6128664932	0.105789829254	1015.32886530	-0.0377693176270	0.000734329223633	0.000999450683594	200000.000000	16.0000000000	0.00000000000	166.000000000	232.000000000	5.00000000000	0.950000000000	-0.740000000000	22.3000000000	0.00000000000	104.000000000	32.0000000000	4622880.00000	2500.00000000	2000.00000000	206.200000000	6466.00000000	1700.00000000	6000.00000000	13314.0000000	5801.00000000	23.4081460007	23.5137486754	23.1798541774	-0.365118443319	23.6668057909	26.2141808083	24.1922097605	-10.8927789160	23.5243397747	23.2737861163	23.2758785345	23.8878234650	23.9764863670	22.7635844875	-12.4077104270	0.882295696942	0.00000000000	0.100000000000	0.0500000000000	-0.00977468490601	0.00000000000	45.5136718750	0.00000000000	-0.564648449421	0.00000000000	14.7500000000	15.0812501907	14.7500000000	14.9875001907	14.8312501907	-300.000000000	0.00000000000	NaN	0.00000000000	22.2996826172	25.0000000000	640.000000000	24.5498278204	24.6751715752	25.2619056246	25.6728387326	24.0009444420	26.4216350983	-59.0620446148	-59.0620446148	-0.000203609466553	-0.000859737396240	-0.000203609466553	-0.000531673431396	NaN	NaN	NaN	NaN	NaN	0.00000000000	NaN	NaN	1.00000000000	0.00000000000	5.00000000000	0.00000000000

















3733299977.33	NaN	12.0000000000	130.000000000	1.00000000000	3.00000000000	NaN	0.00701570510864	-3.06191459222	0.981267929077	-3.05436831509	1.01703548431	2.51828384399	0.265263080597	0.108739376068	3.16378467350	56.0416089592	0.102551181793	1015.24156092	-0.0354852676392	0.000687694549561	0.000979781150818	200000.000000	16.0000000000	0.00000000000	166.000000000	232.000000000	5.00000000000	0.950000000000	-0.740000000000	22.3000000000	0.00000000000	104.000000000	32.0000000000	4622880.00000	2500.00000000	2000.00000000	206.200000000	6466.00000000	1700.00000000	6000.00000000	13314.0000000	5801.00000000	23.4081460007	23.5137486754	23.1798541774	-0.365118443319	23.6668057909	26.2141808083	24.1922097605	-10.8927789160	23.5243397747	23.2737861163	23.2758785345	23.8878234650	23.9764863670	22.7635844875	-12.4077104270	0.882295696942	0.00000000000	0.100000000000	0.0500000000000	-0.00803432464600	0.00000000000	45.5136718750	0.00000000000	-0.564648449421	0.00000000000	14.7500000000	15.1125001907	14.7500000000	14.9812498093	14.8312501907	-300.000000000	4478.73946689	NaN	0.00000000000	22.2997131348	25.0003051758	640.000000000	24.5498278204	24.6751715752	25.2619056246	25.6728387326	24.0009444420	26.4216350983	-59.0620446148	-59.0620446148	-0.000203609466553	-0.000859737396240	-0.000203609466553	-0.000531673431396	NaN	NaN	NaN	NaN	NaN	0.00000000000	NaN	NaN	1.00000000000	0.00000000000	5.00000000000	0.00000000000

















3733299977.53	NaN	11.0000000000	107.000000000	0.00000000000	2.00000000000	NaN	0.0198130607605	-3.06946224789	0.980283737183	-3.05436831509	1.01966094971	2.51500225067	0.264935016632	0.109724044800	3.18283120193	56.4225395279	0.104170505524	1015.37251749	-0.0354852676392	0.000712037086487	0.000997543334961	200000.000000	16.0000000000	0.00000000000	166.000000000	232.000000000	5.00000000000	0.950000000000	-0.740000000000	22.3000000000	0.00000000000	104.000000000	32.0000000000	4622880.00000	2500.00000000	2000.00000000	206.200000000	6466.00000000	1700.00000000	6000.00000000	13314.0000000	5801.00000000	23.4081460007	23.5137486754	23.1798541774	-0.365118443319	23.6668057909	26.2141808083	24.1922097605	-10.8927789160	23.5243397747	23.2737861163	23.2758785345	23.8878234650	23.9764863670	22.7635844875	-12.4077104270	0.882295696942	0.00000000000	0.100000000000	0.0500000000000	-0.00750527381897	0.00000000000	52.2578125000	0.00000000000	-0.569140613079	0.00000000000	14.7500000000	15.1125001907	14.7500000000	14.9812498093	14.8312501907	-300.000000000	2875.76370918	NaN	0.00000000000	22.2997131348	25.0003051758	640.000000000	24.5498278204	24.6751715752	25.2619056246	25.6728387326	24.0009444420	26.4216350983	-59.0620446148	-59.0620446148	-0.000203609466553	-0.000859737396240	-0.000203609466553	-0.000531673431396	NaN	NaN	NaN	NaN	NaN	0.00000000000	NaN	NaN	1.00000000000	0.00000000000	5.00000000000	0.00000000000


















3733299977.73	NaN	18.0000000000	105.000000000	0.00000000000	2.00000000000	NaN	0.0102968215942	-2.82105757437	0.977330684662	-3.02419697213	1.02720785141	2.51926803589	0.264278411865	0.0838007926941	2.36423160439	40.8118554382	0.104980167389	1015.32886530	-0.0380840301514	0.000692987442017	0.000968623161316	200000.000000	16.0000000000	0.00000000000	166.000000000	232.000000000	5.00000000000	0.950000000000	-0.740000000000	22.3000000000	0.00000000000	104.000000000	32.0000000000	4622880.00000	2500.00000000	2000.00000000	206.200000000	6466.00000000	1700.00000000	6000.00000000	13314.0000000	5801.00000000	23.4081460007	23.5137486754	23.1798541774	-0.365118443319	23.6668057909	26.2141808083	24.1922097605	-10.8927789160	23.5243397747	23.2737861163	23.2758785345	23.8878234650	23.9764863670	22.7635844875	-12.4077104270	0.882295696942	0.00000000000	0.100000000000	0.0500000000000	-0.00595912933350	0.00000000000	52.2578125000	0.00000000000	-0.569140613079	0.00000000000	14.7562503815	15.0062503815	14.7500000000	14.9812498093	14.8312501907	-300.000000000	2704.71725734	NaN	0.00000000000	22.2997131348	25.0003051758	640.000000000	24.5498278204	24.6751715752	25.2619056246	25.6728387326	24.0009444420	26.4216350983	-59.0620446148	-59.0620446148	-0.000203609466553	-0.000859737396240	-0.000203609466553	-0.000531673431396	NaN	NaN	NaN	NaN	NaN	0.00000000000	NaN	NaN	1.00000000000	0.00000000000	5.00000000000	0.00000000000


















3733299977.93	NaN	12.0000000000	108.000000000	0.00000000000	0.00000000000	NaN	0.00504684448242	-2.93379268458	0.981924533844	-3.09967765529	1.01572322845	2.51959609985	0.265919208527	0.109067440033	3.14475197697	57.1838473892	0.100930681229	1015.32886530	-0.0384516716003	0.000700187683105	0.000967979431152	200000.000000	16.0000000000	0.00000000000	166.000000000	232.000000000	5.00000000000	0.950000000000	-0.740000000000	22.3000000000	0.00000000000	104.000000000	32.0000000000	4622880.00000	2500.00000000	2000.00000000	206.200000000	6466.00000000	1700.00000000	6000.00000000	13314.0000000	5801.00000000	23.4081460007	23.5137486754	23.1798541774	-0.365118443319	23.6668057909	26.2141808083	24.1922097605	-10.8927789160	23.5243397747	23.2737861163	23.2758785345	23.8878234650	23.9764863670	22.7635844875	-12.4077104270	0.882295696942	0.00000000000	0.100000000000	0.0500000000000	-0.0102722644806	0.00000000000	51.6835937500	0.00000000000	-0.564062535763	0.00000000000	14.7562503815	15.0062503815	14.7500000000	14.9812498093	14.8312501907	-300.000000000	0.00000000000	NaN	0.00000000000	22.2996520996	24.9999084473	640.000000000	24.5498278204	24.6751715752	25.2619056246	25.6728387326	24.0009444420	26.4216350983	-59.0620446148	-59.0620446148	-0.000203609466553	-0.000859737396240	-0.000203609466553	-0.000531673431396	NaN	NaN	NaN	NaN	NaN	0.00000000000	NaN	NaN	1.00000000000	0.00000000000	5.00000000000	0.00000000000

















3733299978.13	NaN	14.0000000000	112.000000000	0.00000000000	1.00000000000	NaN	0.0148911476135	-2.92625876197	0.984877586365	-3.04682341551	1.01802015305	2.53600311279	0.264606952667	0.105786323547	3.09715640373	57.5647779579	0.102551181793	1015.24156092	-0.0351700782776	0.000680470466614	0.000996208190918	200000.000000	16.0000000000	0.00000000000	166.000000000	232.000000000	5.00000000000	0.950000000000	-0.740000000000	22.3000000000	0.00000000000	104.000000000	32.0000000000	4622880.00000	2500.00000000	2000.00000000	206.200000000	6466.00000000	1700.00000000	6000.00000000	13314.0000000	5801.00000000	23.4081460007	23.5137486754	23.1798541774	-0.365118443319	23.6668057909	26.2141808083	24.1922097605	-10.8927789160	23.5243397747	23.2737861163	23.2758785345	23.8878234650	23.9764863670	22.7635844875	-12.4077104270	0.882295696942	0.00000000000	0.100000000000	0.0500000000000	-0.00627150535583	0.00000000000	51.6835937500	0.00000000000	-0.564062535763	0.00000000000	14.7562503815	15.1250000000	14.7500000000	14.9812498093	14.8312501907	-300.000000000	1480.36447624	NaN	0.00000000000	22.2996520996	24.9999084473	640.000000000	24.5498278204	24.6751715752	25.3498584108	25.6728387326	24.0009444420	26.4216350983	-59.0620446148	-59.0620446148	-0.000203609466553	-0.000859737396240	-0.000203609466553	-0.000531673431396	NaN	NaN	NaN	NaN	NaN	0.00000000000	NaN	NaN	1.00000000000	0.00000000000	5.00000000000	0.00000000000


















3733299978.33	NaN	13.0000000000	125.000000000	0.00000000000	0.00000000000	NaN	0.00701570510864	-2.82105757437	0.985205650330	-3.06946224789	1.01637935638	2.53961277008	0.265919208527	0.109724044800	3.14475197697	58.8973433533	0.102551181793	1015.06688870	-0.0325450897217	0.000701570510864	0.000975179672241	200000.000000	16.0000000000	0.00000000000	166.000000000	232.000000000	5.00000000000	0.950000000000	-0.740000000000	22.3000000000	0.00000000000	104.000000000	32.0000000000	4622880.00000	2500.00000000	2000.00000000	206.200000000	6466.00000000	1700.00000000	6000.00000000	13314.0000000	5801.00000000	23.4081460007	23.5137486754	23.1798541774	-0.365118443319	23.6668057909	26.2141808083	24.1922097605	-10.8927789160	23.5243397747	23.2737861163	23.2758785345	23.8878234650	23.9764863670	22.7635844875	-12.4077104270	0.882295696942	0.00000000000	0.100000000000	0.0500000000000	-0.00343642234802	0.00000000000	46.0839843750	0.00000000000	-0.569921910763	0.00000000000	14.7562503815	15.1250000000	14.7500000000	14.9812498093	14.8312501907	-300.000000000	0.00000000000	NaN	0.00000000000	22.2993164063	25.0001220703	640.000000000	24.5498278204	24.6751715752	25.3498584108	25.6728387326	24.0009444420	26.4216350983	-59.0620446148	-59.0620446148	-0.000203609466553	-0.000859737396240	-0.000203609466553	-0.000531673431396	NaN	NaN	NaN	NaN	NaN	0.00000000000	NaN	NaN	1.00000000000	0.00000000000	5.00000000000	0.00000000000

















3733299978.53	NaN	5.00000000000	129.000000000	0.00000000000	0.00000000000	NaN	0.0129222869873	-2.91873713574	0.986518383026	-3.00910859070	1.02130126953	2.53698778152	0.264935016632	0.109067440033	3.15426832523	56.2319359245	0.0993113574982	1015.28521311	-0.0335688591003	0.000694274902344	0.000988364219666	200000.000000	16.0000000000	0.00000000000	166.000000000	232.000000000	5.00000000000	0.950000000000	-0.740000000000	22.3000000000	0.00000000000	104.000000000	32.0000000000	4622880.00000	2500.00000000	2000.00000000	206.200000000	6466.00000000	1700.00000000	6000.00000000	13314.0000000	5801.00000000	23.4081460007	23.5137486754	23.1798541774	-0.365118443319	23.6668057909	26.2141808083	24.1922097605	-10.8927789160	23.5243397747	23.2737861163	23.2758785345	23.8878234650	23.9764863670	22.7635844875	-12.4077104270	0.882295696942	0.00000000000	0.100000000000	0.0500000000000	-0.00676770210266	0.00000000000	46.0839843750	0.00000000000	-0.569921910763	0.00000000000	14.7562503815	15.0375003815	14.7500000000	14.9812498093	14.8312501907	-300.000000000	0.00000000000	NaN	0.00000000000	22.2993164063	25.0001220703	640.000000000	24.5498278204	24.6751715752	25.3498584108	25.6728387326	24.0009444420	26.4216350983	-59.0620446148	-59.0620446148	-0.000203609466553	-0.000859737396240	-0.000203609466553	-0.000531673431396	NaN	NaN	NaN	NaN	NaN	0.00000000000	NaN	NaN	1.00000000000	0.00000000000	5.00000000000	0.00000000000


















3733299978.73	NaN	12.0000000000	123.000000000	0.00000000000	0.00000000000	NaN	0.0142345428467	-2.90369796184	0.989143371582	-3.06191459222	1.02195787430	2.53567504883	0.264935016632	0.110052108765	2.96389986420	50.7113473778	0.100930681229	1015.24156092	-0.0310750007629	0.000704765319824	0.000986385345459	200000.000000	16.0000000000	0.00000000000	166.000000000	232.000000000	5.00000000000	0.950000000000	-0.740000000000	22.3000000000	0.00000000000	104.000000000	32.0000000000	4622880.00000	2500.00000000	2000.00000000	206.200000000	6466.00000000	1700.00000000	6000.00000000	13314.0000000	5801.00000000	23.4081460007	23.5137486754	23.1798541774	-0.365118443319	23.6668057909	26.2141808083	24.1922097605	-10.8927789160	23.5243397747	23.2737861163	23.2758785345	23.8878234650	23.9764863670	22.7635844875	-12.4077104270	0.882295696942	0.00000000000	0.100000000000	0.0500000000000	-0.00152397155762	0.00000000000	54.7480468750	0.00000000000	-0.567187488079	0.00000000000	14.7562503815	15.0375003815	14.7500000000	14.9812498093	14.8312501907	-300.000000000	0.00000000000	NaN	0.00000000000	22.2994689941	25.0001220703	640.000000000	24.5498278204	24.6751715752	25.3498584108	25.6728387326	24.0009444420	26.4216350983	-59.0620446148	-59.0620446148	-0.000203609466553	-0.000859737396240	-0.000203609466553	-0.000531673431396	NaN	NaN	NaN	NaN	NaN	0.00000000000	NaN	NaN	1.00000000000	0.00000000000	5.00000000000	0.00000000000


















3733299978.93	NaN	19.0000000000	103.000000000	0.00000000000	0.00000000000	NaN	0.00865650177002	-2.83606696289	0.987174510956	-3.08457267427	1.01670742035	2.53961277008	0.266575813293	0.110380172729	3.14475197697	58.7067397499	0.101740343094	1015.28521311	-0.0297889709473	0.000702190399170	0.000958776473999	200000.000000	16.0000000000	0.00000000000	166.000000000	232.000000000	5.00000000000	0.950000000000	-0.740000000000	22.3000000000	0.00000000000	104.000000000	32.0000000000	4622880.00000	2500.00000000	2000.00000000	206.200000000	6466.00000000	1700.00000000	6000.00000000	13314.0000000	5801.00000000	23.4081460007	23.5137486754	23.1798541774	-0.365118443319	23.6668057909	26.2141808083	24.1922097605	-10.8927789160	23.5243397747	23.2737861163	23.2758785345	23.8878234650	23.9764863670	22.7635844875	-12.4077104270	0.882295696942	0.00000000000	0.100000000000	0.0500000000000	-0.00800666809082	0.00000000000	54.7480468750	0.00000000000	-0.567187488079	0.00000000000	14.7500000000	15.0187501907	14.7500000000	14.9812498093	14.8312501907	-300.000000000	0.00000000000	NaN	0.00000000000	22.2994689941	25.0001220703	640.000000000	24.5498278204	24.6751715752	25.3498584108	25.6728387326	24.0009444420	26.4216350983	-59.0620446148	-59.0620446148	-0.000203609466553	-0.000859737396240	-0.000203609466553	-0.000531673431396	NaN	NaN	NaN	NaN	NaN	0.00000000000	NaN	NaN	1.00000000000	0.00000000000	5.00000000000	0.00000000000









