Time_s	SO2_ppt	Signal_Dk_Counts	Ref_Dk_Counts	Signal_LIF_Counts	Ref_LIF_Counts	Cal_SB_MFC_Read_NA	Preamp_LD1_PD_Read	Preamp_LD1_T_Read	Preamp_LD2_PD_Read	Preamp_LD2_T_Read	Seed_Laser_PD	DC24V_mon	Main_Pump_1_PD	Main_Pump_2_PD	SO2_Lo_P	SO2_Hi_P	Cell_Flow	Cell_Pressure	EOM_Output_PD	Laser_Power_PT_0	Laser_Power_PT_1	Rep_Rate_Hz	seed_delay_ticks	regen_gate_delay_ticks	regen_gate_length_ticks	counting_gate_delay_ticks	counting_gate_length_ticks	Mod_DC_Fine	Mod_DC_Coarse	seed_laser_T_set	main_LD_current_set	Binary_Out	Binary_In	Binary_Settings	BV_MF_Set_cRIO	BV_MF_Set_Arduino	BV_MF_Read	BV_MF_Position	BV_P_Set_cRIO	BV_P_Set_Arduino	BV_P_Read	BV_P_Position	T_EOM	T_Main_LD_1	T_Main_LD_2	T_Pump_Plate	T_laser_Box	T_LIF_Cell	T_NLO_Plate	T_AIR_IN	T_COMPUTER	T_THERM_BOARD	T10	T11	T12	T13	T14	T15	Task	MF_Gain	P_Gain	Seed_PD	Inlet_ZA_MFC_Read	Cal_ZA_MFC_Read	Ref_ZA_MFC_Read	Cal_SO2_MFC_Read	ZA_SB_MFC_Read	Inlet_ZA_MFC_P	Cal_ZA_MFC_P	Ref_ZA_MFC_P	Cal_SO2_MFC_P	ZA_SB_MFC_P	BBO_Position	Ref_Signal	Ref_Online	Ref_Offline	Seed_Laser_T_Read	SOA_T_Read	PC_Pressure	T_board_main_LD1	T_board_main_LD2	T_board_LIF_cell	T_board_REF_cell	Thermistor_5	T_board_NLO	Thermistor_7	Thermistor_8 	Thermistor_9	Thermistor_10	Thermistor_11	Thermistor_12	Thermistor_13	Thermistor_14	Thermistor_15	Thermistor_16	Sig_Online	Sig_Offline	Seed_Online_V	Seed_Offline_V	Ref_Solenoid	Cal_SB_Vl	SO2_Cal_MFC_Set_P	Inlet_ZA_MFC_Set_P	Dither_Remain_Min

3733299651.88	NaN	1249.00000000	12653.0000000	11.0000000000	95.0000000000	NaN	0.0142345428467	-3.17530773014	1.01736354828	-3.06946224789	1.02425479889	-0.000531673431396	0.00504684448242	0.0227665901184	0.755581454086	17.5864329071	0.0993113574982	1015.32886530	-0.00189685821533	0.000695405363981	0.000973701921240	200000.000000	16.0000000000	0.00000000000	166.000000000	232.000000000	5.00000000000	0.950000000000	-0.740000000000	22.3000000000	0.00000000000	96.0000000000	32.0000000000	13011488.0000	2500.00000000	2000.00000000	206.200000000	6466.00000000	1700.00000000	6000.00000000	13314.0000000	5801.00000000	23.4081460007	23.5137486754	23.1798541774	-0.365118443319	23.6668057909	26.2141808083	24.1922097605	-10.8927789160	23.5243397747	23.2737861163	23.2758785345	23.8878234650	23.9764863670	22.7635844875	-12.4077104270	0.882295696942	0.00000000000	0.100000000000	0.0500000000000	-0.00189685821533	0.00000000000	0.00000000000	0.00000000000	0.00000000000	0.00000000000	14.7500000000	14.7562503815	14.7500000000	14.7562503815	14.8335943222	-300.000000000	138400.103433	NaN	0.00000000000	22.3000793457	25.0000305176	640.000000000	24.3947557744	24.4961290994	25.0042090675	25.2677663245	23.9660560951	25.9435616816	-59.6575090262	-58.2167253888	-0.000203609466553	-0.000203609466553	-0.000859737396240	-0.000859737396240	NaN	NaN	-273.150000000	NaN	NaN	0.00000000000	NaN	NaN	0.00000000000	0.00000000000	0.00000000000	0.00000000000














3733299652.08	NaN	7.00000000000	112.000000000	0.00000000000	0.00000000000	NaN	0.00242137908936	-3.16016399527	1.01506662369	-3.25106621904	1.00456619263	2.47595357895	0.264606952667	0.0677218437195	2.43085987415	39.0986361122	0.100121019363	1015.41616968	0.0207710266113	0.000710654258728	0.000979804992676	200000.000000	16.0000000000	0.00000000000	166.000000000	232.000000000	5.00000000000	0.950000000000	-0.740000000000	22.3000000000	0.00000000000	96.0000000000	32.0000000000	13011488.0000	2500.00000000	2000.00000000	206.200000000	6466.00000000	1700.00000000	6000.00000000	13314.0000000	5801.00000000	23.4081460007	23.5137486754	23.1798541774	-0.365118443319	23.6668057909	26.2141808083	24.1922097605	-10.8927789160	23.5243397747	23.2737861163	23.2758785345	23.8878234650	23.9764863670	22.7635844875	-12.4077104270	0.882295696942	0.00000000000	0.100000000000	0.0500000000000	0.0107996463776	0.00000000000	0.00000000000	0.00000000000	0.00000000000	0.00000000000	14.7500000000	14.7562503815	14.7500000000	14.7562503815	14.8335943222	-300.000000000	0.00000000000	NaN	0.00000000000	22.3000793457	24.9998779297	640.000000000	NaN	-273.150000000	-273.150000000	-273.150000000	-273.150000000	-273.150000000	-273.150000000	-273.150000000	0.00000000000	0.00000000000	0.00000000000	0.00000000000	-273.150000000	-273.150000000	-273.150000000	-273.150000000	NaN	0.00000000000	NaN	NaN	0.00000000000	0.00000000000	0.00000000000	0.00000000000


















3733299652.28	NaN	11.0000000000	126.000000000	0.00000000000	0.00000000000	NaN	0.0148911476135	-3.19801729297	1.02294206619	-3.06191459222	1.02097320557	2.47168779373	0.261981487274	0.0831446647644	2.50700449219	51.0920013084	0.102551181793	1015.24156092	0.0117669105530	0.000716662406921	0.000984430313110	200000.000000	16.0000000000	0.00000000000	166.000000000	232.000000000	5.00000000000	0.950000000000	-0.740000000000	22.3000000000	0.00000000000	96.0000000000	32.0000000000	13011488.0000	2500.00000000	2000.00000000	206.200000000	6466.00000000	1700.00000000	6000.00000000	13314.0000000	5801.00000000	23.4081460007	23.5137486754	23.1798541774	-0.365118443319	23.6668057909	26.2141808083	24.1922097605	-10.8927789160	23.5243397747	23.2737861163	23.2758785345	23.8878234650	23.9764863670	22.7635844875	-12.4077104270	0.882295696942	0.00000000000	0.100000000000	0.0500000000000	-0.00575699806213	0.00000000000	0.00000000000	0.00000000000	0.00000000000	0.00000000000	14.7500000000	14.7562503815	14.7500000000	14.7500000000	14.8312501907	-300.000000000	0.00000000000	NaN	0.00000000000	22.2999267578	25.0002746582	640.000000000	NaN	-273.150000000	-273.150000000	-273.150000000	-273.150000000	-273.150000000	-273.150000000	-273.150000000	0.00000000000	0.00000000000	0.00000000000	0.00000000000	-273.150000000	-273.150000000	-273.150000000	-273.150000000	NaN	0.00000000000	NaN	NaN	0.00000000000	0.00000000000	0.00000000000	0.00000000000


















3733299652.48	NaN	14.0000000000	106.000000000	0.00000000000	1.00000000000	NaN	0.00832796096802	-3.01664661540	1.02753591537	-3.09967765529	1.02064514160	2.47956275940	0.263950347900	0.0821599960327	2.48797179565	54.3283896332	0.0985016956329	1015.19784528	0.0134339332581	0.000703454017639	0.000993609428406	200000.000000	16.0000000000	0.00000000000	166.000000000	232.000000000	5.00000000000	0.950000000000	-0.740000000000	22.3000000000	0.00000000000	96.0000000000	32.0000000000	13011488.0000	2500.00000000	2000.00000000	206.200000000	6466.00000000	1700.00000000	6000.00000000	13314.0000000	5801.00000000	23.4081460007	23.5137486754	23.1798541774	-0.365118443319	23.6668057909	26.2141808083	24.1922097605	-10.8927789160	23.5243397747	23.2737861163	23.2758785345	23.8878234650	23.9764863670	22.7635844875	-12.4077104270	0.882295696942	0.00000000000	0.100000000000	0.0500000000000	-0.00953063964844	0.00000000000	0.00000000000	0.00000000000	0.00000000000	0.00000000000	14.7500000000	14.7562503815	14.7500000000	14.7500000000	14.8312501907	-300.000000000	1280.63276119	NaN	0.00000000000	22.2999267578	25.0002746582	640.000000000	NaN	-273.150000000	-273.150000000	-273.150000000	-273.150000000	-273.150000000	-273.150000000	-273.150000000	0.00000000000	0.00000000000	0.00000000000	0.00000000000	-273.150000000	-273.150000000	-273.150000000	-273.150000000	NaN	0.00000000000	NaN	NaN	0.00000000000	0.00000000000	0.00000000000	0.00000000000

















3733299652.68	NaN	12.0000000000	123.000000000	0.00000000000	1.00000000000	NaN	0.00537490844727	-2.94131703540	1.02458286285	-3.00910859070	1.02556705475	2.47923469543	0.263622283936	0.0624713897705	2.33566872768	54.3283896332	0.104170505524	1015.28521311	0.0137357711792	0.000713992118835	0.000983762741089	200000.000000	16.0000000000	0.00000000000	166.000000000	232.000000000	5.00000000000	0.950000000000	-0.740000000000	22.3000000000	0.00000000000	96.0000000000	32.0000000000	13011488.0000	2500.00000000	2000.00000000	206.200000000	6466.00000000	1700.00000000	6000.00000000	13314.0000000	5801.00000000	23.4081460007	23.5137486754	23.1798541774	-0.365118443319	23.6668057909	26.2141808083	24.1922097605	-10.8927789160	23.5243397747	23.2737861163	23.2758785345	23.8878234650	23.9764863670	22.7635844875	-12.4077104270	0.882295696942	0.00000000000	0.100000000000	0.0500000000000	-0.0101974964142	0.00000000000	0.00000000000	0.00000000000	0.00000000000	0.00000000000	14.7500000000	14.7562503815	14.7500000000	14.7500000000	14.8312501907	-300.000000000	1302.90463530	NaN	0.00000000000	22.2999267578	25.0002746582	640.000000000	NaN	-273.150000000	-273.150000000	-273.150000000	-273.150000000	-273.150000000	-273.150000000	-273.150000000	0.00000000000	0.00000000000	0.00000000000	0.00000000000	-273.150000000	-273.150000000	-273.150000000	-273.150000000	NaN	0.00000000000	NaN	NaN	0.00000000000	0.00000000000	0.00000000000	0.00000000000

















3733299652.88	NaN	17.0000000000	119.000000000	0.00000000000	1.00000000000	NaN	0.0125937461853	-2.94884274900	1.03016138077	-3.03927989248	1.02458286285	2.48907899857	0.262638092041	0.0788784027100	2.40229699745	52.9958242378	0.100930681229	1015.11054090	0.0180673599243	0.000717258453369	0.00101053714752	200000.000000	16.0000000000	0.00000000000	166.000000000	232.000000000	5.00000000000	0.950000000000	-0.740000000000	22.3000000000	0.00000000000	96.0000000000	32.0000000000	13011488.0000	2500.00000000	2000.00000000	206.200000000	6466.00000000	1700.00000000	6000.00000000	13314.0000000	5801.00000000	23.4081460007	23.5137486754	23.1798541774	-0.365118443319	23.6668057909	26.2141808083	24.1922097605	-10.8927789160	23.5243397747	23.2737861163	23.2758785345	23.8878234650	23.9764863670	22.7635844875	-12.4077104270	0.882295696942	0.00000000000	0.100000000000	0.0500000000000	-0.00922870635986	0.00000000000	0.00000000000	0.00000000000	0.00000000000	0.00000000000	14.7500000000	14.7562503815	14.7500000000	14.7500000000	14.8312501907	-300.000000000	1480.36447624	NaN	0.00000000000	22.2998962402	25.0001525879	640.000000000	NaN	-273.150000000	-273.150000000	-273.150000000	-273.150000000	-273.150000000	-273.150000000	-273.150000000	0.00000000000	0.00000000000	0.00000000000	0.00000000000	-273.150000000	-273.150000000	-273.150000000	-273.150000000	NaN	0.00000000000	NaN	NaN	0.00000000000	0.00000000000	0.00000000000	0.00000000000

















3733299653.08	NaN	7.00000000000	117.000000000	0.00000000000	3.00000000000	NaN	0.0217819213867	-3.00910859070	1.02983331680	-3.06191459222	1.02655172348	2.50909566879	0.262638092041	0.0805191993713	2.43085987415	53.7571320992	0.100121019363	1015.32886530	0.0199441909790	0.000693011283875	0.000981783866882	200000.000000	16.0000000000	0.00000000000	166.000000000	232.000000000	5.00000000000	0.950000000000	-0.740000000000	22.3000000000	0.00000000000	96.0000000000	32.0000000000	13011488.0000	2500.00000000	2000.00000000	206.200000000	6466.00000000	1700.00000000	6000.00000000	13314.0000000	5801.00000000	23.4081460007	23.5137486754	23.1798541774	-0.365118443319	23.6668057909	26.2141808083	24.1922097605	-10.8927789160	23.5243397747	23.2737861163	23.2758785345	23.8878234650	23.9764863670	22.7635844875	-12.4077104270	0.882295696942	0.00000000000	0.100000000000	0.0500000000000	-0.00992312431335	0.00000000000	0.00000000000	0.00000000000	0.00000000000	0.00000000000	14.7500000000	14.7562503815	14.7500000000	14.7500000000	14.8312501907	-300.000000000	4389.02581484	NaN	0.00000000000	22.2998962402	25.0001525879	640.000000000	NaN	24.6393490160	-273.150000000	-273.150000000	-273.150000000	-273.150000000	-273.150000000	-273.150000000	0.00000000000	0.00000000000	0.00000000000	0.00000000000	-273.150000000	-273.150000000	-273.150000000	-273.150000000	NaN	0.00000000000	NaN	NaN	0.00000000000	0.00000000000	0.00000000000	0.00000000000

















3733299653.28	NaN	10.0000000000	121.000000000	0.00000000000	0.00000000000	NaN	0.0129222869873	-2.98650274234	1.03278636932	-3.04682341551	1.02622365952	2.50712680817	0.264606952667	0.0824880599976	2.43085987415	52.8052206345	0.104980167389	1015.15419309	0.0227532386780	0.000738310813904	0.000990319252014	200000.000000	16.0000000000	0.00000000000	166.000000000	232.000000000	5.00000000000	0.950000000000	-0.740000000000	22.3000000000	0.00000000000	96.0000000000	32.0000000000	13011488.0000	2500.00000000	2000.00000000	206.200000000	6466.00000000	1700.00000000	6000.00000000	13314.0000000	5801.00000000	23.4081460007	23.5137486754	23.1798541774	-0.365118443319	23.6668057909	26.2141808083	24.1922097605	-10.8927789160	23.5243397747	23.2737861163	23.2758785345	23.8878234650	23.9764863670	22.7635844875	-12.4077104270	0.882295696942	0.00000000000	0.100000000000	0.0500000000000	-0.00812096595764	0.00000000000	0.00000000000	0.00000000000	0.00000000000	0.00000000000	14.7500000000	14.7562503815	14.7500000000	14.7500000000	14.8312501907	-300.000000000	0.00000000000	NaN	0.00000000000	22.2998962402	24.9998779297	640.000000000	NaN	24.6393490160	-273.150000000	-273.150000000	-273.150000000	-273.150000000	-273.150000000	-273.150000000	0.00000000000	0.00000000000	0.00000000000	0.00000000000	-273.150000000	-273.150000000	-273.150000000	-273.150000000	NaN	0.00000000000	NaN	NaN	0.00000000000	0.00000000000	0.00000000000	0.00000000000


















3733299653.48	NaN	12.0000000000	125.000000000	0.00000000000	1.00000000000	NaN	0.0109534263611	-2.93379268458	1.03311443329	-3.03173774501	1.02491092682	2.50778293610	0.262966156006	0.0815038681030	2.40229699745	53.9474590645	0.103360843658	1015.37251749	0.0195770263672	0.000735688209534	0.00101585388184	200000.000000	16.0000000000	0.00000000000	166.000000000	232.000000000	5.00000000000	0.950000000000	-0.740000000000	22.3000000000	0.00000000000	96.0000000000	32.0000000000	13011488.0000	2500.00000000	2000.00000000	206.200000000	6466.00000000	1700.00000000	6000.00000000	13314.0000000	5801.00000000	23.4081460007	23.5137486754	23.1798541774	-0.365118443319	23.6668057909	26.2141808083	24.1922097605	-10.8927789160	23.5243397747	23.2737861163	23.2758785345	23.8878234650	23.9764863670	22.7635844875	-12.4077104270	0.882295696942	0.00000000000	0.100000000000	0.0500000000000	-0.00924973487854	0.00000000000	0.00000000000	0.00000000000	0.00000000000	0.00000000000	14.7500000000	14.7562503815	14.7500000000	14.7500000000	14.8312501907	-300.000000000	1302.90463530	NaN	0.00000000000	22.2998962402	24.9998779297	640.000000000	NaN	24.6393490160	-273.150000000	-273.150000000	-273.150000000	-273.150000000	-273.150000000	-273.150000000	0.00000000000	0.00000000000	0.00000000000	0.00000000000	-273.150000000	-273.150000000	-273.150000000	-273.150000000	NaN	0.00000000000	NaN	NaN	0.00000000000	0.00000000000	0.00000000000	0.00000000000

















3733299653.68	NaN	10.0000000000	108.000000000	0.00000000000	1.00000000000	NaN	0.0148911476135	-3.12991521496	1.02983331680	-3.02419697213	1.03311443329	2.50712680817	0.261981487274	0.0788784027100	2.05962546844	47.6652860184	0.0968823719025	1015.45982187	0.0167808532715	0.000696873664856	0.00101265907288	200000.000000	16.0000000000	0.00000000000	166.000000000	232.000000000	5.00000000000	0.950000000000	-0.740000000000	22.3000000000	0.00000000000	96.0000000000	32.0000000000	13011488.0000	2500.00000000	2000.00000000	206.200000000	6466.00000000	1700.00000000	6000.00000000	13314.0000000	5801.00000000	23.4081460007	23.5137486754	23.1798541774	-0.365118443319	23.6668057909	26.2141808083	24.1922097605	-10.8927789160	23.5243397747	23.2737861163	23.2758785345	23.8878234650	23.9764863670	22.7635844875	-12.4077104270	0.882295696942	0.00000000000	0.100000000000	0.0500000000000	-0.00950045585632	0.00000000000	0.00000000000	0.00000000000	0.00000000000	0.00000000000	14.7500000000	14.7562503815	14.7500000000	14.7500000000	14.8312501907	-300.000000000	1509.11975743	NaN	0.00000000000	22.2998962402	24.9998779297	640.000000000	NaN	24.6393490160	-273.150000000	-273.150000000	-273.150000000	-273.150000000	-273.150000000	-273.150000000	0.00000000000	0.00000000000	0.00000000000	0.00000000000	-273.150000000	-273.150000000	-273.150000000	-273.150000000	NaN	0.00000000000	NaN	NaN	0.00000000000	0.00000000000	0.00000000000	0.00000000000


















3733299653.88	NaN	13.0000000000	117.000000000	0.00000000000	0.00000000000	NaN	0.0132503509521	-3.14503682610	1.03213024139	-3.01664661540	1.03081750870	2.50515794754	0.263622283936	0.0851130485535	2.43085987415	54.3283896332	0.105789829254	1015.24156092	0.0195374488831	0.000733661651611	0.00101194381714	200000.000000	16.0000000000	0.00000000000	166.000000000	232.000000000	5.00000000000	0.950000000000	-0.740000000000	22.3000000000	0.00000000000	96.0000000000	32.0000000000	13011488.0000	2500.00000000	2000.00000000	206.200000000	6466.00000000	1700.00000000	6000.00000000	13314.0000000	5801.00000000	23.4081460007	23.5137486754	23.1798541774	-0.365118443319	23.6668057909	26.2141808083	24.1922097605	-10.8927789160	23.5243397747	23.2737861163	23.2758785345	23.8878234650	23.9764863670	22.7635844875	-12.4077104270	0.882295696942	0.00000000000	0.100000000000	0.0500000000000	-0.0124813079834	0.00000000000	0.00000000000	-0.000390625005821	0.00000000000	0.00000000000	14.7500000000	14.7562503815	14.7500000000	14.7500000000	14.8312501907	-300.000000000	0.00000000000	NaN	0.00000000000	22.3001708984	25.0000305176	640.000000000	NaN	24.6393490160	-273.150000000	-273.150000000	-273.150000000	-273.150000000	-273.150000000	-273.150000000	0.00000000000	0.00000000000	0.00000000000	0.00000000000	-273.150000000	-273.150000000	-273.150000000	-273.150000000	NaN	0.00000000000	NaN	NaN	0.00000000000	0.00000000000	0.00000000000	0.00000000000


















3733299654.08	NaN	9.00000000000	108.000000000	1.00000000000	1.00000000000	NaN	0.00537490844727	-3.15259971543	1.03344249725	-3.00157193761	1.02556705475	2.52386188507	0.265919208527	0.0854415893555	2.44989257069	52.6148936691	0.105789829254	1015.32886530	0.0204167366028	0.000724506378174	0.00100536346436	200000.000000	16.0000000000	0.00000000000	166.000000000	232.000000000	5.00000000000	0.950000000000	-0.740000000000	22.3000000000	0.00000000000	96.0000000000	32.0000000000	13011488.0000	2500.00000000	2000.00000000	206.200000000	6466.00000000	1700.00000000	6000.00000000	13314.0000000	5801.00000000	23.4081460007	23.5137486754	23.1798541774	-0.365118443319	23.6668057909	26.2141808083	24.1922097605	-10.8927789160	23.5243397747	23.2737861163	23.2758785345	23.8878234650	23.9764863670	22.7635844875	-12.4077104270	0.882295696942	0.00000000000	0.100000000000	0.0500000000000	-0.00839004516602	0.00000000000	0.00000000000	-0.000390625005821	0.00000000000	0.00000000000	14.7562503815	14.7562503815	14.7500000000	14.7500000000	14.8312501907	-300.000000000	1509.11975743	NaN	0.00000000000	22.3001708984	25.0000305176	640.000000000	NaN	24.6393490160	25.1271410718	-273.150000000	-273.150000000	-273.150000000	-273.150000000	-273.150000000	0.00000000000	0.00000000000	0.00000000000	0.00000000000	-273.150000000	-273.150000000	-273.150000000	-273.150000000	NaN	0.00000000000	NaN	NaN	0.00000000000	0.00000000000	0.00000000000	0.00000000000


















3733299654.28	NaN	13.0000000000	122.000000000	0.00000000000	1.00000000000	NaN	0.0122656822205	-2.94884274900	1.03180217743	-3.03173774501	1.02327013016	2.52681541443	0.263950347900	0.0854415893555	2.45940891895	55.6609550285	0.105789829254	1015.41616968	0.0204429626465	0.000694298744202	0.000989675521851	200000.000000	16.0000000000	0.00000000000	166.000000000	232.000000000	5.00000000000	0.950000000000	-0.740000000000	22.3000000000	0.00000000000	96.0000000000	32.0000000000	13011488.0000	2500.00000000	2000.00000000	206.200000000	6466.00000000	1700.00000000	6000.00000000	13314.0000000	5801.00000000	23.4081460007	23.5137486754	23.1798541774	-0.365118443319	23.6668057909	26.2141808083	24.1922097605	-10.8927789160	23.5243397747	23.2737861163	23.2758785345	23.8878234650	23.9764863670	22.7635844875	-12.4077104270	0.882295696942	0.00000000000	0.100000000000	0.0500000000000	-0.00758018493652	0.00000000000	0.00000000000	0.00000000000	0.00000000000	0.00000000000	14.7562503815	14.7562503815	14.7500000000	14.7500000000	14.8312501907	-300.000000000	1509.11975743	NaN	0.00000000000	22.3000183105	24.9998168945	640.000000000	NaN	24.6393490160	25.1271410718	-273.150000000	-273.150000000	-273.150000000	-273.150000000	-273.150000000	0.00000000000	0.00000000000	0.00000000000	0.00000000000	-273.150000000	-273.150000000	-273.150000000	-273.150000000	NaN	0.00000000000	NaN	NaN	0.00000000000	0.00000000000	0.00000000000	0.00000000000

















3733299654.48	NaN	13.0000000000	107.000000000	0.00000000000	2.00000000000	NaN	0.0185003280640	-2.95636982635	1.02655172348	-3.08457267427	1.02228593826	2.52517461777	0.264935016632	0.0877385139465	2.49748814392	54.8993705292	0.102551181793	1015.32886530	0.0217161178589	0.000700807571411	0.000975847244263	200000.000000	16.0000000000	0.00000000000	166.000000000	232.000000000	5.00000000000	0.950000000000	-0.740000000000	22.3000000000	0.00000000000	96.0000000000	32.0000000000	13011488.0000	2500.00000000	2000.00000000	206.200000000	6466.00000000	1700.00000000	6000.00000000	13314.0000000	5801.00000000	23.4081460007	23.5137486754	23.1798541774	-0.365118443319	23.6668057909	26.2141808083	24.1922097605	-10.8927789160	23.5243397747	23.2737861163	23.2758785345	23.8878234650	23.9764863670	22.7635844875	-12.4077104270	0.882295696942	0.00000000000	0.100000000000	0.0500000000000	-0.00539340972900	0.00000000000	0.00000000000	0.00000000000	0.00000000000	0.00000000000	14.7500000000	14.7562503815	14.7500000000	14.7500000000	14.8312501907	-300.000000000	3019.46474148	NaN	0.00000000000	22.3000183105	24.9998168945	640.000000000	NaN	24.6393490160	25.1271410718	-273.150000000	-273.150000000	-273.150000000	-273.150000000	-273.150000000	0.00000000000	0.00000000000	0.00000000000	0.00000000000	-273.150000000	-273.150000000	-273.150000000	-273.150000000	NaN	0.00000000000	NaN	NaN	0.00000000000	0.00000000000	0.00000000000	0.00000000000


















3733299654.68	NaN	11.0000000000	112.000000000	0.00000000000	2.00000000000	NaN	0.0109534263611	-3.01664661540	1.02458286285	-3.06191459222	1.03048944473	2.52419042587	0.262966156006	0.0664091110229	2.31663603115	50.9016743431	0.100930681229	1015.32886530	0.0128169059753	0.000704193115234	0.000987696647644	200000.000000	16.0000000000	0.00000000000	166.000000000	232.000000000	5.00000000000	0.950000000000	-0.740000000000	22.3000000000	0.00000000000	96.0000000000	32.0000000000	13011488.0000	2500.00000000	2000.00000000	206.200000000	6466.00000000	1700.00000000	6000.00000000	13314.0000000	5801.00000000	23.4081460007	23.5137486754	23.1798541774	-0.365118443319	23.6668057909	26.2141808083	24.1922097605	-10.8927789160	23.5243397747	23.2737861163	23.2758785345	23.8878234650	23.9764863670	22.7635844875	-12.4077104270	0.882295696942	0.00000000000	0.100000000000	0.0500000000000	-0.00959887504578	0.00000000000	0.00000000000	0.00000000000	0.00000000000	0.00000000000	14.7500000000	14.7562503815	14.7500000000	14.7500000000	14.8312501907	-300.000000000	2907.57073265	NaN	0.00000000000	22.3000183105	24.9998168945	640.000000000	NaN	24.6393490160	25.1271410718	-273.150000000	-273.150000000	-273.150000000	-273.150000000	-273.150000000	0.00000000000	0.00000000000	0.00000000000	0.00000000000	-273.150000000	-273.150000000	-273.150000000	-273.150000000	NaN	0.00000000000	NaN	NaN	0.00000000000	0.00000000000	0.00000000000	0.00000000000


















3733299654.88	NaN	9.00000000000	97.0000000000	0.00000000000	2.00000000000	NaN	0.0119376182556	-2.99403665515	1.02359819412	-3.06191459222	1.02392673492	2.52419042587	0.264278411865	0.0906915664673	2.61171198692	55.6609550285	0.0993113574982	1015.19784528	0.0100998878479	0.000730419158936	0.00100669860840	200000.000000	16.0000000000	0.00000000000	166.000000000	232.000000000	5.00000000000	0.950000000000	-0.740000000000	22.3000000000	0.00000000000	96.0000000000	32.0000000000	13011488.0000	2500.00000000	2000.00000000	206.200000000	6466.00000000	1700.00000000	6000.00000000	13314.0000000	5801.00000000	23.4081460007	23.5137486754	23.1798541774	-0.365118443319	23.6668057909	26.2141808083	24.1922097605	-10.8927789160	23.5243397747	23.2737861163	23.2758785345	23.8878234650	23.9764863670	22.7635844875	-12.4077104270	0.882295696942	0.00000000000	0.100000000000	0.0500000000000	-0.00568604469299	0.00000000000	0.00000000000	0.00000000000	0.00000000000	0.00000000000	14.7562503815	14.7562503815	14.7500000000	14.7500000000	14.8312501907	-300.000000000	2723.57824169	NaN	0.00000000000	22.3000793457	24.9999084473	640.000000000	NaN	24.6393490160	25.1271410718	-273.150000000	-273.150000000	-273.150000000	-273.150000000	-273.150000000	0.00000000000	0.00000000000	0.00000000000	0.00000000000	-273.150000000	-273.150000000	-273.150000000	-273.150000000	NaN	0.00000000000	NaN	NaN	0.00000000000	0.00000000000	0.00000000000	0.00000000000


















3733299655.08	NaN	8.00000000000	106.000000000	0.00000000000	0.00000000000	NaN	0.0165314674377	-3.18287618955	1.02228593826	-3.03927989248	1.02523899078	2.43690443039	0.261653423309	0.0943012237549	2.63074468346	55.6609550285	0.0993113574982	1015.06688870	0.00702857971191	0.000729107856750	0.00100541114807	200000.000000	16.0000000000	0.00000000000	166.000000000	232.000000000	5.00000000000	0.950000000000	-0.740000000000	22.3000000000	0.00000000000	96.0000000000	32.0000000000	13011488.0000	2500.00000000	2000.00000000	206.200000000	6466.00000000	1700.00000000	6000.00000000	13314.0000000	5801.00000000	23.4081460007	23.5137486754	23.1798541774	-0.365118443319	23.6668057909	26.2141808083	24.1922097605	-10.8927789160	23.5243397747	23.2737861163	23.2758785345	23.8878234650	23.9764863670	22.7635844875	-12.4077104270	0.882295696942	0.00000000000	0.100000000000	0.0500000000000	-0.00930228233337	0.00000000000	0.00000000000	0.00000000000	0.00000000000	0.00000000000	14.7562503815	14.7562503815	14.7500000000	14.7500000000	14.8312501907	-300.000000000	0.00000000000	NaN	0.00000000000	22.3000793457	24.9999084473	640.000000000	NaN	24.6393490160	25.1271410718	25.4320065705	-273.150000000	-273.150000000	-273.150000000	-273.150000000	0.00000000000	0.00000000000	0.00000000000	0.00000000000	-273.150000000	-273.150000000	-273.150000000	-273.150000000	NaN	0.00000000000	NaN	NaN	0.00000000000	0.00000000000	0.00000000000	0.00000000000


















3733299655.28	NaN	8.00000000000	111.000000000	0.00000000000	0.00000000000	NaN	0.00832796096802	-2.98650274234	1.01769208908	-3.10723222057	1.01736354828	2.44346761703	0.263622283936	0.0965981483459	2.69737295322	55.8512819939	0.101740343094	1015.63449409	0.00422000885010	0.000765228271484	0.00106050968170	200000.000000	16.0000000000	0.00000000000	166.000000000	232.000000000	5.00000000000	0.950000000000	-0.740000000000	22.3000000000	0.00000000000	96.0000000000	32.0000000000	13011488.0000	2500.00000000	2000.00000000	206.200000000	6466.00000000	1700.00000000	6000.00000000	13314.0000000	5801.00000000	23.4081460007	23.5137486754	23.1798541774	-0.365118443319	23.6668057909	26.2141808083	24.1922097605	-10.8927789160	23.5243397747	23.2737861163	23.2758785345	23.8878234650	23.9764863670	22.7635844875	-12.4077104270	0.882295696942	0.00000000000	0.100000000000	0.0500000000000	-0.0105084896088	0.00000000000	0.00000000000	0.00000000000	0.00000000000	0.00000000000	14.7500000000	14.7562503815	14.7500000000	14.7562503815	14.8312501907	-300.000000000	0.00000000000	NaN	0.00000000000	22.2998962402	25.0000305176	640.000000000	NaN	24.6393490160	25.1271410718	25.4320065705	-273.150000000	-273.150000000	-273.150000000	-273.150000000	0.00000000000	0.00000000000	0.00000000000	0.00000000000	-273.150000000	-273.150000000	-273.150000000	-273.150000000	NaN	0.00000000000	NaN	NaN	0.00000000000	0.00000000000	0.00000000000	0.00000000000

















3733299655.48	NaN	5.00000000000	113.000000000	0.00000000000	2.00000000000	NaN	0.00471878051758	-3.10723222057	1.01506662369	-3.05436831509	1.02097320557	2.43887329102	0.264935016632	0.0982389450073	2.73545217819	55.6609550285	0.104170505524	1015.19784528	0.00265789031982	0.000756001472473	0.00101063251495	200000.000000	16.0000000000	0.00000000000	166.000000000	232.000000000	5.00000000000	0.950000000000	-0.740000000000	22.3000000000	0.00000000000	96.0000000000	32.0000000000	13011488.0000	2500.00000000	2000.00000000	206.200000000	6466.00000000	1700.00000000	6000.00000000	13314.0000000	5801.00000000	23.4081460007	23.5137486754	23.1798541774	-0.365118443319	23.6668057909	26.2141808083	24.1922097605	-10.8927789160	23.5243397747	23.2737861163	23.2758785345	23.8878234650	23.9764863670	22.7635844875	-12.4077104270	0.882295696942	0.00000000000	0.100000000000	0.0500000000000	-0.00874304771423	0.00000000000	0.00000000000	0.00000000000	0.00000000000	0.00000000000	14.7500000000	14.7562503815	14.7500000000	14.7562503815	14.8312501907	-300.000000000	2822.53547137	NaN	0.00000000000	22.2998962402	25.0000305176	640.000000000	NaN	24.6393490160	25.1271410718	25.4320065705	-273.150000000	-273.150000000	-273.150000000	-273.150000000	0.00000000000	0.00000000000	0.00000000000	0.00000000000	-273.150000000	-273.150000000	-273.150000000	-273.150000000	NaN	0.00000000000	NaN	NaN	0.00000000000	0.00000000000	0.00000000000	0.00000000000

















3733299655.68	NaN	15.0000000000	118.000000000	0.00000000000	1.00000000000	NaN	0.0109534263611	-2.97142807622	1.01047277451	-3.05436831509	1.01867628098	2.44477987289	0.262638092041	0.0962700843811	2.61171198692	55.6609550285	0.102551181793	1015.32886530	-0.000767707824707	0.000738358497620	0.00101063251495	200000.000000	16.0000000000	0.00000000000	166.000000000	232.000000000	5.00000000000	0.950000000000	-0.740000000000	22.3000000000	0.00000000000	96.0000000000	32.0000000000	13011488.0000	2500.00000000	2000.00000000	206.200000000	6466.00000000	1700.00000000	6000.00000000	13314.0000000	5801.00000000	23.4081460007	23.5137486754	23.1798541774	-0.365118443319	23.6668057909	26.2141808083	24.1922097605	-10.8927789160	23.5243397747	23.2737861163	23.2758785345	23.8878234650	23.9764863670	22.7635844875	-12.4077104270	0.882295696942	0.00000000000	0.100000000000	0.0500000000000	-0.00804080963135	0.00000000000	0.00000000000	0.00000000000	0.00000000000	0.00000000000	14.7500000000	14.7562503815	14.7500000000	14.7500000000	14.8312501907	-300.000000000	1509.11975743	NaN	0.00000000000	22.2998962402	25.0000305176	640.000000000	NaN	24.6393490160	25.1271410718	25.4320065705	-273.150000000	-273.150000000	-273.150000000	-273.150000000	0.00000000000	0.00000000000	0.00000000000	0.00000000000	-273.150000000	-273.150000000	-273.150000000	-273.150000000	NaN	0.00000000000	NaN	NaN	0.00000000000	0.00000000000	0.00000000000	0.00000000000

















3733299655.88	NaN	10.0000000000	130.000000000	1.00000000000	1.00000000000	NaN	0.00537490844727	-3.14503682610	1.00686311722	-3.12991521496	1.01572322845	2.43985795975	0.264278411865	0.101848602295	2.84015967293	55.6609550285	0.104170505524	1015.32886530	-0.00408887863159	0.000732994079590	0.000998139381409	200000.000000	16.0000000000	0.00000000000	166.000000000	232.000000000	5.00000000000	0.950000000000	-0.740000000000	22.3000000000	0.00000000000	96.0000000000	32.0000000000	13011488.0000	2500.00000000	2000.00000000	206.200000000	6466.00000000	1700.00000000	6000.00000000	13314.0000000	5801.00000000	23.4081460007	23.5137486754	23.1798541774	-0.365118443319	23.6668057909	26.2141808083	24.1922097605	-10.8927789160	23.5243397747	23.2737861163	23.2758785345	23.8878234650	23.9764863670	22.7635844875	-12.4077104270	0.882295696942	0.00000000000	0.100000000000	0.0500000000000	-0.00702238082886	0.00000000000	0.00000000000	0.00000000000	0.00000000000	0.00000000000	14.7500000000	14.7562503815	14.7500000000	14.7500000000	14.8312501907	-300.000000000	1325.12726647	NaN	0.00000000000	22.3003540039	24.9999389648	640.000000000	NaN	24.6393490160	25.1271410718	25.4320065705	-273.150000000	-273.150000000	-273.150000000	-273.150000000	0.00000000000	0.00000000000	0.00000000000	0.00000000000	-273.150000000	-273.150000000	-273.150000000	-273.150000000	NaN	0.00000000000	NaN	NaN	0.00000000000	0.00000000000	0.00000000000	0.00000000000

















3733299656.08	NaN	13.0000000000	133.000000000	0.00000000000	0.00000000000	NaN	0.00406217575073	-3.12235649115	1.00522232056	-3.11478817035	1.01834821701	2.57209873199	0.267888069153	0.104473590851	2.92582063923	53.7571320992	0.105789829254	1015.11054090	-0.00806570053101	0.000744867324829	0.00101981163025	200000.000000	16.0000000000	0.00000000000	166.000000000	232.000000000	5.00000000000	0.950000000000	-0.740000000000	22.3000000000	0.00000000000	96.0000000000	32.0000000000	13011488.0000	2500.00000000	2000.00000000	206.200000000	6466.00000000	1700.00000000	6000.00000000	13314.0000000	5801.00000000	23.4081460007	23.5137486754	23.1798541774	-0.365118443319	23.6668057909	26.2141808083	24.1922097605	-10.8927789160	23.5243397747	23.2737861163	23.2758785345	23.8878234650	23.9764863670	22.7635844875	-12.4077104270	0.882295696942	0.00000000000	0.100000000000	0.0500000000000	-0.00853695869446	0.00000000000	0.00000000000	0.00000000000	0.00000000000	0.00000000000	14.7500000000	14.7562503815	14.7500000000	14.7500000000	14.8312501907	-300.000000000	0.00000000000	NaN	0.00000000000	22.3003540039	24.9999389648	640.000000000	NaN	24.6393490160	25.1271410718	25.4320065705	23.9311746608	-273.150000000	-273.150000000	-273.150000000	0.00000000000	0.00000000000	0.00000000000	0.00000000000	-273.150000000	-273.150000000	-273.150000000	-273.150000000	NaN	0.00000000000	NaN	NaN	0.00000000000	0.00000000000	0.00000000000	0.00000000000

















3733299656.28	NaN	7.00000000000	113.000000000	0.00000000000	2.00000000000	NaN	0.00964069366455	-2.96389826843	1.00095653534	-3.07702225654	1.01703548431	2.57636451721	0.266903877258	0.104145526886	2.93533698750	56.6128664932	0.104980167389	1015.28521311	-0.0125546455383	0.000736308097839	0.000989675521851	200000.000000	16.0000000000	0.00000000000	166.000000000	232.000000000	5.00000000000	0.950000000000	-0.740000000000	22.3000000000	0.00000000000	96.0000000000	32.0000000000	13011488.0000	2500.00000000	2000.00000000	206.200000000	6466.00000000	1700.00000000	6000.00000000	13314.0000000	5801.00000000	23.4081460007	23.5137486754	23.1798541774	-0.365118443319	23.6668057909	26.2141808083	24.1922097605	-10.8927789160	23.5243397747	23.2737861163	23.2758785345	23.8878234650	23.9764863670	22.7635844875	-12.4077104270	0.882295696942	0.00000000000	0.100000000000	0.0500000000000	-0.00940589904785	0.00000000000	0.00000000000	0.00000000000	0.00000000000	0.00000000000	14.7500000000	14.7562503815	14.7500000000	14.7500000000	14.8312501907	-300.000000000	2697.95217670	NaN	0.00000000000	22.2999572754	25.0000000000	640.000000000	NaN	24.6393490160	25.1271410718	25.4320065705	23.9311746608	-273.150000000	-273.150000000	-273.150000000	0.00000000000	0.00000000000	0.00000000000	0.00000000000	-273.150000000	-273.150000000	-273.150000000	-273.150000000	NaN	0.00000000000	NaN	NaN	0.00000000000	0.00000000000	0.00000000000	0.00000000000


















3733299656.48	NaN	9.00000000000	121.000000000	0.00000000000	3.00000000000	NaN	0.0162034034729	-3.02419697213	0.998331546783	-3.08457267427	1.01966094971	2.57242727280	0.265263080597	0.105786323547	2.97341621246	56.0416089592	0.104170505524	1015.41616968	-0.0167813301086	0.000708723068237	0.000999474525452	200000.000000	16.0000000000	0.00000000000	166.000000000	232.000000000	5.00000000000	0.950000000000	-0.740000000000	22.3000000000	0.00000000000	96.0000000000	32.0000000000	13011488.0000	2500.00000000	2000.00000000	206.200000000	6466.00000000	1700.00000000	6000.00000000	13314.0000000	5801.00000000	23.4081460007	23.5137486754	23.1798541774	-0.365118443319	23.6668057909	26.2141808083	24.1922097605	-10.8927789160	23.5243397747	23.2737861163	23.2758785345	23.8878234650	23.9764863670	22.7635844875	-12.4077104270	0.882295696942	0.00000000000	0.100000000000	0.0500000000000	-0.00994672775269	0.00000000000	0.00000000000	0.00000000000	0.00000000000	0.00000000000	14.7500000000	14.7562503815	14.7500000000	14.7500000000	14.8312501907	-300.000000000	4173.49220225	NaN	0.00000000000	22.2999572754	25.0000000000	640.000000000	NaN	24.6393490160	25.1271410718	25.4320065705	23.9311746608	-273.150000000	-273.150000000	-273.150000000	0.00000000000	0.00000000000	0.00000000000	0.00000000000	-273.150000000	-273.150000000	-273.150000000	-273.150000000	NaN	0.00000000000	NaN	NaN	0.00000000000	0.00000000000	0.00000000000	0.00000000000

















3733299656.68	NaN	12.0000000000	108.000000000	0.00000000000	0.00000000000	NaN	0.00734376907349	-2.96389826843	0.992753028870	-3.13747532628	1.01933240891	2.57472419739	0.267231941223	0.0946292877197	2.25000776138	46.9037015190	0.102551181793	1015.28521311	-0.0195899009705	0.000710034370422	0.000983738899231	200000.000000	16.0000000000	0.00000000000	166.000000000	232.000000000	5.00000000000	0.950000000000	-0.740000000000	22.3000000000	0.00000000000	96.0000000000	32.0000000000	13011488.0000	2500.00000000	2000.00000000	206.200000000	6466.00000000	1700.00000000	6000.00000000	13314.0000000	5801.00000000	23.4081460007	23.5137486754	23.1798541774	-0.365118443319	23.6668057909	26.2141808083	24.1922097605	-10.8927789160	23.5243397747	23.2737861163	23.2758785345	23.8878234650	23.9764863670	22.7635844875	-12.4077104270	0.882295696942	0.00000000000	0.100000000000	0.0500000000000	-0.00681233406067	0.00000000000	0.00000000000	0.00000000000	0.00000000000	0.00000000000	14.7500000000	14.7562503815	14.7500000000	14.7500000000	14.8312501907	-300.000000000	0.00000000000	NaN	0.00000000000	22.2999572754	25.0000000000	640.000000000	NaN	24.6393490160	25.1271410718	25.4320065705	23.9311746608	-273.150000000	-273.150000000	-273.150000000	0.00000000000	0.00000000000	0.00000000000	0.00000000000	-273.150000000	-273.150000000	-273.150000000	-273.150000000	NaN	0.00000000000	NaN	NaN	0.00000000000	0.00000000000	0.00000000000	0.00000000000

















3733299656.88	NaN	9.00000000000	127.000000000	0.00000000000	0.00000000000	NaN	0.00406217575073	-2.97897019818	0.991440773010	-3.15259971543	1.01276969910	2.57472419739	0.268216133118	0.109067440033	3.06860735893	56.4225395279	0.103360843658	1015.28521311	-0.0200495719910	0.000713324546814	0.000984406471252	200000.000000	16.0000000000	0.00000000000	166.000000000	232.000000000	5.00000000000	0.950000000000	-0.740000000000	22.3000000000	0.00000000000	96.0000000000	32.0000000000	13011488.0000	2500.00000000	2000.00000000	206.200000000	6466.00000000	1700.00000000	6000.00000000	13314.0000000	5801.00000000	23.4081460007	23.5137486754	23.1798541774	-0.365118443319	23.6668057909	26.2141808083	24.1922097605	-10.8927789160	23.5243397747	23.2737861163	23.2758785345	23.8878234650	23.9764863670	22.7635844875	-12.4077104270	0.882295696942	0.00000000000	0.100000000000	0.0500000000000	-0.00780725479126	0.00000000000	0.00000000000	0.00000000000	0.00000000000	0.00000000000	14.7500000000	14.7562503815	14.7500000000	14.7562503815	14.8312501907	-300.000000000	0.00000000000	NaN	0.00000000000	22.2997436523	25.0000000000	640.000000000	NaN	24.6393490160	25.1271410718	25.4320065705	23.9311746608	-273.150000000	-273.150000000	-273.150000000	0.00000000000	0.00000000000	0.00000000000	0.00000000000	-273.150000000	-273.150000000	-273.150000000	-273.150000000	NaN	0.00000000000	NaN	NaN	0.00000000000	0.00000000000	0.00000000000	0.00000000000


















3733299657.08	NaN	9.00000000000	112.000000000	0.00000000000	3.00000000000	NaN	0.0162034034729	-3.17530773014	0.995706558228	-2.89618041222	1.03213024139	0.0234227180481	0.0188288688660	0.0457363128662	1.18392778130	25.0111210213	0.104980167389	1015.59084189	-0.0400400161743	0.000701498985291	0.000982379913330	200000.000000	16.0000000000	0.00000000000	166.000000000	232.000000000	5.00000000000	0.950000000000	-0.740000000000	22.3000000000	0.00000000000	96.0000000000	32.0000000000	13011488.0000	2500.00000000	2000.00000000	206.200000000	6466.00000000	1700.00000000	6000.00000000	13314.0000000	5801.00000000	23.4081460007	23.5137486754	23.1798541774	-0.365118443319	23.6668057909	26.2141808083	24.1922097605	-10.8927789160	23.5243397747	23.2737861163	23.2758785345	23.8878234650	23.9764863670	22.7635844875	-12.4077104270	0.882295696942	0.00000000000	0.100000000000	0.0500000000000	-0.0305145740509	0.00000000000	0.00000000000	-0.000390625005821	0.00000000000	0.00000000000	14.7500000000	14.7562503815	14.7500000000	14.7562503815	14.8312501907	-300.000000000	4393.82870195	NaN	0.00000000000	22.2997436523	25.0000000000	640.000000000	NaN	24.6393490160	25.1271410718	25.4320065705	23.9311746608	26.3388779546	-273.150000000	-273.150000000	0.00000000000	0.00000000000	0.00000000000	0.00000000000	-273.150000000	-273.150000000	-273.150000000	-273.150000000	NaN	0.00000000000	NaN	NaN	0.00000000000	0.00000000000	0.00000000000	0.00000000000

















3733299657.28	NaN	12.0000000000	85.0000000000	0.00000000000	1.00000000000	NaN	0.0122656822205	-3.13747532628	0.986190319061	-3.12991521496	1.01736354828	0.0247354507446	0.0214538574219	0.0463924407959	1.27910509586	20.0612367325	0.102551181793	1015.28521311	-0.0303792953491	0.000737595558167	0.00102441310883	200000.000000	16.0000000000	0.00000000000	166.000000000	232.000000000	5.00000000000	0.950000000000	-0.740000000000	22.3000000000	0.00000000000	96.0000000000	32.0000000000	13011488.0000	2500.00000000	2000.00000000	206.200000000	6466.00000000	1700.00000000	6000.00000000	13314.0000000	5801.00000000	23.4081460007	23.5137486754	23.1798541774	-0.365118443319	23.6668057909	26.2141808083	24.1922097605	-10.8927789160	23.5243397747	23.2737861163	23.2758785345	23.8878234650	23.9764863670	22.7635844875	-12.4077104270	0.882295696942	0.00000000000	0.100000000000	0.0500000000000	-0.00972876548767	0.00000000000	0.00000000000	-0.000390625005821	0.00000000000	0.00000000000	14.7500000000	14.7562503815	14.7500000000	14.7500000000	14.8312501907	-300.000000000	1219.57933885	NaN	0.00000000000	22.2999572754	25.0001220703	640.000000000	NaN	24.6393490160	25.1271410718	25.4320065705	23.9311746608	26.3388779546	-273.150000000	-273.150000000	0.00000000000	0.00000000000	0.00000000000	0.00000000000	-273.150000000	-273.150000000	-273.150000000	-273.150000000	NaN	0.00000000000	NaN	NaN	0.00000000000	0.00000000000	0.00000000000	0.00000000000

















3733299657.48	NaN	6.00000000000	136.000000000	0.00000000000	0.00000000000	NaN	0.00110912322998	-3.07702225654	0.982908725739	-3.18287618955	1.01145696640	0.0247354507446	0.0227665901184	0.0493459701538	1.36477989407	20.4421673012	0.101740343094	1015.32886530	-0.0340023040771	0.000723838806152	0.00101523399353	200000.000000	16.0000000000	0.00000000000	166.000000000	232.000000000	5.00000000000	0.950000000000	-0.740000000000	22.3000000000	0.00000000000	96.0000000000	32.0000000000	13011488.0000	2500.00000000	2000.00000000	206.200000000	6466.00000000	1700.00000000	6000.00000000	13314.0000000	5801.00000000	23.4081460007	23.5137486754	23.1798541774	-0.365118443319	23.6668057909	26.2141808083	24.1922097605	-10.8927789160	23.5243397747	23.2737861163	23.2758785345	23.8878234650	23.9764863670	22.7635844875	-12.4077104270	0.882295696942	0.00000000000	0.100000000000	0.0500000000000	-0.00975770950317	0.00000000000	0.00000000000	0.00000000000	0.00000000000	0.00000000000	14.7500000000	14.7562503815	14.7500000000	14.7500000000	14.8312501907	-300.000000000	0.00000000000	NaN	0.00000000000	22.2999572754	25.0001220703	640.000000000	NaN	24.6393490160	25.1271410718	25.4320065705	23.9311746608	26.3388779546	-273.150000000	-273.150000000	0.00000000000	0.00000000000	0.00000000000	0.00000000000	-273.150000000	-273.150000000	-273.150000000	-273.150000000	NaN	0.00000000000	NaN	NaN	0.00000000000	0.00000000000	0.00000000000	0.00000000000

















3733299657.68	NaN	13.0000000000	110.000000000	0.00000000000	4.00000000000	NaN	0.0155472755432	-3.17530773014	0.981924533844	-3.14503682610	1.01605129242	0.0234227180481	0.0188288688660	0.0427827835083	1.11728567963	15.8732135811	0.104170505524	1015.19784528	-0.0356559753418	0.000725841522217	0.000997495651245	200000.000000	16.0000000000	0.00000000000	166.000000000	232.000000000	5.00000000000	0.950000000000	-0.740000000000	22.3000000000	0.00000000000	96.0000000000	32.0000000000	13011488.0000	2500.00000000	2000.00000000	206.200000000	6466.00000000	1700.00000000	6000.00000000	13314.0000000	5801.00000000	23.4081460007	23.5137486754	23.1798541774	-0.365118443319	23.6668057909	26.2141808083	24.1922097605	-10.8927789160	23.5243397747	23.2737861163	23.2758785345	23.8878234650	23.9764863670	22.7635844875	-12.4077104270	0.882295696942	0.00000000000	0.100000000000	0.0500000000000	-0.00892162322998	0.00000000000	0.00000000000	0.00000000000	0.00000000000	0.00000000000	14.7500000000	14.7562503815	14.7500000000	14.7500000000	14.8312501907	-300.000000000	5430.96533515	NaN	0.00000000000	22.2999572754	25.0001220703	640.000000000	NaN	24.6393490160	25.1271410718	25.4320065705	23.9311746608	26.3388779546	-273.150000000	-273.150000000	0.00000000000	0.00000000000	0.00000000000	0.00000000000	-273.150000000	-273.150000000	-273.150000000	-273.150000000	NaN	0.00000000000	NaN	NaN	0.00000000000	0.00000000000	0.00000000000	0.00000000000


















3733299657.88	NaN	11.0000000000	104.000000000	0.00000000000	1.00000000000	NaN	0.00635910034180	-3.03173774501	0.978314876556	-3.16774066425	1.01342582703	0.0270323753357	0.0234227180481	0.0490179061890	1.35524971390	22.1553866272	0.104980167389	1015.19784528	-0.0377955436707	0.000709366798401	0.000983738899231	200000.000000	16.0000000000	0.00000000000	166.000000000	232.000000000	5.00000000000	0.950000000000	-0.740000000000	22.3000000000	0.00000000000	96.0000000000	32.0000000000	13011488.0000	2500.00000000	2000.00000000	206.200000000	6466.00000000	1700.00000000	6000.00000000	13314.0000000	5801.00000000	23.4081460007	23.5137486754	23.1798541774	-0.365118443319	23.6668057909	26.2141808083	24.1922097605	-10.8927789160	23.5243397747	23.2737861163	23.2758785345	23.8878234650	23.9764863670	22.7635844875	-12.4077104270	0.882295696942	0.00000000000	0.100000000000	0.0500000000000	-0.0122883796692	0.00000000000	0.00000000000	0.00000000000	0.00000000000	0.00000000000	14.7500000000	14.7562503815	14.7500000000	14.7500000000	14.8312501907	-300.000000000	1259.86574344	NaN	0.00000000000	22.3000183105	24.9998779297	640.000000000	NaN	24.6393490160	25.1271410718	25.4320065705	23.9311746608	26.3388779546	-273.150000000	-273.150000000	0.00000000000	0.00000000000	0.00000000000	0.00000000000	-273.150000000	-273.150000000	-273.150000000	-273.150000000	NaN	0.00000000000	NaN	NaN	0.00000000000	0.00000000000	0.00000000000	0.00000000000

















3733299658.08	NaN	16.0000000000	116.000000000	0.00000000000	1.00000000000	NaN	0.00439023971558	-3.11478817035	0.977330684662	-3.18287618955	1.01211357117	0.0247354507446	0.0217819213867	0.0500020980835	1.41236163540	21.7747326965	0.108219991684	1015.37251749	-0.0356426239014	0.000746202468872	0.00100407600403	200000.000000	16.0000000000	0.00000000000	166.000000000	232.000000000	5.00000000000	0.950000000000	-0.740000000000	22.3000000000	0.00000000000	96.0000000000	32.0000000000	13011488.0000	2500.00000000	2000.00000000	206.200000000	6466.00000000	1700.00000000	6000.00000000	13314.0000000	5801.00000000	23.4081460007	23.5137486754	23.1798541774	-0.365118443319	23.6668057909	26.2141808083	24.1922097605	-10.8927789160	23.5243397747	23.2737861163	23.2758785345	23.8878234650	23.9764863670	22.7635844875	-12.4077104270	0.882295696942	0.00000000000	0.100000000000	0.0500000000000	-0.00960283279419	0.00000000000	0.00000000000	0.00000000000	0.00000000000	0.00000000000	14.7500000000	14.7562503815	14.7500000000	14.7500000000	14.8312501907	-300.000000000	1280.63276119	NaN	0.00000000000	22.3000183105	24.9998779297	640.000000000	NaN	24.6393490160	25.1271410718	25.4320065705	23.9311746608	26.3388779546	-58.6324593352	-273.150000000	0.00000000000	0.00000000000	0.00000000000	0.00000000000	-273.150000000	-273.150000000	-273.150000000	-273.150000000	NaN	0.00000000000	NaN	NaN	0.00000000000	0.00000000000	0.00000000000	0.00000000000


















3733299658.28	NaN	10.0000000000	117.000000000	0.00000000000	1.00000000000	NaN	0.00209331512451	-3.08457267427	0.978314876556	-3.15259971543	1.01014471054	0.0253915786743	0.0217819213867	0.0490179061890	1.36477989407	19.1096019058	0.108219991684	1015.32886530	-0.0400400161743	0.000737571716309	0.000992274284363	200000.000000	16.0000000000	0.00000000000	166.000000000	232.000000000	5.00000000000	0.950000000000	-0.740000000000	22.3000000000	0.00000000000	96.0000000000	32.0000000000	13011488.0000	2500.00000000	2000.00000000	206.200000000	6466.00000000	1700.00000000	6000.00000000	13314.0000000	5801.00000000	23.4081460007	23.5137486754	23.1798541774	-0.365118443319	23.6668057909	26.2141808083	24.1922097605	-10.8927789160	23.5243397747	23.2737861163	23.2758785345	23.8878234650	23.9764863670	22.7635844875	-12.4077104270	0.882295696942	0.00000000000	0.100000000000	0.0500000000000	-0.0116320610046	0.00000000000	0.00000000000	-0.000390625005821	0.00000000000	0.00000000000	14.7500000000	14.7562503815	14.7500000000	14.7500000000	14.8312501907	-300.000000000	1348.98807899	NaN	0.00000000000	22.3002014160	25.0001831055	640.000000000	NaN	24.6393490160	25.1271410718	25.4320065705	23.9311746608	26.3388779546	-58.6324593352	-273.150000000	0.00000000000	0.00000000000	0.00000000000	0.00000000000	-273.150000000	-273.150000000	-273.150000000	-273.150000000	NaN	0.00000000000	NaN	NaN	0.00000000000	0.00000000000	0.00000000000	0.00000000000

















3733299658.48	NaN	10.0000000000	134.000000000	0.00000000000	0.00000000000	NaN	0.0148911476135	-3.13747532628	0.975033283234	-3.14503682610	1.01572322845	0.0230946540833	0.0185003280640	0.0486893653870	1.38381259060	20.6324942665	0.107410329819	1015.24156092	-0.0341596603394	0.000742840766907	0.00102312564850	200000.000000	16.0000000000	0.00000000000	166.000000000	232.000000000	5.00000000000	0.950000000000	-0.740000000000	22.3000000000	0.00000000000	96.0000000000	32.0000000000	13011488.0000	2500.00000000	2000.00000000	206.200000000	6466.00000000	1700.00000000	6000.00000000	13314.0000000	5801.00000000	23.4081460007	23.5137486754	23.1798541774	-0.365118443319	23.6668057909	26.2141808083	24.1922097605	-10.8927789160	23.5243397747	23.2737861163	23.2758785345	23.8878234650	23.9764863670	22.7635844875	-12.4077104270	0.882295696942	0.00000000000	0.100000000000	0.0500000000000	-0.00877327919006	0.00000000000	0.00000000000	-0.000390625005821	0.00000000000	0.00000000000	14.7500000000	14.7562503815	14.7500000000	14.7500000000	14.8312501907	-300.000000000	0.00000000000	NaN	0.00000000000	22.3002014160	25.0001831055	640.000000000	NaN	24.6393490160	25.1271410718	25.4320065705	23.9311746608	26.3388779546	-58.6324593352	-273.150000000	0.00000000000	0.00000000000	0.00000000000	0.00000000000	-273.150000000	-273.150000000	-273.150000000	-273.150000000	NaN	0.00000000000	NaN	NaN	0.00000000000	0.00000000000	0.00000000000	0.00000000000


















3733299658.68	NaN	16.0000000000	109.000000000	0.00000000000	0.00000000000	NaN	0.0207977294922	-2.97897019818	0.974705219269	-3.09212447352	1.00850391388	0.0247354507446	0.0201411247253	0.0391736030579	0.631841262817	7.68721760559	0.107410329819	1015.41616968	-0.0380711555481	0.000737690925598	0.00100274085999	200000.000000	16.0000000000	0.00000000000	166.000000000	232.000000000	5.00000000000	0.950000000000	-0.740000000000	22.3000000000	0.00000000000	96.0000000000	32.0000000000	13011488.0000	2500.00000000	2000.00000000	206.200000000	6466.00000000	1700.00000000	6000.00000000	13314.0000000	5801.00000000	23.4081460007	23.5137486754	23.1798541774	-0.365118443319	23.6668057909	26.2141808083	24.1922097605	-10.8927789160	23.5243397747	23.2737861163	23.2758785345	23.8878234650	23.9764863670	22.7635844875	-12.4077104270	0.882295696942	0.00000000000	0.100000000000	0.0500000000000	-0.00976819992065	0.00000000000	0.00000000000	0.00000000000	0.00000000000	0.00000000000	14.7500000000	14.7562503815	14.7500000000	14.7500000000	14.8312501907	-300.000000000	0.00000000000	NaN	0.00000000000	22.3002014160	25.0001831055	640.000000000	NaN	24.6393490160	25.1271410718	25.4320065705	23.9311746608	26.3388779546	-58.6324593352	-273.150000000	0.00000000000	0.00000000000	0.00000000000	0.00000000000	-273.150000000	-273.150000000	-273.150000000	-273.150000000	NaN	0.00000000000	NaN	NaN	0.00000000000	0.00000000000	0.00000000000	0.00000000000


















3733299658.88	NaN	10.0000000000	107.000000000	0.00000000000	1.00000000000	NaN	0.0129222869873	-2.97142807622	0.978971004486	-3.18287618955	1.01441049576	0.0240788459778	0.0188288688660	0.0477051734924	1.37429624233	20.2518403358	0.104170505524	1015.28521311	-0.0373096466064	0.000736975669861	0.00101130008698	200000.000000	16.0000000000	0.00000000000	166.000000000	232.000000000	5.00000000000	0.950000000000	-0.740000000000	22.3000000000	0.00000000000	96.0000000000	32.0000000000	13011488.0000	2500.00000000	2000.00000000	206.200000000	6466.00000000	1700.00000000	6000.00000000	13314.0000000	5801.00000000	23.4081460007	23.5137486754	23.1798541774	-0.365118443319	23.6668057909	26.2141808083	24.1922097605	-10.8927789160	23.5243397747	23.2737861163	23.2758785345	23.8878234650	23.9764863670	22.7635844875	-12.4077104270	0.882295696942	0.00000000000	0.100000000000	0.0500000000000	-0.00968160629272	0.00000000000	0.00000000000	0.00000000000	0.00000000000	0.00000000000	14.7500000000	14.7562503815	14.7500000000	14.7500000000	14.8312501907	-300.000000000	1372.82491023	NaN	0.00000000000	22.3001098633	24.9998474121	640.000000000	NaN	24.6393490160	25.1271410718	25.4320065705	23.9311746608	26.3388779546	-58.6324593352	-273.150000000	0.00000000000	0.00000000000	0.00000000000	0.00000000000	-273.150000000	-273.150000000	-273.150000000	-273.150000000	NaN	0.00000000000	NaN	NaN	0.00000000000	0.00000000000	0.00000000000	0.00000000000


















3733299659.08	NaN	14.0000000000	108.000000000	0.00000000000	1.00000000000	NaN	0.00373411178589	-3.16016399527	0.976674079895	-3.19801729297	1.01145696640	-0.000203609466553	0.0152192115784	0.0460643768311	1.32670066910	20.0612367325	0.100121019363	1015.45982187	-0.0411162376404	0.000736355781555	0.00100996494293	200000.000000	16.0000000000	0.00000000000	166.000000000	232.000000000	5.00000000000	0.950000000000	-0.740000000000	22.3000000000	0.00000000000	96.0000000000	32.0000000000	13011488.0000	2500.00000000	2000.00000000	206.200000000	6466.00000000	1700.00000000	6000.00000000	13314.0000000	5801.00000000	23.4081460007	23.5137486754	23.1798541774	-0.365118443319	23.6668057909	26.2141808083	24.1922097605	-10.8927789160	23.5243397747	23.2737861163	23.2758785345	23.8878234650	23.9764863670	22.7635844875	-12.4077104270	0.882295696942	0.00000000000	0.100000000000	0.0500000000000	-0.0109193801880	0.00000000000	0.00000000000	0.00000000000	0.00000000000	0.00000000000	14.7500000000	14.7562503815	14.7500000000	14.7500000000	14.8312501907	-300.000000000	1509.11975743	NaN	0.00000000000	22.3001098633	24.9998474121	640.000000000	NaN	24.6393490160	25.1271410718	25.4320065705	23.9311746608	26.3388779546	-58.6324593352	-59.9660552071	0.00000000000	0.00000000000	0.00000000000	0.00000000000	-273.150000000	-273.150000000	-273.150000000	-273.150000000	NaN	0.00000000000	NaN	NaN	0.00000000000	0.00000000000	0.00000000000	0.00000000000

















3733299659.28	NaN	13.0000000000	117.000000000	0.00000000000	0.00000000000	NaN	0.0139064788818	-3.04682341551	0.978314876556	-3.14503682610	1.01572322845	-0.000859737396240	0.0139064788818	0.0437674522400	1.27910509586	19.4902558365	0.104980167389	1015.24156092	-0.0350651741028	0.000742912292480	0.00103554725647	200000.000000	16.0000000000	0.00000000000	166.000000000	232.000000000	5.00000000000	0.950000000000	-0.740000000000	22.3000000000	0.00000000000	96.0000000000	32.0000000000	13011488.0000	2500.00000000	2000.00000000	206.200000000	6466.00000000	1700.00000000	6000.00000000	13314.0000000	5801.00000000	23.4081460007	23.5137486754	23.1798541774	-0.365118443319	23.6668057909	26.2141808083	24.1922097605	-10.8927789160	23.5243397747	23.2737861163	23.2758785345	23.8878234650	23.9764863670	22.7635844875	-12.4077104270	0.882295696942	0.00000000000	0.100000000000	0.0500000000000	-0.00798707008362	0.00000000000	0.00000000000	0.00000000000	0.00000000000	0.00000000000	14.7562503815	14.7562503815	14.7562503815	14.7562503815	14.8312501907	-300.000000000	0.00000000000	NaN	0.00000000000	22.2998352051	25.0003051758	640.000000000	NaN	24.6393490160	25.1271410718	25.4320065705	23.9311746608	26.3388779546	-58.6324593352	-59.9660552071	0.00000000000	0.00000000000	0.00000000000	0.00000000000	-273.150000000	-273.150000000	-273.150000000	-273.150000000	NaN	0.00000000000	NaN	NaN	0.00000000000	0.00000000000	0.00000000000	0.00000000000

















3733299659.48	NaN	13.0000000000	124.000000000	0.00000000000	1.00000000000	NaN	0.0112814903259	-2.94131703540	0.981267929077	-3.15259971543	1.01637935638	-0.000531673431396	0.0132503509521	0.0427827835083	1.26007239933	18.9189983025	0.105789829254	1015.28521311	-0.0350651741028	0.000746154785156	0.00104079246521	200000.000000	16.0000000000	0.00000000000	166.000000000	232.000000000	5.00000000000	0.950000000000	-0.740000000000	22.3000000000	0.00000000000	96.0000000000	32.0000000000	13011488.0000	2500.00000000	2000.00000000	206.200000000	6466.00000000	1700.00000000	6000.00000000	13314.0000000	5801.00000000	23.4081460007	23.5137486754	23.1798541774	-0.365118443319	23.6668057909	26.2141808083	24.1922097605	-10.8927789160	23.5243397747	23.2737861163	23.2758785345	23.8878234650	23.9764863670	22.7635844875	-12.4077104270	0.882295696942	0.00000000000	0.100000000000	0.0500000000000	-0.0101238727570	0.00000000000	0.00000000000	0.00000000000	0.00000000000	0.00000000000	14.7562503815	14.7562503815	14.7562503815	14.7562503815	14.8312501907	-300.000000000	1302.90463530	NaN	0.00000000000	22.2998352051	25.0003051758	640.000000000	NaN	24.6393490160	25.1271410718	25.4320065705	23.9311746608	26.3388779546	-58.6324593352	-59.9660552071	0.00000000000	0.00000000000	0.00000000000	0.00000000000	-273.150000000	-273.150000000	-273.150000000	-273.150000000	NaN	0.00000000000	NaN	NaN	0.00000000000	0.00000000000	0.00000000000	0.00000000000


















3733299659.68	NaN	7.00000000000	130.000000000	0.00000000000	1.00000000000	NaN	0.00307798385620	-3.16774066425	0.980283737183	-3.17530773014	1.02195787430	-0.000531673431396	0.0135784149170	0.0401577949524	0.936433566856	12.8271522217	0.104170505524	1015.41616968	-0.0365486145020	0.000735020637512	0.00101523399353	200000.000000	16.0000000000	0.00000000000	166.000000000	232.000000000	5.00000000000	0.950000000000	-0.740000000000	22.3000000000	0.00000000000	96.0000000000	32.0000000000	13011488.0000	2500.00000000	2000.00000000	206.200000000	6466.00000000	1700.00000000	6000.00000000	13314.0000000	5801.00000000	23.4081460007	23.5137486754	23.1798541774	-0.365118443319	23.6668057909	26.2141808083	24.1922097605	-10.8927789160	23.5243397747	23.2737861163	23.2758785345	23.8878234650	23.9764863670	22.7635844875	-12.4077104270	0.882295696942	0.00000000000	0.100000000000	0.0500000000000	-0.00911316871643	0.00000000000	0.00000000000	0.00000000000	0.00000000000	0.00000000000	14.7500000000	14.7562503815	14.7500000000	14.7500000000	14.8312501907	-300.000000000	1280.63276119	NaN	0.00000000000	22.2998352051	25.0003051758	640.000000000	NaN	24.6393490160	25.1271410718	25.4320065705	23.9311746608	26.3388779546	-58.6324593352	-59.9660552071	0.00000000000	0.00000000000	0.00000000000	0.00000000000	-273.150000000	-273.150000000	-273.150000000	-273.150000000	NaN	0.00000000000	NaN	NaN	0.00000000000	0.00000000000	0.00000000000	0.00000000000

















3733299659.88	NaN	7.00000000000	124.000000000	0.00000000000	1.00000000000	NaN	0.0135784149170	-3.19801729297	0.980939865112	-3.21317499237	1.01769208908	-0.000531673431396	0.0119376182556	0.0411424636841	1.17439760113	17.0154520111	0.103360843658	1015.45982187	-0.0333981513977	0.000717926025391	0.00100080966949	200000.000000	16.0000000000	0.00000000000	166.000000000	232.000000000	5.00000000000	0.950000000000	-0.740000000000	22.3000000000	0.00000000000	96.0000000000	32.0000000000	13011488.0000	2500.00000000	2000.00000000	206.200000000	6466.00000000	1700.00000000	6000.00000000	13314.0000000	5801.00000000	23.4081460007	23.5137486754	23.1798541774	-0.365118443319	23.6668057909	26.2141808083	24.1922097605	-10.8927789160	23.5243397747	23.2737861163	23.2758785345	23.8878234650	23.9764863670	22.7635844875	-12.4077104270	0.882295696942	0.00000000000	0.100000000000	0.0500000000000	-0.0113156795502	0.00000000000	0.00000000000	0.00000000000	0.00000000000	0.00000000000	14.7500000000	14.7562503815	14.7500000000	14.7500000000	14.8312501907	-300.000000000	1604.95521257	NaN	0.00000000000	22.2997436523	24.9999389648	640.000000000	NaN	24.6393490160	25.1271410718	25.4320065705	23.9311746608	26.3388779546	-58.6324593352	-59.9660552071	0.00000000000	0.00000000000	0.00000000000	0.00000000000	-273.150000000	-273.150000000	-273.150000000	-273.150000000	NaN	0.00000000000	NaN	NaN	0.00000000000	0.00000000000	0.00000000000	0.00000000000

















3733299660.08	NaN	6.00000000000	120.000000000	0.00000000000	0.00000000000	NaN	0.00898456573486	-2.96389826843	0.987503051758	-3.17530773014	1.01211357117	-0.000531673431396	0.0132503509521	0.0401577949524	1.16488125286	21.5844057312	0.105789829254	1015.24156092	-0.0271372795105	0.000756049156189	0.00103754997253	200000.000000	16.0000000000	0.00000000000	166.000000000	232.000000000	5.00000000000	0.950000000000	-0.740000000000	22.3000000000	0.00000000000	96.0000000000	32.0000000000	13011488.0000	2500.00000000	2000.00000000	206.200000000	6466.00000000	1700.00000000	6000.00000000	13314.0000000	5801.00000000	23.4081460007	23.5137486754	23.1798541774	-0.365118443319	23.6668057909	26.2141808083	24.1922097605	-10.8927789160	23.5243397747	23.2737861163	23.2758785345	23.8878234650	23.9764863670	22.7635844875	-12.4077104270	0.882295696942	0.00000000000	0.100000000000	0.0500000000000	-0.00854096412659	0.00000000000	0.00000000000	0.00000000000	0.00000000000	0.00000000000	14.7500000000	14.7562503815	14.7500000000	14.7500000000	14.8312501907	-300.000000000	0.00000000000	NaN	0.00000000000	22.2997436523	24.9999389648	640.000000000	NaN	24.6393490160	25.1271410718	25.4320065705	23.9311746608	26.3388779546	-58.6324593352	-59.9660552071	-0.000531673431396	0.00000000000	0.00000000000	0.00000000000	-273.150000000	-273.150000000	-273.150000000	-273.150000000	NaN	0.00000000000	NaN	NaN	0.00000000000	0.00000000000	0.00000000000	0.00000000000


















3733299660.28	NaN	10.0000000000	123.000000000	0.00000000000	2.00000000000	NaN	0.0119376182556	-3.09212447352	0.990128040314	-3.14503682610	1.02195787430	-0.000203609466553	0.00931262969971	0.0365481376648	1.08873663483	16.8251250458	0.102551181793	1015.63449409	-0.0261659622192	0.000735735893250	0.00101983547211	200000.000000	16.0000000000	0.00000000000	166.000000000	232.000000000	5.00000000000	0.950000000000	-0.740000000000	22.3000000000	0.00000000000	96.0000000000	32.0000000000	13011488.0000	2500.00000000	2000.00000000	206.200000000	6466.00000000	1700.00000000	6000.00000000	13314.0000000	5801.00000000	23.4081460007	23.5137486754	23.1798541774	-0.365118443319	23.6668057909	26.2141808083	24.1922097605	-10.8927789160	23.5243397747	23.2737861163	23.2758785345	23.8878234650	23.9764863670	22.7635844875	-12.4077104270	0.882295696942	0.00000000000	0.100000000000	0.0500000000000	-0.00861439704895	0.00000000000	0.00000000000	0.00000000000	0.00000000000	0.00000000000	14.7500000000	14.7562503815	14.7500000000	14.7500000000	14.8312501907	-300.000000000	2564.15648256	NaN	0.00000000000	22.2998962402	25.0001831055	640.000000000	NaN	24.6393490160	25.1271410718	25.4320065705	23.9311746608	26.3388779546	-58.6324593352	-59.9660552071	-0.000531673431396	0.00000000000	0.00000000000	0.00000000000	-273.150000000	-273.150000000	-273.150000000	-273.150000000	NaN	0.00000000000	NaN	NaN	0.00000000000	0.00000000000	0.00000000000	0.00000000000


















3733299660.48	NaN	21.0000000000	112.000000000	0.00000000000	1.00000000000	NaN	0.0152192115784	-3.21317499237	0.994065761566	-3.10723222057	1.01900434494	-0.000531673431396	0.00964069366455	0.0362200737000	1.07922028656	17.9673634758	0.100930681229	1015.28521311	-0.0201020240784	0.000744247436523	0.00102441310883	200000.000000	16.0000000000	0.00000000000	166.000000000	232.000000000	5.00000000000	0.950000000000	-0.740000000000	22.3000000000	0.00000000000	96.0000000000	32.0000000000	13011488.0000	2500.00000000	2000.00000000	206.200000000	6466.00000000	1700.00000000	6000.00000000	13314.0000000	5801.00000000	23.4081460007	23.5137486754	23.1798541774	-0.365118443319	23.6668057909	26.2141808083	24.1922097605	-10.8927789160	23.5243397747	23.2737861163	23.2758785345	23.8878234650	23.9764863670	22.7635844875	-12.4077104270	0.882295696942	0.00000000000	0.100000000000	0.0500000000000	-0.00870242118835	0.00000000000	0.00000000000	0.00000000000	0.00000000000	0.00000000000	14.7500000000	14.7562503815	14.7500000000	14.7500000000	14.8312501907	-300.000000000	1372.82491023	NaN	0.00000000000	22.2998962402	25.0001831055	640.000000000	NaN	24.6393490160	25.1271410718	25.4320065705	23.9311746608	26.3388779546	-58.6324593352	-59.9660552071	-0.000531673431396	0.00000000000	0.00000000000	0.00000000000	-273.150000000	-273.150000000	-273.150000000	-273.150000000	NaN	0.00000000000	NaN	NaN	0.00000000000	0.00000000000	0.00000000000	0.00000000000


















3733299660.68	NaN	8.00000000000	125.000000000	0.00000000000	0.00000000000	NaN	0.0102968215942	-3.04682341551	0.995706558228	-3.14503682610	1.02031707764	-0.000531673431396	0.00996875762939	0.0175161361694	0.974512791824	21.0131481972	0.0993113574982	1015.28521311	-0.0194721221924	0.000746154785156	0.000998806953430	200000.000000	16.0000000000	0.00000000000	166.000000000	232.000000000	5.00000000000	0.950000000000	-0.740000000000	22.3000000000	0.00000000000	96.0000000000	32.0000000000	13011488.0000	2500.00000000	2000.00000000	206.200000000	6466.00000000	1700.00000000	6000.00000000	13314.0000000	5801.00000000	23.4081460007	23.5137486754	23.1798541774	-0.365118443319	23.6668057909	26.2141808083	24.1922097605	-10.8927789160	23.5243397747	23.2737861163	23.2758785345	23.8878234650	23.9764863670	22.7635844875	-12.4077104270	0.882295696942	0.00000000000	0.100000000000	0.0500000000000	-0.00749750137329	0.00000000000	0.00000000000	0.00000000000	0.00000000000	0.00000000000	14.7500000000	14.7562503815	14.7500000000	14.7500000000	14.8312501907	-300.000000000	0.00000000000	NaN	0.00000000000	22.2998962402	25.0001831055	640.000000000	NaN	24.6393490160	25.1271410718	25.4320065705	23.9311746608	26.3388779546	-58.6324593352	-59.9660552071	-0.000531673431396	0.00000000000	0.00000000000	0.00000000000	-273.150000000	-273.150000000	-273.150000000	-273.150000000	NaN	0.00000000000	NaN	NaN	0.00000000000	0.00000000000	0.00000000000	0.00000000000


















3733299660.88	NaN	8.00000000000	131.000000000	1.00000000000	2.00000000000	NaN	0.00176525115967	-3.02419697213	0.999644279480	-3.11478817035	1.01605129242	-0.000203609466553	0.0112814903259	0.0332670211792	1.01259201679	21.0131481972	0.104980167389	1015.15419309	-0.0146813392639	0.000725221633911	0.00100276470184	200000.000000	16.0000000000	0.00000000000	166.000000000	232.000000000	5.00000000000	0.950000000000	-0.740000000000	22.3000000000	0.00000000000	96.0000000000	32.0000000000	13011488.0000	2500.00000000	2000.00000000	206.200000000	6466.00000000	1700.00000000	6000.00000000	13314.0000000	5801.00000000	23.4081460007	23.5137486754	23.1798541774	-0.365118443319	23.6668057909	26.2141808083	24.1922097605	-10.8927789160	23.5243397747	23.2737861163	23.2758785345	23.8878234650	23.9764863670	22.7635844875	-12.4077104270	0.882295696942	0.00000000000	0.100000000000	0.0500000000000	-0.00910539627075	0.00000000000	0.00000000000	0.00000000000	0.00000000000	0.00000000000	14.7562503815	14.7562503815	14.7500000000	14.7500000000	14.8312501907	-300.000000000	2850.13018825	NaN	0.00000000000	22.3001403809	25.0000610352	640.000000000	NaN	24.6393490160	25.1271410718	25.4320065705	23.9311746608	26.3388779546	-58.6324593352	-59.9660552071	-0.000531673431396	0.00000000000	0.00000000000	0.00000000000	-273.150000000	-273.150000000	-273.150000000	-273.150000000	NaN	0.00000000000	NaN	NaN	0.00000000000	0.00000000000	0.00000000000	0.00000000000


















3733299661.08	NaN	9.00000000000	120.000000000	0.00000000000	2.00000000000	NaN	0.0135784149170	-3.18287618955	1.00358200073	-3.06946224789	1.02097320557	-0.000859737396240	0.00799989700317	0.0299854278564	0.945949915123	19.4902558365	0.108219991684	1015.24156092	-0.0109272003174	0.000728440284729	0.00102503299713	200000.000000	16.0000000000	0.00000000000	166.000000000	232.000000000	5.00000000000	0.950000000000	-0.740000000000	22.3000000000	0.00000000000	96.0000000000	32.0000000000	13011488.0000	2500.00000000	2000.00000000	206.200000000	6466.00000000	1700.00000000	6000.00000000	13314.0000000	5801.00000000	23.4081460007	23.5137486754	23.1798541774	-0.365118443319	23.6668057909	26.2141808083	24.1922097605	-10.8927789160	23.5243397747	23.2737861163	23.2758785345	23.8878234650	23.9764863670	22.7635844875	-12.4077104270	0.882295696942	0.00000000000	0.100000000000	0.0500000000000	-0.00872731208801	0.00000000000	0.00000000000	0.00000000000	-0.000195312502910	0.00000000000	14.7562503815	14.7562503815	14.7500000000	14.7500000000	14.8312501907	-300.000000000	2628.03190177	NaN	0.00000000000	22.3001403809	25.0000610352	640.000000000	NaN	24.6393490160	25.1271410718	25.4320065705	23.9311746608	26.3388779546	-58.6324593352	-59.9660552071	-0.000531673431396	-0.000203609466553	0.00000000000	0.00000000000	-273.150000000	-273.150000000	-273.150000000	-273.150000000	NaN	0.00000000000	NaN	NaN	0.00000000000	0.00000000000	0.00000000000	0.00000000000


















3733299661.28	NaN	14.0000000000	120.000000000	0.00000000000	0.00000000000	NaN	0.0175161361694	-3.24348517051	1.00784778595	-3.09967765529	1.02097320557	-0.000531673431396	0.00767183303833	0.0286726951599	0.860288948822	16.8251250458	0.101740343094	1015.41616968	-0.00987720489502	0.000751399993896	0.00100147724152	200000.000000	16.0000000000	0.00000000000	166.000000000	232.000000000	5.00000000000	0.950000000000	-0.740000000000	22.3000000000	0.00000000000	96.0000000000	32.0000000000	13011488.0000	2500.00000000	2000.00000000	206.200000000	6466.00000000	1700.00000000	6000.00000000	13314.0000000	5801.00000000	23.4081460007	23.5137486754	23.1798541774	-0.365118443319	23.6668057909	26.2141808083	24.1922097605	-10.8927789160	23.5243397747	23.2737861163	23.2758785345	23.8878234650	23.9764863670	22.7635844875	-12.4077104270	0.882295696942	0.00000000000	0.100000000000	0.0500000000000	-0.0103614330292	0.00000000000	0.00000000000	0.00000000000	-0.000195312502910	0.00000000000	14.7562503815	14.7562503815	14.7500000000	14.7500000000	14.8312501907	-300.000000000	0.00000000000	NaN	0.00000000000	22.2998352051	24.9998779297	640.000000000	NaN	24.6393490160	25.1271410718	25.4320065705	23.9311746608	26.3388779546	-58.6324593352	-59.9660552071	-0.000531673431396	-0.000203609466553	0.00000000000	0.00000000000	-273.150000000	-273.150000000	-273.150000000	-273.150000000	NaN	0.00000000000	NaN	NaN	0.00000000000	0.00000000000	0.00000000000	0.00000000000


















3733299661.48	NaN	14.0000000000	115.000000000	0.00000000000	2.00000000000	NaN	0.00176525115967	-3.00157193761	1.01244163513	-3.09967765529	1.01769208908	-0.000531673431396	0.00964069366455	0.0276885032654	0.869805297089	20.2518403358	0.0993113574982	1015.28521311	-0.00105667114258	0.000722527503967	0.00100800991058	200000.000000	16.0000000000	0.00000000000	166.000000000	232.000000000	5.00000000000	0.950000000000	-0.740000000000	22.3000000000	0.00000000000	96.0000000000	32.0000000000	13011488.0000	2500.00000000	2000.00000000	206.200000000	6466.00000000	1700.00000000	6000.00000000	13314.0000000	5801.00000000	23.4081460007	23.5137486754	23.1798541774	-0.365118443319	23.6668057909	26.2141808083	24.1922097605	-10.8927789160	23.5243397747	23.2737861163	23.2758785345	23.8878234650	23.9764863670	22.7635844875	-12.4077104270	0.882295696942	0.00000000000	0.100000000000	0.0500000000000	-0.00960154533386	0.00000000000	0.00000000000	-0.000390625005821	-0.000195312502910	0.00000000000	14.7562503815	14.7562503815	14.7500000000	14.7500000000	14.8312501907	-300.000000000	2704.71725734	NaN	0.00000000000	22.2998352051	24.9998779297	640.000000000	NaN	24.6393490160	25.1271410718	25.4320065705	23.9311746608	26.3388779546	-58.6324593352	-59.9660552071	-0.000531673431396	-0.000203609466553	0.00000000000	0.00000000000	-273.150000000	-273.150000000	-273.150000000	-273.150000000	NaN	0.00000000000	NaN	NaN	0.00000000000	0.00000000000	0.00000000000	0.00000000000


















3733299661.68	NaN	18.0000000000	112.000000000	0.00000000000	0.00000000000	NaN	0.00635910034180	-3.03173774501	1.01736354828	-3.09212447352	1.02622365952	-0.000531673431396	0.00701570510864	0.00471878051758	0.603292218018	17.3961059418	0.103360843658	1015.41616968	-0.00551939010620	0.000727105140686	0.00101461410522	200000.000000	16.0000000000	0.00000000000	166.000000000	232.000000000	5.00000000000	0.950000000000	-0.740000000000	22.3000000000	0.00000000000	96.0000000000	32.0000000000	13011488.0000	2500.00000000	2000.00000000	206.200000000	6466.00000000	1700.00000000	6000.00000000	13314.0000000	5801.00000000	23.4081460007	23.5137486754	23.1798541774	-0.365118443319	23.6668057909	26.2141808083	24.1922097605	-10.8927789160	23.5243397747	23.2737861163	23.2758785345	23.8878234650	23.9764863670	22.7635844875	-12.4077104270	0.882295696942	0.00000000000	0.100000000000	0.0500000000000	-0.0101383209229	0.00000000000	0.00000000000	-0.000390625005821	-0.000195312502910	0.00000000000	14.7500000000	14.7562503815	14.7500000000	14.7500000000	14.8312501907	-300.000000000	0.00000000000	NaN	0.00000000000	22.2998352051	24.9998779297	640.000000000	NaN	24.6393490160	25.1271410718	25.4320065705	23.9311746608	26.3388779546	-58.6324593352	-59.9660552071	-0.000531673431396	-0.000203609466553	0.00000000000	0.00000000000	-273.150000000	-273.150000000	-273.150000000	-273.150000000	NaN	0.00000000000	NaN	NaN	0.00000000000	0.00000000000	0.00000000000	0.00000000000

















3733299661.88	NaN	14.0000000000	126.000000000	0.00000000000	0.00000000000	NaN	0.00537490844727	-3.19801729297	1.01637935638	-3.08457267427	1.02195787430	-0.000859737396240	0.00701570510864	0.0240788459778	0.746065105820	17.9673634758	0.104170505524	1015.37251749	0.00181770324707	0.000746798515320	0.00100471973419	200000.000000	16.0000000000	0.00000000000	166.000000000	232.000000000	5.00000000000	0.950000000000	-0.740000000000	22.3000000000	0.00000000000	96.0000000000	32.0000000000	13011488.0000	2500.00000000	2000.00000000	206.200000000	6466.00000000	1700.00000000	6000.00000000	13314.0000000	5801.00000000	23.4081460007	23.5137486754	23.1798541774	-0.365118443319	23.6668057909	26.2141808083	24.1922097605	-10.8927789160	23.5243397747	23.2737861163	23.2758785345	23.8878234650	23.9764863670	22.7635844875	-12.4077104270	0.882295696942	0.00000000000	0.100000000000	0.0500000000000	-0.00981416702271	0.00000000000	0.00000000000	0.00000000000	-0.000195312502910	0.00000000000	14.7500000000	14.7562503815	14.7500000000	14.7500000000	14.8312501907	-300.000000000	0.00000000000	NaN	0.00000000000	22.2997741699	24.9998474121	640.000000000	NaN	24.6393490160	25.1271410718	25.4320065705	23.9311746608	26.3388779546	-58.6324593352	-59.9660552071	-0.000531673431396	-0.000203609466553	0.00000000000	0.00000000000	-273.150000000	-273.150000000	-273.150000000	-273.150000000	NaN	0.00000000000	NaN	NaN	0.00000000000	0.00000000000	0.00000000000	0.00000000000


















3733299662.08	NaN	15.0000000000	117.000000000	0.00000000000	1.00000000000	NaN	0.000781059265137	-3.10723222057	1.01966094971	-3.06946224789	1.02130126953	-0.000203609466553	0.00767183303833	0.0230946540833	0.755581454086	15.8732135811	0.110648977280	1015.28521311	0.00918149948120	0.000724530220032	0.000987672805786	200000.000000	16.0000000000	0.00000000000	166.000000000	232.000000000	5.00000000000	0.950000000000	-0.740000000000	22.3000000000	0.00000000000	104.000000000	32.0000000000	13011488.0000	2500.00000000	2000.00000000	206.200000000	6466.00000000	1700.00000000	6000.00000000	13314.0000000	5801.00000000	23.4081460007	23.5137486754	23.1798541774	-0.365118443319	23.6668057909	26.2141808083	24.1922097605	-10.8927789160	23.5243397747	23.2737861163	23.2758785345	23.8878234650	23.9764863670	22.7635844875	-12.4077104270	0.882295696942	0.00000000000	0.100000000000	0.0500000000000	-0.00837159156799	0.00000000000	0.00000000000	0.00000000000	-0.000195312502910	0.00000000000	14.7500000000	14.7562503815	14.7500000000	14.7500000000	14.8312501907	-300.000000000	1325.12726647	NaN	0.00000000000	22.2997741699	24.9998474121	640.000000000	NaN	24.6393490160	25.1271410718	25.4320065705	23.9311746608	26.3388779546	-58.6324593352	-59.9660552071	-0.000531673431396	-0.000203609466553	-0.000859737396240	0.00000000000	-273.150000000	-273.150000000	-273.150000000	-273.150000000	NaN	0.00000000000	NaN	NaN	1.00000000000	0.00000000000	5.00000000000	0.00000000000


















3733299662.28	NaN	10.0000000000	126.000000000	0.00000000000	1.00000000000	NaN	0.00504684448242	-3.16016399527	1.02097320557	-3.07702225654	1.02195787430	-0.000203609466553	0.00668764114380	0.0211257934570	0.669920487785	16.4441944771	0.0976920337677	1015.32886530	0.00327491760254	0.000719833374023	0.00100340843201	200000.000000	16.0000000000	0.00000000000	166.000000000	232.000000000	5.00000000000	0.950000000000	-0.740000000000	22.3000000000	0.00000000000	104.000000000	32.0000000000	13011488.0000	2500.00000000	2000.00000000	206.200000000	6466.00000000	1700.00000000	6000.00000000	13314.0000000	5801.00000000	23.4081460007	23.5137486754	23.1798541774	-0.365118443319	23.6668057909	26.2141808083	24.1922097605	-10.8927789160	23.5243397747	23.2737861163	23.2758785345	23.8878234650	23.9764863670	22.7635844875	-12.4077104270	0.882295696942	0.00000000000	0.100000000000	0.0500000000000	-0.0107526779175	0.00000000000	0.00000000000	0.00000000000	-0.000195312502910	0.00000000000	14.7500000000	14.7562503815	14.7500000000	14.7500000000	14.8312501907	-300.000000000	1480.36447624	NaN	0.00000000000	22.2998352051	24.9999084473	640.000000000	NaN	24.6393490160	25.1271410718	25.4320065705	23.9311746608	26.3388779546	-58.6324593352	-59.9660552071	-0.000531673431396	-0.000203609466553	-0.000859737396240	0.00000000000	-273.150000000	-273.150000000	-273.150000000	-273.150000000	NaN	0.00000000000	NaN	NaN	1.00000000000	0.00000000000	5.00000000000	0.00000000000

















3733299662.48	NaN	9.00000000000	127.000000000	0.00000000000	1.00000000000	NaN	0.0132503509521	-3.00910859070	1.02556705475	-3.10723222057	1.02097320557	-0.000203609466553	0.00668764114380	0.0194849967957	0.641357611084	20.2518403358	0.100930681229	1015.45982187	0.0134601593018	0.000696229934692	0.000963377952576	200000.000000	16.0000000000	0.00000000000	166.000000000	232.000000000	5.00000000000	0.950000000000	-0.740000000000	22.3000000000	0.00000000000	104.000000000	32.0000000000	13011488.0000	2500.00000000	2000.00000000	206.200000000	6466.00000000	1700.00000000	6000.00000000	13314.0000000	5801.00000000	23.4081460007	23.5137486754	23.1798541774	-0.365118443319	23.6668057909	26.2141808083	24.1922097605	-10.8927789160	23.5243397747	23.2737861163	23.2758785345	23.8878234650	23.9764863670	22.7635844875	-12.4077104270	0.882295696942	0.00000000000	0.100000000000	0.0500000000000	-0.0108799457550	0.00000000000	0.00000000000	0.00000000000	-0.000195312502910	0.00000000000	14.7500000000	14.8312501907	14.7562503815	14.8125000000	14.8312501907	-300.000000000	1302.90463530	NaN	0.00000000000	22.2998352051	24.9999084473	640.000000000	NaN	24.6393490160	25.1271410718	25.4320065705	23.9311746608	26.3388779546	-58.6324593352	-59.9660552071	-0.000531673431396	-0.000203609466553	-0.000859737396240	0.00000000000	-273.150000000	-273.150000000	-273.150000000	-273.150000000	NaN	0.00000000000	NaN	NaN	1.00000000000	0.00000000000	5.00000000000	0.00000000000

















3733299662.68	NaN	7.00000000000	119.000000000	0.00000000000	0.00000000000	NaN	0.00373411178589	-2.97142807622	1.03114557266	-3.08457267427	1.01572322845	-0.000531673431396	0.00373411178589	-0.00414133071899	0.393877228546	10.3523483963	0.0985016956329	1015.41616968	0.0160460472107	0.000740265846252	0.00101654529572	200000.000000	16.0000000000	0.00000000000	166.000000000	232.000000000	5.00000000000	0.950000000000	-0.740000000000	22.3000000000	0.00000000000	104.000000000	32.0000000000	13011488.0000	2500.00000000	2000.00000000	206.200000000	6466.00000000	1700.00000000	6000.00000000	13314.0000000	5801.00000000	23.4081460007	23.5137486754	23.1798541774	-0.365118443319	23.6668057909	26.2141808083	24.1922097605	-10.8927789160	23.5243397747	23.2737861163	23.2758785345	23.8878234650	23.9764863670	22.7635844875	-12.4077104270	0.882295696942	0.00000000000	0.100000000000	0.0500000000000	-0.0122659206390	0.00000000000	41.9628906250	0.00000000000	-0.414062500000	0.00000000000	14.7500000000	14.8312501907	14.7562503815	14.8125000000	14.8312501907	-300.000000000	0.00000000000	NaN	0.00000000000	22.2998352051	24.9999084473	640.000000000	NaN	24.6393490160	25.1271410718	25.4320065705	23.9311746608	26.3388779546	-58.6324593352	-59.9660552071	-0.000531673431396	-0.000203609466553	-0.000859737396240	0.00000000000	-273.150000000	-273.150000000	-273.150000000	-273.150000000	NaN	0.00000000000	NaN	NaN	1.00000000000	0.00000000000	5.00000000000	0.00000000000

















3733299662.88	NaN	14.0000000000	112.000000000	0.00000000000	1.00000000000	NaN	0.00570297241211	-3.09212447352	1.02852058411	-3.06191459222	1.02031707764	-0.000859737396240	0.00603103637695	0.0178442001343	0.593762037849	17.0154520111	0.101740343094	1015.32886530	0.0172796249390	0.000727772712708	0.00100474357605	200000.000000	16.0000000000	0.00000000000	166.000000000	232.000000000	5.00000000000	0.950000000000	-0.740000000000	22.3000000000	0.00000000000	104.000000000	32.0000000000	13011488.0000	2500.00000000	2000.00000000	206.200000000	6466.00000000	1700.00000000	6000.00000000	13314.0000000	5801.00000000	23.4081460007	23.5137486754	23.1798541774	-0.365118443319	23.6668057909	26.2141808083	24.1922097605	-10.8927789160	23.5243397747	23.2737861163	23.2758785345	23.8878234650	23.9764863670	22.7635844875	-12.4077104270	0.882295696942	0.00000000000	0.100000000000	0.0500000000000	-0.00935606956482	0.00000000000	41.9628906250	0.00000000000	-0.414062500000	0.00000000000	14.7562503815	14.9875001907	14.7500000000	14.9437503815	14.8312501907	-300.000000000	1424.08449615	NaN	0.00000000000	22.2997131348	24.9999084473	640.000000000	NaN	24.6393490160	25.1271410718	25.4320065705	23.9311746608	26.3388779546	-58.6324593352	-59.9660552071	-0.000531673431396	-0.000203609466553	-0.000859737396240	0.00000000000	-273.150000000	-273.150000000	-273.150000000	-273.150000000	NaN	0.00000000000	NaN	NaN	1.00000000000	0.00000000000	5.00000000000	0.00000000000

















3733299663.08	NaN	4.00000000000	129.000000000	1.00000000000	2.00000000000	NaN	0.0148911476135	-3.13747532628	1.03081750870	-3.04682341551	1.02720785141	-0.00151634216309	0.00307798385620	0.0165314674377	0.584245689583	17.3961059418	0.0985016956329	1015.37251749	0.0164661407471	0.000717306137085	0.000996160507202	200000.000000	16.0000000000	0.00000000000	166.000000000	232.000000000	5.00000000000	0.950000000000	-0.740000000000	22.3000000000	0.00000000000	104.000000000	32.0000000000	13011488.0000	2500.00000000	2000.00000000	206.200000000	6466.00000000	1700.00000000	6000.00000000	13314.0000000	5801.00000000	23.4081460007	23.5137486754	23.1798541774	-0.365118443319	23.6668057909	26.2141808083	24.1922097605	-10.8927789160	23.5243397747	23.2737861163	23.2758785345	23.8878234650	23.9764863670	22.7635844875	-12.4077104270	0.882295696942	0.00000000000	0.100000000000	0.0500000000000	-0.0105123519897	0.00000000000	50.0761718750	-0.000390625005821	-0.529882848263	0.00000000000	14.7562503815	14.9875001907	14.7500000000	14.9437503815	14.8312501907	-300.000000000	2663.11371223	NaN	0.00000000000	22.2997131348	24.9999084473	640.000000000	NaN	24.6393490160	25.1271410718	25.4320065705	23.9311746608	26.3388779546	-58.6324593352	-59.9660552071	-0.000531673431396	-0.000203609466553	-0.000859737396240	-0.000859737396240	-273.150000000	-273.150000000	-273.150000000	-273.150000000	NaN	0.00000000000	NaN	NaN	1.00000000000	0.00000000000	5.00000000000	0.00000000000

















3733299663.28	NaN	17.0000000000	99.0000000000	0.00000000000	1.00000000000	NaN	0.00209331512451	-3.12991521496	1.03213024139	-3.03173774501	1.02359819412	0.00110912322998	0.00537490844727	0.0155472755432	0.527133768082	14.5406481857	0.100121019363	1015.37251749	0.0167679786682	0.000715231895447	0.000989675521851	200000.000000	16.0000000000	0.00000000000	166.000000000	232.000000000	5.00000000000	0.950000000000	-0.740000000000	22.3000000000	0.00000000000	104.000000000	32.0000000000	13011488.0000	2500.00000000	2000.00000000	206.200000000	6466.00000000	1700.00000000	6000.00000000	13314.0000000	5801.00000000	23.4081460007	23.5137486754	23.1798541774	-0.365118443319	23.6668057909	26.2141808083	24.1922097605	-10.8927789160	23.5243397747	23.2737861163	23.2758785345	23.8878234650	23.9764863670	22.7635844875	-12.4077104270	0.882295696942	0.00000000000	0.100000000000	0.0500000000000	-0.00886516571045	0.00000000000	50.0761718750	-0.000390625005821	-0.529882848263	0.00000000000	14.7562503815	15.1000003815	14.7500000000	14.9812498093	14.8312501907	-300.000000000	1480.36447624	NaN	0.00000000000	22.2999572754	25.0001525879	640.000000000	NaN	24.6393490160	25.1271410718	25.4320065705	23.9311746608	26.3388779546	-58.6324593352	-59.9660552071	-0.000531673431396	-0.000203609466553	-0.000859737396240	-0.000859737396240	-273.150000000	-273.150000000	-273.150000000	-273.150000000	NaN	0.00000000000	NaN	NaN	1.00000000000	0.00000000000	5.00000000000	0.00000000000

















3733299663.48	NaN	13.0000000000	112.000000000	0.00000000000	1.00000000000	NaN	0.00668764114380	-3.06191459222	1.03344249725	-3.03927989248	1.02228593826	0.000781059265137	0.00668764114380	0.0162034034729	0.546180296516	19.6805828018	0.100121019363	1015.45982187	0.0206007957458	0.000730371475220	0.000999474525452	200000.000000	16.0000000000	0.00000000000	166.000000000	232.000000000	5.00000000000	0.950000000000	-0.740000000000	22.3000000000	0.00000000000	104.000000000	32.0000000000	13011488.0000	2500.00000000	2000.00000000	206.200000000	6466.00000000	1700.00000000	6000.00000000	13314.0000000	5801.00000000	23.4081460007	23.5137486754	23.1798541774	-0.365118443319	23.6668057909	26.2141808083	24.1922097605	-10.8927789160	23.5243397747	23.2737861163	23.2758785345	23.8878234650	23.9764863670	22.7635844875	-12.4077104270	0.882295696942	0.00000000000	0.100000000000	0.0500000000000	-0.00901870727539	0.00000000000	49.7578125000	0.00000000000	-0.541015625000	0.00000000000	14.7562503815	15.1000003815	14.7500000000	14.9812498093	14.8312501907	-300.000000000	1145.64525550	NaN	0.00000000000	22.2999572754	25.0001525879	640.000000000	NaN	24.6393490160	25.1271410718	25.4320065705	23.9311746608	26.3388779546	-58.6324593352	-59.9660552071	-0.000531673431396	-0.000203609466553	-0.000859737396240	-0.000859737396240	-273.150000000	-273.150000000	-273.150000000	-273.150000000	NaN	0.00000000000	NaN	NaN	1.00000000000	0.00000000000	5.00000000000	0.00000000000


















3733299663.68	NaN	11.0000000000	122.000000000	0.00000000000	0.00000000000	NaN	0.00799989700317	-2.91121686936	1.03573989868	-3.00910859070	1.02819252014	0.000781059265137	0.00373411178589	-0.0113601684570	0.165429542542	13.2080827904	0.0976920337677	1015.28521311	0.0220704078674	0.000687718391418	0.000981783866882	200000.000000	16.0000000000	0.00000000000	166.000000000	232.000000000	5.00000000000	0.950000000000	-0.740000000000	22.3000000000	0.00000000000	104.000000000	32.0000000000	13011488.0000	2500.00000000	2000.00000000	206.200000000	6466.00000000	1700.00000000	6000.00000000	13314.0000000	5801.00000000	23.4081460007	23.5137486754	23.1798541774	-0.365118443319	23.6668057909	26.2141808083	24.1922097605	-10.8927789160	23.5243397747	23.2737861163	23.2758785345	23.8878234650	23.9764863670	22.7635844875	-12.4077104270	0.882295696942	0.00000000000	0.100000000000	0.0500000000000	-0.00645666122437	0.00000000000	49.7578125000	0.00000000000	-0.541015625000	0.00000000000	14.7562503815	15.0124998093	14.7500000000	14.9875001907	14.8312501907	-300.000000000	0.00000000000	NaN	0.00000000000	22.2999572754	25.0001525879	640.000000000	NaN	24.6393490160	25.1271410718	25.4320065705	23.9311746608	26.3388779546	-58.6324593352	-59.9660552071	-0.000531673431396	-0.000203609466553	-0.000859737396240	-0.000859737396240	-273.150000000	-273.150000000	-273.150000000	-273.150000000	NaN	0.00000000000	NaN	NaN	1.00000000000	0.00000000000	5.00000000000	0.00000000000

















3733299663.88	NaN	12.0000000000	120.000000000	0.00000000000	2.00000000000	NaN	0.00603103637695	-3.03927989248	1.03048944473	-3.06191459222	1.02720785141	0.000452518463135	0.00701570510864	0.0165314674377	0.527133768082	18.3480174065	0.0993113574982	1015.41616968	0.0209813117981	0.000713324546814	0.000963377952576	200000.000000	16.0000000000	0.00000000000	166.000000000	232.000000000	5.00000000000	0.950000000000	-0.740000000000	22.3000000000	0.00000000000	104.000000000	32.0000000000	13011488.0000	2500.00000000	2000.00000000	206.200000000	6466.00000000	1700.00000000	6000.00000000	13314.0000000	5801.00000000	23.4081460007	23.5137486754	23.1798541774	-0.365118443319	23.6668057909	26.2141808083	24.1922097605	-10.8927789160	23.5243397747	23.2737861163	23.2758785345	23.8878234650	23.9764863670	22.7635844875	-12.4077104270	0.882295696942	0.00000000000	0.100000000000	0.0500000000000	-0.0111700534821	0.00000000000	47.6015625000	0.00000000000	-0.540820300579	0.00000000000	14.7562503815	15.0124998093	14.7500000000	14.9875001907	14.8312501907	-300.000000000	2858.10783642	NaN	0.00000000000	22.2998657227	25.0000610352	640.000000000	NaN	24.6393490160	25.1271410718	25.4320065705	23.9311746608	26.3388779546	-58.6324593352	-59.9660552071	-0.000531673431396	-0.000203609466553	-0.000859737396240	-0.000859737396240	-273.150000000	-273.150000000	-273.150000000	-273.150000000	NaN	0.00000000000	NaN	NaN	1.00000000000	0.00000000000	5.00000000000	0.00000000000

















3733299664.08	NaN	10.0000000000	116.000000000	0.00000000000	0.00000000000	NaN	0.0152192115784	-3.28900356653	1.03081750870	-3.02419697213	1.02753591537	-0.00250053405762	0.00406217575073	0.0171880722046	0.555696644783	15.4922830124	0.0985016956329	1015.45982187	0.0231337547302	0.000711321830750	0.000963377952576	200000.000000	16.0000000000	0.00000000000	166.000000000	232.000000000	5.00000000000	0.950000000000	-0.740000000000	22.3000000000	0.00000000000	104.000000000	32.0000000000	13011488.0000	2500.00000000	2000.00000000	206.200000000	6466.00000000	1700.00000000	6000.00000000	13314.0000000	5801.00000000	23.4081460007	23.5137486754	23.1798541774	-0.365118443319	23.6668057909	26.2141808083	24.1922097605	-10.8927789160	23.5243397747	23.2737861163	23.2758785345	23.8878234650	23.9764863670	22.7635844875	-12.4077104270	0.882295696942	0.00000000000	0.100000000000	0.0500000000000	-0.00635676383972	0.00000000000	47.6015625000	0.00000000000	-0.540820300579	0.00000000000	14.7562503815	15.1187505722	14.7500000000	14.9875001907	14.8312501907	-300.000000000	0.00000000000	NaN	0.00000000000	22.2998657227	25.0000610352	640.000000000	NaN	24.6393490160	25.1271410718	25.4320065705	23.9311746608	26.3388779546	-58.6324593352	-59.9660552071	-0.000531673431396	-0.000203609466553	-0.000859737396240	-0.000859737396240	-98.9704909459	-273.150000000	-273.150000000	-273.150000000	NaN	0.00000000000	NaN	NaN	1.00000000000	0.00000000000	5.00000000000	0.00000000000

















3733299664.28	NaN	11.0000000000	124.000000000	0.00000000000	1.00000000000	NaN	0.00865650177002	-2.93379268458	1.03311443329	-2.98650274234	1.02753591537	-0.00118780136108	0.00570297241211	0.0158753395081	0.527133768082	16.2538675117	0.100121019363	1015.28521311	0.0229630470276	0.000708746910095	0.000991630554199	200000.000000	16.0000000000	0.00000000000	166.000000000	232.000000000	5.00000000000	0.950000000000	-0.740000000000	22.3000000000	0.00000000000	104.000000000	32.0000000000	13011488.0000	2500.00000000	2000.00000000	206.200000000	6466.00000000	1700.00000000	6000.00000000	13314.0000000	5801.00000000	23.4081460007	23.5137486754	23.1798541774	-0.365118443319	23.6668057909	26.2141808083	24.1922097605	-10.8927789160	23.5243397747	23.2737861163	23.2758785345	23.8878234650	23.9764863670	22.7635844875	-12.4077104270	0.882295696942	0.00000000000	0.100000000000	0.0500000000000	-0.00743579864502	0.00000000000	46.6875000000	0.00000000000	-0.549609363079	0.00000000000	14.7562503815	15.1187505722	14.7500000000	14.9875001907	14.8312501907	-300.000000000	1604.95521257	NaN	0.00000000000	22.3000183105	25.0000305176	640.000000000	NaN	24.6393490160	25.1271410718	25.4320065705	23.9311746608	26.3388779546	-58.6324593352	-59.9660552071	-0.000531673431396	-0.000203609466553	-0.000859737396240	-0.000859737396240	-98.9704909459	-273.150000000	-273.150000000	-273.150000000	NaN	0.00000000000	NaN	NaN	1.00000000000	0.00000000000	5.00000000000	0.00000000000


















3733299664.48	NaN	11.0000000000	120.000000000	0.00000000000	0.00000000000	NaN	0.00504684448242	-3.03173774501	1.02852058411	-3.08457267427	1.02162981033	0.00110912322998	0.00767183303833	0.0191569328308	0.612808566284	17.7767598724	0.0960715332031	1015.54718970	0.0211648941040	0.000692319869995	0.000975227355957	200000.000000	16.0000000000	0.00000000000	166.000000000	232.000000000	5.00000000000	0.950000000000	-0.740000000000	22.3000000000	0.00000000000	104.000000000	32.0000000000	13011488.0000	2500.00000000	2000.00000000	206.200000000	6466.00000000	1700.00000000	6000.00000000	13314.0000000	5801.00000000	23.4081460007	23.5137486754	23.1798541774	-0.365118443319	23.6668057909	26.2141808083	24.1922097605	-10.8927789160	23.5243397747	23.2737861163	23.2758785345	23.8878234650	23.9764863670	22.7635844875	-12.4077104270	0.882295696942	0.00000000000	0.100000000000	0.0500000000000	-0.00810790061951	0.00000000000	46.6875000000	0.00000000000	-0.549609363079	0.00000000000	14.7500000000	15.0062503815	14.7562503815	14.9875001907	14.8312501907	-300.000000000	0.00000000000	NaN	0.00000000000	22.3000183105	25.0000305176	640.000000000	NaN	24.6393490160	25.1271410718	25.4320065705	23.9311746608	26.3388779546	-58.6324593352	-59.9660552071	-0.000531673431396	-0.000203609466553	-0.000859737396240	-0.000859737396240	-98.9704909459	-273.150000000	-273.150000000	-273.150000000	NaN	0.00000000000	NaN	NaN	1.00000000000	0.00000000000	5.00000000000	0.00000000000


















3733299664.68	NaN	10.0000000000	121.000000000	0.00000000000	0.00000000000	NaN	0.0122656822205	-3.10723222057	1.02884864807	-3.15259971543	1.02327013016	0.000124454498291	0.00635910034180	-0.00840711593628	0.403393576813	13.2080827904	0.0952618713379	1015.28521311	0.0149698257446	0.000740242004395	0.00101587772369	200000.000000	16.0000000000	0.00000000000	166.000000000	232.000000000	5.00000000000	0.950000000000	-0.740000000000	22.3000000000	0.00000000000	104.000000000	32.0000000000	13011488.0000	2500.00000000	2000.00000000	206.200000000	6466.00000000	1700.00000000	6000.00000000	13314.0000000	5801.00000000	23.4081460007	23.5137486754	23.1798541774	-0.365118443319	23.6668057909	26.2141808083	24.1922097605	-10.8927789160	23.5243397747	23.2737861163	23.2758785345	23.8878234650	23.9764863670	22.7635844875	-12.4077104270	0.882295696942	0.00000000000	0.100000000000	0.0500000000000	-0.00804224014282	0.00000000000	49.6035156250	0.00000000000	-0.550976574421	0.00000000000	14.7500000000	15.0062503815	14.7562503815	14.9875001907	14.8312501907	-300.000000000	0.00000000000	NaN	0.00000000000	22.3000183105	25.0000305176	640.000000000	NaN	24.6393490160	25.1271410718	25.4320065705	23.9311746608	26.3388779546	-58.6324593352	-59.9660552071	-0.000531673431396	-0.000203609466553	-0.000859737396240	-0.000859737396240	-98.9704909459	-273.150000000	-273.150000000	-273.150000000	NaN	0.00000000000	NaN	NaN	1.00000000000	0.00000000000	5.00000000000	0.00000000000


















3733299664.88	NaN	10.0000000000	113.000000000	1.00000000000	0.00000000000	NaN	0.0116095542908	-3.15259971543	1.02491092682	-3.05436831509	1.02589559555	-0.00184440612793	0.00603103637695	0.0217819213867	0.650873959351	16.6345214424	0.0993113574982	1015.59084189	0.0133419036865	0.000717902183533	0.000975871086121	200000.000000	16.0000000000	0.00000000000	166.000000000	232.000000000	5.00000000000	0.950000000000	-0.740000000000	22.3000000000	0.00000000000	104.000000000	32.0000000000	13011488.0000	2500.00000000	2000.00000000	206.200000000	6466.00000000	1700.00000000	6000.00000000	13314.0000000	5801.00000000	23.4081460007	23.5137486754	23.1798541774	-0.365118443319	23.6668057909	26.2141808083	24.1922097605	-10.8927789160	23.5243397747	23.2737861163	23.2758785345	23.8878234650	23.9764863670	22.7635844875	-12.4077104270	0.882295696942	0.00000000000	0.100000000000	0.0500000000000	-0.0107198715210	0.00000000000	49.6035156250	0.00000000000	-0.550976574421	0.00000000000	14.7500000000	15.1062498093	14.7500000000	14.9875001907	14.8312501907	-300.000000000	0.00000000000	NaN	0.00000000000	22.2999877930	25.0000915527	640.000000000	NaN	24.6393490160	25.1271410718	25.4320065705	23.9311746608	26.3388779546	-58.6324593352	-59.9660552071	-0.000531673431396	-0.000203609466553	-0.000859737396240	-0.000859737396240	-98.9704909459	-273.150000000	-273.150000000	-273.150000000	NaN	0.00000000000	NaN	NaN	1.00000000000	0.00000000000	5.00000000000	0.00000000000


















3733299665.08	NaN	11.0000000000	121.000000000	0.00000000000	0.00000000000	NaN	0.0106253623962	-3.18287618955	1.02687978745	-3.06191459222	1.01966094971	-0.00151634216309	0.00767183303833	0.0237507820129	0.698469532585	13.9693906517	0.103360843658	1015.41616968	0.0114254951477	0.000698232650757	0.00100409984589	200000.000000	16.0000000000	0.00000000000	166.000000000	232.000000000	5.00000000000	0.950000000000	-0.740000000000	22.3000000000	0.00000000000	104.000000000	32.0000000000	13011488.0000	2500.00000000	2000.00000000	206.200000000	6466.00000000	1700.00000000	6000.00000000	13314.0000000	5801.00000000	23.4081460007	23.5137486754	23.1798541774	-0.365118443319	23.6668057909	26.2141808083	24.1922097605	-10.8927789160	23.5243397747	23.2737861163	23.2758785345	23.8878234650	23.9764863670	22.7635844875	-12.4077104270	0.882295696942	0.00000000000	0.100000000000	0.0500000000000	-0.00630965232849	0.00000000000	51.6171875000	0.00000000000	-0.558789074421	0.00000000000	14.7500000000	15.1062498093	14.7500000000	14.9875001907	14.8312501907	-300.000000000	0.00000000000	NaN	0.00000000000	22.2999877930	25.0000915527	640.000000000	NaN	24.6393490160	25.1271410718	25.4320065705	23.9311746608	26.3388779546	-58.6324593352	-59.9660552071	-0.000531673431396	-0.000203609466553	-0.000859737396240	-0.000859737396240	-98.9704909459	NaN	-273.150000000	-273.150000000	NaN	0.00000000000	NaN	NaN	1.00000000000	0.00000000000	5.00000000000	0.00000000000


















3733299665.29	NaN	13.0000000000	126.000000000	1.00000000000	0.00000000000	NaN	0.0112814903259	-3.02419697213	1.01637935638	-3.16774066425	1.02228593826	0.000781059265137	0.00964069366455	0.0250635147095	0.707985880852	19.8709097672	0.0944522094727	1015.59084189	0.0111632347107	0.000716614723206	0.000974559783936	200000.000000	16.0000000000	0.00000000000	166.000000000	232.000000000	5.00000000000	0.950000000000	-0.740000000000	22.3000000000	0.00000000000	104.000000000	32.0000000000	13011488.0000	2500.00000000	2000.00000000	206.200000000	6466.00000000	1700.00000000	6000.00000000	13314.0000000	5801.00000000	23.4081460007	23.5137486754	23.1798541774	-0.365118443319	23.6668057909	26.2141808083	24.1922097605	-10.8927789160	23.5243397747	23.2737861163	23.2758785345	23.8878234650	23.9764863670	22.7635844875	-12.4077104270	0.882295696942	0.00000000000	0.100000000000	0.0500000000000	-0.00725336074829	0.00000000000	51.6171875000	0.00000000000	-0.558789074421	0.00000000000	14.7500000000	15.0312500000	14.7500000000	14.9875001907	14.8312501907	-300.000000000	0.00000000000	NaN	0.00000000000	22.3702087402	25.0238952637	640.000000000	NaN	24.6393490160	25.1271410718	25.4320065705	23.9311746608	26.3388779546	-58.6324593352	-59.9660552071	-0.000531673431396	-0.000203609466553	-0.000859737396240	-0.000859737396240	-98.9704909459	NaN	-273.150000000	-273.150000000	NaN	0.00000000000	NaN	NaN	1.00000000000	0.00000000000	5.00000000000	0.00000000000

















3733299665.48	NaN	14.0000000000	105.000000000	0.00000000000	2.00000000000	NaN	-0.00118780136108	-3.18287618955	1.01375436783	-3.14503682610	1.01834821701	-0.000531673431396	0.0106253623962	0.0273604393005	0.812693375587	18.1576904411	0.0993113574982	1015.37251749	0.00775051116943	0.000695633888245	0.000957417488098	200000.000000	16.0000000000	0.00000000000	166.000000000	232.000000000	5.00000000000	0.950000000000	-0.740000000000	22.3000000000	0.00000000000	104.000000000	32.0000000000	13011488.0000	2500.00000000	2000.00000000	206.200000000	6466.00000000	1700.00000000	6000.00000000	13314.0000000	5801.00000000	23.4081460007	23.5137486754	23.1798541774	-0.365118443319	23.6668057909	26.2141808083	24.1922097605	-10.8927789160	23.5243397747	23.2737861163	23.2758785345	23.8878234650	23.9764863670	22.7635844875	-12.4077104270	0.882295696942	0.00000000000	0.100000000000	0.0500000000000	-0.00891766548157	0.00000000000	50.5800781250	0.00000000000	-0.557031273842	0.00000000000	14.7500000000	15.0312500000	14.7500000000	14.9875001907	14.8312501907	-300.000000000	2904.44897239	NaN	0.00000000000	22.3702087402	25.0238952637	640.000000000	NaN	24.6393490160	25.1271410718	25.4320065705	23.9311746608	26.3388779546	-58.6324593352	-59.9660552071	-0.000531673431396	-0.000203609466553	-0.000859737396240	-0.000859737396240	-98.9704909459	NaN	-273.150000000	-273.150000000	NaN	0.00000000000	NaN	NaN	1.00000000000	0.00000000000	5.00000000000	0.00000000000


















3733299665.68	NaN	5.00000000000	144.000000000	0.00000000000	4.00000000000	NaN	0.0132503509521	-3.21317499237	1.01408243179	-3.09212447352	1.02162981033	-0.00118780136108	0.00865650177002	0.0227665901184	0.631841262817	14.5406481857	0.103360843658	1015.45982187	0.00717306137085	0.000712680816650	0.000989699363708	200000.000000	16.0000000000	0.00000000000	166.000000000	232.000000000	5.00000000000	0.950000000000	-0.740000000000	22.3000000000	0.00000000000	104.000000000	32.0000000000	13011488.0000	2500.00000000	2000.00000000	206.200000000	6466.00000000	1700.00000000	6000.00000000	13314.0000000	5801.00000000	23.4081460007	23.5137486754	23.1798541774	-0.365118443319	23.6668057909	26.2141808083	24.1922097605	-10.8927789160	23.5243397747	23.2737861163	23.2758785345	23.8878234650	23.9764863670	22.7635844875	-12.4077104270	0.882295696942	0.00000000000	0.100000000000	0.0500000000000	-0.00669417381287	0.00000000000	50.5800781250	0.00000000000	-0.557031273842	0.00000000000	14.7562503815	15.1125001907	14.7500000000	14.9812498093	14.8289070129	-300.000000000	5952.37015428	NaN	0.00000000000	22.3702087402	25.0238952637	640.000000000	NaN	24.6393490160	25.1271410718	25.4320065705	23.9311746608	26.3388779546	-58.6324593352	-59.9660552071	-0.000531673431396	-0.000203609466553	-0.000859737396240	-0.000859737396240	-98.9704909459	NaN	-273.150000000	-273.150000000	NaN	0.00000000000	NaN	NaN	1.00000000000	0.00000000000	5.00000000000	0.00000000000

















3733299665.88	NaN	20.0000000000	125.000000000	0.00000000000	0.00000000000	NaN	0.00701570510864	-3.16016399527	1.00653505325	-3.16774066425	1.02327013016	-0.00184440612793	0.0112814903259	0.0309700965881	0.869805297089	17.3961059418	0.100121019363	1015.45982187	-0.00328826904297	0.000704169273376	0.000989603996277	200000.000000	16.0000000000	0.00000000000	166.000000000	232.000000000	5.00000000000	0.950000000000	-0.740000000000	22.3000000000	0.00000000000	104.000000000	32.0000000000	13011488.0000	2500.00000000	2000.00000000	206.200000000	6466.00000000	1700.00000000	6000.00000000	13314.0000000	5801.00000000	23.4081460007	23.5137486754	23.1798541774	-0.365118443319	23.6668057909	26.2141808083	24.1922097605	-10.8927789160	23.5243397747	23.2737861163	23.2758785345	23.8878234650	23.9764863670	22.7635844875	-12.4077104270	0.882295696942	0.00000000000	0.100000000000	0.0500000000000	-0.00916581153870	0.00000000000	49.7773437500	0.00000000000	-0.564257800579	0.00000000000	14.7562503815	15.1125001907	14.7500000000	14.9812498093	14.8289070129	-300.000000000	0.00000000000	NaN	0.00000000000	22.3568725586	25.0255432129	640.000000000	NaN	24.6393490160	25.1271410718	25.4320065705	23.9311746608	26.3388779546	-58.6324593352	-59.9660552071	-0.000531673431396	-0.000203609466553	-0.000859737396240	-0.000859737396240	-98.9704909459	NaN	-273.150000000	-273.150000000	NaN	0.00000000000	NaN	NaN	1.00000000000	0.00000000000	5.00000000000	0.00000000000


















3733299666.08	NaN	9.00000000000	130.000000000	0.00000000000	0.00000000000	NaN	0.00799989700317	-2.98650274234	1.00587892532	-3.18287618955	1.01670742035	-0.000859737396240	0.0112814903259	0.0309700965881	0.926917218590	19.6805828018	0.103360843658	1015.32886530	-0.00298643112183	0.000735688209534	0.00102701187134	200000.000000	16.0000000000	0.00000000000	166.000000000	232.000000000	5.00000000000	0.950000000000	-0.740000000000	22.3000000000	0.00000000000	104.000000000	32.0000000000	13011488.0000	2500.00000000	2000.00000000	206.200000000	6466.00000000	1700.00000000	6000.00000000	13314.0000000	5801.00000000	23.4081460007	23.5137486754	23.1798541774	-0.365118443319	23.6668057909	26.2141808083	24.1922097605	-10.8927789160	23.5243397747	23.2737861163	23.2758785345	23.8878234650	23.9764863670	22.7635844875	-12.4077104270	0.882295696942	0.00000000000	0.100000000000	0.0500000000000	-0.00920519828796	0.00000000000	49.7773437500	0.00000000000	-0.564257800579	0.00000000000	14.7500000000	15.0124998093	14.7500000000	14.9875001907	14.8312501907	-300.000000000	0.00000000000	NaN	0.00000000000	22.3568725586	25.0255432129	640.000000000	NaN	24.6393490160	25.1271410718	25.4320065705	23.9311746608	26.3388779546	-58.6324593352	-59.9660552071	-0.000531673431396	-0.000203609466553	-0.000859737396240	-0.000859737396240	-98.9704909459	NaN	NaN	-273.150000000	NaN	0.00000000000	NaN	NaN	1.00000000000	0.00000000000	5.00000000000	0.00000000000

















3733299666.28	NaN	5.00000000000	125.000000000	0.00000000000	0.00000000000	NaN	0.00307798385620	-3.13747532628	0.998987674713	-3.23590552459	1.01506662369	0.000452518463135	0.0145626068115	0.0358920097351	0.984029140091	19.6805828018	0.104980167389	1015.41616968	-0.00444316864014	0.000704860687256	0.00102181434631	200000.000000	16.0000000000	0.00000000000	166.000000000	232.000000000	5.00000000000	0.950000000000	-0.740000000000	22.3000000000	0.00000000000	104.000000000	32.0000000000	13011488.0000	2500.00000000	2000.00000000	206.200000000	6466.00000000	1700.00000000	6000.00000000	13314.0000000	5801.00000000	23.4081460007	23.5137486754	23.1798541774	-0.365118443319	23.6668057909	26.2141808083	24.1922097605	-10.8927789160	23.5243397747	23.2737861163	23.2758785345	23.8878234650	23.9764863670	22.7635844875	-12.4077104270	0.882295696942	0.00000000000	0.100000000000	0.0500000000000	-0.00884418487549	0.00000000000	46.7148437500	0.00000000000	-0.560351550579	0.00000000000	14.7500000000	15.0124998093	14.7500000000	14.9875001907	14.8312501907	-300.000000000	0.00000000000	NaN	0.00000000000	22.3136596680	24.9876708984	640.000000000	NaN	24.6393490160	25.1271410718	25.4320065705	23.9311746608	26.3388779546	-58.6324593352	-59.9660552071	-0.000531673431396	-0.000203609466553	-0.000859737396240	-0.000859737396240	-98.9704909459	NaN	NaN	-273.150000000	NaN	0.00000000000	NaN	NaN	1.00000000000	0.00000000000	5.00000000000	0.00000000000


















3733299666.48	NaN	6.00000000000	111.000000000	0.00000000000	0.00000000000	NaN	0.00209331512451	-3.17530773014	0.999315738678	-3.15259971543	1.01605129242	-0.000859737396240	0.0135784149170	0.0365481376648	1.03162471333	18.3480174065	0.101740343094	1015.37251749	-0.0119247436523	0.000717949867249	0.000998830795288	200000.000000	16.0000000000	0.00000000000	166.000000000	232.000000000	5.00000000000	0.950000000000	-0.740000000000	22.3000000000	0.00000000000	104.000000000	32.0000000000	13011488.0000	2500.00000000	2000.00000000	206.200000000	6466.00000000	1700.00000000	6000.00000000	13314.0000000	5801.00000000	23.4081460007	23.5137486754	23.1798541774	-0.365118443319	23.6668057909	26.2141808083	24.1922097605	-10.8927789160	23.5243397747	23.2737861163	23.2758785345	23.8878234650	23.9764863670	22.7635844875	-12.4077104270	0.882295696942	0.00000000000	0.100000000000	0.0500000000000	-0.00805397033691	0.00000000000	46.7148437500	0.00000000000	-0.560351550579	0.00000000000	14.7500000000	15.0875005722	14.7500000000	14.9875001907	14.8312501907	-300.000000000	0.00000000000	NaN	0.00000000000	22.3136596680	24.9876708984	640.000000000	NaN	24.6393490160	25.1271410718	25.4320065705	23.9311746608	26.3388779546	-58.6324593352	-59.9660552071	-0.000531673431396	-0.000203609466553	-0.000859737396240	-0.000859737396240	-98.9704909459	NaN	NaN	-273.150000000	NaN	0.00000000000	NaN	NaN	1.00000000000	0.00000000000	5.00000000000	0.00000000000


















3733299666.68	NaN	11.0000000000	128.000000000	0.00000000000	1.00000000000	NaN	0.00898456573486	-3.28141548769	1.00030040741	-3.11478817035	1.02556705475	-0.000859737396240	0.0102968215942	0.0119376182556	0.736548757553	16.6345214424	0.0960715332031	1015.41616968	-0.0195770263672	0.000713992118835	0.00100800991058	200000.000000	16.0000000000	0.00000000000	166.000000000	232.000000000	5.00000000000	0.950000000000	-0.740000000000	22.3000000000	0.00000000000	104.000000000	32.0000000000	13011488.0000	2500.00000000	2000.00000000	206.200000000	6466.00000000	1700.00000000	6000.00000000	13314.0000000	5801.00000000	23.4081460007	23.5137486754	23.1798541774	-0.365118443319	23.6668057909	26.2141808083	24.1922097605	-10.8927789160	23.5243397747	23.2737861163	23.2758785345	23.8878234650	23.9764863670	22.7635844875	-12.4077104270	0.882295696942	0.00000000000	0.100000000000	0.0500000000000	-0.0115769863129	0.00000000000	54.0488281250	0.000390625005821	-0.567578136921	0.00000000000	14.7500000000	15.0875005722	14.7500000000	14.9875001907	14.8312501907	-300.000000000	1509.11975743	NaN	0.00000000000	22.3136596680	24.9876708984	640.000000000	NaN	24.6393490160	25.1271410718	25.4320065705	23.9311746608	26.3388779546	-58.6324593352	-59.9660552071	-0.000531673431396	-0.000203609466553	-0.000859737396240	-0.000859737396240	-98.9704909459	NaN	NaN	-273.150000000	NaN	0.00000000000	NaN	NaN	1.00000000000	0.00000000000	5.00000000000	0.00000000000


















3733299666.88	NaN	12.0000000000	118.000000000	0.00000000000	0.00000000000	NaN	0.0116095542908	-3.08457267427	0.999315738678	-3.15259971543	1.01408243179	-0.000203609466553	0.0162034034729	0.0427827835083	1.18392778130	22.5363171959	0.0985016956329	1015.41616968	-0.0147204399109	0.000718641281128	0.000927209854126	200000.000000	16.0000000000	0.00000000000	166.000000000	232.000000000	5.00000000000	0.950000000000	-0.740000000000	22.3000000000	0.00000000000	104.000000000	32.0000000000	15108640.0000	2500.00000000	2000.00000000	206.200000000	6466.00000000	1700.00000000	6000.00000000	13314.0000000	5801.00000000	23.4081460007	23.5137486754	23.1798541774	-0.365118443319	23.6668057909	26.2141808083	24.1922097605	-10.8927789160	23.5243397747	23.2737861163	23.2758785345	23.8878234650	23.9764863670	22.7635844875	-12.4077104270	0.882295696942	0.00000000000	0.100000000000	0.0500000000000	-0.00844769477844	0.00000000000	54.0488281250	0.000390625005821	-0.567578136921	0.00000000000	14.7562503815	15.0375003815	14.7500000000	14.9812498093	14.8312501907	-300.000000000	0.00000000000	NaN	0.00000000000	22.3064575195	24.9987487793	640.000000000	NaN	24.6393490160	25.1271410718	25.4320065705	23.9311746608	26.3388779546	-58.6324593352	-59.9660552071	-0.000531673431396	-0.000203609466553	-0.000859737396240	-0.000859737396240	-98.9704909459	NaN	NaN	-273.150000000	NaN	0.00000000000	NaN	NaN	1.00000000000	0.00000000000	5.00000000000	0.00000000000

















3733299667.08	NaN	14.0000000000	118.000000000	0.00000000000	0.00000000000	NaN	0.0109534263611	-3.20558993899	0.994065761566	-3.25865969322	1.00784778595	2.46184349060	0.262309551239	0.108411312103	3.13523562870	48.8075244484	0.100930681229	1015.45982187	-0.00411510467529	0.000691676139832	0.000939083099365	200000.000000	16.0000000000	0.00000000000	166.000000000	232.000000000	5.00000000000	0.950000000000	-0.740000000000	22.3000000000	0.00000000000	104.000000000	32.0000000000	15108640.0000	2500.00000000	2000.00000000	206.200000000	6466.00000000	1700.00000000	6000.00000000	13314.0000000	5801.00000000	23.4081460007	23.5137486754	23.1798541774	-0.365118443319	23.6668057909	26.2141808083	24.1922097605	-10.8927789160	23.5243397747	23.2737861163	23.2758785345	23.8878234650	23.9764863670	22.7635844875	-12.4077104270	0.882295696942	0.00000000000	0.100000000000	0.0500000000000	0.0133880138397	0.00000000000	46.5585937500	-0.000390625005821	-0.566406250000	0.00000000000	14.7562503815	15.0375003815	14.7500000000	14.9812498093	14.8312501907	-300.000000000	0.00000000000	NaN	0.00000000000	22.3064575195	24.9987487793	640.000000000	NaN	24.6393490160	25.1271410718	25.4320065705	23.9311746608	26.3388779546	-58.6324593352	-59.9660552071	-0.000531673431396	-0.000203609466553	-0.000859737396240	-0.000859737396240	-98.9704909459	NaN	NaN	NaN	NaN	0.00000000000	NaN	NaN	1.00000000000	0.00000000000	5.00000000000	0.00000000000


















3733299667.28	NaN	11.0000000000	129.000000000	0.00000000000	0.00000000000	NaN	0.00274991989136	-3.19801729297	0.996690750122	-3.10723222057	1.01342582703	2.46414041519	0.264935016632	0.109395980835	3.09715640373	56.4225395279	0.0976920337677	1015.24156092	-0.0202856063843	0.000754714012146	0.000907564163208	200000.000000	16.0000000000	0.00000000000	166.000000000	232.000000000	5.00000000000	0.950000000000	-0.740000000000	22.3000000000	0.00000000000	104.000000000	32.0000000000	15108640.0000	2500.00000000	2000.00000000	206.200000000	6466.00000000	1700.00000000	6000.00000000	13314.0000000	5801.00000000	23.4081460007	23.5137486754	23.1798541774	-0.365118443319	23.6668057909	26.2141808083	24.1922097605	-10.8927789160	23.5243397747	23.2737861163	23.2758785345	23.8878234650	23.9764863670	22.7635844875	-12.4077104270	0.882295696942	0.00000000000	0.100000000000	0.0500000000000	-0.00549316406250	0.00000000000	46.5585937500	-0.000390625005821	-0.566406250000	0.00000000000	14.7500000000	15.0875005722	14.7500000000	14.9812498093	14.8312501907	-300.000000000	0.00000000000	NaN	0.00000000000	22.2942199707	24.9968872070	640.000000000	NaN	24.6393490160	25.1271410718	25.4320065705	23.9311746608	26.3388779546	-58.6324593352	-59.9660552071	-0.000531673431396	-0.000203609466553	-0.000859737396240	-0.000859737396240	-98.9704909459	NaN	NaN	NaN	NaN	0.00000000000	NaN	NaN	1.00000000000	0.00000000000	5.00000000000	0.00000000000


















3733299667.48	NaN	7.00000000000	114.000000000	0.00000000000	1.00000000000	NaN	0.00570297241211	-3.08457267427	0.994065761566	-3.14503682610	1.01375436783	2.46873426437	0.264606952667	0.109395980835	3.08764005547	58.1357588539	0.103360843658	1015.19784528	-0.0238690376282	0.000706791877747	0.000901007652283	200000.000000	16.0000000000	0.00000000000	166.000000000	232.000000000	5.00000000000	0.950000000000	-0.740000000000	22.3000000000	0.00000000000	104.000000000	32.0000000000	15108640.0000	2500.00000000	2000.00000000	206.200000000	6466.00000000	1700.00000000	6000.00000000	13314.0000000	5801.00000000	23.4081460007	23.5137486754	23.1798541774	-0.365118443319	23.6668057909	26.2141808083	24.1922097605	-10.8927789160	23.5243397747	23.2737861163	23.2758785345	23.8878234650	23.9764863670	22.7635844875	-12.4077104270	0.882295696942	0.00000000000	0.100000000000	0.0500000000000	-0.00645003318787	0.00000000000	53.9707031250	-0.000390625005821	-0.570312500000	0.00000000000	14.7500000000	15.0875005722	14.7500000000	14.9812498093	14.8312501907	-300.000000000	1509.11975743	NaN	0.00000000000	22.2942199707	24.9968872070	640.000000000	NaN	24.6393490160	25.1271410718	25.4320065705	23.9311746608	26.3388779546	-58.6324593352	-59.9660552071	-0.000531673431396	-0.000203609466553	-0.000859737396240	-0.000859737396240	-98.9704909459	NaN	NaN	NaN	NaN	0.00000000000	NaN	NaN	1.00000000000	0.00000000000	5.00000000000	0.00000000000


















3733299667.68	NaN	10.0000000000	121.000000000	0.00000000000	1.00000000000	NaN	0.00931262969971	-3.16774066425	0.989143371582	-3.13747532628	1.02622365952	2.46184349060	0.263294219971	0.108411312103	2.85919236946	48.0459399490	0.101740343094	1015.45982187	-0.0280299186707	0.000717949867249	0.000910854339600	200000.000000	16.0000000000	0.00000000000	166.000000000	232.000000000	5.00000000000	0.950000000000	-0.740000000000	22.3000000000	0.00000000000	104.000000000	32.0000000000	15108640.0000	2500.00000000	2000.00000000	206.200000000	6466.00000000	1700.00000000	6000.00000000	13314.0000000	5801.00000000	23.4081460007	23.5137486754	23.1798541774	-0.365118443319	23.6668057909	26.2141808083	24.1922097605	-10.8927789160	23.5243397747	23.2737861163	23.2758785345	23.8878234650	23.9764863670	22.7635844875	-12.4077104270	0.882295696942	0.00000000000	0.100000000000	0.0500000000000	-0.00659565925598	0.00000000000	53.9707031250	-0.000390625005821	-0.570312500000	0.00000000000	14.7500000000	15.0375003815	14.7500000000	14.9812498093	14.8312501907	-300.000000000	1480.36447624	NaN	0.00000000000	22.2942199707	24.9968872070	640.000000000	NaN	24.6393490160	25.1271410718	25.4320065705	23.9311746608	26.3388779546	-58.6324593352	-59.9660552071	-0.000531673431396	-0.000203609466553	-0.000859737396240	-0.000859737396240	-98.9704909459	NaN	NaN	NaN	NaN	0.00000000000	NaN	NaN	1.00000000000	0.00000000000	5.00000000000	0.00000000000

















3733299667.88	NaN	18.0000000000	132.000000000	0.00000000000	2.00000000000	NaN	0.0129222869873	-3.18287618955	0.985534191132	-3.21317499237	1.01802015305	2.46249961853	0.261981487274	0.110052108765	3.13523562870	58.5164127846	0.0985016956329	1015.19784528	-0.0280036926270	0.000702834129333	0.000901007652283	200000.000000	16.0000000000	0.00000000000	166.000000000	232.000000000	5.00000000000	0.950000000000	-0.740000000000	22.3000000000	0.00000000000	104.000000000	32.0000000000	15108640.0000	2500.00000000	2000.00000000	206.200000000	6466.00000000	1700.00000000	6000.00000000	13314.0000000	5801.00000000	23.4081460007	23.5137486754	23.1798541774	-0.365118443319	23.6668057909	26.2141808083	24.1922097605	-10.8927789160	23.5243397747	23.2737861163	23.2758785345	23.8878234650	23.9764863670	22.7635844875	-12.4077104270	0.882295696942	0.00000000000	0.100000000000	0.0500000000000	-0.00784788131714	0.00000000000	49.0488281250	0.00000000000	-0.567968785763	0.00000000000	14.7500000000	15.0375003815	14.7500000000	14.9812498093	14.8312501907	-300.000000000	2995.37772673	NaN	0.00000000000	22.2969055176	24.9961242676	640.000000000	NaN	24.6393490160	25.1271410718	25.4320065705	23.9311746608	26.3388779546	-58.6324593352	-59.9660552071	-0.000531673431396	-0.000203609466553	-0.000859737396240	-0.000859737396240	-98.9704909459	NaN	NaN	NaN	NaN	0.00000000000	NaN	NaN	1.00000000000	0.00000000000	5.00000000000	0.00000000000


















3733299668.08	NaN	10.0000000000	133.000000000	0.00000000000	0.00000000000	NaN	0.00176525115967	-3.10723222057	0.986846446991	-3.16016399527	1.01112890244	2.47595357895	0.265591144562	0.109395980835	3.12571928043	52.6148936691	0.100121019363	1015.50353751	-0.0312457084656	0.000717973709106	0.000918126106262	200000.000000	16.0000000000	0.00000000000	166.000000000	232.000000000	5.00000000000	0.950000000000	-0.740000000000	22.3000000000	0.00000000000	104.000000000	32.0000000000	15108640.0000	2500.00000000	2000.00000000	206.200000000	6466.00000000	1700.00000000	6000.00000000	13314.0000000	5801.00000000	23.4081460007	23.5137486754	23.1798541774	-0.365118443319	23.6668057909	26.2141808083	24.1922097605	-10.8927789160	23.5243397747	23.2737861163	23.2758785345	23.8878234650	23.9764863670	22.7635844875	-12.4077104270	0.882295696942	0.00000000000	0.100000000000	0.0500000000000	-0.00589747428894	0.00000000000	49.0488281250	0.00000000000	-0.567968785763	0.00000000000	14.7562503815	15.1000003815	14.7562503815	14.9812498093	14.8312501907	-300.000000000	0.00000000000	NaN	0.00000000000	22.2969055176	24.9961242676	640.000000000	24.3351426906	24.6393490160	25.1271410718	25.4320065705	23.9311746608	26.3388779546	-58.6324593352	-59.9660552071	-0.000531673431396	-0.000203609466553	-0.000859737396240	-0.000859737396240	-98.9704909459	NaN	NaN	NaN	NaN	0.00000000000	NaN	NaN	1.00000000000	0.00000000000	5.00000000000	0.00000000000


















3733299668.28	NaN	15.0000000000	113.000000000	0.00000000000	0.00000000000	NaN	0.00274991989136	-3.12235649115	0.984877586365	-3.16016399527	1.01276969910	2.47825050354	0.265263080597	0.111036300659	3.18283120193	57.1838473892	0.101740343094	1015.63449409	-0.0307865142822	0.000721859931946	0.000919413566589	200000.000000	16.0000000000	0.00000000000	166.000000000	232.000000000	5.00000000000	0.950000000000	-0.740000000000	22.3000000000	0.00000000000	104.000000000	32.0000000000	15108640.0000	2500.00000000	2000.00000000	206.200000000	6466.00000000	1700.00000000	6000.00000000	13314.0000000	5801.00000000	23.4081460007	23.5137486754	23.1798541774	-0.365118443319	23.6668057909	26.2141808083	24.1922097605	-10.8927789160	23.5243397747	23.2737861163	23.2758785345	23.8878234650	23.9764863670	22.7635844875	-12.4077104270	0.882295696942	0.00000000000	0.100000000000	0.0500000000000	-0.00551290512085	0.00000000000	53.8496093750	0.00000000000	-0.571679711342	0.00000000000	14.7562503815	15.1000003815	14.7562503815	14.9812498093	14.8312501907	-300.000000000	0.00000000000	NaN	0.00000000000	22.2983093262	25.0005187988	640.000000000	24.3351426906	24.6393490160	25.1271410718	25.4320065705	23.9311746608	26.3388779546	-58.6324593352	-59.9660552071	-0.000531673431396	-0.000203609466553	-0.000859737396240	-0.000859737396240	-98.9704909459	NaN	NaN	NaN	NaN	0.00000000000	NaN	NaN	1.00000000000	0.00000000000	5.00000000000	0.00000000000

















3733299668.48	NaN	12.0000000000	127.000000000	0.00000000000	0.00000000000	NaN	0.0181722640991	-3.15259971543	0.966173648834	-3.84693959983	0.995706558228	2.47562503815	0.262638092041	0.107755184174	3.02101178570	61.3721471786	0.0976920337677	1015.32886530	-0.0243287086487	0.000714015960693	0.000977182388306	200000.000000	16.0000000000	0.00000000000	166.000000000	232.000000000	5.00000000000	0.950000000000	-0.740000000000	22.3000000000	0.00000000000	104.000000000	32.0000000000	15108704.0000	2500.00000000	2000.00000000	206.200000000	6466.00000000	1700.00000000	6000.00000000	13314.0000000	5801.00000000	23.4081460007	23.5137486754	23.1798541774	-0.365118443319	23.6668057909	26.2141808083	24.1922097605	-10.8927789160	23.5243397747	23.2737861163	23.2758785345	23.8878234650	23.9764863670	22.7635844875	-12.4077104270	0.882295696942	0.00000000000	0.100000000000	0.0500000000000	-0.000769281387329	0.00000000000	53.8496093750	0.00000000000	-0.571679711342	0.00000000000	14.7500000000	15.0749998093	14.7500000000	14.9875001907	14.8312501907	-300.000000000	0.00000000000	NaN	0.00000000000	22.2983093262	25.0005187988	640.000000000	24.3351426906	24.6393490160	25.1271410718	25.4320065705	23.9311746608	26.3388779546	-58.6324593352	-59.9660552071	-0.000531673431396	-0.000203609466553	-0.000859737396240	-0.000859737396240	-98.9704909459	NaN	NaN	NaN	NaN	0.00000000000	NaN	NaN	1.00000000000	0.00000000000	5.00000000000	0.00000000000

















3733299668.68	NaN	10.0000000000	119.000000000	0.00000000000	0.00000000000	NaN	0.00799989700317	-3.09212447352	0.950422763824	-4.12497752541	0.986190319061	2.47759389877	0.261981487274	0.0995516777039	2.29760333462	53.7571320992	0.0968823719025	1015.32886530	-0.0286860466003	0.000702118873596	0.00117597579956	200000.000000	16.0000000000	0.00000000000	166.000000000	232.000000000	5.00000000000	0.950000000000	-0.740000000000	22.3000000000	0.00000000000	104.000000000	32.0000000000	15108704.0000	2500.00000000	2000.00000000	206.200000000	6466.00000000	1700.00000000	6000.00000000	13314.0000000	5801.00000000	23.4081460007	23.5137486754	23.1798541774	-0.365118443319	23.6668057909	26.2141808083	24.1922097605	-10.8927789160	23.5243397747	23.2737861163	23.2758785345	23.8878234650	23.9764863670	22.7635844875	-12.4077104270	0.882295696942	0.00000000000	0.100000000000	0.0500000000000	0.00210914611816	0.00000000000	47.7597656250	0.00000000000	-0.568164050579	0.00000000000	14.7500000000	15.0749998093	14.7500000000	14.9875001907	14.8312501907	-300.000000000	0.00000000000	NaN	0.00000000000	22.2983093262	25.0005187988	640.000000000	24.3351426906	24.6393490160	25.1271410718	25.4320065705	23.9311746608	26.3388779546	-58.6324593352	-59.9660552071	-0.000531673431396	-0.000203609466553	-0.000859737396240	-0.000859737396240	-98.9704909459	NaN	NaN	NaN	NaN	0.00000000000	NaN	NaN	1.00000000000	0.00000000000	5.00000000000	0.00000000000


















3733299668.88	NaN	8.00000000000	110.000000000	0.00000000000	2.00000000000	NaN	0.00143718719482	-3.23590552459	0.950422763824	-4.17926664898	0.974049091339	2.47562503815	0.264278411865	0.108083248138	3.07812370720	63.6566240387	0.0985016956329	1015.72179847	-0.0253257751465	0.000725841522217	0.00119376182556	200000.000000	16.0000000000	0.00000000000	166.000000000	232.000000000	5.00000000000	0.950000000000	-0.740000000000	22.3000000000	0.00000000000	104.000000000	32.0000000000	15108704.0000	2500.00000000	2000.00000000	206.200000000	6466.00000000	1700.00000000	6000.00000000	13314.0000000	5801.00000000	23.4081460007	23.5137486754	23.1798541774	-0.365118443319	23.6668057909	26.2141808083	24.1922097605	-10.8927789160	23.5243397747	23.2737861163	23.2758785345	23.8878234650	23.9764863670	22.7635844875	-12.4077104270	0.882295696942	0.00000000000	0.100000000000	0.0500000000000	0.00466084480286	0.00000000000	47.7597656250	0.00000000000	-0.568164050579	0.00000000000	14.7562503815	15.1062498093	14.7500000000	14.9812498093	14.8312501907	-300.000000000	2745.64982046	NaN	0.00000000000	22.3004760742	24.9999694824	640.000000000	24.3351426906	24.6393490160	25.1271410718	25.4320065705	23.9311746608	26.3388779546	-58.6324593352	-59.9660552071	-0.000531673431396	-0.000203609466553	-0.000859737396240	-0.000859737396240	-98.9704909459	NaN	NaN	NaN	NaN	0.00000000000	NaN	NaN	1.00000000000	0.00000000000	5.00000000000	0.00000000000


















3733299669.08	NaN	12.0000000000	103.000000000	1.00000000000	0.00000000000	NaN	0.000781059265137	-3.10723222057	0.950750827789	-4.24140181337	0.970439434052	2.50811147690	0.266575813293	0.108411312103	3.07812370720	62.7047125740	0.0944522094727	1015.28521311	-0.0245647430420	0.000716567039490	0.00118918418884	200000.000000	16.0000000000	0.00000000000	166.000000000	232.000000000	5.00000000000	0.950000000000	-0.740000000000	22.3000000000	0.00000000000	104.000000000	32.0000000000	15108704.0000	2500.00000000	2000.00000000	206.200000000	6466.00000000	1700.00000000	6000.00000000	13314.0000000	5801.00000000	23.4081460007	23.5137486754	23.1798541774	-0.365118443319	23.6668057909	26.2141808083	24.1922097605	-10.8927789160	23.5243397747	23.2737861163	23.2758785345	23.8878234650	23.9764863670	22.7635844875	-12.4077104270	0.882295696942	0.00000000000	0.100000000000	0.0500000000000	0.00660867691040	0.00000000000	53.8808593750	0.00000000000	-0.572265625000	0.00000000000	14.7562503815	15.1062498093	14.7500000000	14.9812498093	14.8312501907	-300.000000000	0.00000000000	NaN	0.00000000000	22.3004760742	24.9999694824	640.000000000	24.3351426906	24.5736912299	25.1271410718	25.4320065705	23.9311746608	26.3388779546	-58.6324593352	-59.9660552071	-0.000531673431396	-0.000203609466553	-0.000859737396240	-0.000859737396240	-98.9704909459	NaN	NaN	NaN	NaN	0.00000000000	NaN	NaN	1.00000000000	0.00000000000	5.00000000000	0.00000000000


















3733299669.28	NaN	12.0000000000	110.000000000	1.00000000000	0.00000000000	NaN	0.00143718719482	-3.11478817035	0.949438571930	-4.20256285267	0.973721027374	2.50614261627	0.266575813293	0.107098579407	3.07812370720	64.4179319000	0.101740343094	1015.41616968	-0.0267434120178	0.000725817680359	0.00119764804840	200000.000000	16.0000000000	0.00000000000	166.000000000	232.000000000	5.00000000000	0.950000000000	-0.740000000000	22.3000000000	0.00000000000	104.000000000	32.0000000000	15108704.0000	2500.00000000	2000.00000000	206.200000000	6466.00000000	1700.00000000	6000.00000000	13314.0000000	5801.00000000	23.4081460007	23.5137486754	23.1798541774	-0.365118443319	23.6668057909	26.2141808083	24.1922097605	-10.8927789160	23.5243397747	23.2737861163	23.2758785345	23.8878234650	23.9764863670	22.7635844875	-12.4077104270	0.882295696942	0.00000000000	0.100000000000	0.0500000000000	0.00191636085510	0.00000000000	53.8808593750	0.00000000000	-0.572265625000	0.00000000000	14.7562503815	15.0875005722	14.7500000000	14.9875001907	14.8312501907	-300.000000000	0.00000000000	NaN	0.00000000000	22.3016357422	25.0001831055	640.000000000	24.3351426906	24.5736912299	25.1271410718	25.4320065705	23.9311746608	26.3388779546	-58.6324593352	-59.9660552071	-0.000531673431396	-0.000203609466553	-0.000859737396240	-0.000859737396240	-98.9704909459	NaN	NaN	NaN	NaN	0.00000000000	NaN	NaN	1.00000000000	0.00000000000	5.00000000000	0.00000000000

















3733299669.48	NaN	8.00000000000	119.000000000	0.00000000000	1.00000000000	NaN	0.0142345428467	-3.18287618955	0.949766635895	-4.19478839294	0.977658748627	2.50581407547	0.262638092041	0.105786323547	3.08764005547	65.9411008987	0.0976920337677	1015.32886530	-0.0254836082458	0.000722551345825	0.00119774341583	200000.000000	16.0000000000	0.00000000000	166.000000000	232.000000000	5.00000000000	0.950000000000	-0.740000000000	22.3000000000	0.00000000000	232.000000000	32.0000000000	15108704.0000	2500.00000000	2000.00000000	206.200000000	6466.00000000	1700.00000000	6000.00000000	13314.0000000	5801.00000000	23.4081460007	23.5137486754	23.1798541774	-0.365118443319	23.6668057909	26.2141808083	24.1922097605	-10.8927789160	23.5243397747	23.2737861163	23.2758785345	23.8878234650	23.9764863670	22.7635844875	-12.4077104270	0.882295696942	0.00000000000	0.100000000000	0.0500000000000	0.00442061424255	0.00000000000	46.7089843750	0.00000000000	-0.568750023842	0.00000000000	14.7562503815	15.0875005722	14.7500000000	14.9875001907	14.8312501907	-300.000000000	1424.08449615	NaN	0.00000000000	22.3016357422	25.0001831055	640.000000000	24.3351426906	24.5736912299	25.1271410718	25.4320065705	23.9311746608	26.3388779546	-58.6324593352	-59.9660552071	-0.000531673431396	-0.000203609466553	-0.000859737396240	-0.000859737396240	-98.9704909459	NaN	NaN	NaN	NaN	0.00000000000	NaN	NaN	1.00000000000	0.00000000000	5.00000000000	0.00000000000

















3733299669.68	NaN	10.0000000000	106.000000000	0.00000000000	0.00000000000	NaN	0.00176525115967	-3.22075043653	0.947797775269	-4.31143184932	0.972736358643	2.50515794754	0.264935016632	0.105458259583	2.92582063923	61.7528011093	0.0960715332031	1015.24156092	-0.0208110809326	0.000705504417419	0.00117466449738	200000.000000	16.0000000000	0.00000000000	166.000000000	232.000000000	5.00000000000	0.950000000000	-0.740000000000	22.3000000000	0.00000000000	232.000000000	32.0000000000	15108704.0000	2500.00000000	2000.00000000	206.200000000	6466.00000000	1700.00000000	6000.00000000	13314.0000000	5801.00000000	23.4081460007	23.5137486754	23.1798541774	-0.365118443319	23.6668057909	26.2141808083	24.1922097605	-10.8927789160	23.5243397747	23.2737861163	23.2758785345	23.8878234650	23.9764863670	22.7635844875	-12.4077104270	0.882295696942	0.00000000000	0.100000000000	0.0500000000000	0.00274844169617	0.00000000000	46.7089843750	0.00000000000	-0.568750023842	0.00000000000	14.7500000000	15.0687503815	14.7500000000	14.9812498093	14.8312501907	-300.000000000	0.00000000000	NaN	0.00000000000	22.3016357422	25.0001831055	640.000000000	24.3351426906	24.5736912299	25.1271410718	25.4320065705	23.9311746608	26.3388779546	-58.6324593352	-59.9660552071	-0.000531673431396	-0.000203609466553	-0.000859737396240	-0.000859737396240	-98.9704909459	NaN	NaN	NaN	NaN	0.00000000000	NaN	NaN	1.00000000000	0.00000000000	5.00000000000	0.00000000000

















3733299669.88	NaN	11.0000000000	125.000000000	0.00000000000	1.00000000000	NaN	0.00439023971558	-3.08457267427	0.950422763824	-4.20256285267	0.974377155304	2.50942373276	0.265591144562	0.104145526886	3.02101178570	62.1334550400	0.100121019363	1015.45982187	-0.0241055488586	0.000707411766052	0.00115437507629	200000.000000	16.0000000000	0.00000000000	166.000000000	232.000000000	5.00000000000	0.950000000000	-0.740000000000	22.3000000000	0.00000000000	232.000000000	32.0000000000	15108704.0000	2500.00000000	2000.00000000	206.200000000	6466.00000000	1700.00000000	6000.00000000	13314.0000000	5801.00000000	23.4081460007	23.5137486754	23.1798541774	-0.365118443319	23.6668057909	26.2141808083	24.1922097605	-10.8927789160	23.5243397747	23.2737861163	23.2758785345	23.8878234650	23.9764863670	22.7635844875	-12.4077104270	0.882295696942	0.00000000000	0.100000000000	0.0500000000000	0.00189914703369	0.00000000000	50.5390625000	0.000390625005821	-0.570898473263	0.00000000000	14.7500000000	15.0687503815	14.7500000000	14.9812498093	14.8312501907	-300.000000000	1451.67921303	NaN	0.00000000000	22.3013916016	25.0002441406	640.000000000	24.3351426906	24.5736912299	25.1271410718	25.4320065705	23.9311746608	26.3388779546	-58.6324593352	-59.9660552071	-0.000531673431396	-0.000203609466553	-0.000859737396240	-0.000859737396240	-98.9704909459	NaN	NaN	NaN	NaN	0.00000000000	NaN	NaN	1.00000000000	0.00000000000	5.00000000000	0.00000000000


















3733299670.08	NaN	11.0000000000	129.000000000	0.00000000000	1.00000000000	NaN	0.0171880722046	-3.28141548769	0.948781967163	-4.21032756663	0.976017951965	2.52386188507	0.265263080597	0.105786323547	3.04956083050	63.0853665047	0.0976920337677	1015.41616968	-0.0273737907410	0.000712680816650	0.00117862224579	200000.000000	16.0000000000	0.00000000000	166.000000000	232.000000000	5.00000000000	0.950000000000	-0.740000000000	22.3000000000	0.00000000000	232.000000000	32.0000000000	15108704.0000	2500.00000000	2000.00000000	206.200000000	6466.00000000	1700.00000000	6000.00000000	13314.0000000	5801.00000000	23.4081460007	23.5137486754	23.1798541774	-0.365118443319	23.6668057909	26.2141808083	24.1922097605	-10.8927789160	23.5243397747	23.2737861163	23.2758785345	23.8878234650	23.9764863670	22.7635844875	-12.4077104270	0.882295696942	0.00000000000	0.100000000000	0.0500000000000	0.00236377716064	0.00000000000	50.5390625000	0.000390625005821	-0.570898473263	0.00000000000	14.7562503815	15.0937500000	14.7500000000	14.9812498093	14.8312501907	-300.000000000	1675.46043357	NaN	0.00000000000	22.3013916016	25.0002441406	640.000000000	24.3351426906	24.5736912299	25.1681412742	25.4320065705	23.9311746608	26.3388779546	-58.6324593352	-59.9660552071	-0.000531673431396	-0.000203609466553	-0.000859737396240	-0.000859737396240	-98.9704909459	NaN	NaN	NaN	NaN	0.00000000000	NaN	NaN	1.00000000000	0.00000000000	5.00000000000	0.00000000000


















3733299670.28	NaN	14.0000000000	119.000000000	0.00000000000	1.00000000000	NaN	-0.000531673431396	-3.16016399527	0.950750827789	-4.21809381855	0.971752166748	2.52648735046	0.266247272491	0.105129718781	3.04004448223	63.8469510040	0.100930681229	1015.37251749	-0.0305895805359	0.000704145431519	0.00118191242218	200000.000000	16.0000000000	0.00000000000	166.000000000	232.000000000	5.00000000000	0.950000000000	-0.740000000000	22.3000000000	0.00000000000	232.000000000	32.0000000000	15108704.0000	2500.00000000	2000.00000000	206.200000000	6466.00000000	1700.00000000	6000.00000000	13314.0000000	5801.00000000	23.4081460007	23.5137486754	23.1798541774	-0.365118443319	23.6668057909	26.2141808083	24.1922097605	-10.8927789160	23.5243397747	23.2737861163	23.2758785345	23.8878234650	23.9764863670	22.7635844875	-12.4077104270	0.882295696942	0.00000000000	0.100000000000	0.0500000000000	0.000939607620239	0.00000000000	45.7167968750	0.000390625005821	-0.573437511921	0.00000000000	14.7562503815	15.0937500000	14.7500000000	14.9812498093	14.8312501907	-300.000000000	1425.05194486	NaN	0.00000000000	22.3013610840	24.9998779297	640.000000000	24.3351426906	24.5736912299	25.1681412742	25.4320065705	23.9311746608	26.3388779546	-58.6324593352	-59.9660552071	-0.000531673431396	-0.000203609466553	-0.000859737396240	-0.000859737396240	-98.9704909459	NaN	NaN	NaN	NaN	0.00000000000	NaN	NaN	1.00000000000	0.00000000000	5.00000000000	0.00000000000


















3733299670.48	NaN	12.0000000000	103.000000000	0.00000000000	0.00000000000	NaN	0.0102968215942	-3.00157193761	0.952719688416	-4.19478839294	0.974377155304	2.52484655380	0.263950347900	0.100863933563	3.02101178570	67.0833393288	0.0985016956329	1015.28521311	-0.0247745513916	0.000727772712708	0.00118129253387	200000.000000	16.0000000000	0.00000000000	166.000000000	232.000000000	5.00000000000	0.950000000000	-0.740000000000	22.3000000000	0.00000000000	232.000000000	32.0000000000	15108704.0000	2500.00000000	2000.00000000	206.200000000	6466.00000000	1700.00000000	6000.00000000	13314.0000000	5801.00000000	23.4081460007	23.5137486754	23.1798541774	-0.365118443319	23.6668057909	26.2141808083	24.1922097605	-10.8927789160	23.5243397747	23.2737861163	23.2758785345	23.8878234650	23.9764863670	22.7635844875	-12.4077104270	0.882295696942	0.00000000000	0.100000000000	0.0500000000000	0.00357532501221	0.00000000000	45.7167968750	0.000390625005821	-0.573437511921	0.00000000000	14.7500000000	15.0500001907	14.7500000000	14.9875001907	14.8312501907	-300.000000000	0.00000000000	NaN	0.00000000000	22.3013610840	24.9998779297	640.000000000	24.3351426906	24.5736912299	25.1681412742	25.4320065705	23.9311746608	26.3388779546	-58.6324593352	-59.9660552071	-0.000531673431396	-0.000203609466553	-0.000859737396240	-0.000859737396240	-98.9704909459	NaN	NaN	NaN	NaN	0.00000000000	NaN	NaN	1.00000000000	0.00000000000	5.00000000000	0.00000000000

















3733299670.68	NaN	18.0000000000	111.000000000	0.00000000000	1.00000000000	NaN	0.0125937461853	-3.15259971543	0.947797775269	-4.14823028365	0.980939865112	2.52320575714	0.263622283936	0.0982389450073	3.08764005547	64.2276049347	0.0976920337677	1015.45982187	-0.0231080055237	0.000704193115234	0.00115566253662	200000.000000	16.0000000000	0.00000000000	166.000000000	232.000000000	5.00000000000	0.950000000000	-0.740000000000	22.3000000000	0.00000000000	232.000000000	32.0000000000	15108704.0000	2500.00000000	2000.00000000	206.200000000	6466.00000000	1700.00000000	6000.00000000	13314.0000000	5801.00000000	23.4081460007	23.5137486754	23.1798541774	-0.365118443319	23.6668057909	26.2141808083	24.1922097605	-10.8927789160	23.5243397747	23.2737861163	23.2758785345	23.8878234650	23.9764863670	22.7635844875	-12.4077104270	0.882295696942	0.00000000000	0.100000000000	0.0500000000000	0.00385355949402	0.00000000000	54.8027343750	0.000390625005821	-0.571289062500	0.00000000000	14.7500000000	15.0500001907	14.7500000000	14.9875001907	14.8312501907	-300.000000000	1424.08449615	NaN	0.00000000000	22.3013610840	24.9998779297	640.000000000	24.3351426906	24.5736912299	25.1681412742	25.4320065705	23.9311746608	26.3388779546	-58.6324593352	-59.9660552071	-0.000531673431396	-0.000203609466553	-0.000859737396240	-0.000859737396240	-98.9704909459	NaN	NaN	NaN	NaN	0.00000000000	NaN	NaN	1.00000000000	0.00000000000	5.00000000000	0.00000000000

















3733299670.88	NaN	15.0000000000	139.000000000	0.00000000000	2.00000000000	NaN	0.00767183303833	-3.06191459222	0.953704357147	-4.22586160955	0.976346015930	2.52222156525	0.263950347900	0.0988950729370	2.96389986420	61.7528011093	0.0976920337677	1015.50353751	-0.0211257934570	0.000698804855347	0.00117080211639	200000.000000	16.0000000000	0.00000000000	166.000000000	232.000000000	5.00000000000	0.950000000000	-0.740000000000	22.3000000000	0.00000000000	232.000000000	32.0000000000	15108704.0000	2500.00000000	2000.00000000	206.200000000	6466.00000000	1700.00000000	6000.00000000	13314.0000000	5801.00000000	23.4081460007	23.5137486754	23.1798541774	-0.365118443319	23.6668057909	26.2141808083	24.1922097605	-10.8927789160	23.5243397747	23.2737861163	23.2758785345	23.8878234650	23.9764863670	22.7635844875	-12.4077104270	0.882295696942	0.00000000000	0.100000000000	0.0500000000000	0.00347557067871	0.00000000000	54.8027343750	0.000390625005821	-0.571289062500	0.00000000000	14.7562503815	15.0500001907	14.7500000000	14.9875001907	14.8312501907	-300.000000000	3081.05914181	NaN	0.00000000000	22.3008422852	25.0001831055	640.000000000	24.3351426906	24.5736912299	25.1681412742	25.4320065705	23.9311746608	26.3388779546	-58.6324593352	-59.9660552071	-0.000531673431396	-0.000203609466553	-0.000859737396240	-0.000859737396240	-98.9704909459	NaN	NaN	NaN	NaN	0.00000000000	NaN	NaN	1.00000000000	0.00000000000	5.00000000000	0.00000000000

















3733299671.08	NaN	10.0000000000	116.000000000	0.00000000000	2.00000000000	NaN	0.00406217575073	-3.12235649115	0.956329345703	-4.19478839294	0.973064422607	2.44477987289	0.263622283936	0.0992236137390	2.92582063923	65.1795163994	0.0985016956329	1015.41616968	-0.0196819305420	0.000727772712708	0.00116746425629	200000.000000	16.0000000000	0.00000000000	166.000000000	232.000000000	5.00000000000	0.950000000000	-0.740000000000	22.3000000000	0.00000000000	232.000000000	32.0000000000	15108704.0000	2500.00000000	2000.00000000	206.200000000	6466.00000000	1700.00000000	6000.00000000	13314.0000000	5801.00000000	23.4081460007	23.5137486754	23.1798541774	-0.365118443319	23.6668057909	26.2141808083	24.1922097605	-10.8927789160	23.5243397747	23.2737861163	23.2758785345	23.8878234650	23.9764863670	22.7635844875	-12.4077104270	0.882295696942	0.00000000000	0.100000000000	0.0500000000000	0.00268149375916	0.00000000000	45.2187500000	-0.000390625005821	-0.573046863079	0.00000000000	14.7562503815	15.0500001907	14.7500000000	14.9875001907	14.8312501907	-300.000000000	2773.07257514	NaN	0.00000000000	22.3008422852	25.0001831055	640.000000000	24.3351426906	24.5736912299	25.1681412742	25.3967967911	23.9311746608	26.3388779546	-58.6324593352	-59.9660552071	-0.000531673431396	-0.000203609466553	-0.000859737396240	-0.000859737396240	-98.9704909459	NaN	NaN	NaN	NaN	0.00000000000	NaN	NaN	1.00000000000	0.00000000000	5.00000000000	0.00000000000


















3733299671.28	NaN	11.0000000000	127.000000000	0.00000000000	2.00000000000	NaN	0.00603103637695	-3.00910859070	0.955673217773	-4.22586160955	0.978314876556	2.44510793686	0.262309551239	0.0979108810425	2.93533698750	65.7507739334	0.102551181793	1015.45982187	-0.0181856155396	0.000723242759705	0.00114059448242	200000.000000	16.0000000000	0.00000000000	166.000000000	232.000000000	5.00000000000	0.950000000000	-0.740000000000	22.3000000000	0.00000000000	232.000000000	32.0000000000	15108704.0000	2500.00000000	2000.00000000	206.200000000	6466.00000000	1700.00000000	6000.00000000	13314.0000000	5801.00000000	23.4081460007	23.5137486754	23.1798541774	-0.365118443319	23.6668057909	26.2141808083	24.1922097605	-10.8927789160	23.5243397747	23.2737861163	23.2758785345	23.8878234650	23.9764863670	22.7635844875	-12.4077104270	0.882295696942	0.00000000000	0.100000000000	0.0500000000000	0.00300688743591	0.00000000000	45.2187500000	-0.000390625005821	-0.573046863079	0.00000000000	14.7562503815	15.0812501907	14.7500000000	14.9812498093	14.8312501907	-300.000000000	2824.50412326	NaN	0.00000000000	22.3008728027	24.9996948242	640.000000000	24.3351426906	24.5736912299	25.1681412742	25.3967967911	23.9311746608	26.3388779546	-58.6324593352	-59.9660552071	-0.000531673431396	-0.000203609466553	-0.000859737396240	-0.000859737396240	-98.9704909459	NaN	NaN	NaN	NaN	0.00000000000	NaN	NaN	1.00000000000	0.00000000000	5.00000000000	0.00000000000

















3733299671.48	NaN	8.00000000000	117.000000000	0.00000000000	0.00000000000	NaN	0.00340604782104	-3.09967765529	0.958954334259	-4.24918552670	0.972080230713	2.44642066956	0.263622283936	0.0972547531128	2.89727159443	65.9411008987	0.100930681229	1015.37251749	-0.0168728828430	0.000711345672607	0.00117995738983	200000.000000	16.0000000000	0.00000000000	166.000000000	232.000000000	5.00000000000	0.950000000000	-0.740000000000	22.3000000000	0.00000000000	232.000000000	32.0000000000	15108704.0000	2500.00000000	2000.00000000	206.200000000	6466.00000000	1700.00000000	6000.00000000	13314.0000000	5801.00000000	23.4081460007	23.5137486754	23.1798541774	-0.365118443319	23.6668057909	26.2141808083	24.1922097605	-10.8927789160	23.5243397747	23.2737861163	23.2758785345	23.8878234650	23.9764863670	22.7635844875	-12.4077104270	0.882295696942	0.00000000000	0.100000000000	0.0500000000000	0.00269465446472	0.00000000000	54.5351562500	-0.000390625005821	-0.574609398842	0.00000000000	14.7562503815	15.0812501907	14.7500000000	14.9812498093	14.8312501907	-300.000000000	0.00000000000	NaN	0.00000000000	22.3008728027	24.9996948242	640.000000000	24.3351426906	24.5736912299	25.1681412742	25.3967967911	23.9311746608	26.3388779546	-58.6324593352	-59.9660552071	-0.000531673431396	-0.000203609466553	-0.000859737396240	-0.000859737396240	-98.9704909459	NaN	NaN	NaN	NaN	0.00000000000	NaN	NaN	1.00000000000	0.00000000000	5.00000000000	0.00000000000

















3733299671.68	NaN	14.0000000000	125.000000000	1.00000000000	1.00000000000	NaN	0.00537490844727	-3.29659305408	0.957314014435	-4.22586160955	0.979627609253	2.43427944183	0.262638092041	0.0877385139465	2.84967602119	58.3260858192	0.0993113574982	1015.28521311	-0.0170173645020	0.000702166557312	0.00114583969116	200000.000000	16.0000000000	0.00000000000	166.000000000	232.000000000	5.00000000000	0.950000000000	-0.740000000000	22.3000000000	0.00000000000	232.000000000	32.0000000000	15108704.0000	2500.00000000	2000.00000000	206.200000000	6466.00000000	1700.00000000	6000.00000000	13314.0000000	5801.00000000	23.4081460007	23.5137486754	23.1798541774	-0.365118443319	23.6668057909	26.2141808083	24.1922097605	-10.8927789160	23.5243397747	23.2737861163	23.2758785345	23.8878234650	23.9764863670	22.7635844875	-12.4077104270	0.882295696942	0.00000000000	0.100000000000	0.0500000000000	0.00226535797119	0.00000000000	54.5351562500	-0.000390625005821	-0.574609398842	0.00000000000	14.7562503815	15.0250005722	14.7500000000	14.9875001907	14.8312501907	-300.000000000	1325.12726647	NaN	0.00000000000	22.3008728027	24.9996948242	640.000000000	24.3351426906	24.5736912299	25.1681412742	25.3967967911	23.9311746608	26.3388779546	-58.6324593352	-59.9660552071	-0.000531673431396	-0.000203609466553	-0.000859737396240	-0.000859737396240	-98.9704909459	NaN	NaN	NaN	NaN	0.00000000000	NaN	NaN	1.00000000000	0.00000000000	5.00000000000	0.00000000000

















3733299671.88	NaN	11.0000000000	127.000000000	0.00000000000	0.00000000000	NaN	0.00209331512451	-3.24348517051	0.962235927582	-4.16375103863	0.978971004486	2.43690443039	0.262966156006	0.0969262123108	2.87823889790	62.8950395393	0.103360843658	1015.54718970	-0.0140509605408	0.000746154785156	0.00118455886841	200000.000000	16.0000000000	0.00000000000	166.000000000	232.000000000	5.00000000000	0.950000000000	-0.740000000000	22.3000000000	0.00000000000	232.000000000	32.0000000000	15108704.0000	2500.00000000	2000.00000000	206.200000000	6466.00000000	1700.00000000	6000.00000000	13314.0000000	5801.00000000	23.4081460007	23.5137486754	23.1798541774	-0.365118443319	23.6668057909	26.2141808083	24.1922097605	-10.8927789160	23.5243397747	23.2737861163	23.2758785345	23.8878234650	23.9764863670	22.7635844875	-12.4077104270	0.882295696942	0.00000000000	0.100000000000	0.0500000000000	0.00256605148315	0.00000000000	47.1445312500	0.00000000000	-0.572265625000	0.00000000000	14.7562503815	15.0250005722	14.7500000000	14.9875001907	14.8312501907	-300.000000000	0.00000000000	NaN	0.00000000000	22.3008422852	25.0001831055	640.000000000	24.3351426906	24.5736912299	25.1681412742	25.3967967911	23.9311746608	26.3388779546	-58.6324593352	-59.9660552071	-0.000531673431396	-0.000203609466553	-0.000859737396240	-0.000859737396240	-98.9704909459	NaN	NaN	NaN	NaN	0.00000000000	NaN	NaN	1.00000000000	0.00000000000	5.00000000000	0.00000000000


















3733299672.08	NaN	15.0000000000	135.000000000	0.00000000000	0.00000000000	NaN	0.00635910034180	-3.06191459222	0.964532852173	-4.22586160955	0.976017951965	2.57603645325	0.264935016632	0.0943012237549	2.84967602119	63.6566240387	0.100121019363	1015.54718970	-0.0116095542908	0.000701498985291	0.00117404460907	200000.000000	16.0000000000	0.00000000000	166.000000000	232.000000000	5.00000000000	0.950000000000	-0.740000000000	22.3000000000	0.00000000000	232.000000000	32.0000000000	15108704.0000	2500.00000000	2000.00000000	206.200000000	6466.00000000	1700.00000000	6000.00000000	13314.0000000	5801.00000000	23.4081460007	23.5137486754	23.1798541774	-0.365118443319	23.6668057909	26.2141808083	24.1922097605	-10.8927789160	23.5243397747	23.2737861163	23.2758785345	23.8878234650	23.9764863670	22.7635844875	-12.4077104270	0.882295696942	0.00000000000	0.100000000000	0.0500000000000	0.00513596534729	0.00000000000	47.1445312500	0.00000000000	-0.572265625000	0.00000000000	14.7500000000	15.1062498093	14.7500000000	14.9875001907	14.8312501907	-300.000000000	0.00000000000	NaN	0.00000000000	22.3008422852	25.0001831055	640.000000000	24.3351426906	24.5736912299	25.1681412742	25.3967967911	23.8788611488	26.3388779546	-58.6324593352	-59.9660552071	-0.000531673431396	-0.000203609466553	-0.000859737396240	-0.000859737396240	-98.9704909459	NaN	NaN	NaN	NaN	0.00000000000	NaN	NaN	1.00000000000	0.00000000000	5.00000000000	0.00000000000

















3733299672.28	NaN	8.00000000000	113.000000000	0.00000000000	1.00000000000	NaN	0.0129222869873	-3.03173774501	0.963548660278	-4.21032756663	0.977002143860	2.57669305801	0.266247272491	0.0956139564514	2.83064332466	64.0372779694	0.0952618713379	1015.37251749	-0.0104022026062	0.000730371475220	0.00116024017334	200000.000000	16.0000000000	0.00000000000	166.000000000	232.000000000	5.00000000000	0.950000000000	-0.740000000000	22.3000000000	0.00000000000	232.000000000	32.0000000000	15108704.0000	2500.00000000	2000.00000000	206.200000000	6466.00000000	1700.00000000	6000.00000000	13314.0000000	5801.00000000	23.4081460007	23.5137486754	23.1798541774	-0.365118443319	23.6668057909	26.2141808083	24.1922097605	-10.8927789160	23.5243397747	23.2737861163	23.2758785345	23.8878234650	23.9764863670	22.7635844875	-12.4077104270	0.882295696942	0.00000000000	0.100000000000	0.0500000000000	0.00337972640991	0.00000000000	52.9062500000	-0.000390625005821	-0.570898473263	-0.0195312500000	14.7500000000	15.1062498093	14.7500000000	14.9875001907	14.8312501907	-300.000000000	1348.98807899	NaN	0.00000000000	22.3003540039	25.0000610352	640.000000000	24.3351426906	24.5736912299	25.1681412742	25.3967967911	23.8788611488	26.3388779546	-58.6324593352	-59.9660552071	-0.000531673431396	-0.000203609466553	-0.000859737396240	-0.000859737396240	-98.9704909459	NaN	NaN	NaN	NaN	0.00000000000	NaN	NaN	1.00000000000	0.00000000000	5.00000000000	0.00000000000

















3733299672.48	NaN	4.00000000000	108.000000000	0.00000000000	0.00000000000	NaN	0.00110912322998	-3.27382881653	0.967486381531	-4.17150807767	0.978314876556	2.57505226135	0.267231941223	0.0949573516846	2.84967602119	63.6566240387	0.100930681229	1015.37251749	-0.00878763198853	0.000698256492615	0.00115895271301	200000.000000	16.0000000000	0.00000000000	166.000000000	232.000000000	5.00000000000	0.950000000000	-0.740000000000	22.3000000000	0.00000000000	232.000000000	32.0000000000	15108704.0000	2500.00000000	2000.00000000	206.200000000	6466.00000000	1700.00000000	6000.00000000	13314.0000000	5801.00000000	23.4081460007	23.5137486754	23.1798541774	-0.365118443319	23.6668057909	26.2141808083	24.1922097605	-10.8927789160	23.5243397747	23.2737861163	23.2758785345	23.8878234650	23.9764863670	22.7635844875	-12.4077104270	0.882295696942	0.00000000000	0.100000000000	0.0500000000000	0.00373945236206	0.00000000000	52.9062500000	-0.000390625005821	-0.570898473263	-0.0195312500000	14.7562503815	15.0250005722	14.7562503815	14.9812498093	14.8312501907	-300.000000000	0.00000000000	NaN	0.00000000000	22.3003540039	25.0000610352	640.000000000	24.3351426906	24.5736912299	25.1681412742	25.3967967911	23.8788611488	26.3388779546	-58.6324593352	-59.9660552071	-0.000531673431396	-0.000203609466553	-0.000859737396240	-0.000859737396240	-98.9704909459	NaN	NaN	NaN	NaN	0.00000000000	NaN	NaN	1.00000000000	0.00000000000	5.00000000000	0.00000000000

















3733299672.68	NaN	7.00000000000	116.000000000	0.00000000000	0.00000000000	NaN	0.00340604782104	-3.11478817035	0.964532852173	-4.20256285267	0.988159179687	2.57603645325	0.266903877258	0.0844569206238	2.68785660496	59.8489781799	0.100121019363	1015.37251749	-0.00643825531006	0.000727772712708	0.00118584632874	200000.000000	16.0000000000	0.00000000000	166.000000000	232.000000000	5.00000000000	0.950000000000	-0.740000000000	22.3000000000	0.00000000000	232.000000000	32.0000000000	15108704.0000	2500.00000000	2000.00000000	206.200000000	6466.00000000	1700.00000000	6000.00000000	13314.0000000	5801.00000000	23.4081460007	23.5137486754	23.1798541774	-0.365118443319	23.6668057909	26.2141808083	24.1922097605	-10.8927789160	23.5243397747	23.2737861163	23.2758785345	23.8878234650	23.9764863670	22.7635844875	-12.4077104270	0.882295696942	0.00000000000	0.100000000000	0.0500000000000	0.00363440513611	0.00000000000	45.3164062500	0.00000000000	-0.571093738079	0.00000000000	14.7562503815	15.0250005722	14.7562503815	14.9812498093	14.8312501907	-300.000000000	0.00000000000	NaN	0.00000000000	22.3003540039	25.0000610352	640.000000000	24.3351426906	24.5736912299	25.1681412742	25.3967967911	23.8788611488	26.3388779546	-58.6324593352	-59.9660552071	-0.000531673431396	-0.000203609466553	-0.000859737396240	-0.000859737396240	-98.9704909459	NaN	NaN	NaN	NaN	0.00000000000	NaN	NaN	1.00000000000	0.00000000000	5.00000000000	0.00000000000

















3733299672.88	NaN	13.0000000000	117.000000000	0.00000000000	1.00000000000	NaN	0.0132503509521	-3.18287618955	0.969783306122	-4.19478839294	0.981267929077	2.57341146469	0.263950347900	0.0916762351990	2.77353140316	65.9411008987	0.0993113574982	1015.19784528	-0.00436449050903	0.000719928741455	0.00121412277222	200000.000000	16.0000000000	0.00000000000	166.000000000	232.000000000	5.00000000000	0.950000000000	-0.740000000000	22.3000000000	0.00000000000	232.000000000	32.0000000000	15108704.0000	2500.00000000	2000.00000000	206.200000000	6466.00000000	1700.00000000	6000.00000000	13314.0000000	5801.00000000	23.4081460007	23.5137486754	23.1798541774	-0.365118443319	23.6668057909	26.2141808083	24.1922097605	-10.8927789160	23.5243397747	23.2737861163	23.2758785345	23.8878234650	23.9764863670	22.7635844875	-12.4077104270	0.882295696942	0.00000000000	0.100000000000	0.0500000000000	0.00509262084961	0.00000000000	45.3164062500	0.00000000000	-0.571093738079	0.00000000000	14.7562503815	15.0312500000	14.7500000000	14.9875001907	14.8312501907	-300.000000000	1398.45097522	NaN	0.00000000000	22.3007507324	25.0001831055	640.000000000	24.3351426906	24.5736912299	25.1681412742	25.3967967911	23.8788611488	26.3388779546	-58.6324593352	-59.9660552071	-0.000531673431396	-0.000203609466553	-0.000859737396240	-0.000859737396240	-98.9704909459	NaN	NaN	NaN	NaN	0.00000000000	NaN	NaN	1.00000000000	0.00000000000	5.00000000000	0.00000000000

















3733299673.08	NaN	15.0000000000	117.000000000	1.00000000000	1.00000000000	NaN	3.51747512817	-3.23590552459	1.01736354828	-3.03927989248	1.01834821701	0.0270323753357	0.100863933563	0.134990692139	3.60164734898	81.1708544197	0.100930681229	1015.19784528	0.0312585830688	0.000690388679504	0.00114641189575	200000.000000	16.0000000000	0.00000000000	166.000000000	232.000000000	5.00000000000	0.950000000000	-0.740000000000	22.3000000000	0.00000000000	232.000000000	32.0000000000	15108704.0000	2500.00000000	2000.00000000	206.200000000	6466.00000000	1700.00000000	6000.00000000	13314.0000000	5801.00000000	23.4081460007	23.5137486754	23.1798541774	-0.365118443319	23.6668057909	26.2141808083	24.1922097605	-10.8927789160	23.5243397747	23.2737861163	23.2758785345	23.8878234650	23.9764863670	22.7635844875	-12.4077104270	0.882295696942	0.00000000000	0.100000000000	0.0500000000000	0.0134234428406	0.00000000000	54.5000000000	0.00000000000	-0.574023425579	0.00000000000	14.7562503815	15.0312500000	14.7500000000	14.9875001907	14.8312501907	-300.000000000	1280.63276119	NaN	0.00000000000	22.3007507324	25.0001831055	640.000000000	24.3351426906	24.5736912299	25.1681412742	25.3967967911	23.8788611488	26.3152394694	-58.6324593352	-59.9660552071	-0.000531673431396	-0.000203609466553	-0.000859737396240	-0.000859737396240	-98.9704909459	NaN	NaN	NaN	NaN	0.00000000000	NaN	NaN	1.00000000000	0.00000000000	5.00000000000	0.00000000000


















3733299673.28	NaN	12.0000000000	102.000000000	0.00000000000	0.00000000000	NaN	3.50533390045	-3.34978108978	0.965188980103	-4.21032756663	0.986518383026	0.0267038345337	0.103160858154	0.135647296906	3.93480252972	89.3568503952	0.100930681229	1015.50353751	-0.00271081924438	0.000721168518066	0.00123310089111	200000.000000	16.0000000000	0.00000000000	166.000000000	232.000000000	5.00000000000	0.950000000000	-0.740000000000	22.3000000000	0.00000000000	232.000000000	32.0000000000	15108704.0000	2500.00000000	2000.00000000	206.200000000	6466.00000000	1700.00000000	6000.00000000	13314.0000000	5801.00000000	23.4081460007	23.5137486754	23.1798541774	-0.365118443319	23.6668057909	26.2141808083	24.1922097605	-10.8927789160	23.5243397747	23.2737861163	23.2758785345	23.8878234650	23.9764863670	22.7635844875	-12.4077104270	0.882295696942	0.00000000000	0.100000000000	0.0500000000000	-0.00440120697021	0.00000000000	54.5000000000	0.00000000000	-0.574023425579	0.00000000000	14.7500000000	15.0749998093	14.7500000000	14.9812498093	14.8312501907	-300.000000000	0.00000000000	NaN	0.00000000000	22.3005676270	24.9998474121	640.000000000	24.3351426906	24.5736912299	25.1681412742	25.3967967911	23.8788611488	26.3152394694	-58.6324593352	-59.9660552071	-0.000531673431396	-0.000203609466553	-0.000859737396240	-0.000859737396240	-98.9704909459	NaN	NaN	NaN	NaN	0.00000000000	NaN	NaN	1.00000000000	0.00000000000	5.00000000000	0.00000000000


















3733299673.48	NaN	12.0000000000	114.000000000	0.00000000000	1.00000000000	NaN	3.50041151047	-3.37258773889	0.973392963409	-4.28029064402	0.978314876556	0.0244069099426	0.0998797416687	0.136303424835	3.93480252972	87.6433544312	0.103360843658	1015.45982187	-0.00427246093750	0.000707459449768	0.00123381614685	200000.000000	16.0000000000	0.00000000000	166.000000000	232.000000000	5.00000000000	0.950000000000	-0.740000000000	22.3000000000	0.00000000000	232.000000000	32.0000000000	15108704.0000	2500.00000000	2000.00000000	206.200000000	6466.00000000	1700.00000000	6000.00000000	13314.0000000	5801.00000000	23.4081460007	23.5137486754	23.1798541774	-0.365118443319	23.6668057909	26.2141808083	24.1922097605	-10.8927789160	23.5243397747	23.2737861163	23.2758785345	23.8878234650	23.9764863670	22.7635844875	-12.4077104270	0.882295696942	0.00000000000	0.100000000000	0.0500000000000	-0.00376844406128	0.00000000000	47.1816406250	0.00000000000	-0.574999988079	0.00000000000	14.7500000000	15.0749998093	14.7500000000	14.9812498093	14.8312501907	-300.000000000	1425.05194486	NaN	0.00000000000	22.3005676270	24.9998474121	640.000000000	24.3351426906	24.5736912299	25.1681412742	25.3967967911	23.8788611488	26.3152394694	-58.6324593352	-59.9660552071	-0.000531673431396	-0.000203609466553	-0.000859737396240	-0.000859737396240	-98.9704909459	NaN	NaN	NaN	NaN	0.00000000000	NaN	NaN	1.00000000000	0.00000000000	5.00000000000	0.00000000000

















3733299673.68	NaN	13.0000000000	108.000000000	0.00000000000	1.00000000000	NaN	3.48859834671	-3.35738188789	0.972736358643	-4.21032756663	0.985534191132	0.0240788459778	0.0995516777039	0.135647296906	3.82057868671	86.5011160011	0.100930681229	1015.32886530	-0.00630712509155	0.000694298744202	0.00120034217834	200000.000000	16.0000000000	0.00000000000	166.000000000	232.000000000	5.00000000000	0.950000000000	-0.740000000000	22.3000000000	0.00000000000	232.000000000	32.0000000000	15108704.0000	2500.00000000	2000.00000000	206.200000000	6466.00000000	1700.00000000	6000.00000000	13314.0000000	5801.00000000	23.4081460007	23.5137486754	23.1798541774	-0.365118443319	23.6668057909	26.2141808083	24.1922097605	-10.8927789160	23.5243397747	23.2737861163	23.2758785345	23.8878234650	23.9764863670	22.7635844875	-12.4077104270	0.882295696942	0.00000000000	0.100000000000	0.0500000000000	-0.00195717811584	0.00000000000	47.1816406250	0.00000000000	-0.574999988079	0.00000000000	14.7562503815	15.0687503815	14.7500000000	14.9812498093	14.8312501907	-300.000000000	1571.29323058	NaN	0.00000000000	22.3005676270	24.9998474121	640.000000000	24.3351426906	24.5736912299	25.1681412742	25.3967967911	23.8788611488	26.3152394694	-58.6324593352	-59.9660552071	-0.000531673431396	-0.000203609466553	-0.000859737396240	-0.000859737396240	-98.9704909459	NaN	NaN	NaN	NaN	0.00000000000	NaN	NaN	1.00000000000	0.00000000000	5.00000000000	0.00000000000


















3733299673.88	NaN	9.00000000000	120.000000000	0.00000000000	0.00000000000	NaN	3.49417686462	-3.41063829714	0.972408294678	-4.34259791799	0.981267929077	0.0230946540833	0.100207805634	0.136959552765	3.92527234955	87.4530274658	0.101740343094	1015.37251749	-0.00214624404907	0.000723814964294	0.00122199058533	200000.000000	16.0000000000	0.00000000000	166.000000000	232.000000000	5.00000000000	0.950000000000	-0.740000000000	22.3000000000	0.00000000000	232.000000000	32.0000000000	15108704.0000	2500.00000000	2000.00000000	206.200000000	6466.00000000	1700.00000000	6000.00000000	13314.0000000	5801.00000000	23.4081460007	23.5137486754	23.1798541774	-0.365118443319	23.6668057909	26.2141808083	24.1922097605	-10.8927789160	23.5243397747	23.2737861163	23.2758785345	23.8878234650	23.9764863670	22.7635844875	-12.4077104270	0.882295696942	0.00000000000	0.100000000000	0.0500000000000	-0.00539741516113	0.00000000000	53.6757812500	0.00000000000	-0.571875035763	0.00000000000	14.7562503815	15.0687503815	14.7500000000	14.9812498093	14.8312501907	-300.000000000	0.00000000000	NaN	0.00000000000	22.3004455566	25.0001525879	640.000000000	24.3351426906	24.5736912299	25.1681412742	25.3967967911	23.8788611488	26.3152394694	-58.6324593352	-59.9660552071	-0.000531673431396	-0.000203609466553	-0.000859737396240	-0.000859737396240	-98.9704909459	NaN	NaN	NaN	NaN	0.00000000000	NaN	NaN	1.00000000000	0.00000000000	5.00000000000	0.00000000000


















3733299674.08	NaN	14.0000000000	99.0000000000	1.00000000000	1.00000000000	NaN	3.49319267273	-3.31938101759	0.976346015930	-4.31143184932	0.971424102783	0.0257196426392	0.104473590851	0.136303424835	3.89672330475	90.1181582565	0.100121019363	1015.37251749	0.00265789031982	0.000710058212280	0.00120165348053	200000.000000	16.0000000000	0.00000000000	166.000000000	232.000000000	5.00000000000	0.950000000000	-0.740000000000	22.3000000000	0.00000000000	232.000000000	32.0000000000	15108704.0000	2500.00000000	2000.00000000	206.200000000	6466.00000000	1700.00000000	6000.00000000	13314.0000000	5801.00000000	23.4081460007	23.5137486754	23.1798541774	-0.365118443319	23.6668057909	26.2141808083	24.1922097605	-10.8927789160	23.5243397747	23.2737861163	23.2758785345	23.8878234650	23.9764863670	22.7635844875	-12.4077104270	0.882295696942	0.00000000000	0.100000000000	0.0500000000000	3.53336334229E-5	0.00000000000	53.6757812500	0.00000000000	-0.571875035763	0.00000000000	14.7562503815	15.0749998093	14.7500000000	14.9875001907	14.8312501907	-300.000000000	1302.90463530	NaN	0.00000000000	22.3004455566	25.0001525879	640.000000000	24.3351426906	24.5736912299	25.1681412742	25.3967967911	23.8788611488	26.3152394694	-60.4428257950	-59.9660552071	-0.000531673431396	-0.000203609466553	-0.000859737396240	-0.000859737396240	-98.9704909459	NaN	NaN	NaN	NaN	0.00000000000	NaN	NaN	1.00000000000	0.00000000000	5.00000000000	0.00000000000


















3733299674.28	NaN	9.00000000000	104.000000000	0.00000000000	2.00000000000	NaN	3.51484966278	-3.43347909373	0.975689888000	-4.35039049683	0.972408294678	0.0244069099426	0.103817462921	0.137287616730	3.87769060822	89.5471773605	0.100121019363	1015.28521311	0.00306463241577	0.000714612007141	0.00121538639069	200000.000000	16.0000000000	0.00000000000	166.000000000	232.000000000	5.00000000000	0.950000000000	-0.740000000000	22.3000000000	0.00000000000	232.000000000	32.0000000000	15108704.0000	2500.00000000	2000.00000000	206.200000000	6466.00000000	1700.00000000	6000.00000000	13314.0000000	5801.00000000	23.4081460007	23.5137486754	23.1798541774	-0.365118443319	23.6668057909	26.2141808083	24.1922097605	-10.8927789160	23.5243397747	23.2737861163	23.2758785345	23.8878234650	23.9764863670	22.7635844875	-12.4077104270	0.882295696942	0.00000000000	0.100000000000	0.0500000000000	-0.00267643928528	0.00000000000	45.1875000000	0.00000000000	-0.573046863079	0.00000000000	14.7562503815	15.0749998093	14.7500000000	14.9875001907	14.8312501907	-300.000000000	2934.17170229	NaN	0.00000000000	22.3005676270	25.0001525879	640.000000000	24.3351426906	24.5736912299	25.1681412742	25.3967967911	23.8788611488	26.3152394694	-60.4428257950	-59.9660552071	-0.000531673431396	-0.000203609466553	-0.000859737396240	-0.000859737396240	-98.9704909459	NaN	NaN	NaN	NaN	0.00000000000	NaN	NaN	1.00000000000	0.00000000000	5.00000000000	0.00000000000

















3733299674.48	NaN	8.00000000000	72.0000000000	0.00000000000	0.00000000000	NaN	3.50172424316	-3.47158674645	0.980939865112	-4.24140181337	0.980611801147	0.0237507820129	0.0992236137390	0.136303424835	3.85864407978	87.4530274658	0.101740343094	1015.54718970	0.00536155700684	0.000681757926941	0.00118057727814	200000.000000	16.0000000000	0.00000000000	166.000000000	232.000000000	5.00000000000	0.950000000000	-0.740000000000	22.3000000000	0.00000000000	232.000000000	32.0000000000	15108704.0000	2500.00000000	2000.00000000	206.200000000	6466.00000000	1700.00000000	6000.00000000	13314.0000000	5801.00000000	23.4081460007	23.5137486754	23.1798541774	-0.365118443319	23.6668057909	26.2141808083	24.1922097605	-10.8927789160	23.5243397747	23.2737861163	23.2758785345	23.8878234650	23.9764863670	22.7635844875	-12.4077104270	0.882295696942	0.00000000000	0.100000000000	0.0500000000000	-0.00412421226501	0.00000000000	45.1875000000	0.00000000000	-0.573046863079	0.00000000000	14.7562503815	15.1000003815	14.7500000000	14.9812498093	14.8312501907	-300.000000000	0.00000000000	NaN	0.00000000000	22.3005676270	25.0001525879	640.000000000	24.3351426906	24.5736912299	25.1681412742	25.3967967911	23.8788611488	26.3152394694	-60.4428257950	-59.9660552071	-0.000531673431396	-0.000203609466553	-0.000859737396240	-0.000859737396240	-98.9704909459	NaN	NaN	NaN	NaN	0.00000000000	NaN	NaN	1.00000000000	0.00000000000	5.00000000000	0.00000000000


















3733299674.68	NaN	5.00000000000	62.0000000000	0.00000000000	1.00000000000	NaN	3.50303697586	-3.22832728027	0.981924533844	-4.18702675369	0.972408294678	0.0263757705688	0.103489398956	0.135647296906	3.81104850655	89.7375043259	0.106599491119	1015.54718970	0.00429868698120	0.000701546669006	0.00119440555573	200000.000000	16.0000000000	0.00000000000	166.000000000	232.000000000	5.00000000000	0.950000000000	-0.740000000000	22.3000000000	0.00000000000	232.000000000	32.0000000000	15108704.0000	2500.00000000	2000.00000000	206.200000000	6466.00000000	1700.00000000	6000.00000000	13314.0000000	5801.00000000	23.4081460007	23.5137486754	23.1798541774	-0.365118443319	23.6668057909	26.2141808083	24.1922097605	-10.8927789160	23.5243397747	23.2737861163	23.2758785345	23.8878234650	23.9764863670	22.7635844875	-12.4077104270	0.882295696942	0.00000000000	0.100000000000	0.0500000000000	-0.00354661941528	0.00000000000	53.7441406250	0.00000000000	-0.573046863079	0.00000000000	14.7562503815	15.1000003815	14.7500000000	14.9812498093	14.8312501907	-300.000000000	1424.08449615	NaN	0.00000000000	22.3005676270	25.0001525879	640.000000000	24.3351426906	24.5736912299	25.1681412742	25.3967967911	23.8788611488	26.3152394694	-60.4428257950	-59.9660552071	-0.000531673431396	-0.000203609466553	-0.000859737396240	-0.000859737396240	-98.9704909459	NaN	NaN	NaN	NaN	0.00000000000	NaN	NaN	1.00000000000	0.00000000000	5.00000000000	0.00000000000

















3733299674.88	NaN	8.00000000000	69.0000000000	0.00000000000	2.00000000000	NaN	3.49909925461	-3.36498410392	0.981596469879	-4.21809381855	0.977330684662	0.0221099853516	0.102176666260	0.136631488800	3.83961138325	88.2146119652	0.101740343094	1015.37251749	0.00566387176514	0.000691008567810	0.00122139453888	200000.000000	16.0000000000	0.00000000000	166.000000000	232.000000000	5.00000000000	0.950000000000	-0.740000000000	22.3000000000	0.00000000000	232.000000000	32.0000000000	15108704.0000	2500.00000000	2000.00000000	206.200000000	6466.00000000	1700.00000000	6000.00000000	13314.0000000	5801.00000000	23.4081460007	23.5137486754	23.1798541774	-0.365118443319	23.6668057909	26.2141808083	24.1922097605	-10.8927789160	23.5243397747	23.2737861163	23.2758785345	23.8878234650	23.9764863670	22.7635844875	-12.4077104270	0.882295696942	0.00000000000	0.100000000000	0.0500000000000	-0.00558242797852	0.00000000000	53.7441406250	0.00000000000	-0.573046863079	0.00000000000	14.7500000000	15.0687503815	14.7500000000	14.9812498093	14.8312501907	-300.000000000	3090.48894961	NaN	0.00000000000	22.3002624512	24.9997863770	640.000000000	24.3351426906	24.5736912299	25.1681412742	25.3967967911	23.8788611488	26.3152394694	-60.4428257950	-59.9660552071	-0.000531673431396	-0.000203609466553	-0.000859737396240	-0.000859737396240	-98.9704909459	NaN	NaN	NaN	NaN	0.00000000000	NaN	NaN	1.00000000000	0.00000000000	5.00000000000	0.00000000000


















3733299675.08	NaN	12.0000000000	63.0000000000	0.00000000000	0.00000000000	NaN	3.49713039398	-3.29659305408	0.984221458435	-4.24918552670	0.974705219269	-0.000531673431396	0.100207805634	0.136631488800	3.82057868671	86.8820465698	0.0960715332031	1015.45982187	0.00744867324829	0.000697565078735	0.00122005939484	200000.000000	16.0000000000	0.00000000000	166.000000000	232.000000000	5.00000000000	0.950000000000	-0.740000000000	22.3000000000	0.00000000000	232.000000000	32.0000000000	15108704.0000	2500.00000000	2000.00000000	206.200000000	6466.00000000	1700.00000000	6000.00000000	13314.0000000	5801.00000000	23.4081460007	23.5137486754	23.1798541774	-0.365118443319	23.6668057909	26.2141808083	24.1922097605	-10.8927789160	23.5243397747	23.2737861163	23.2758785345	23.8878234650	23.9764863670	22.7635844875	-12.4077104270	0.882295696942	0.00000000000	0.100000000000	0.0500000000000	-0.00459671020508	0.00000000000	47.2656250000	0.00000000000	-0.571484386921	0.00000000000	14.7500000000	15.0687503815	14.7500000000	14.9812498093	14.8312501907	-300.000000000	0.00000000000	NaN	0.00000000000	22.3002624512	24.9997863770	640.000000000	24.3351426906	24.5736912299	25.1681412742	25.3967967911	23.8788611488	26.3152394694	-60.4428257950	-60.9382413295	-0.000531673431396	-0.000203609466553	-0.000859737396240	-0.000859737396240	-98.9704909459	NaN	NaN	NaN	NaN	0.00000000000	NaN	NaN	1.00000000000	0.00000000000	5.00000000000	0.00000000000


















3733299675.28	NaN	12.0000000000	84.0000000000	0.00000000000	0.00000000000	NaN	3.51255273819	-3.42586406801	0.983236789703	-4.27251204521	0.978314876556	-0.000203609466553	0.0982389450073	0.136303424835	3.82057868671	88.4049389305	0.103360843658	1015.24156092	0.00442981719971	0.000722551345825	0.00121936798096	200000.000000	16.0000000000	0.00000000000	166.000000000	232.000000000	5.00000000000	0.950000000000	-0.740000000000	22.3000000000	0.00000000000	232.000000000	32.0000000000	15108704.0000	2500.00000000	2000.00000000	206.200000000	6466.00000000	1700.00000000	6000.00000000	13314.0000000	5801.00000000	23.4081460007	23.5137486754	23.1798541774	-0.365118443319	23.6668057909	26.2141808083	24.1922097605	-10.8927789160	23.5243397747	23.2737861163	23.2758785345	23.8878234650	23.9764863670	22.7635844875	-12.4077104270	0.882295696942	0.00000000000	0.100000000000	0.0500000000000	-0.00856328010559	0.00000000000	47.2656250000	0.00000000000	-0.571484386921	0.00000000000	14.7500000000	15.0312500000	14.7500000000	14.9875001907	14.8312501907	-300.000000000	0.00000000000	NaN	0.00000000000	22.3004760742	25.0002746582	640.000000000	24.3351426906	24.5736912299	25.1681412742	25.3967967911	23.8788611488	26.3152394694	-60.4428257950	-60.9382413295	-0.000531673431396	-0.000203609466553	-0.000859737396240	-0.000859737396240	-98.9704909459	NaN	NaN	NaN	NaN	0.00000000000	NaN	NaN	1.00000000000	0.00000000000	5.00000000000	0.00000000000


















3733299675.48	NaN	8.00000000000	91.0000000000	0.00000000000	0.00000000000	NaN	3.49811458588	-3.33457270069	0.986518383026	-4.23363094078	0.975361824036	0.000124454498291	0.100535869598	0.135647296906	3.82057868671	87.2627005005	0.0960715332031	1015.37251749	0.0110712051392	0.000713372230530	0.00122392177582	200000.000000	16.0000000000	0.00000000000	166.000000000	232.000000000	5.00000000000	0.950000000000	-0.740000000000	22.3000000000	0.00000000000	232.000000000	32.0000000000	15108704.0000	2500.00000000	2000.00000000	206.200000000	6466.00000000	1700.00000000	6000.00000000	13314.0000000	5801.00000000	23.4081460007	23.5137486754	23.1798541774	-0.365118443319	23.6668057909	26.2141808083	24.1922097605	-10.8927789160	23.5243397747	23.2737861163	23.2758785345	23.8878234650	23.9764863670	22.7635844875	-12.4077104270	0.882295696942	0.00000000000	0.100000000000	0.0500000000000	-0.00558509826660	0.00000000000	53.3320312500	0.00000000000	-0.571093738079	0.00000000000	14.7500000000	15.0312500000	14.7500000000	14.9875001907	14.8312501907	-300.000000000	0.00000000000	NaN	0.00000000000	22.3004760742	25.0002746582	640.000000000	24.3351426906	24.5736912299	25.1681412742	25.3967967911	23.8788611488	26.3152394694	-60.4428257950	-60.9382413295	-0.000531673431396	-0.000203609466553	-0.000859737396240	-0.000859737396240	-98.9704909459	NaN	NaN	NaN	NaN	0.00000000000	NaN	NaN	1.00000000000	0.00000000000	5.00000000000	0.00000000000

















3733299675.68	NaN	13.0000000000	116.000000000	0.00000000000	0.00000000000	NaN	3.50795888901	-3.51736105364	0.981924533844	-4.20256285267	0.988815307617	-0.000859737396240	0.0985670089722	0.137287616730	3.81104850655	87.8336813965	0.102551181793	1015.32886530	0.00638532638550	0.000725793838501	0.00122852325439	200000.000000	16.0000000000	0.00000000000	166.000000000	232.000000000	5.00000000000	0.950000000000	-0.740000000000	22.3000000000	0.00000000000	232.000000000	32.0000000000	15108704.0000	2500.00000000	2000.00000000	206.200000000	6466.00000000	1700.00000000	6000.00000000	13314.0000000	5801.00000000	23.4081460007	23.5137486754	23.1798541774	-0.365118443319	23.6668057909	26.2141808083	24.1922097605	-10.8927789160	23.5243397747	23.2737861163	23.2758785345	23.8878234650	23.9764863670	22.7635844875	-12.4077104270	0.882295696942	0.00000000000	0.100000000000	0.0500000000000	-0.00558638572693	0.00000000000	53.3320312500	0.00000000000	-0.571093738079	0.00000000000	14.7562503815	15.0312500000	14.7500000000	14.9812498093	14.8312501907	-300.000000000	0.00000000000	NaN	0.00000000000	22.3004760742	25.0002746582	640.000000000	24.3351426906	24.5736912299	25.1681412742	25.3967967911	23.8788611488	26.3152394694	-60.4428257950	-60.9382413295	-0.000531673431396	-0.000203609466553	-0.000859737396240	-0.000859737396240	-98.9704909459	NaN	NaN	NaN	NaN	0.00000000000	NaN	NaN	1.00000000000	0.00000000000	5.00000000000	0.00000000000

















3733299675.88	NaN	11.0000000000	117.000000000	0.00000000000	1.00000000000	NaN	3.48236370087	-3.41063829714	0.986190319061	-4.28807079107	0.982580661774	-0.000859737396240	0.0985670089722	0.136959552765	3.76346676521	85.7398081398	0.100930681229	1015.28521311	0.0102314949036	0.000707411766052	0.00117800235748	200000.000000	16.0000000000	0.00000000000	166.000000000	232.000000000	5.00000000000	0.950000000000	-0.740000000000	22.3000000000	0.00000000000	232.000000000	32.0000000000	15108704.0000	2500.00000000	2000.00000000	206.200000000	6466.00000000	1700.00000000	6000.00000000	13314.0000000	5801.00000000	23.4081460007	23.5137486754	23.1798541774	-0.365118443319	23.6668057909	26.2141808083	24.1922097605	-10.8927789160	23.5243397747	23.2737861163	23.2758785345	23.8878234650	23.9764863670	22.7635844875	-12.4077104270	0.882295696942	0.00000000000	0.100000000000	0.0500000000000	-0.00548133850098	0.00000000000	45.8125000000	0.00000000000	-0.571093738079	0.00000000000	14.7562503815	15.0312500000	14.7500000000	14.9812498093	14.8312501907	-300.000000000	1604.95521257	NaN	0.00000000000	22.3005676270	24.9998474121	640.000000000	24.3351426906	24.5736912299	25.1681412742	25.3967967911	23.8788611488	26.3152394694	-60.4428257950	-60.9382413295	-0.000531673431396	-0.000203609466553	-0.000859737396240	-0.000859737396240	-98.9704909459	NaN	NaN	NaN	NaN	0.00000000000	NaN	NaN	1.00000000000	0.00000000000	5.00000000000	0.00000000000


















3733299676.08	NaN	17.0000000000	107.000000000	0.00000000000	3.00000000000	NaN	3.49122381210	-3.28141548769	0.990128040314	-4.21809381855	0.974705219269	-0.000531673431396	0.101191997528	0.135975360870	3.74442023678	88.7855928612	0.101740343094	1015.28521311	0.0136175155640	0.000668001174927	0.00120031833649	200000.000000	16.0000000000	0.00000000000	166.000000000	232.000000000	5.00000000000	0.950000000000	-0.740000000000	22.3000000000	0.00000000000	232.000000000	32.0000000000	15108704.0000	2500.00000000	2000.00000000	206.200000000	6466.00000000	1700.00000000	6000.00000000	13314.0000000	5801.00000000	23.4081460007	23.5137486754	23.1798541774	-0.365118443319	23.6668057909	26.2141808083	24.1922097605	-10.8927789160	23.5243397747	23.2737861163	23.2758785345	23.8878234650	23.9764863670	22.7635844875	-12.4077104270	0.882295696942	0.00000000000	0.100000000000	0.0500000000000	-0.00505619049072	0.00000000000	45.8125000000	0.00000000000	-0.571093738079	0.00000000000	14.7562503815	15.0749998093	14.7500000000	14.9812498093	14.8312501907	-300.000000000	4468.61541119	NaN	0.00000000000	22.3005676270	24.9998474121	640.000000000	24.3351426906	24.5736912299	25.1681412742	25.3967967911	23.8788611488	26.3152394694	-60.4428257950	-60.9382413295	-0.000859737396240	-0.000203609466553	-0.000859737396240	-0.000859737396240	-98.9704909459	NaN	NaN	NaN	NaN	0.00000000000	NaN	NaN	1.00000000000	0.00000000000	5.00000000000	0.00000000000


















3733299676.28	NaN	12.0000000000	100.000000000	0.00000000000	0.00000000000	NaN	3.51025581360	-3.37258773889	0.990128040314	-4.24140181337	0.979627609253	-0.000531673431396	0.0992236137390	0.136631488800	3.71587119198	87.6433544312	0.0993113574982	1015.28521311	0.0111498832703	0.000706768035889	0.00119507312775	200000.000000	16.0000000000	0.00000000000	166.000000000	232.000000000	5.00000000000	0.950000000000	-0.740000000000	22.3000000000	0.00000000000	232.000000000	32.0000000000	15108704.0000	2500.00000000	2000.00000000	206.200000000	6466.00000000	1700.00000000	6000.00000000	13314.0000000	5801.00000000	23.4081460007	23.5137486754	23.1798541774	-0.365118443319	23.6668057909	26.2141808083	24.1922097605	-10.8927789160	23.5243397747	23.2737861163	23.2758785345	23.8878234650	23.9764863670	22.7635844875	-12.4077104270	0.882295696942	0.00000000000	0.100000000000	0.0500000000000	-0.00728354454041	0.00000000000	54.7656250000	0.00000000000	-0.573046863079	0.00000000000	14.7562503815	15.0749998093	14.7500000000	14.9812498093	14.8312501907	-300.000000000	0.00000000000	NaN	0.00000000000	22.3005676270	24.9998168945	640.000000000	24.3351426906	24.5736912299	25.1681412742	25.3967967911	23.8788611488	26.3152394694	-60.4428257950	-60.9382413295	-0.000859737396240	-0.000203609466553	-0.000859737396240	-0.000859737396240	-98.9704909459	NaN	NaN	NaN	NaN	0.00000000000	NaN	NaN	1.00000000000	0.00000000000	5.00000000000	0.00000000000

















3733299676.48	NaN	8.00000000000	130.000000000	0.00000000000	2.00000000000	NaN	3.49581766129	-3.35738188789	0.992096900940	-4.24140181337	0.977330684662	-0.000203609466553	0.0998797416687	0.135975360870	3.75393658504	85.7398081398	0.104980167389	1015.59084189	0.0147070884705	0.000664734840393	0.00119903087616	200000.000000	16.0000000000	0.00000000000	166.000000000	232.000000000	5.00000000000	0.950000000000	-0.740000000000	22.3000000000	0.00000000000	232.000000000	32.0000000000	15108704.0000	2500.00000000	2000.00000000	206.200000000	6466.00000000	1700.00000000	6000.00000000	13314.0000000	5801.00000000	23.4081460007	23.5137486754	23.1798541774	-0.365118443319	23.6668057909	26.2141808083	24.1922097605	-10.8927789160	23.5243397747	23.2737861163	23.2758785345	23.8878234650	23.9764863670	22.7635844875	-12.4077104270	0.882295696942	0.00000000000	0.100000000000	0.0500000000000	-0.00678205490112	0.00000000000	54.7656250000	0.00000000000	-0.573046863079	0.00000000000	14.7562503815	15.0687503815	14.7500000000	14.9812498093	14.8312501907	-300.000000000	3114.07497000	NaN	0.00000000000	22.3005676270	24.9998168945	640.000000000	24.3351426906	24.5736912299	25.1681412742	25.3967967911	23.8788611488	26.3152394694	-60.4428257950	-60.9382413295	-0.000859737396240	-0.000203609466553	-0.000859737396240	-0.000859737396240	-98.9704909459	NaN	NaN	NaN	NaN	0.00000000000	NaN	NaN	1.00000000000	0.00000000000	5.00000000000	0.00000000000


















3733299676.68	NaN	14.0000000000	117.000000000	0.00000000000	1.00000000000	NaN	3.51320934296	-3.46396456708	0.986846446991	-4.26473499349	0.987174510956	-0.000531673431396	0.0979108810425	0.136959552765	3.75393658504	87.4530274658	0.102551181793	1015.32886530	0.0140643119812	0.000691056251526	0.00120365619659	200000.000000	16.0000000000	0.00000000000	166.000000000	232.000000000	5.00000000000	0.950000000000	-0.740000000000	22.3000000000	0.00000000000	232.000000000	32.0000000000	15108704.0000	2500.00000000	2000.00000000	206.200000000	6466.00000000	1700.00000000	6000.00000000	13314.0000000	5801.00000000	23.4081460007	23.5137486754	23.1798541774	-0.365118443319	23.6668057909	26.2141808083	24.1922097605	-10.8927789160	23.5243397747	23.2737861163	23.2758785345	23.8878234650	23.9764863670	22.7635844875	-12.4077104270	0.882295696942	0.00000000000	0.100000000000	0.0500000000000	-0.00543670654297	0.00000000000	45.1679687500	0.00000000000	-0.570703148842	0.00000000000	14.7562503815	15.0687503815	14.7500000000	14.9812498093	14.8312501907	-300.000000000	1509.11975743	NaN	0.00000000000	22.3005676270	24.9998168945	640.000000000	24.3351426906	24.5736912299	25.1681412742	25.3967967911	23.8788611488	26.3152394694	-60.4428257950	-60.9382413295	-0.000859737396240	-0.000203609466553	-0.000859737396240	-0.000859737396240	-98.9704909459	NaN	NaN	NaN	NaN	0.00000000000	NaN	NaN	1.00000000000	0.00000000000	5.00000000000	0.00000000000

















3733299676.88	NaN	5.00000000000	112.000000000	0.00000000000	1.00000000000	NaN	3.49286460876	-3.21317499237	0.993737697601	-4.24140181337	0.976346015930	-0.000531673431396	0.100207805634	0.135975360870	3.71587119198	90.4990888252	0.105789829254	1015.19784528	0.0222940444946	0.000702142715454	0.00120618343353	200000.000000	16.0000000000	0.00000000000	166.000000000	232.000000000	5.00000000000	0.950000000000	-0.740000000000	22.3000000000	0.00000000000	232.000000000	32.0000000000	15108704.0000	2500.00000000	2000.00000000	206.200000000	6466.00000000	1700.00000000	6000.00000000	13314.0000000	5801.00000000	23.4081460007	23.5137486754	23.1798541774	-0.365118443319	23.6668057909	26.2141808083	24.1922097605	-10.8927789160	23.5243397747	23.2737861163	23.2758785345	23.8878234650	23.9764863670	22.7635844875	-12.4077104270	0.882295696942	0.00000000000	0.100000000000	0.0500000000000	-0.00378022193909	0.00000000000	45.1679687500	0.00000000000	-0.570703148842	0.00000000000	14.7562503815	15.0875005722	14.7500000000	14.9812498093	14.8312501907	-300.000000000	1348.98807899	NaN	0.00000000000	22.3005371094	25.0000915527	640.000000000	24.3351426906	24.5736912299	25.1681412742	25.3967967911	23.8788611488	26.3152394694	-60.4428257950	-60.9382413295	-0.000859737396240	-0.000203609466553	-0.000859737396240	-0.000859737396240	-98.9704909459	NaN	NaN	NaN	NaN	0.00000000000	NaN	NaN	1.00000000000	0.00000000000	5.00000000000	0.00000000000


















3733299677.08	NaN	24.0000000000	110.000000000	0.00000000000	1.00000000000	NaN	3.49909925461	-3.34978108978	0.994065761566	-4.24140181337	0.975361824036	-0.000203609466553	0.100863933563	0.137287616730	3.73490388851	87.2627005005	0.101740343094	1015.41616968	0.0226087570190	0.000682497024536	0.00120098590851	200000.000000	16.0000000000	0.00000000000	166.000000000	232.000000000	5.00000000000	0.950000000000	-0.740000000000	22.3000000000	0.00000000000	232.000000000	32.0000000000	15108704.0000	2500.00000000	2000.00000000	206.200000000	6466.00000000	1700.00000000	6000.00000000	13314.0000000	5801.00000000	23.4081460007	23.5137486754	23.1798541774	-0.365118443319	23.6668057909	26.2141808083	24.1922097605	-10.8927789160	23.5243397747	23.2737861163	23.2758785345	23.8878234650	23.9764863670	22.7635844875	-12.4077104270	0.882295696942	0.00000000000	0.100000000000	0.0500000000000	-0.00431580543518	0.00000000000	51.9941406250	0.00000000000	-0.575390636921	0.00000000000	14.7562503815	15.0875005722	14.7500000000	14.9812498093	14.8312501907	-300.000000000	1675.46043357	NaN	0.00000000000	22.3005371094	25.0000915527	640.000000000	24.3351426906	24.5736912299	25.1681412742	25.3967967911	23.8788611488	26.3152394694	-60.4428257950	-60.9382413295	-0.000859737396240	-0.000531673431396	-0.000859737396240	-0.000859737396240	-98.9704909459	NaN	NaN	NaN	NaN	0.00000000000	NaN	NaN	1.00000000000	0.00000000000	5.00000000000	0.00000000000


















3733299677.28	NaN	13.0000000000	125.000000000	0.00000000000	1.00000000000	NaN	3.48630142212	-3.17530773014	0.996690750122	-4.21809381855	0.984549522400	-0.000531673431396	0.0985670089722	0.135647296906	3.71587119198	87.4530274658	0.0985016956329	1015.28521311	0.0229239463806	0.000698256492615	0.00120689868927	200000.000000	16.0000000000	0.00000000000	166.000000000	232.000000000	5.00000000000	0.950000000000	-0.740000000000	22.3000000000	0.00000000000	232.000000000	32.0000000000	15108704.0000	2500.00000000	2000.00000000	206.200000000	6466.00000000	1700.00000000	6000.00000000	13314.0000000	5801.00000000	23.4081460007	23.5137486754	23.1798541774	-0.365118443319	23.6668057909	26.2141808083	24.1922097605	-10.8927789160	23.5243397747	23.2737861163	23.2758785345	23.8878234650	23.9764863670	22.7635844875	-12.4077104270	0.882295696942	0.00000000000	0.100000000000	0.0500000000000	-0.00128641128540	0.00000000000	51.9941406250	0.00000000000	-0.575390636921	0.00000000000	14.7500000000	15.0250005722	14.7500000000	14.9812498093	14.8312501907	-300.000000000	1509.11975743	NaN	0.00000000000	22.3004455566	24.9999084473	640.000000000	24.3351426906	24.5736912299	25.1681412742	25.3967967911	23.8788611488	26.3152394694	-60.4428257950	-60.9382413295	-0.000859737396240	-0.000531673431396	-0.000859737396240	-0.000859737396240	-98.9704909459	NaN	NaN	NaN	NaN	0.00000000000	NaN	NaN	1.00000000000	0.00000000000	5.00000000000	0.00000000000

















3733299677.48	NaN	11.0000000000	104.000000000	0.00000000000	1.00000000000	NaN	3.49417686462	-3.28141548769	0.997346878052	-4.21032756663	0.976674079895	-0.000531673431396	0.100535869598	0.136303424835	3.67779196701	88.2146119652	0.100121019363	1015.32886530	0.0195508003235	0.000685119628906	0.00119967460632	200000.000000	16.0000000000	0.00000000000	166.000000000	232.000000000	5.00000000000	0.950000000000	-0.740000000000	22.3000000000	0.00000000000	232.000000000	32.0000000000	15108704.0000	2500.00000000	2000.00000000	206.200000000	6466.00000000	1700.00000000	6000.00000000	13314.0000000	5801.00000000	23.4081460007	23.5137486754	23.1798541774	-0.365118443319	23.6668057909	26.2141808083	24.1922097605	-10.8927789160	23.5243397747	23.2737861163	23.2758785345	23.8878234650	23.9764863670	22.7635844875	-12.4077104270	0.882295696942	0.00000000000	0.100000000000	0.0500000000000	3.86238098145E-6	0.00000000000	45.2050781250	0.00000000000	-0.574414074421	0.00000000000	14.7500000000	15.0250005722	14.7500000000	14.9812498093	14.8312501907	-300.000000000	1398.45097522	NaN	0.00000000000	22.3004455566	24.9999084473	640.000000000	24.3351426906	24.5736912299	25.1681412742	25.3967967911	23.8788611488	26.3152394694	-60.4428257950	-60.9382413295	-0.000859737396240	-0.000531673431396	-0.000859737396240	-0.000859737396240	-98.9704909459	NaN	NaN	NaN	NaN	0.00000000000	NaN	NaN	1.00000000000	0.00000000000	5.00000000000	0.00000000000

















3733299677.68	NaN	15.0000000000	129.000000000	0.00000000000	1.00000000000	NaN	3.50402116776	-3.46396456708	0.998331546783	-4.12497752541	0.985205650330	-0.00118780136108	0.0975828170776	0.136631488800	3.69683849545	87.0723735352	0.101740343094	1015.41616968	0.0202856063843	0.000692939758301	0.00120489597321	200000.000000	16.0000000000	0.00000000000	166.000000000	232.000000000	5.00000000000	0.950000000000	-0.740000000000	22.3000000000	0.00000000000	232.000000000	32.0000000000	15108704.0000	2500.00000000	2000.00000000	206.200000000	6466.00000000	1700.00000000	6000.00000000	13314.0000000	5801.00000000	23.4081460007	23.5137486754	23.1798541774	-0.365118443319	23.6668057909	26.2141808083	24.1922097605	-10.8927789160	23.5243397747	23.2737861163	23.2758785345	23.8878234650	23.9764863670	22.7635844875	-12.4077104270	0.882295696942	0.00000000000	0.100000000000	0.0500000000000	0.00305552482605	0.00000000000	45.2050781250	0.00000000000	-0.574414074421	0.00000000000	14.7562503815	15.0875005722	14.7500000000	14.9812498093	14.8312501907	-300.000000000	1325.12726647	NaN	0.00000000000	22.3004455566	24.9999084473	640.000000000	24.3351426906	24.5736912299	25.1681412742	25.3967967911	23.8788611488	26.3152394694	-60.4428257950	-60.9382413295	-0.000859737396240	-0.000531673431396	-0.000859737396240	-0.000859737396240	-98.9704909459	NaN	NaN	NaN	NaN	0.00000000000	NaN	NaN	1.00000000000	0.00000000000	5.00000000000	0.00000000000

















3733299677.88	NaN	14.0000000000	135.000000000	0.00000000000	0.00000000000	NaN	3.49581766129	-3.44872450447	0.999972343445	-4.17150807767	0.983565330505	-0.000859737396240	0.0988950729370	0.136303424835	3.65875927048	86.8820465698	0.104170505524	1015.32886530	0.0253391265869	0.000686407089233	0.00122389793396	200000.000000	16.0000000000	0.00000000000	166.000000000	232.000000000	5.00000000000	0.950000000000	-0.740000000000	22.3000000000	0.00000000000	232.000000000	32.0000000000	15108704.0000	2500.00000000	2000.00000000	206.200000000	6466.00000000	1700.00000000	6000.00000000	13314.0000000	5801.00000000	23.4081460007	23.5137486754	23.1798541774	-0.365118443319	23.6668057909	26.2141808083	24.1922097605	-10.8927789160	23.5243397747	23.2737861163	23.2758785345	23.8878234650	23.9764863670	22.7635844875	-12.4077104270	0.882295696942	0.00000000000	0.100000000000	0.0500000000000	-0.00419106483459	0.00000000000	53.8320312500	0.00000000000	-0.571679711342	0.00000000000	14.7562503815	15.0875005722	14.7500000000	14.9812498093	14.8312501907	-300.000000000	0.00000000000	NaN	0.00000000000	22.3000183105	25.0003051758	640.000000000	24.3351426906	24.5736912299	25.1681412742	25.3967967911	23.8788611488	26.3152394694	-60.4428257950	-60.9382413295	-0.000859737396240	-0.000531673431396	-0.000859737396240	-0.000859737396240	-98.9704909459	NaN	NaN	NaN	NaN	0.00000000000	NaN	NaN	1.00000000000	0.00000000000	5.00000000000	0.00000000000


















3733299678.08	NaN	11.0000000000	125.000000000	0.00000000000	1.00000000000	NaN	3.49647378922	-3.22832728027	0.997675418854	-4.25695948770	0.977658748627	-0.000531673431396	0.100863933563	0.136959552765	3.68730831528	89.5471773605	0.0985016956329	1015.67814628	0.0223069190979	0.000689029693604	0.00119049549103	200000.000000	16.0000000000	0.00000000000	166.000000000	232.000000000	5.00000000000	0.950000000000	-0.740000000000	22.3000000000	0.00000000000	232.000000000	32.0000000000	15108704.0000	2500.00000000	2000.00000000	206.200000000	6466.00000000	1700.00000000	6000.00000000	13314.0000000	5801.00000000	23.4081460007	23.5137486754	23.1798541774	-0.365118443319	23.6668057909	26.2141808083	24.1922097605	-10.8927789160	23.5243397747	23.2737861163	23.2758785345	23.8878234650	23.9764863670	22.7635844875	-12.4077104270	0.882295696942	0.00000000000	0.100000000000	0.0500000000000	-0.00575046539307	0.00000000000	53.8320312500	0.00000000000	-0.571679711342	0.00000000000	14.7500000000	15.0062503815	14.7500000000	14.9812498093	14.8312501907	-300.000000000	1424.08449615	NaN	0.00000000000	22.3000183105	25.0003051758	640.000000000	24.3351426906	24.5736912299	25.1681412742	25.3967967911	23.8788611488	26.3152394694	-60.4428257950	-60.9382413295	-0.000859737396240	-0.000531673431396	-0.000859737396240	-0.000859737396240	-98.9704909459	NaN	NaN	NaN	NaN	0.00000000000	NaN	NaN	1.00000000000	0.00000000000	5.00000000000	0.00000000000

















3733299678.28	NaN	12.0000000000	107.000000000	0.00000000000	0.00000000000	NaN	3.48925495148	-3.42586406801	0.998987674713	-4.21809381855	0.985205650330	-0.000531673431396	0.0969262123108	0.137287616730	3.67779196701	85.9301351051	0.105789829254	1015.54718970	0.0265598297119	0.000666046142578	0.00120227336884	200000.000000	16.0000000000	0.00000000000	166.000000000	232.000000000	5.00000000000	0.950000000000	-0.740000000000	22.3000000000	0.00000000000	232.000000000	32.0000000000	15108704.0000	2500.00000000	2000.00000000	206.200000000	6466.00000000	1700.00000000	6000.00000000	13314.0000000	5801.00000000	23.4081460007	23.5137486754	23.1798541774	-0.365118443319	23.6668057909	26.2141808083	24.1922097605	-10.8927789160	23.5243397747	23.2737861163	23.2758785345	23.8878234650	23.9764863670	22.7635844875	-12.4077104270	0.882295696942	0.00000000000	0.100000000000	0.0500000000000	-0.00669813156128	0.00000000000	46.0625000000	0.00000000000	-0.572851598263	0.00000000000	14.7500000000	15.0062503815	14.7500000000	14.9812498093	14.8312501907	-300.000000000	0.00000000000	NaN	0.00000000000	22.3004150391	25.0001525879	640.000000000	24.3351426906	24.5736912299	25.1681412742	25.3967967911	23.8788611488	26.3152394694	-60.4428257950	-60.9382413295	-0.000859737396240	-0.000531673431396	-0.000859737396240	-0.000859737396240	-98.9704909459	NaN	NaN	NaN	NaN	0.00000000000	NaN	NaN	1.00000000000	0.00000000000	5.00000000000	0.00000000000

















3733299678.48	NaN	11.0000000000	120.000000000	0.00000000000	2.00000000000	NaN	3.49548959732	-3.36498410392	0.998659610748	-4.21809381855	0.977986812592	-0.000859737396240	0.100207805634	0.137287616730	3.67779196701	86.6914429665	0.0976920337677	1015.59084189	0.0228977203369	0.000707459449768	0.00120682716370	200000.000000	16.0000000000	0.00000000000	166.000000000	232.000000000	5.00000000000	0.950000000000	-0.740000000000	22.3000000000	0.00000000000	232.000000000	32.0000000000	15108704.0000	2500.00000000	2000.00000000	206.200000000	6466.00000000	1700.00000000	6000.00000000	13314.0000000	5801.00000000	23.4081460007	23.5137486754	23.1798541774	-0.365118443319	23.6668057909	26.2141808083	24.1922097605	-10.8927789160	23.5243397747	23.2737861163	23.2758785345	23.8878234650	23.9764863670	22.7635844875	-12.4077104270	0.882295696942	0.00000000000	0.100000000000	0.0500000000000	-0.00292963981628	0.00000000000	46.0625000000	0.00000000000	-0.572851598263	0.00000000000	14.7562503815	15.0437498093	14.7500000000	14.9812498093	14.8312501907	-300.000000000	2745.64982046	NaN	0.00000000000	22.3004150391	25.0001525879	640.000000000	24.3351426906	24.5736912299	25.1681412742	25.3967967911	23.8788611488	26.3152394694	-60.4428257950	-60.9382413295	-0.000859737396240	-0.000531673431396	-0.000859737396240	-0.000859737396240	-98.9704909459	NaN	NaN	NaN	NaN	0.00000000000	NaN	NaN	1.00000000000	0.00000000000	5.00000000000	0.00000000000

















3733299678.68	NaN	12.0000000000	116.000000000	0.00000000000	1.00000000000	NaN	3.49417686462	-3.41063829714	0.995378017426	-4.19478839294	0.996034622192	-0.000859737396240	0.0979108810425	0.137944221497	3.47790715771	84.4069661064	0.103360843658	1015.37251749	0.0214276313782	0.000685071945190	0.00118255615234	200000.000000	16.0000000000	0.00000000000	166.000000000	232.000000000	5.00000000000	0.950000000000	-0.740000000000	22.3000000000	0.00000000000	232.000000000	32.0000000000	15108704.0000	2500.00000000	2000.00000000	206.200000000	6466.00000000	1700.00000000	6000.00000000	13314.0000000	5801.00000000	23.4081460007	23.5137486754	23.1798541774	-0.365118443319	23.6668057909	26.2141808083	24.1922097605	-10.8927789160	23.5243397747	23.2737861163	23.2758785345	23.8878234650	23.9764863670	22.7635844875	-12.4077104270	0.882295696942	0.00000000000	0.100000000000	0.0500000000000	-0.00548801422119	0.00000000000	53.7910156250	0.00000000000	-0.574804723263	0.00000000000	14.7562503815	15.0437498093	14.7500000000	14.9812498093	14.8312501907	-300.000000000	1509.11975743	NaN	0.00000000000	22.3004150391	25.0001525879	640.000000000	24.3351426906	24.5736912299	25.1681412742	25.3967967911	23.8788611488	26.3152394694	-60.4428257950	-60.9382413295	-0.000859737396240	-0.000531673431396	-0.000859737396240	-0.000859737396240	-98.9704909459	NaN	NaN	NaN	NaN	0.00000000000	NaN	NaN	1.00000000000	0.00000000000	5.00000000000	0.00000000000


















3733299678.88	NaN	5.00000000000	129.000000000	0.00000000000	0.00000000000	NaN	3.49483346939	-3.20558993899	1.00030040741	-4.15599553074	0.982252597809	-0.000531673431396	0.0995516777039	0.135318756104	3.64924292221	88.0242849998	0.102551181793	1015.37251749	0.0254569053650	0.000663423538208	0.00117535591125	200000.000000	16.0000000000	0.00000000000	166.000000000	232.000000000	5.00000000000	0.950000000000	-0.740000000000	22.3000000000	0.00000000000	232.000000000	32.0000000000	15108704.0000	2500.00000000	2000.00000000	206.200000000	6466.00000000	1700.00000000	6000.00000000	13314.0000000	5801.00000000	23.4081460007	23.5137486754	23.1798541774	-0.365118443319	23.6668057909	26.2141808083	24.1922097605	-10.8927789160	23.5243397747	23.2737861163	23.2758785345	23.8878234650	23.9764863670	22.7635844875	-12.4077104270	0.882295696942	0.00000000000	0.100000000000	0.0500000000000	-0.00443000793457	0.00000000000	53.7910156250	0.00000000000	-0.574804723263	0.00000000000	14.7562503815	15.0749998093	14.7500000000	14.9875001907	14.8312501907	-300.000000000	0.00000000000	NaN	0.00000000000	22.2999877930	24.9997558594	640.000000000	24.3351426906	24.5736912299	25.1681412742	25.3967967911	23.8788611488	26.3152394694	-60.4428257950	-60.9382413295	-0.000859737396240	-0.000531673431396	-0.000859737396240	-0.000859737396240	-98.9704909459	NaN	NaN	NaN	NaN	0.00000000000	NaN	NaN	1.00000000000	0.00000000000	5.00000000000	0.00000000000

















3733299679.08	NaN	10.0000000000	121.000000000	1.00000000000	2.00000000000	NaN	3.49122381210	-3.20558993899	0.999315738678	-4.24140181337	0.977002143860	0.000781059265137	0.101191997528	0.136959552765	3.64924292221	87.6433544312	0.0976920337677	1015.54718970	0.0224776268005	0.000707411766052	0.00119113922119	200000.000000	16.0000000000	0.00000000000	166.000000000	232.000000000	5.00000000000	0.950000000000	-0.740000000000	22.3000000000	0.00000000000	232.000000000	32.0000000000	15108704.0000	2500.00000000	2000.00000000	206.200000000	6466.00000000	1700.00000000	6000.00000000	13314.0000000	5801.00000000	23.4081460007	23.5137486754	23.1798541774	-0.365118443319	23.6668057909	26.2141808083	24.1922097605	-10.8927789160	23.5243397747	23.2737861163	23.2758785345	23.8878234650	23.9764863670	22.7635844875	-12.4077104270	0.882295696942	0.00000000000	0.100000000000	0.0500000000000	-0.00490384101868	0.00000000000	45.9687500000	0.00000000000	-0.571484386921	0.00000000000	14.7562503815	15.0749998093	14.7500000000	14.9875001907	14.8312501907	-300.000000000	2933.20425358	NaN	0.00000000000	22.2999877930	24.9997558594	640.000000000	24.3351426906	24.5736912299	25.1681412742	25.3967967911	23.8788611488	26.3152394694	-60.4428257950	-60.9382413295	-0.000859737396240	-0.000531673431396	-0.000859737396240	-0.000531673431396	-98.9704909459	NaN	NaN	NaN	NaN	0.00000000000	NaN	NaN	1.00000000000	0.00000000000	5.00000000000	0.00000000000


















3733299679.28	NaN	9.00000000000	133.000000000	0.00000000000	2.00000000000	NaN	3.49056720734	-3.22832728027	0.997675418854	-4.21032756663	0.987503051758	-0.00184440612793	0.0979108810425	0.134006500244	3.65875927048	88.0242849998	0.100930681229	1015.32886530	0.0243153572083	0.000683069229126	0.00120027065277	200000.000000	16.0000000000	0.00000000000	166.000000000	232.000000000	5.00000000000	0.950000000000	-0.740000000000	22.3000000000	0.00000000000	232.000000000	32.0000000000	15108704.0000	2500.00000000	2000.00000000	206.200000000	6466.00000000	1700.00000000	6000.00000000	13314.0000000	5801.00000000	23.4081460007	23.5137486754	23.1798541774	-0.365118443319	23.6668057909	26.2141808083	24.1922097605	-10.8927789160	23.5243397747	23.2737861163	23.2758785345	23.8878234650	23.9764863670	22.7635844875	-12.4077104270	0.882295696942	0.00000000000	0.100000000000	0.0500000000000	-0.00391941070557	0.00000000000	45.9687500000	0.00000000000	-0.571484386921	0.00000000000	14.7500000000	15.0687503815	14.7500000000	14.9812498093	14.8312501907	-300.000000000	2977.78012280	NaN	0.00000000000	22.3003845215	25.0002136230	640.000000000	24.3351426906	24.5736912299	25.1681412742	25.3967967911	23.8788611488	26.3152394694	-60.4428257950	-60.9382413295	-0.000859737396240	-0.000531673431396	-0.000859737396240	-0.000531673431396	-98.9704909459	NaN	NaN	NaN	NaN	0.00000000000	NaN	NaN	1.00000000000	0.00000000000	5.00000000000	0.00000000000

















3733299679.48	NaN	11.0000000000	120.000000000	0.00000000000	2.00000000000	NaN	3.50205230713	-3.22832728027	0.996362686157	-4.25695948770	0.977002143860	-0.000203609466553	0.101191997528	0.137287616730	3.66827561874	88.7855928612	0.106599491119	1015.24156092	0.0247220993042	0.000672602653503	0.00119442939758	200000.000000	16.0000000000	0.00000000000	166.000000000	232.000000000	5.00000000000	0.950000000000	-0.740000000000	22.3000000000	0.00000000000	232.000000000	32.0000000000	15108704.0000	2500.00000000	2000.00000000	206.200000000	6466.00000000	1700.00000000	6000.00000000	13314.0000000	5801.00000000	23.4081460007	23.5137486754	23.1798541774	-0.365118443319	23.6668057909	26.2141808083	24.1922097605	-10.8927789160	23.5243397747	23.2737861163	23.2758785345	23.8878234650	23.9764863670	22.7635844875	-12.4077104270	0.882295696942	0.00000000000	0.100000000000	0.0500000000000	-0.00337204933167	0.00000000000	54.8242187500	0.00000000000	-0.575390636921	0.00000000000	14.7500000000	15.0687503815	14.7500000000	14.9812498093	14.8312501907	-300.000000000	2848.16899230	NaN	0.00000000000	22.3003845215	25.0002136230	640.000000000	24.3351426906	24.5736912299	25.1681412742	25.3967967911	23.8788611488	26.3152394694	-60.4428257950	-60.9382413295	-0.000859737396240	-0.000531673431396	-0.000859737396240	-0.000531673431396	-98.9704909459	NaN	NaN	NaN	NaN	0.00000000000	NaN	NaN	1.00000000000	0.00000000000	5.00000000000	0.00000000000


















3733299679.68	NaN	10.0000000000	134.000000000	0.00000000000	1.00000000000	NaN	3.47941064835	-3.19044604349	0.997675418854	-4.17150807767	0.993081092834	-0.000859737396240	0.0982389450073	0.134990692139	3.71587119198	88.4049389305	0.103360843658	1015.19784528	0.0253257751465	0.000690317153931	0.00119044780731	200000.000000	16.0000000000	0.00000000000	166.000000000	232.000000000	5.00000000000	0.950000000000	-0.740000000000	22.3000000000	0.00000000000	232.000000000	32.0000000000	15108704.0000	2500.00000000	2000.00000000	206.200000000	6466.00000000	1700.00000000	6000.00000000	13314.0000000	5801.00000000	23.4081460007	23.5137486754	23.1798541774	-0.365118443319	23.6668057909	26.2141808083	24.1922097605	-10.8927789160	23.5243397747	23.2737861163	23.2758785345	23.8878234650	23.9764863670	22.7635844875	-12.4077104270	0.882295696942	0.00000000000	0.100000000000	0.0500000000000	-0.00253467559814	0.00000000000	54.8242187500	0.00000000000	-0.575390636921	0.00000000000	14.7500000000	15.0437498093	14.7500000000	14.9812498093	14.8312501907	-300.000000000	1348.98807899	NaN	0.00000000000	22.3003845215	25.0002136230	640.000000000	24.3351426906	24.5736912299	25.1681412742	25.3967967911	23.8788611488	26.3152394694	-60.4428257950	-60.9382413295	-0.000859737396240	-0.000531673431396	-0.000859737396240	-0.000531673431396	-98.9704909459	NaN	NaN	NaN	NaN	0.00000000000	NaN	NaN	1.00000000000	0.00000000000	5.00000000000	0.00000000000

















3733299679.88	NaN	10.0000000000	90.0000000000	0.00000000000	0.00000000000	NaN	3.50205230713	-3.42586406801	0.997018814087	-4.22586160955	0.980939865112	-0.00118780136108	0.0998797416687	0.137287616730	3.67779196701	86.6914429665	0.106599491119	1015.37251749	0.0247611999512	0.000658178329468	0.00119903087616	200000.000000	16.0000000000	0.00000000000	166.000000000	232.000000000	5.00000000000	0.950000000000	-0.740000000000	22.3000000000	0.00000000000	232.000000000	32.0000000000	15108704.0000	2500.00000000	2000.00000000	206.200000000	6466.00000000	1700.00000000	6000.00000000	13314.0000000	5801.00000000	23.4081460007	23.5137486754	23.1798541774	-0.365118443319	23.6668057909	26.2141808083	24.1922097605	-10.8927789160	23.5243397747	23.2737861163	23.2758785345	23.8878234650	23.9764863670	22.7635844875	-12.4077104270	0.882295696942	0.00000000000	0.100000000000	0.0500000000000	-0.00589222908020	0.00000000000	48.8066406250	0.00000000000	-0.571484386921	0.00000000000	14.7500000000	15.0437498093	14.7500000000	14.9812498093	14.8312501907	-300.000000000	0.00000000000	NaN	0.00000000000	22.3002014160	24.9999084473	640.000000000	24.3351426906	24.5736912299	25.1681412742	25.3967967911	23.8788611488	26.3152394694	-60.4428257950	-60.9382413295	-0.000859737396240	-0.000531673431396	-0.000859737396240	-0.000531673431396	-98.9704909459	NaN	NaN	NaN	NaN	0.00000000000	NaN	NaN	1.00000000000	0.00000000000	5.00000000000	0.00000000000

















3733299680.08	NaN	5.00000000000	113.000000000	0.00000000000	1.00000000000	NaN	3.49877071381	-3.35738188789	0.998331546783	-4.23363094078	0.979955673218	-0.000531673431396	0.0992236137390	0.138928413391	3.70635484371	88.0242849998	0.0960715332031	1015.37251749	0.0242366790771	0.000679206848145	0.00117535591125	200000.000000	16.0000000000	0.00000000000	166.000000000	232.000000000	5.00000000000	0.950000000000	-0.740000000000	22.3000000000	0.00000000000	232.000000000	32.0000000000	15108704.0000	2500.00000000	2000.00000000	206.200000000	6466.00000000	1700.00000000	6000.00000000	13314.0000000	5801.00000000	23.4081460007	23.5137486754	23.1798541774	-0.365118443319	23.6668057909	26.2141808083	24.1922097605	-10.8927789160	23.5243397747	23.2737861163	23.2758785345	23.8878234650	23.9764863670	22.7635844875	-12.4077104270	0.882295696942	0.00000000000	0.100000000000	0.0500000000000	-0.00304260253906	0.00000000000	48.8066406250	0.00000000000	-0.571484386921	0.00000000000	14.7562503815	15.0937500000	14.7500000000	14.9812498093	14.8312501907	-300.000000000	1398.45097522	NaN	0.00000000000	22.3002014160	24.9999084473	640.000000000	24.3351426906	24.5736912299	25.1681412742	25.3967967911	23.8788611488	26.3152394694	-60.4428257950	-60.9382413295	-0.000859737396240	-0.000531673431396	-0.000859737396240	-0.000531673431396	NaN	NaN	NaN	NaN	NaN	0.00000000000	NaN	NaN	1.00000000000	0.00000000000	5.00000000000	0.00000000000

















3733299680.28	NaN	12.0000000000	124.000000000	0.00000000000	0.00000000000	NaN	3.49877071381	-3.19801729297	1.00095653534	-4.21032756663	0.977658748627	0.000781059265137	0.100207805634	0.135975360870	3.64924292221	89.7375043259	0.0985016956329	1015.45982187	0.0225434303284	0.000685095787048	0.00119769573212	200000.000000	16.0000000000	0.00000000000	166.000000000	232.000000000	5.00000000000	0.950000000000	-0.740000000000	22.3000000000	0.00000000000	232.000000000	32.0000000000	15108704.0000	2500.00000000	2000.00000000	206.200000000	6466.00000000	1700.00000000	6000.00000000	13314.0000000	5801.00000000	23.4081460007	23.5137486754	23.1798541774	-0.365118443319	23.6668057909	26.2141808083	24.1922097605	-10.8927789160	23.5243397747	23.2737861163	23.2758785345	23.8878234650	23.9764863670	22.7635844875	-12.4077104270	0.882295696942	0.00000000000	0.100000000000	0.0500000000000	-0.00509815216064	0.00000000000	53.8164062500	0.00000000000	-0.572460949421	0.00000000000	14.7562503815	15.0937500000	14.7500000000	14.9812498093	14.8312501907	-300.000000000	0.00000000000	NaN	0.00000000000	22.3003234863	25.0001831055	640.000000000	24.3351426906	24.5736912299	25.1681412742	25.3967967911	23.8788611488	26.3152394694	-60.4428257950	-60.9382413295	-0.000859737396240	-0.000531673431396	-0.000859737396240	-0.000531673431396	NaN	NaN	NaN	NaN	NaN	0.00000000000	NaN	NaN	1.00000000000	0.00000000000	5.00000000000	0.00000000000


















3733299680.48	NaN	15.0000000000	114.000000000	0.00000000000	1.00000000000	NaN	3.49778652191	-3.38019279383	0.999644279480	-4.21032756663	0.981924533844	-0.00118780136108	0.0985670089722	0.137944221497	3.65875927048	85.1685506058	0.103360843658	1015.37251749	0.0260214805603	0.000669336318970	0.00119307041168	200000.000000	16.0000000000	0.00000000000	166.000000000	232.000000000	5.00000000000	0.950000000000	-0.740000000000	22.3000000000	0.00000000000	232.000000000	32.0000000000	15108704.0000	2500.00000000	2000.00000000	206.200000000	6466.00000000	1700.00000000	6000.00000000	13314.0000000	5801.00000000	23.4081460007	23.5137486754	23.1798541774	-0.365118443319	23.6668057909	26.2141808083	24.1922097605	-10.8927789160	23.5243397747	23.2737861163	23.2758785345	23.8878234650	23.9764863670	22.7635844875	-12.4077104270	0.882295696942	0.00000000000	0.100000000000	0.0500000000000	-0.00390367507935	0.00000000000	53.8164062500	0.00000000000	-0.572460949421	0.00000000000	14.7500000000	15.1187505722	14.7500000000	14.9875001907	14.8312501907	-300.000000000	1451.67921303	NaN	0.00000000000	22.3003234863	25.0001831055	640.000000000	24.3351426906	24.5736912299	25.1681412742	25.3967967911	23.8788611488	26.3152394694	-60.4428257950	-60.9382413295	-0.000859737396240	-0.000531673431396	-0.000859737396240	-0.000531673431396	NaN	NaN	NaN	NaN	NaN	0.00000000000	NaN	NaN	1.00000000000	0.00000000000	5.00000000000	0.00000000000

















3733299680.68	NaN	15.0000000000	126.000000000	0.00000000000	2.00000000000	NaN	3.49417686462	-3.25865969322	0.995378017426	-4.22586160955	0.991112232208	-0.000203609466553	0.0992236137390	0.135975360870	3.05909101067	81.5515083504	0.103360843658	1015.54718970	0.0205349922180	0.000703454017639	0.00121147632599	200000.000000	16.0000000000	0.00000000000	166.000000000	232.000000000	5.00000000000	0.950000000000	-0.740000000000	22.3000000000	0.00000000000	232.000000000	32.0000000000	15108704.0000	2500.00000000	2000.00000000	206.200000000	6466.00000000	1700.00000000	6000.00000000	13314.0000000	5801.00000000	23.4081460007	23.5137486754	23.1798541774	-0.365118443319	23.6668057909	26.2141808083	24.1922097605	-10.8927789160	23.5243397747	23.2737861163	23.2758785345	23.8878234650	23.9764863670	22.7635844875	-12.4077104270	0.882295696942	0.00000000000	0.100000000000	0.0500000000000	-0.00278406143188	0.00000000000	46.2773437500	0.00000000000	-0.574023425579	0.00000000000	14.7500000000	15.1187505722	14.7500000000	14.9875001907	14.8312501907	-300.000000000	2953.94329156	NaN	0.00000000000	22.3003234863	25.0001831055	640.000000000	24.3351426906	24.5736912299	25.1681412742	25.3967967911	23.8788611488	26.3152394694	-60.4428257950	-60.9382413295	-0.000859737396240	-0.000531673431396	-0.000859737396240	-0.000531673431396	NaN	NaN	NaN	NaN	NaN	0.00000000000	NaN	NaN	1.00000000000	0.00000000000	5.00000000000	0.00000000000

















3733299680.88	NaN	16.0000000000	117.000000000	0.00000000000	5.00000000000	NaN	3.51452159882	-3.44872450447	0.998987674713	-4.21032756663	0.983893394470	-0.00118780136108	0.0972547531128	0.136959552765	3.70635484371	89.3568503952	0.0993113574982	1015.24156092	0.0257720947266	0.000679850578308	0.00119700431824	200000.000000	16.0000000000	0.00000000000	166.000000000	232.000000000	5.00000000000	0.950000000000	-0.740000000000	22.3000000000	0.00000000000	232.000000000	32.0000000000	15108704.0000	2500.00000000	2000.00000000	206.200000000	6466.00000000	1700.00000000	6000.00000000	13314.0000000	5801.00000000	23.4081460007	23.5137486754	23.1798541774	-0.365118443319	23.6668057909	26.2141808083	24.1922097605	-10.8927789160	23.5243397747	23.2737861163	23.2758785345	23.8878234650	23.9764863670	22.7635844875	-12.4077104270	0.882295696942	0.00000000000	0.100000000000	0.0500000000000	-0.00244669914246	0.00000000000	46.2773437500	0.00000000000	-0.574023425579	0.00000000000	14.7562503815	15.0375003815	14.7500000000	14.9812498093	14.8312501907	-300.000000000	7275.27829996	NaN	0.00000000000	22.3002319336	25.0001831055	640.000000000	24.3351426906	24.5736912299	25.1681412742	25.3967967911	23.8788611488	26.3152394694	-60.4428257950	-60.9382413295	-0.000859737396240	-0.000531673431396	-0.000859737396240	-0.000531673431396	NaN	NaN	NaN	NaN	NaN	0.00000000000	NaN	NaN	1.00000000000	0.00000000000	5.00000000000	0.00000000000

















3733299681.08	NaN	14.0000000000	101.000000000	0.00000000000	0.00000000000	NaN	3.49450492859	-3.19044604349	0.999315738678	-4.17926664898	0.980939865112	-0.000203609466553	0.0998797416687	0.136959552765	3.67779196701	88.7855928612	0.0960715332031	1015.28521311	0.0226087570190	0.000688385963440	0.00120558738708	200000.000000	16.0000000000	0.00000000000	166.000000000	232.000000000	5.00000000000	0.950000000000	-0.740000000000	22.3000000000	0.00000000000	232.000000000	32.0000000000	15108704.0000	2500.00000000	2000.00000000	206.200000000	6466.00000000	1700.00000000	6000.00000000	13314.0000000	5801.00000000	23.4081460007	23.5137486754	23.1798541774	-0.365118443319	23.6668057909	26.2141808083	24.1922097605	-10.8927789160	23.5243397747	23.2737861163	23.2758785345	23.8878234650	23.9764863670	22.7635844875	-12.4077104270	0.882295696942	0.00000000000	0.100000000000	0.0500000000000	-0.00527262687683	0.00000000000	51.6484375000	-0.000390625005821	-0.573828160763	0.00000000000	14.7562503815	15.0375003815	14.7500000000	14.9812498093	14.8312501907	-300.000000000	0.00000000000	NaN	0.00000000000	22.3002319336	25.0001831055	640.000000000	24.3351426906	24.5736912299	25.1681412742	25.3967967911	23.8788611488	26.3152394694	-60.4428257950	-60.9382413295	-0.000859737396240	-0.000531673431396	-0.000859737396240	-0.000531673431396	NaN	NaN	NaN	NaN	NaN	0.00000000000	NaN	NaN	1.00000000000	0.00000000000	5.00000000000	0.00000000000

















3733299681.28	NaN	2.00000000000	104.000000000	0.00000000000	1.00000000000	NaN	3.50172424316	-3.38779926978	0.996034622192	-4.23363094078	0.981924533844	0.000781059265137	0.100207805634	0.138272285461	3.70635484371	87.8336813965	0.100121019363	1015.28521311	0.0224118232727	0.000683832168579	0.00120356082916	200000.000000	16.0000000000	0.00000000000	166.000000000	232.000000000	5.00000000000	0.950000000000	-0.740000000000	22.3000000000	0.00000000000	232.000000000	32.0000000000	15108704.0000	2500.00000000	2000.00000000	206.200000000	6466.00000000	1700.00000000	6000.00000000	13314.0000000	5801.00000000	23.4081460007	23.5137486754	23.1798541774	-0.365118443319	23.6668057909	26.2141808083	24.1922097605	-10.8927789160	23.5243397747	23.2737861163	23.2758785345	23.8878234650	23.9764863670	22.7635844875	-12.4077104270	0.882295696942	0.00000000000	0.100000000000	0.0500000000000	-0.00594072341919	0.00000000000	51.6484375000	-0.000390625005821	-0.573828160763	0.00000000000	14.7500000000	15.0937500000	14.7500000000	14.9812498093	14.8312501907	-300.000000000	1571.29323058	NaN	0.00000000000	22.3003540039	24.9995727539	640.000000000	24.3351426906	24.5736912299	25.1681412742	25.3967967911	23.8788611488	26.3152394694	-60.4428257950	-60.9382413295	-0.000859737396240	-0.000531673431396	-0.000859737396240	-0.000531673431396	NaN	NaN	NaN	NaN	NaN	0.00000000000	NaN	NaN	1.00000000000	0.00000000000	5.00000000000	0.00000000000


















3733299681.48	NaN	12.0000000000	145.000000000	0.00000000000	0.00000000000	NaN	3.49286460876	-3.21317499237	0.998331546783	-4.18702675369	0.984549522400	-0.00118780136108	0.0975828170776	0.136631488800	3.69683849545	88.9759198265	0.0993113574982	1015.37251749	0.0238428115845	0.000664067268372	0.00115890502930	200000.000000	16.0000000000	0.00000000000	166.000000000	232.000000000	5.00000000000	0.950000000000	-0.740000000000	22.3000000000	0.00000000000	232.000000000	32.0000000000	15108704.0000	2500.00000000	2000.00000000	206.200000000	6466.00000000	1700.00000000	6000.00000000	13314.0000000	5801.00000000	23.4081460007	23.5137486754	23.1798541774	-0.365118443319	23.6668057909	26.2141808083	24.1922097605	-10.8927789160	23.5243397747	23.2737861163	23.2758785345	23.8878234650	23.9764863670	22.7635844875	-12.4077104270	0.882295696942	0.00000000000	0.100000000000	0.0500000000000	-0.00496549606323	0.00000000000	48.1953125000	0.00000000000	-0.571484386921	0.00000000000	14.7500000000	15.0937500000	14.7500000000	14.9812498093	14.8312501907	-300.000000000	0.00000000000	NaN	0.00000000000	22.3003540039	24.9995727539	640.000000000	24.3351426906	24.5736912299	25.1681412742	25.3967967911	23.8788611488	26.3152394694	-60.4428257950	-60.9382413295	-0.000859737396240	-0.000531673431396	-0.000859737396240	-0.000531673431396	NaN	NaN	NaN	NaN	NaN	0.00000000000	NaN	NaN	1.00000000000	0.00000000000	5.00000000000	0.00000000000


















3733299681.68	NaN	15.0000000000	124.000000000	0.00000000000	0.00000000000	NaN	3.49909925461	-3.24348517051	0.994065761566	-4.19478839294	0.985205650330	0.000781059265137	0.101191997528	0.137287616730	3.54453542747	87.6433544312	0.103360843658	1015.63449409	0.0208368301392	0.000687098503113	0.00119242668152	200000.000000	16.0000000000	0.00000000000	166.000000000	232.000000000	5.00000000000	0.950000000000	-0.740000000000	22.3000000000	0.00000000000	232.000000000	32.0000000000	15108704.0000	2500.00000000	2000.00000000	206.200000000	6466.00000000	1700.00000000	6000.00000000	13314.0000000	5801.00000000	23.4081460007	23.5137486754	23.1798541774	-0.365118443319	23.6668057909	26.2141808083	24.1922097605	-10.8927789160	23.5243397747	23.2737861163	23.2758785345	23.8878234650	23.9764863670	22.7635844875	-12.4077104270	0.882295696942	0.00000000000	0.100000000000	0.0500000000000	-0.00381836891174	0.00000000000	48.1953125000	0.00000000000	-0.571484386921	0.00000000000	14.7500000000	15.0687503815	14.7500000000	14.9812498093	14.8312501907	-300.000000000	0.00000000000	NaN	0.00000000000	22.3003540039	24.9995727539	640.000000000	24.3351426906	24.5736912299	25.1681412742	25.3967967911	23.8788611488	26.3152394694	-60.4428257950	-60.9382413295	-0.000859737396240	-0.000531673431396	-0.000859737396240	-0.000531673431396	NaN	NaN	NaN	NaN	NaN	0.00000000000	NaN	NaN	1.00000000000	0.00000000000	5.00000000000	0.00000000000

















3733299681.88	NaN	11.0000000000	109.000000000	0.00000000000	1.00000000000	NaN	3.49647378922	-3.34978108978	0.993737697601	-4.24918552670	0.986846446991	-0.00151634216309	0.0969262123108	0.137287616730	3.70635484371	86.1204620705	0.100930681229	1015.24156092	0.0236983299255	0.000663399696350	0.00116817951202	200000.000000	16.0000000000	0.00000000000	166.000000000	232.000000000	5.00000000000	0.950000000000	-0.740000000000	22.3000000000	0.00000000000	232.000000000	32.0000000000	15108704.0000	2500.00000000	2000.00000000	206.200000000	6466.00000000	1700.00000000	6000.00000000	13314.0000000	5801.00000000	23.4081460007	23.5137486754	23.1798541774	-0.365118443319	23.6668057909	26.2141808083	24.1922097605	-10.8927789160	23.5243397747	23.2737861163	23.2758785345	23.8878234650	23.9764863670	22.7635844875	-12.4077104270	0.882295696942	0.00000000000	0.100000000000	0.0500000000000	-0.00442609786987	0.00000000000	54.7656250000	-0.000390625005821	-0.575585961342	0.00000000000	14.7500000000	15.0687503815	14.7500000000	14.9812498093	14.8312501907	-300.000000000	1451.67921303	NaN	0.00000000000	22.2999267578	25.0001525879	640.000000000	24.3351426906	24.5736912299	25.1681412742	25.3967967911	23.8788611488	26.3152394694	-60.4428257950	-60.9382413295	-0.000859737396240	-0.000531673431396	-0.000859737396240	-0.000531673431396	NaN	NaN	NaN	NaN	NaN	0.00000000000	NaN	NaN	1.00000000000	0.00000000000	5.00000000000	0.00000000000


















3733299682.08	NaN	15.0000000000	122.000000000	0.00000000000	2.00000000000	NaN	3.50369310379	-3.40302754992	0.996690750122	-4.19478839294	0.978314876556	0.000452518463135	0.0998797416687	0.138600349426	3.71587119198	87.8336813965	0.101740343094	1015.28521311	0.0214014053345	0.000667357444763	0.00119378566742	200000.000000	16.0000000000	0.00000000000	166.000000000	232.000000000	5.00000000000	0.950000000000	-0.740000000000	22.3000000000	0.00000000000	232.000000000	32.0000000000	15108704.0000	2500.00000000	2000.00000000	206.200000000	6466.00000000	1700.00000000	6000.00000000	13314.0000000	5801.00000000	23.4081460007	23.5137486754	23.1798541774	-0.365118443319	23.6668057909	26.2141808083	24.1922097605	-10.8927789160	23.5243397747	23.2737861163	23.2758785345	23.8878234650	23.9764863670	22.7635844875	-12.4077104270	0.882295696942	0.00000000000	0.100000000000	0.0500000000000	-0.00333657264709	0.00000000000	54.7656250000	-0.000390625005821	-0.575585961342	0.00000000000	14.7500000000	15.0562505722	14.7500000000	14.9875001907	14.8312501907	-300.000000000	2977.78012280	NaN	0.00000000000	22.2999267578	25.0001525879	640.000000000	24.3351426906	24.5736912299	25.1681412742	25.3967967911	23.8788611488	26.3152394694	-60.4428257950	-60.9382413295	-0.000859737396240	-0.000531673431396	-0.000859737396240	-0.000531673431396	NaN	NaN	NaN	NaN	NaN	0.00000000000	NaN	NaN	1.00000000000	0.00000000000	5.00000000000	0.00000000000


















3733299682.28	NaN	11.0000000000	124.000000000	0.00000000000	1.00000000000	NaN	3.49155187607	-3.47158674645	0.992424964905	-4.25695948770	0.982908725739	-0.00151634216309	0.0985670089722	0.138928413391	3.73490388851	86.5011160011	0.0968823719025	1015.28521311	0.0210599899292	0.000646305084229	0.00117278099060	200000.000000	16.0000000000	0.00000000000	166.000000000	232.000000000	5.00000000000	0.950000000000	-0.740000000000	22.3000000000	0.00000000000	232.000000000	32.0000000000	15108704.0000	2500.00000000	2000.00000000	206.200000000	6466.00000000	1700.00000000	6000.00000000	13314.0000000	5801.00000000	23.4081460007	23.5137486754	23.1798541774	-0.365118443319	23.6668057909	26.2141808083	24.1922097605	-10.8927789160	23.5243397747	23.2737861163	23.2758785345	23.8878234650	23.9764863670	22.7635844875	-12.4077104270	0.882295696942	0.00000000000	0.100000000000	0.0500000000000	-0.00306358337402	0.00000000000	45.2187500000	0.00000000000	-0.570703148842	0.00000000000	14.7500000000	15.0562505722	14.7500000000	14.9875001907	14.8312501907	-300.000000000	1604.95521257	NaN	0.00000000000	22.3005065918	25.0003662109	640.000000000	24.3351426906	24.5736912299	25.1681412742	25.3967967911	23.8788611488	26.3152394694	-60.4428257950	-60.9382413295	-0.000859737396240	-0.000531673431396	-0.000859737396240	-0.000531673431396	NaN	NaN	NaN	NaN	NaN	0.00000000000	NaN	NaN	1.00000000000	0.00000000000	5.00000000000	0.00000000000

















3733299682.48	NaN	10.0000000000	119.000000000	0.00000000000	0.00000000000	NaN	3.50238037109	-3.22832728027	0.999315738678	-4.15599553074	0.977002143860	0.00143718719482	0.100863933563	0.137616157532	3.68730831528	86.6914429665	0.0985016956329	1015.45982187	0.0162692070007	0.000666046142578	0.00119311809540	200000.000000	16.0000000000	0.00000000000	166.000000000	232.000000000	5.00000000000	0.950000000000	-0.740000000000	22.3000000000	0.00000000000	232.000000000	32.0000000000	15108704.0000	2500.00000000	2000.00000000	206.200000000	6466.00000000	1700.00000000	6000.00000000	13314.0000000	5801.00000000	23.4081460007	23.5137486754	23.1798541774	-0.365118443319	23.6668057909	26.2141808083	24.1922097605	-10.8927789160	23.5243397747	23.2737861163	23.2758785345	23.8878234650	23.9764863670	22.7635844875	-12.4077104270	0.882295696942	0.00000000000	0.100000000000	0.0500000000000	-0.00605368614197	0.00000000000	45.2187500000	0.00000000000	-0.570703148842	0.00000000000	14.7562503815	15.0875005722	14.7500000000	14.9875001907	14.8312501907	-300.000000000	0.00000000000	NaN	0.00000000000	22.3005065918	25.0003662109	640.000000000	24.3351426906	24.5736912299	25.1681412742	25.3967967911	23.8788611488	26.3152394694	-60.4428257950	-60.9382413295	-0.000859737396240	-0.000531673431396	-0.000859737396240	-0.000531673431396	NaN	NaN	NaN	NaN	NaN	0.00000000000	NaN	NaN	1.00000000000	0.00000000000	5.00000000000	0.00000000000

















3733299682.68	NaN	15.0000000000	109.000000000	0.00000000000	0.00000000000	NaN	3.50336503983	-3.34217066398	0.991440773010	-4.23363094078	0.984221458435	0.000452518463135	0.100207805634	0.138928413391	3.16378467350	77.1728815956	0.0952618713379	1015.28521311	0.0204038619995	0.000654172897339	0.00116622447968	200000.000000	16.0000000000	0.00000000000	166.000000000	232.000000000	5.00000000000	0.950000000000	-0.740000000000	22.3000000000	0.00000000000	232.000000000	32.0000000000	15108704.0000	2500.00000000	2000.00000000	206.200000000	6466.00000000	1700.00000000	6000.00000000	13314.0000000	5801.00000000	23.4081460007	23.5137486754	23.1798541774	-0.365118443319	23.6668057909	26.2141808083	24.1922097605	-10.8927789160	23.5243397747	23.2737861163	23.2758785345	23.8878234650	23.9764863670	22.7635844875	-12.4077104270	0.882295696942	0.00000000000	0.100000000000	0.0500000000000	-0.00835323333740	0.00000000000	52.7578125000	0.00000000000	-0.575976550579	0.00000000000	14.7562503815	15.0875005722	14.7500000000	14.9875001907	14.8312501907	-300.000000000	0.00000000000	NaN	0.00000000000	22.3005065918	25.0003662109	640.000000000	24.3351426906	24.5736912299	25.1681412742	25.3967967911	23.8788611488	26.3152394694	-60.4428257950	-60.9382413295	-0.000859737396240	-0.000531673431396	-0.000859737396240	-0.000531673431396	NaN	NaN	NaN	NaN	NaN	0.00000000000	NaN	NaN	1.00000000000	0.00000000000	5.00000000000	0.00000000000

















3733299682.88	NaN	14.0000000000	112.000000000	0.00000000000	1.00000000000	NaN	3.50566196442	-3.16774066425	0.992753028870	-4.18702675369	0.978971004486	-0.00118780136108	0.0988950729370	0.136303424835	3.73490388851	88.2146119652	0.104170505524	1015.37251749	0.0136704444885	0.000676584243774	0.00117731094360	200000.000000	16.0000000000	0.00000000000	166.000000000	232.000000000	5.00000000000	0.950000000000	-0.740000000000	22.3000000000	0.00000000000	232.000000000	32.0000000000	15108704.0000	2500.00000000	2000.00000000	206.200000000	6466.00000000	1700.00000000	6000.00000000	13314.0000000	5801.00000000	23.4081460007	23.5137486754	23.1798541774	-0.365118443319	23.6668057909	26.2141808083	24.1922097605	-10.8927789160	23.5243397747	23.2737861163	23.2758785345	23.8878234650	23.9764863670	22.7635844875	-12.4077104270	0.882295696942	0.00000000000	0.100000000000	0.0500000000000	-0.00816164016724	0.00000000000	52.7578125000	0.00000000000	-0.575976550579	0.00000000000	14.7500000000	15.0124998093	14.7500000000	14.9875001907	14.8312501907	-300.000000000	1348.98807899	NaN	0.00000000000	22.3003845215	24.9998474121	640.000000000	24.3351426906	24.5736912299	25.1681412742	25.3967967911	23.8788611488	26.3152394694	-60.4428257950	-60.9382413295	-0.000859737396240	-0.000531673431396	-0.000859737396240	-0.000531673431396	NaN	NaN	NaN	NaN	NaN	0.00000000000	NaN	NaN	1.00000000000	0.00000000000	5.00000000000	0.00000000000


















3733299683.08	NaN	12.0000000000	120.000000000	0.00000000000	2.00000000000	NaN	3.50599002838	-3.38779926978	0.989799976349	-4.30364704843	0.968142509460	2.46906232834	0.274451255798	0.163538932800	4.57255001450	94.3064580460	0.101740343094	1015.32886530	0.0292372703552	0.000654220581055	0.00122132301331	200000.000000	16.0000000000	0.00000000000	166.000000000	232.000000000	5.00000000000	0.950000000000	-0.740000000000	22.3000000000	0.00000000000	232.000000000	32.0000000000	15108704.0000	2500.00000000	2000.00000000	206.200000000	6466.00000000	1700.00000000	6000.00000000	13314.0000000	5801.00000000	23.4081460007	23.5137486754	23.1798541774	-0.365118443319	23.6668057909	26.2141808083	24.1922097605	-10.8927789160	23.5243397747	23.2737861163	23.2758785345	23.8878234650	23.9764863670	22.7635844875	-12.4077104270	0.882295696942	0.00000000000	0.100000000000	0.0500000000000	0.0147925376892	0.00000000000	46.0175781250	0.00000000000	-0.570507824421	0.00000000000	14.7500000000	15.0124998093	14.7500000000	14.9875001907	14.8312501907	-300.000000000	3364.17909625	NaN	0.00000000000	22.3003845215	24.9998474121	640.000000000	24.3351426906	24.5736912299	25.1681412742	25.3967967911	23.8788611488	26.3152394694	-60.4428257950	-60.9382413295	-0.000859737396240	-0.000531673431396	-0.000859737396240	-0.000531673431396	NaN	NaN	NaN	NaN	NaN	0.00000000000	NaN	NaN	1.00000000000	0.00000000000	5.00000000000	0.00000000000


















3733299683.28	NaN	16.0000000000	125.000000000	0.00000000000	1.00000000000	NaN	3.48695802689	-3.40302754992	0.989799976349	-4.24918552670	0.982908725739	2.46414041519	0.272810459137	0.165179729462	4.54398713779	102.682780987	0.0936425476074	1015.32886530	0.0206794738770	0.000663423538208	0.00123450756073	200000.000000	16.0000000000	0.00000000000	166.000000000	232.000000000	5.00000000000	0.950000000000	-0.740000000000	22.3000000000	0.00000000000	232.000000000	32.0000000000	15108704.0000	2500.00000000	2000.00000000	206.200000000	6466.00000000	1700.00000000	6000.00000000	13314.0000000	5801.00000000	23.4081460007	23.5137486754	23.1798541774	-0.365118443319	23.6668057909	26.2141808083	24.1922097605	-10.8927789160	23.5243397747	23.2737861163	23.2758785345	23.8878234650	23.9764863670	22.7635844875	-12.4077104270	0.882295696942	0.00000000000	0.100000000000	0.0500000000000	-0.00253992080688	0.00000000000	46.0175781250	0.00000000000	-0.570507824421	0.00000000000	14.7562503815	15.1250000000	14.7500000000	14.9812498093	14.8312501907	-300.000000000	1571.29323058	NaN	0.00000000000	22.3002014160	25.0004882813	640.000000000	24.3351426906	24.5736912299	25.1681412742	25.3967967911	23.8788611488	26.3152394694	-60.4428257950	-60.9382413295	-0.000859737396240	-0.000531673431396	-0.000859737396240	-0.000531673431396	NaN	NaN	NaN	NaN	NaN	0.00000000000	NaN	NaN	1.00000000000	0.00000000000	5.00000000000	0.00000000000

















3733299683.48	NaN	14.0000000000	120.000000000	0.00000000000	0.00000000000	NaN	3.49450492859	-3.44872450447	0.990456104279	-4.22586160955	0.980939865112	2.46578121185	0.271825790405	0.163867473602	4.52495444126	101.159888626	0.100121019363	1015.37251749	0.0149960517883	0.000664043426514	0.00122528076172	200000.000000	16.0000000000	0.00000000000	166.000000000	232.000000000	5.00000000000	0.950000000000	-0.740000000000	22.3000000000	0.00000000000	232.000000000	32.0000000000	15108704.0000	2500.00000000	2000.00000000	206.200000000	6466.00000000	1700.00000000	6000.00000000	13314.0000000	5801.00000000	23.4081460007	23.5137486754	23.1798541774	-0.365118443319	23.6668057909	26.2141808083	24.1922097605	-10.8927789160	23.5243397747	23.2737861163	23.2758785345	23.8878234650	23.9764863670	22.7635844875	-12.4077104270	0.882295696942	0.00000000000	0.100000000000	0.0500000000000	-0.00422787666321	0.00000000000	51.4707031250	0.00000000000	-0.574609398842	0.00000000000	14.7562503815	15.1250000000	14.7500000000	14.9812498093	14.8312501907	-300.000000000	0.00000000000	NaN	0.00000000000	22.3002014160	25.0004882813	640.000000000	24.3351426906	24.5736912299	25.1681412742	25.3967967911	23.8788611488	26.3152394694	-60.4428257950	-60.9382413295	-0.000859737396240	-0.000531673431396	-0.000859737396240	-0.000531673431396	NaN	NaN	NaN	NaN	NaN	0.00000000000	NaN	NaN	1.00000000000	0.00000000000	5.00000000000	0.00000000000

















3733299683.68	NaN	9.00000000000	115.000000000	0.00000000000	2.00000000000	NaN	3.49384880066	-3.28900356653	0.986846446991	-4.35039049683	0.972080230713	2.47037506104	0.275107383728	0.164195537567	4.51543809299	101.730869522	0.104170505524	1015.45982187	0.0158491134644	0.000664043426514	0.00124232769012	200000.000000	16.0000000000	0.00000000000	166.000000000	232.000000000	5.00000000000	0.950000000000	-0.740000000000	22.3000000000	0.00000000000	232.000000000	32.0000000000	15108704.0000	2500.00000000	2000.00000000	206.200000000	6466.00000000	1700.00000000	6000.00000000	13314.0000000	5801.00000000	23.4081460007	23.5137486754	23.1798541774	-0.365118443319	23.6668057909	26.2141808083	24.1922097605	-10.8927789160	23.5243397747	23.2737861163	23.2758785345	23.8878234650	23.9764863670	22.7635844875	-12.4077104270	0.882295696942	0.00000000000	0.100000000000	0.0500000000000	-0.00116305351257	0.00000000000	51.4707031250	0.00000000000	-0.574609398842	0.00000000000	14.7562503815	15.0000000000	14.7500000000	14.9812498093	14.8312501907	-300.000000000	3178.95398242	NaN	0.00000000000	22.3002014160	25.0004882813	640.000000000	24.3351426906	24.5736912299	25.1681412742	25.3967967911	23.8788611488	26.3152394694	-60.4428257950	-60.9382413295	-0.000859737396240	-0.000531673431396	-0.000859737396240	-0.000531673431396	NaN	NaN	NaN	NaN	NaN	0.00000000000	NaN	NaN	1.00000000000	0.00000000000	5.00000000000	0.00000000000

















3733299683.88	NaN	13.0000000000	127.000000000	0.00000000000	1.00000000000	NaN	3.49811458588	-3.37258773889	0.988159179687	-4.23363094078	0.983236789703	2.46807813644	0.275435447693	0.164851665497	4.55350348606	103.063434917	0.102551181793	1015.32886530	0.0184216499329	0.000657510757446	0.00123510360718	200000.000000	16.0000000000	0.00000000000	166.000000000	232.000000000	5.00000000000	0.950000000000	-0.740000000000	22.3000000000	0.00000000000	232.000000000	32.0000000000	15108704.0000	2500.00000000	2000.00000000	206.200000000	6466.00000000	1700.00000000	6000.00000000	13314.0000000	5801.00000000	23.4081460007	23.5137486754	23.1798541774	-0.365118443319	23.6668057909	26.2141808083	24.1922097605	-10.8927789160	23.5243397747	23.2737861163	23.2758785345	23.8878234650	23.9764863670	22.7635844875	-12.4077104270	0.882295696942	0.00000000000	0.100000000000	0.0500000000000	-0.00462946891785	0.00000000000	52.1367187500	0.00000000000	-0.571484386921	0.00000000000	14.7562503815	15.0000000000	14.7500000000	14.9812498093	14.8312501907	-300.000000000	1451.67921303	NaN	0.00000000000	22.3002929688	24.9998474121	640.000000000	24.3351426906	24.5736912299	25.1681412742	25.3967967911	23.8788611488	26.3152394694	-60.4428257950	-60.9382413295	-0.000859737396240	-0.000531673431396	-0.000859737396240	-0.000531673431396	NaN	NaN	NaN	NaN	NaN	0.00000000000	NaN	NaN	1.00000000000	0.00000000000	5.00000000000	0.00000000000


















3733299684.08	NaN	9.00000000000	125.000000000	0.00000000000	3.00000000000	NaN	3.49548959732	-3.50973025592	0.989143371582	-4.21032756663	0.979627609253	2.47332811356	0.273138523102	0.164195537567	4.51543809299	103.825019417	0.0993113574982	1015.59084189	0.0156393051147	0.000653576850891	0.00121800899506	200000.000000	16.0000000000	0.00000000000	166.000000000	232.000000000	5.00000000000	0.950000000000	-0.740000000000	22.3000000000	0.00000000000	232.000000000	32.0000000000	15108704.0000	2500.00000000	2000.00000000	206.200000000	6466.00000000	1700.00000000	6000.00000000	13314.0000000	5801.00000000	23.4081460007	23.5137486754	23.1798541774	-0.365118443319	23.6668057909	26.2141808083	24.1922097605	-10.8927789160	23.5243397747	23.2737861163	23.2758785345	23.8878234650	23.9764863670	22.7635844875	-12.4077104270	0.882295696942	0.00000000000	0.100000000000	0.0500000000000	-0.00513615608215	0.00000000000	52.1367187500	0.00000000000	-0.571484386921	0.00000000000	14.7562503815	15.0000000000	14.7500000000	14.9812498093	14.8289070129	-300.000000000	4656.50709006	NaN	0.00000000000	22.3002929688	24.9998474121	640.000000000	24.4364926289	24.5736912299	25.1681412742	25.3967967911	23.8788611488	26.3152394694	-60.4428257950	-60.9382413295	-0.000859737396240	-0.000531673431396	-0.000859737396240	-0.000531673431396	NaN	NaN	NaN	NaN	NaN	0.00000000000	NaN	NaN	1.00000000000	0.00000000000	5.00000000000	0.00000000000

















3733299684.28	NaN	16.0000000000	97.0000000000	0.00000000000	1.00000000000	NaN	3.49187994003	-3.37258773889	0.988815307617	-4.21032756663	0.983893394470	2.47267198563	0.273794651031	0.165507793427	4.54398713779	102.492454021	0.102551181793	1015.37251749	0.0167417526245	0.000691080093384	0.00117866992950	200000.000000	16.0000000000	0.00000000000	166.000000000	232.000000000	5.00000000000	0.950000000000	-0.740000000000	22.3000000000	0.00000000000	232.000000000	32.0000000000	15108704.0000	2500.00000000	2000.00000000	206.200000000	6466.00000000	1700.00000000	6000.00000000	13314.0000000	5801.00000000	23.4081460007	23.5137486754	23.1798541774	-0.365118443319	23.6668057909	26.2141808083	24.1922097605	-10.8927789160	23.5243397747	23.2737861163	23.2758785345	23.8878234650	23.9764863670	22.7635844875	-12.4077104270	0.882295696942	0.00000000000	0.100000000000	0.0500000000000	-0.000783681869507	0.00000000000	54.6777343750	0.00000000000	-0.575976550579	0.00000000000	14.7562503815	15.0000000000	14.7500000000	14.9812498093	14.8289070129	-300.000000000	1325.12726647	NaN	0.00000000000	22.3002014160	25.0000915527	640.000000000	24.4364926289	24.5736912299	25.1681412742	25.3967967911	23.8788611488	26.3152394694	-60.4428257950	-60.9382413295	-0.000859737396240	-0.000531673431396	-0.000859737396240	-0.000531673431396	NaN	NaN	NaN	NaN	NaN	0.00000000000	NaN	NaN	1.00000000000	0.00000000000	5.00000000000	0.00000000000


















3733299684.48	NaN	19.0000000000	106.000000000	0.00000000000	3.00000000000	NaN	3.49319267273	-3.22832728027	0.988815307617	-4.23363094078	0.977002143860	2.48350048065	0.273466587067	0.163538932800	4.52495444126	103.254038521	0.0976920337677	1015.32886530	0.0136442184448	0.000660133361816	0.00118784904480	200000.000000	16.0000000000	0.00000000000	166.000000000	232.000000000	5.00000000000	0.950000000000	-0.740000000000	22.3000000000	0.00000000000	232.000000000	32.0000000000	15108704.0000	2500.00000000	2000.00000000	206.200000000	6466.00000000	1700.00000000	6000.00000000	13314.0000000	5801.00000000	23.4081460007	23.5137486754	23.1798541774	-0.365118443319	23.6668057909	26.2141808083	24.1922097605	-10.8927789160	23.5243397747	23.2737861163	23.2758785345	23.8878234650	23.9764863670	22.7635844875	-12.4077104270	0.882295696942	0.00000000000	0.100000000000	0.0500000000000	-0.00924572944641	0.00000000000	54.6777343750	0.00000000000	-0.575976550579	0.00000000000	14.7500000000	15.1250000000	14.7500000000	14.9812498093	14.8312501907	-300.000000000	4337.05365221	NaN	0.00000000000	22.3002014160	25.0000915527	640.000000000	24.4364926289	24.5736912299	25.1681412742	25.3967967911	23.8788611488	26.3152394694	-60.4428257950	-60.9382413295	-0.000859737396240	-0.000531673431396	-0.000859737396240	-0.000531673431396	NaN	NaN	NaN	NaN	NaN	0.00000000000	NaN	NaN	1.00000000000	0.00000000000	5.00000000000	0.00000000000

















3733299684.68	NaN	9.00000000000	96.0000000000	0.00000000000	1.00000000000	NaN	3.50106811523	-3.32697615223	0.985862255096	-4.14823028365	0.981924533844	2.47693777084	0.275107383728	0.164851665497	4.74387194710	108.013319206	0.104170505524	1015.15419309	0.00780296325684	0.000674557685852	0.00120098590851	200000.000000	16.0000000000	0.00000000000	166.000000000	232.000000000	5.00000000000	0.950000000000	-0.740000000000	22.3000000000	0.00000000000	232.000000000	32.0000000000	15108704.0000	2500.00000000	2000.00000000	206.200000000	6466.00000000	1700.00000000	6000.00000000	13314.0000000	5801.00000000	23.4081460007	23.5137486754	23.1798541774	-0.365118443319	23.6668057909	26.2141808083	24.1922097605	-10.8927789160	23.5243397747	23.2737861163	23.2758785345	23.8878234650	23.9764863670	22.7635844875	-12.4077104270	0.882295696942	0.00000000000	0.100000000000	0.0500000000000	-0.00762882232666	0.00000000000	47.9726562500	0.00000000000	-0.571289062500	0.00000000000	14.7500000000	15.1250000000	14.7500000000	14.9812498093	14.8312501907	-300.000000000	1604.95521257	NaN	0.00000000000	22.3002014160	25.0000915527	640.000000000	24.4364926289	24.5736912299	25.1681412742	25.3967967911	23.8788611488	26.3152394694	-60.4428257950	-60.9382413295	-0.000859737396240	-0.000531673431396	-0.000859737396240	-0.000531673431396	NaN	NaN	NaN	NaN	NaN	0.00000000000	NaN	NaN	1.00000000000	0.00000000000	5.00000000000	0.00000000000


















3733299684.88	NaN	13.0000000000	121.000000000	0.00000000000	0.00000000000	NaN	3.48728609085	-3.28141548769	0.987503051758	-4.24918552670	0.976674079895	2.48251628876	0.275435447693	0.164523601532	4.56301983433	103.634692451	0.0968823719025	1015.50353751	0.0162429809570	0.000658822059631	0.00122268199921	200000.000000	16.0000000000	0.00000000000	166.000000000	232.000000000	5.00000000000	0.950000000000	-0.740000000000	22.3000000000	0.00000000000	232.000000000	32.0000000000	15108704.0000	2500.00000000	2000.00000000	206.200000000	6466.00000000	1700.00000000	6000.00000000	13314.0000000	5801.00000000	23.4081460007	23.5137486754	23.1798541774	-0.365118443319	23.6668057909	26.2141808083	24.1922097605	-10.8927789160	23.5243397747	23.2737861163	23.2758785345	23.8878234650	23.9764863670	22.7635844875	-12.4077104270	0.882295696942	0.00000000000	0.100000000000	0.0500000000000	-0.00319886207581	0.00000000000	47.9726562500	0.00000000000	-0.571289062500	0.00000000000	14.7562503815	15.0062503815	14.7500000000	14.9812498093	14.8312501907	-300.000000000	0.00000000000	NaN	0.00000000000	22.3003234863	24.9999084473	640.000000000	24.4364926289	24.5736912299	25.1681412742	25.3967967911	23.8788611488	26.3152394694	-60.4428257950	-60.9382413295	-0.000859737396240	-0.000531673431396	-0.000859737396240	-0.000531673431396	NaN	NaN	NaN	NaN	NaN	0.00000000000	NaN	NaN	1.00000000000	0.00000000000	5.00000000000	0.00000000000

















3733299685.08	NaN	14.0000000000	122.000000000	0.00000000000	0.00000000000	NaN	3.48498916626	-3.16774066425	0.985534191132	-4.28807079107	0.978314876556	2.50515794754	0.273466587067	0.162882804871	4.55350348606	103.063434917	0.102551181793	1015.32886530	0.0120296478271	0.000687074661255	0.00121216773987	200000.000000	16.0000000000	0.00000000000	166.000000000	232.000000000	5.00000000000	0.950000000000	-0.740000000000	22.3000000000	0.00000000000	232.000000000	32.0000000000	15108704.0000	2500.00000000	2000.00000000	206.200000000	6466.00000000	1700.00000000	6000.00000000	13314.0000000	5801.00000000	23.4081460007	23.5137486754	23.1798541774	-0.365118443319	23.6668057909	26.2141808083	24.1922097605	-10.8927789160	23.5243397747	23.2737861163	23.2758785345	23.8878234650	23.9764863670	22.7635844875	-12.4077104270	0.882295696942	0.00000000000	0.100000000000	0.0500000000000	-0.00479354858398	0.00000000000	54.5664062500	0.00000000000	-0.576757848263	0.00000000000	14.7562503815	15.0062503815	14.7500000000	14.9812498093	14.8312501907	-300.000000000	0.00000000000	NaN	0.00000000000	22.3003234863	24.9999084473	640.000000000	24.4364926289	24.6990601296	25.1681412742	25.3967967911	23.8788611488	26.3152394694	-60.4428257950	-60.9382413295	-0.000859737396240	-0.000531673431396	-0.000859737396240	-0.000531673431396	NaN	NaN	NaN	NaN	NaN	0.00000000000	NaN	NaN	1.00000000000	0.00000000000	5.00000000000	0.00000000000


















3733299685.28	NaN	8.00000000000	135.000000000	0.00000000000	2.00000000000	NaN	3.47776985168	-3.20558993899	0.985205650330	-4.25695948770	0.979299068451	2.51008033752	0.275435447693	0.164195537567	4.57255001450	101.921196487	0.101740343094	1015.45982187	0.0137619972229	0.000688385963440	0.00118453502655	200000.000000	16.0000000000	0.00000000000	166.000000000	232.000000000	5.00000000000	0.950000000000	-0.740000000000	22.3000000000	0.00000000000	232.000000000	32.0000000000	15108704.0000	2500.00000000	2000.00000000	206.200000000	6466.00000000	1700.00000000	6000.00000000	13314.0000000	5801.00000000	23.4081460007	23.5137486754	23.1798541774	-0.365118443319	23.6668057909	26.2141808083	24.1922097605	-10.8927789160	23.5243397747	23.2737861163	23.2758785345	23.8878234650	23.9764863670	22.7635844875	-12.4077104270	0.882295696942	0.00000000000	0.100000000000	0.0500000000000	-0.00269355773926	0.00000000000	54.5664062500	0.00000000000	-0.576757848263	0.00000000000	14.7562503815	15.0312500000	14.7500000000	14.9812498093	14.8312501907	-300.000000000	2834.24702390	NaN	0.00000000000	22.3000793457	25.0000610352	640.000000000	24.4364926289	24.6990601296	25.1681412742	25.3967967911	23.8788611488	26.3152394694	-60.4428257950	-60.9382413295	-0.000859737396240	-0.000531673431396	-0.000859737396240	-0.000531673431396	NaN	NaN	NaN	NaN	NaN	0.00000000000	NaN	NaN	1.00000000000	0.00000000000	5.00000000000	0.00000000000

















3733299685.48	NaN	20.0000000000	132.000000000	1.00000000000	1.00000000000	NaN	3.49680233002	-3.34978108978	0.984549522400	-4.20256285267	0.981267929077	2.50647068024	0.272153854370	0.163538932800	4.54398713779	104.396276951	0.0960715332031	1015.37251749	0.00722551345825	0.000672626495361	0.00119504928589	200000.000000	16.0000000000	0.00000000000	166.000000000	232.000000000	5.00000000000	0.950000000000	-0.740000000000	22.3000000000	0.00000000000	232.000000000	32.0000000000	15108704.0000	2500.00000000	2000.00000000	206.200000000	6466.00000000	1700.00000000	6000.00000000	13314.0000000	5801.00000000	23.4081460007	23.5137486754	23.1798541774	-0.365118443319	23.6668057909	26.2141808083	24.1922097605	-10.8927789160	23.5243397747	23.2737861163	23.2758785345	23.8878234650	23.9764863670	22.7635844875	-12.4077104270	0.882295696942	0.00000000000	0.100000000000	0.0500000000000	-0.00428175926208	0.00000000000	45.3906250000	-0.000390625005821	-0.571093738079	0.00000000000	14.7562503815	15.0312500000	14.7500000000	14.9812498093	14.8312501907	-300.000000000	1675.46043357	NaN	0.00000000000	22.3000793457	25.0000610352	640.000000000	24.4364926289	24.6990601296	25.1681412742	25.3967967911	23.8788611488	26.3152394694	-60.4428257950	-60.9382413295	-0.000859737396240	-0.000531673431396	-0.000859737396240	-0.000531673431396	NaN	NaN	NaN	NaN	NaN	0.00000000000	NaN	NaN	1.00000000000	0.00000000000	5.00000000000	0.00000000000


















3733299685.68	NaN	10.0000000000	120.000000000	0.00000000000	2.00000000000	NaN	3.50533390045	-3.41063829714	0.980939865112	-4.17926664898	0.995378017426	2.50417375565	0.274779319763	0.165507793427	4.62964810410	104.776930882	0.100121019363	1015.45982187	0.00756692886353	0.000662064552307	0.00118920803070	200000.000000	16.0000000000	0.00000000000	166.000000000	232.000000000	5.00000000000	0.950000000000	-0.740000000000	22.3000000000	0.00000000000	232.000000000	32.0000000000	15108704.0000	2500.00000000	2000.00000000	206.200000000	6466.00000000	1700.00000000	6000.00000000	13314.0000000	5801.00000000	23.4081460007	23.5137486754	23.1798541774	-0.365118443319	23.6668057909	26.2141808083	24.1922097605	-10.8927789160	23.5243397747	23.2737861163	23.2758785345	23.8878234650	23.9764863670	22.7635844875	-12.4077104270	0.882295696942	0.00000000000	0.100000000000	0.0500000000000	-0.00547208786011	0.00000000000	45.3906250000	-0.000390625005821	-0.571093738079	0.00000000000	14.7500000000	15.1187505722	14.7500000000	14.9812498093	14.8312501907	-300.000000000	3056.63442560	NaN	0.00000000000	22.3000793457	25.0000610352	640.000000000	24.4364926289	24.6990601296	25.1681412742	25.3967967911	23.8788611488	26.3152394694	-60.4428257950	-60.9382413295	-0.000859737396240	-0.000531673431396	-0.000859737396240	-0.000531673431396	NaN	NaN	NaN	NaN	NaN	0.00000000000	NaN	NaN	1.00000000000	0.00000000000	5.00000000000	0.00000000000


















3733299685.88	NaN	13.0000000000	100.000000000	0.00000000000	1.00000000000	NaN	3.48892688751	-3.19044604349	0.984549522400	-4.23363094078	0.978314876556	2.50614261627	0.273794651031	0.163538932800	4.57255001450	102.682780987	0.0968823719025	1015.41616968	0.0115699768066	0.000653576850891	0.00116815567017	200000.000000	16.0000000000	0.00000000000	166.000000000	232.000000000	5.00000000000	0.950000000000	-0.740000000000	22.3000000000	0.00000000000	232.000000000	32.0000000000	15108704.0000	2500.00000000	2000.00000000	206.200000000	6466.00000000	1700.00000000	6000.00000000	13314.0000000	5801.00000000	23.4081460007	23.5137486754	23.1798541774	-0.365118443319	23.6668057909	26.2141808083	24.1922097605	-10.8927789160	23.5243397747	23.2737861163	23.2758785345	23.8878234650	23.9764863670	22.7635844875	-12.4077104270	0.882295696942	0.00000000000	0.100000000000	0.0500000000000	-0.00350332260132	0.00000000000	53.8632812500	0.00000000000	-0.572656273842	0.00000000000	14.7500000000	15.1187505722	14.7500000000	14.9812498093	14.8312501907	-300.000000000	1398.45097522	NaN	0.00000000000	22.3003234863	24.9999084473	640.000000000	24.4364926289	24.6990601296	25.1681412742	25.3967967911	23.8788611488	26.3152394694	-60.4428257950	-60.9382413295	-0.000859737396240	-0.000531673431396	-0.000859737396240	-0.000531673431396	NaN	NaN	NaN	NaN	NaN	0.00000000000	NaN	NaN	1.00000000000	0.00000000000	5.00000000000	0.00000000000

















3733299686.08	NaN	15.0000000000	113.000000000	0.00000000000	1.00000000000	NaN	3.49155187607	-3.31178729575	0.983565330505	-4.22586160955	0.980611801147	2.52222156525	0.273794651031	0.164195537567	4.59158271103	102.873107952	0.0993113574982	1015.32886530	0.0105071067810	0.000660109519958	0.00117011070251	200000.000000	16.0000000000	0.00000000000	166.000000000	232.000000000	5.00000000000	0.950000000000	-0.740000000000	22.3000000000	0.00000000000	232.000000000	32.0000000000	15108704.0000	2500.00000000	2000.00000000	206.200000000	6466.00000000	1700.00000000	6000.00000000	13314.0000000	5801.00000000	23.4081460007	23.5137486754	23.1798541774	-0.365118443319	23.6668057909	26.2141808083	24.1922097605	-10.8927789160	23.5243397747	23.2737861163	23.2758785345	23.8878234650	23.9764863670	22.7635844875	-12.4077104270	0.882295696942	0.00000000000	0.100000000000	0.0500000000000	-0.00490908622742	0.00000000000	53.8632812500	0.00000000000	-0.572656273842	0.00000000000	14.7500000000	15.0875005722	14.7500000000	14.9812498093	14.8312501907	-300.000000000	1480.36447624	NaN	0.00000000000	22.3003234863	24.9999084473	640.000000000	24.4364926289	24.6990601296	25.1095767229	25.3967967911	23.8788611488	26.3152394694	-60.4428257950	-60.9382413295	-0.000859737396240	-0.000531673431396	-0.000859737396240	-0.000531673431396	NaN	NaN	NaN	NaN	NaN	0.00000000000	NaN	NaN	1.00000000000	0.00000000000	5.00000000000	0.00000000000

















3733299686.28	NaN	7.00000000000	120.000000000	0.00000000000	0.00000000000	NaN	3.50041151047	-3.30419498567	0.977658748627	-4.27251204521	0.981596469879	2.52550268173	0.272810459137	0.163538932800	4.61061540756	103.254038521	0.101740343094	1015.28521311	0.00482368469238	0.000660133361816	0.00115830898285	200000.000000	16.0000000000	0.00000000000	166.000000000	232.000000000	5.00000000000	0.950000000000	-0.740000000000	22.3000000000	0.00000000000	232.000000000	32.0000000000	15108704.0000	2500.00000000	2000.00000000	206.200000000	6466.00000000	1700.00000000	6000.00000000	13314.0000000	5801.00000000	23.4081460007	23.5137486754	23.1798541774	-0.365118443319	23.6668057909	26.2141808083	24.1922097605	-10.8927789160	23.5243397747	23.2737861163	23.2758785345	23.8878234650	23.9764863670	22.7635844875	-12.4077104270	0.882295696942	0.00000000000	0.100000000000	0.0500000000000	-0.00606675148010	0.00000000000	47.4726562500	0.00000000000	-0.575195312500	0.00000000000	14.7500000000	15.0875005722	14.7500000000	14.9812498093	14.8312501907	-300.000000000	0.00000000000	NaN	0.00000000000	22.2998962402	25.0002441406	640.000000000	24.4364926289	24.6990601296	25.1095767229	25.3967967911	23.8788611488	26.3152394694	-60.4428257950	-60.9382413295	-0.000859737396240	-0.000531673431396	-0.000859737396240	-0.000531673431396	NaN	NaN	NaN	NaN	NaN	0.00000000000	NaN	NaN	1.00000000000	0.00000000000	5.00000000000	0.00000000000


















3733299686.48	NaN	12.0000000000	115.000000000	0.00000000000	0.00000000000	NaN	3.51288080215	-3.42586406801	0.981267929077	-4.24918552670	0.978971004486	2.51959609985	0.275107383728	0.165836334229	4.63917828426	102.492454021	0.101740343094	1015.24156092	0.00746202468872	0.000655508041382	0.00117669105530	200000.000000	16.0000000000	0.00000000000	166.000000000	232.000000000	5.00000000000	0.950000000000	-0.740000000000	22.3000000000	0.00000000000	232.000000000	32.0000000000	15108704.0000	2500.00000000	2000.00000000	206.200000000	6466.00000000	1700.00000000	6000.00000000	13314.0000000	5801.00000000	23.4081460007	23.5137486754	23.1798541774	-0.365118443319	23.6668057909	26.2141808083	24.1922097605	-10.8927789160	23.5243397747	23.2737861163	23.2758785345	23.8878234650	23.9764863670	22.7635844875	-12.4077104270	0.882295696942	0.00000000000	0.100000000000	0.0500000000000	-0.00303997993469	0.00000000000	47.4726562500	0.00000000000	-0.575195312500	0.00000000000	14.7562503815	15.1000003815	14.7500000000	14.9812498093	14.8312501907	-300.000000000	0.00000000000	NaN	0.00000000000	22.2998962402	25.0002441406	640.000000000	24.4364926289	24.6990601296	25.1095767229	25.3967967911	23.8788611488	26.3152394694	-60.4428257950	-60.9382413295	-0.000859737396240	-0.000531673431396	-0.000859737396240	-0.000531673431396	NaN	NaN	NaN	NaN	NaN	0.00000000000	NaN	NaN	1.00000000000	0.00000000000	5.00000000000	0.00000000000

















3733299686.68	NaN	12.0000000000	131.000000000	0.00000000000	0.00000000000	NaN	3.49745845795	-3.38779926978	0.984877586365	-4.14047783686	0.973064422607	2.52320575714	0.276748180389	0.165507793427	4.07757541752	95.6390234413	0.0968823719025	1015.32886530	0.00288105010986	0.000670647621155	0.00116026401520	200000.000000	16.0000000000	0.00000000000	166.000000000	232.000000000	5.00000000000	0.950000000000	-0.740000000000	22.3000000000	0.00000000000	232.000000000	32.0000000000	15108704.0000	2500.00000000	2000.00000000	206.200000000	6466.00000000	1700.00000000	6000.00000000	13314.0000000	5801.00000000	23.4081460007	23.5137486754	23.1798541774	-0.365118443319	23.6668057909	26.2141808083	24.1922097605	-10.8927789160	23.5243397747	23.2737861163	23.2758785345	23.8878234650	23.9764863670	22.7635844875	-12.4077104270	0.882295696942	0.00000000000	0.100000000000	0.0500000000000	-0.00423049926758	0.00000000000	52.8769531250	0.00000000000	-0.573242187500	0.00000000000	14.7562503815	15.1000003815	14.7500000000	14.9812498093	14.8312501907	-300.000000000	0.00000000000	NaN	0.00000000000	22.2998962402	25.0002441406	640.000000000	24.4364926289	24.6990601296	25.1095767229	25.3967967911	23.8788611488	26.3152394694	-60.4428257950	-60.9382413295	-0.000859737396240	-0.000531673431396	-0.000859737396240	-0.000531673431396	NaN	NaN	NaN	NaN	NaN	0.00000000000	NaN	NaN	1.00000000000	0.00000000000	5.00000000000	0.00000000000


















3733299686.88	NaN	13.0000000000	121.000000000	1.00000000000	2.00000000000	NaN	3.50106811523	-3.27382881653	0.980939865112	-4.22586160955	0.981267929077	2.52517461777	0.273794651031	0.162226676941	4.63917828426	102.682780987	0.100121019363	1015.32886530	0.00490236282349	0.000682401657104	0.00119507312775	200000.000000	16.0000000000	0.00000000000	166.000000000	232.000000000	5.00000000000	0.950000000000	-0.740000000000	22.3000000000	0.00000000000	232.000000000	32.0000000000	15108704.0000	2500.00000000	2000.00000000	206.200000000	6466.00000000	1700.00000000	6000.00000000	13314.0000000	5801.00000000	23.4081460007	23.5137486754	23.1798541774	-0.365118443319	23.6668057909	26.2141808083	24.1922097605	-10.8927789160	23.5243397747	23.2737861163	23.2758785345	23.8878234650	23.9764863670	22.7635844875	-12.4077104270	0.882295696942	0.00000000000	0.100000000000	0.0500000000000	-0.00452852249146	0.00000000000	52.8769531250	0.00000000000	-0.573242187500	0.00000000000	14.7500000000	15.0000000000	14.7500000000	14.9812498093	14.8312501907	-300.000000000	3081.05914181	NaN	0.00000000000	22.3000183105	24.9998474121	640.000000000	24.4364926289	24.6990601296	25.1095767229	25.3967967911	23.8788611488	26.3152394694	-60.4428257950	-60.9382413295	-0.000859737396240	-0.000531673431396	-0.000859737396240	-0.000531673431396	NaN	NaN	NaN	NaN	NaN	0.00000000000	NaN	NaN	1.00000000000	0.00000000000	5.00000000000	0.00000000000


















3733299687.08	NaN	11.0000000000	111.000000000	0.00000000000	1.00000000000	NaN	3.49253606796	-3.23590552459	0.978642940521	-4.21809381855	0.978971004486	2.43756103516	0.271497726440	0.163867473602	4.62964810410	104.967257847	0.0976920337677	1015.32886530	0.000701904296875	0.000684404373169	0.00119836330414	200000.000000	16.0000000000	0.00000000000	166.000000000	232.000000000	5.00000000000	0.950000000000	-0.740000000000	22.3000000000	0.00000000000	232.000000000	32.0000000000	15108704.0000	2500.00000000	2000.00000000	206.200000000	6466.00000000	1700.00000000	6000.00000000	13314.0000000	5801.00000000	23.4081460007	23.5137486754	23.1798541774	-0.365118443319	23.6668057909	26.2141808083	24.1922097605	-10.8927789160	23.5243397747	23.2737861163	23.2758785345	23.8878234650	23.9764863670	22.7635844875	-12.4077104270	0.882295696942	0.00000000000	0.100000000000	0.0500000000000	-0.00346784591675	0.00000000000	45.6093750000	0.00000000000	-0.573828160763	0.00000000000	14.7500000000	15.0000000000	14.7500000000	14.9812498093	14.8312501907	-300.000000000	1424.08449615	NaN	0.00000000000	22.3000183105	24.9998474121	640.000000000	24.4364926289	24.6990601296	25.1095767229	25.4496105086	23.8788611488	26.3152394694	-60.4428257950	-60.9382413295	-0.000859737396240	-0.000531673431396	-0.000859737396240	-0.000531673431396	NaN	NaN	NaN	NaN	NaN	0.00000000000	NaN	NaN	1.00000000000	0.00000000000	5.00000000000	0.00000000000


















3733299687.28	NaN	4.00000000000	126.000000000	0.00000000000	0.00000000000	NaN	3.49023914337	-3.42586406801	0.977986812592	-4.21032756663	0.981267929077	2.44117021561	0.272153854370	0.164195537567	4.62013175583	103.634692451	0.0985016956329	1015.41616968	-6.67572021484E-6	0.000699520111084	0.00120553970337	200000.000000	16.0000000000	0.00000000000	166.000000000	232.000000000	5.00000000000	0.950000000000	-0.740000000000	22.3000000000	0.00000000000	232.000000000	32.0000000000	15108704.0000	2500.00000000	2000.00000000	206.200000000	6466.00000000	1700.00000000	6000.00000000	13314.0000000	5801.00000000	23.4081460007	23.5137486754	23.1798541774	-0.365118443319	23.6668057909	26.2141808083	24.1922097605	-10.8927789160	23.5243397747	23.2737861163	23.2758785345	23.8878234650	23.9764863670	22.7635844875	-12.4077104270	0.882295696942	0.00000000000	0.100000000000	0.0500000000000	-0.00483551025391	0.00000000000	45.6093750000	0.00000000000	-0.573828160763	0.00000000000	14.7562503815	15.1187505722	14.7500000000	14.9875001907	14.8312501907	-300.000000000	0.00000000000	NaN	0.00000000000	22.3005676270	24.9999694824	640.000000000	24.4364926289	24.6990601296	25.1095767229	25.4496105086	23.8788611488	26.3152394694	-60.4428257950	-60.9382413295	-0.000859737396240	-0.000531673431396	-0.000859737396240	-0.000531673431396	NaN	NaN	NaN	NaN	NaN	0.00000000000	NaN	NaN	1.00000000000	0.00000000000	5.00000000000	0.00000000000


















3733299687.48	NaN	17.0000000000	110.000000000	0.00000000000	0.00000000000	NaN	3.50402116776	-3.34217066398	0.975361824036	-4.26473499349	0.976017951965	2.44018602371	0.275107383728	0.165507793427	4.67724367733	102.873107952	0.104170505524	1015.32886530	-0.00202798843384	0.000677895545959	0.00118196010590	200000.000000	16.0000000000	0.00000000000	166.000000000	232.000000000	5.00000000000	0.950000000000	-0.740000000000	22.3000000000	0.00000000000	232.000000000	32.0000000000	15108704.0000	2500.00000000	2000.00000000	206.200000000	6466.00000000	1700.00000000	6000.00000000	13314.0000000	5801.00000000	23.4081460007	23.5137486754	23.1798541774	-0.365118443319	23.6668057909	26.2141808083	24.1922097605	-10.8927789160	23.5243397747	23.2737861163	23.2758785345	23.8878234650	23.9764863670	22.7635844875	-12.4077104270	0.882295696942	0.00000000000	0.100000000000	0.0500000000000	-0.00367259979248	0.00000000000	47.7070312500	0.00000000000	-0.574023425579	0.00000000000	14.7562503815	15.1187505722	14.7500000000	14.9875001907	14.8312501907	-300.000000000	0.00000000000	NaN	0.00000000000	22.3005676270	24.9999694824	640.000000000	24.4364926289	24.6990601296	25.1095767229	25.4496105086	23.8788611488	26.3152394694	-60.4428257950	-60.9382413295	-0.000859737396240	-0.000531673431396	-0.000859737396240	-0.000531673431396	NaN	NaN	NaN	NaN	NaN	0.00000000000	NaN	NaN	1.00000000000	0.00000000000	5.00000000000	0.00000000000


















3733299687.68	NaN	19.0000000000	112.000000000	0.00000000000	2.00000000000	NaN	3.49450492859	-3.22075043653	0.975689888000	-4.20256285267	0.988159179687	2.44379568100	0.271497726440	0.161898612976	4.65821098080	103.634692451	0.104170505524	1015.15419309	-0.00236940383911	0.000657486915588	0.00118062496185	200000.000000	16.0000000000	0.00000000000	166.000000000	232.000000000	5.00000000000	0.950000000000	-0.740000000000	22.3000000000	0.00000000000	232.000000000	32.0000000000	15108704.0000	2500.00000000	2000.00000000	206.200000000	6466.00000000	1700.00000000	6000.00000000	13314.0000000	5801.00000000	23.4081460007	23.5137486754	23.1798541774	-0.365118443319	23.6668057909	26.2141808083	24.1922097605	-10.8927789160	23.5243397747	23.2737861163	23.2758785345	23.8878234650	23.9764863670	22.7635844875	-12.4077104270	0.882295696942	0.00000000000	0.100000000000	0.0500000000000	-0.00556273460388	0.00000000000	47.7070312500	0.00000000000	-0.574023425579	0.00000000000	14.7562503815	15.0124998093	14.7500000000	14.9875001907	14.8289070129	-300.000000000	3100.51237842	NaN	0.00000000000	22.3005676270	24.9999694824	640.000000000	24.4364926289	24.6990601296	25.1095767229	25.4496105086	23.8788611488	26.3152394694	-60.4428257950	-60.9382413295	-0.000859737396240	-0.000531673431396	-0.000859737396240	-0.000531673431396	NaN	NaN	NaN	NaN	NaN	0.00000000000	NaN	NaN	1.00000000000	0.00000000000	5.00000000000	0.00000000000

















3733299687.88	NaN	11.0000000000	122.000000000	0.00000000000	1.00000000000	NaN	3.49483346939	-3.42586406801	0.971424102783	-4.31143184932	0.981596469879	2.44248294830	0.272153854370	0.163867473602	4.66772732906	104.015346382	0.100930681229	1015.32886530	-0.00487613677979	0.000679135322571	0.00119764804840	200000.000000	16.0000000000	0.00000000000	166.000000000	232.000000000	5.00000000000	0.950000000000	-0.740000000000	22.3000000000	0.00000000000	232.000000000	32.0000000000	15108704.0000	2500.00000000	2000.00000000	206.200000000	6466.00000000	1700.00000000	6000.00000000	13314.0000000	5801.00000000	23.4081460007	23.5137486754	23.1798541774	-0.365118443319	23.6668057909	26.2141808083	24.1922097605	-10.8927789160	23.5243397747	23.2737861163	23.2758785345	23.8878234650	23.9764863670	22.7635844875	-12.4077104270	0.882295696942	0.00000000000	0.100000000000	0.0500000000000	-0.00537767410278	0.00000000000	52.5097656250	0.00000000000	-0.571289062500	0.00000000000	14.7562503815	15.0124998093	14.7500000000	14.9875001907	14.8289070129	-300.000000000	1398.45097522	NaN	0.00000000000	22.3001403809	24.9998779297	640.000000000	24.4364926289	24.6990601296	25.1095767229	25.4496105086	23.8788611488	26.3152394694	-60.4428257950	-60.9382413295	-0.000859737396240	-0.000531673431396	-0.000859737396240	-0.000531673431396	NaN	NaN	NaN	NaN	NaN	0.00000000000	NaN	NaN	1.00000000000	0.00000000000	5.00000000000	0.00000000000


















3733299688.08	NaN	10.0000000000	124.000000000	0.00000000000	1.00000000000	NaN	3.48039484024	-3.22832728027	0.975689888000	-4.27251204521	0.972080230713	2.57472419739	0.278060436249	0.165179729462	4.73435559883	102.682780987	0.0993113574982	1015.59084189	0.00328779220581	0.000666666030884	0.00119831562042	200000.000000	16.0000000000	0.00000000000	166.000000000	232.000000000	5.00000000000	0.950000000000	-0.740000000000	22.3000000000	0.00000000000	232.000000000	32.0000000000	15108704.0000	2500.00000000	2000.00000000	206.200000000	6466.00000000	1700.00000000	6000.00000000	13314.0000000	5801.00000000	23.4081460007	23.5137486754	23.1798541774	-0.365118443319	23.6668057909	26.2141808083	24.1922097605	-10.8927789160	23.5243397747	23.2737861163	23.2758785345	23.8878234650	23.9764863670	22.7635844875	-12.4077104270	0.882295696942	0.00000000000	0.100000000000	0.0500000000000	-0.00181012153625	0.00000000000	52.5097656250	0.00000000000	-0.571289062500	0.00000000000	14.7562503815	15.1187505722	14.7500000000	14.9812498093	14.8312501907	-300.000000000	1509.11975743	NaN	0.00000000000	22.3001403809	24.9998779297	640.000000000	24.4364926289	24.6990601296	25.1095767229	25.4496105086	23.9776819574	26.3152394694	-60.4428257950	-60.9382413295	-0.000859737396240	-0.000531673431396	-0.000859737396240	-0.000531673431396	NaN	NaN	NaN	NaN	NaN	0.00000000000	NaN	NaN	1.00000000000	0.00000000000	5.00000000000	0.00000000000

















3733299688.28	NaN	19.0000000000	127.000000000	1.00000000000	1.00000000000	NaN	3.48991107941	-3.27382881653	0.975033283234	-4.24918552670	0.978314876556	2.57734918594	0.276419639587	0.163867473602	4.70580655403	103.254038521	0.101740343094	1015.63449409	-0.000925540924072	0.000672650337219	0.00120687484741	200000.000000	16.0000000000	0.00000000000	166.000000000	232.000000000	5.00000000000	0.950000000000	-0.740000000000	22.3000000000	0.00000000000	232.000000000	32.0000000000	15108704.0000	2500.00000000	2000.00000000	206.200000000	6466.00000000	1700.00000000	6000.00000000	13314.0000000	5801.00000000	23.4081460007	23.5137486754	23.1798541774	-0.365118443319	23.6668057909	26.2141808083	24.1922097605	-10.8927789160	23.5243397747	23.2737861163	23.2758785345	23.8878234650	23.9764863670	22.7635844875	-12.4077104270	0.882295696942	0.00000000000	0.100000000000	0.0500000000000	-0.00558114051819	0.00000000000	51.0664062500	0.00000000000	-0.576367199421	0.00000000000	14.7562503815	15.1187505722	14.7500000000	14.9812498093	14.8312501907	-300.000000000	1479.32049565	NaN	0.00000000000	22.3003234863	25.0000305176	640.000000000	24.4364926289	24.6990601296	25.1095767229	25.4496105086	23.9776819574	26.3152394694	-60.4428257950	-60.9382413295	-0.000859737396240	-0.000531673431396	-0.000859737396240	-0.000531673431396	NaN	NaN	NaN	NaN	NaN	0.00000000000	NaN	NaN	1.00000000000	0.00000000000	5.00000000000	0.00000000000


















3733299688.48	NaN	11.0000000000	123.000000000	0.00000000000	1.00000000000	NaN	3.50434923172	-3.22075043653	0.975689888000	-4.21032756663	0.978971004486	2.57636451721	0.274779319763	0.164195537567	4.67724367733	103.825019417	0.100930681229	1015.19784528	-0.00473165512085	0.000677871704102	0.00119838714600	200000.000000	16.0000000000	0.00000000000	166.000000000	232.000000000	5.00000000000	0.950000000000	-0.740000000000	22.3000000000	0.00000000000	232.000000000	32.0000000000	15108704.0000	2500.00000000	2000.00000000	206.200000000	6466.00000000	1700.00000000	6000.00000000	13314.0000000	5801.00000000	23.4081460007	23.5137486754	23.1798541774	-0.365118443319	23.6668057909	26.2141808083	24.1922097605	-10.8927789160	23.5243397747	23.2737861163	23.2758785345	23.8878234650	23.9764863670	22.7635844875	-12.4077104270	0.882295696942	0.00000000000	0.100000000000	0.0500000000000	-0.00630555152893	0.00000000000	51.0664062500	0.00000000000	-0.576367199421	0.00000000000	14.7500000000	15.0000000000	14.7500000000	14.9812498093	14.8312501907	-300.000000000	1398.45097522	NaN	0.00000000000	22.3003234863	25.0000305176	640.000000000	24.4364926289	24.6990601296	25.1095767229	25.4496105086	23.9776819574	26.3152394694	-60.4428257950	-60.9382413295	-0.000859737396240	-0.000531673431396	-0.000859737396240	-0.000531673431396	NaN	NaN	NaN	NaN	NaN	0.00000000000	NaN	NaN	1.00000000000	0.00000000000	5.00000000000	0.00000000000

















3733299688.68	NaN	8.00000000000	139.000000000	0.00000000000	2.00000000000	NaN	3.49220800400	-3.38019279383	0.967486381531	-4.24140181337	0.986190319061	2.57767724991	0.277076244354	0.165507793427	4.87714231853	104.967257847	0.100930681229	1015.59084189	-0.00578212738037	0.000668048858643	0.00119373798370	200000.000000	16.0000000000	0.00000000000	166.000000000	232.000000000	5.00000000000	0.950000000000	-0.740000000000	22.3000000000	0.00000000000	232.000000000	32.0000000000	15108704.0000	2500.00000000	2000.00000000	206.200000000	6466.00000000	1700.00000000	6000.00000000	13314.0000000	5801.00000000	23.4081460007	23.5137486754	23.1798541774	-0.365118443319	23.6668057909	26.2141808083	24.1922097605	-10.8927789160	23.5243397747	23.2737861163	23.2758785345	23.8878234650	23.9764863670	22.7635844875	-12.4077104270	0.882295696942	0.00000000000	0.100000000000	0.0500000000000	-0.00470566749573	0.00000000000	51.5527343750	0.00000000000	-0.571093738079	0.00000000000	14.7500000000	15.0000000000	14.7500000000	14.9812498093	14.8312501907	-300.000000000	3127.13964660	NaN	0.00000000000	22.3003234863	25.0000305176	640.000000000	24.4364926289	24.6990601296	25.1095767229	25.4496105086	23.9776819574	26.3152394694	-60.4428257950	-60.9382413295	-0.000859737396240	-0.000531673431396	-0.000859737396240	-0.000531673431396	NaN	NaN	NaN	NaN	NaN	0.00000000000	NaN	NaN	1.00000000000	0.00000000000	5.00000000000	0.00000000000


















3733299688.88	NaN	10.0000000000	104.000000000	0.00000000000	2.00000000000	NaN	3.49483346939	-3.36498410392	0.971424102783	-4.24140181337	0.977330684662	2.57341146469	0.276419639587	0.166492462158	4.74387194710	103.254038521	0.0993113574982	1015.32886530	-0.00541448593140	0.000672578811646	0.00119440555573	200000.000000	16.0000000000	0.00000000000	166.000000000	232.000000000	5.00000000000	0.950000000000	-0.740000000000	22.3000000000	0.00000000000	232.000000000	32.0000000000	15108704.0000	2500.00000000	2000.00000000	206.200000000	6466.00000000	1700.00000000	6000.00000000	13314.0000000	5801.00000000	23.4081460007	23.5137486754	23.1798541774	-0.365118443319	23.6668057909	26.2141808083	24.1922097605	-10.8927789160	23.5243397747	23.2737861163	23.2758785345	23.8878234650	23.9764863670	22.7635844875	-12.4077104270	0.882295696942	0.00000000000	0.100000000000	0.0500000000000	-0.00472006797791	0.00000000000	51.5527343750	0.00000000000	-0.571093738079	0.00000000000	14.7562503815	15.1250000000	14.7500000000	14.9812498093	14.8312501907	-300.000000000	3029.03970872	NaN	0.00000000000	22.2999572754	24.9999084473	640.000000000	24.4364926289	24.6990601296	25.1095767229	25.4496105086	23.9776819574	26.3152394694	-60.4428257950	-60.9382413295	-0.000859737396240	-0.000531673431396	-0.000859737396240	-0.000531673431396	NaN	NaN	NaN	NaN	NaN	0.00000000000	NaN	NaN	1.00000000000	0.00000000000	5.00000000000	0.00000000000

















3733299689.08	NaN	14.0000000000	120.000000000	0.00000000000	3.00000000000	NaN	3.49516153336	-3.46396456708	0.976674079895	-4.03208101180	0.990784168243	0.0211257934570	0.100863933563	0.138600349426	3.90623965302	92.9738926506	0.0985016956329	1015.59084189	-0.0145893096924	0.000668001174927	0.00114912986755	200000.000000	16.0000000000	0.00000000000	166.000000000	232.000000000	5.00000000000	0.950000000000	-0.740000000000	22.3000000000	0.00000000000	232.000000000	32.0000000000	15108704.0000	2500.00000000	2000.00000000	206.200000000	6466.00000000	1700.00000000	6000.00000000	13314.0000000	5801.00000000	23.4081460007	23.5137486754	23.1798541774	-0.365118443319	23.6668057909	26.2141808083	24.1922097605	-10.8927789160	23.5243397747	23.2737861163	23.2758785345	23.8878234650	23.9764863670	22.7635844875	-12.4077104270	0.882295696942	0.00000000000	0.100000000000	0.0500000000000	-0.0210023880005	0.00000000000	51.1210937500	-0.000390625005821	-0.575585961342	0.00000000000	14.7562503815	15.1250000000	14.7500000000	14.9812498093	14.8312501907	-300.000000000	4460.42555541	NaN	0.00000000000	22.2999572754	24.9999084473	640.000000000	24.4364926289	24.6990601296	25.1095767229	25.4496105086	23.9776819574	26.3152394694	-60.4428257950	-60.9382413295	-0.000859737396240	-0.000531673431396	-0.000859737396240	-0.000531673431396	NaN	NaN	NaN	NaN	NaN	0.00000000000	NaN	NaN	1.00000000000	0.00000000000	5.00000000000	0.00000000000

















3733299689.28	NaN	11.0000000000	118.000000000	1.00000000000	1.00000000000	NaN	3.48400449753	-3.24348517051	0.968142509460	-4.28029064402	0.976346015930	0.0257196426392	0.104473590851	0.140241146088	4.00143079948	89.3568503952	0.100930681229	1015.32886530	-0.0127253532410	0.000686430931091	0.00123052597046	200000.000000	16.0000000000	0.00000000000	166.000000000	232.000000000	5.00000000000	0.950000000000	-0.740000000000	22.3000000000	0.00000000000	232.000000000	32.0000000000	15108704.0000	2500.00000000	2000.00000000	206.200000000	6466.00000000	1700.00000000	6000.00000000	13314.0000000	5801.00000000	23.4081460007	23.5137486754	23.1798541774	-0.365118443319	23.6668057909	26.2141808083	24.1922097605	-10.8927789160	23.5243397747	23.2737861163	23.2758785345	23.8878234650	23.9764863670	22.7635844875	-12.4077104270	0.882295696942	0.00000000000	0.100000000000	0.0500000000000	-0.0100871086121	0.00000000000	51.1210937500	-0.000390625005821	-0.575585961342	0.00000000000	14.7562503815	15.0000000000	14.7500000000	14.9812498093	14.8312501907	-300.000000000	1479.32049565	NaN	0.00000000000	22.3002014160	25.0001831055	640.000000000	24.4364926289	24.6990601296	25.1095767229	25.4496105086	23.9776819574	26.3152394694	-60.4428257950	-60.9382413295	-0.000859737396240	-0.000531673431396	-0.000859737396240	-0.000531673431396	NaN	NaN	NaN	NaN	NaN	0.00000000000	NaN	NaN	1.00000000000	0.00000000000	5.00000000000	0.00000000000


















3733299689.48	NaN	13.0000000000	116.000000000	0.00000000000	0.00000000000	NaN	3.47973871231	-3.13747532628	0.969783306122	-4.25695948770	0.975033283234	0.0280165672302	0.103817462921	0.137287616730	3.96335157452	90.1181582565	0.0993113574982	1015.28521311	-0.00469255447388	0.000673890113831	0.00121209621429	200000.000000	16.0000000000	0.00000000000	166.000000000	232.000000000	5.00000000000	0.950000000000	-0.740000000000	22.3000000000	0.00000000000	232.000000000	32.0000000000	15108704.0000	2500.00000000	2000.00000000	206.200000000	6466.00000000	1700.00000000	6000.00000000	13314.0000000	5801.00000000	23.4081460007	23.5137486754	23.1798541774	-0.365118443319	23.6668057909	26.2141808083	24.1922097605	-10.8927789160	23.5243397747	23.2737861163	23.2758785345	23.8878234650	23.9764863670	22.7635844875	-12.4077104270	0.882295696942	0.00000000000	0.100000000000	0.0500000000000	-0.00436043739319	0.00000000000	51.1972656250	-0.000390625005821	-0.570898473263	0.00000000000	14.7562503815	15.0000000000	14.7500000000	14.9812498093	14.8312501907	-300.000000000	0.00000000000	NaN	0.00000000000	22.3002014160	25.0001831055	640.000000000	24.4364926289	24.6990601296	25.1095767229	25.4496105086	23.9776819574	26.3152394694	-60.4428257950	-60.9382413295	-0.000859737396240	-0.000531673431396	-0.000859737396240	-0.000531673431396	NaN	NaN	NaN	NaN	NaN	0.00000000000	NaN	NaN	1.00000000000	0.00000000000	5.00000000000	0.00000000000


















3733299689.68	NaN	11.0000000000	106.000000000	0.00000000000	0.00000000000	NaN	3.50238037109	-3.18287618955	0.966829776764	-4.24918552670	0.985534191132	0.0250635147095	0.103160858154	0.137287616730	3.85864407978	86.3107890358	0.0993113574982	1015.37251749	-0.00436449050903	0.000715923309326	0.00123701095581	200000.000000	16.0000000000	0.00000000000	166.000000000	232.000000000	5.00000000000	0.950000000000	-0.740000000000	22.3000000000	0.00000000000	232.000000000	32.0000000000	15108704.0000	2500.00000000	2000.00000000	206.200000000	6466.00000000	1700.00000000	6000.00000000	13314.0000000	5801.00000000	23.4081460007	23.5137486754	23.1798541774	-0.365118443319	23.6668057909	26.2141808083	24.1922097605	-10.8927789160	23.5243397747	23.2737861163	23.2758785345	23.8878234650	23.9764863670	22.7635844875	-12.4077104270	0.882295696942	0.00000000000	0.100000000000	0.0500000000000	-0.00423970222473	0.00000000000	51.1972656250	-0.000390625005821	-0.570898473263	0.00000000000	14.7500000000	15.1000003815	14.7500000000	14.9812498093	14.8312501907	-300.000000000	0.00000000000	NaN	0.00000000000	22.3002014160	25.0001831055	640.000000000	24.4364926289	24.6990601296	25.1095767229	25.4496105086	23.9776819574	26.3152394694	-60.4428257950	-60.9382413295	-0.000859737396240	-0.000531673431396	-0.000859737396240	-0.000531673431396	NaN	NaN	NaN	NaN	NaN	0.00000000000	NaN	NaN	1.00000000000	0.00000000000	5.00000000000	0.00000000000

















3733299689.88	NaN	14.0000000000	100.000000000	0.00000000000	3.00000000000	NaN	3.48203563690	-3.34978108978	0.967486381531	-4.24918552670	0.980611801147	0.0240788459778	0.100535869598	0.137616157532	3.99191445122	87.0723735352	0.102551181793	1015.37251749	-0.00662183761597	0.000668025016785	0.00120363235474	200000.000000	16.0000000000	0.00000000000	166.000000000	232.000000000	5.00000000000	0.950000000000	-0.740000000000	22.3000000000	0.00000000000	232.000000000	32.0000000000	15108704.0000	2500.00000000	2000.00000000	206.200000000	6466.00000000	1700.00000000	6000.00000000	13314.0000000	5801.00000000	23.4081460007	23.5137486754	23.1798541774	-0.365118443319	23.6668057909	26.2141808083	24.1922097605	-10.8927789160	23.5243397747	23.2737861163	23.2758785345	23.8878234650	23.9764863670	22.7635844875	-12.4077104270	0.882295696942	0.00000000000	0.100000000000	0.0500000000000	-0.00450482368469	0.00000000000	49.4394531250	0.00000000000	-0.576757848263	-0.0195312500000	14.7500000000	15.1000003815	14.7500000000	14.9812498093	14.8312501907	-300.000000000	4302.90738927	NaN	0.00000000000	22.3003234863	24.9998474121	640.000000000	24.4364926289	24.6990601296	25.1095767229	25.4496105086	23.9776819574	26.3152394694	-60.4428257950	-60.9382413295	-0.000859737396240	-0.000531673431396	-0.000859737396240	-0.000531673431396	NaN	NaN	NaN	NaN	NaN	0.00000000000	NaN	NaN	1.00000000000	0.00000000000	5.00000000000	0.00000000000

















3733299690.08	NaN	10.0000000000	130.000000000	0.00000000000	0.00000000000	NaN	3.49581766129	-3.28141548769	0.967814445496	-4.24918552670	0.976017951965	0.0234227180481	0.102832794189	0.136959552765	3.97286792278	88.0242849998	0.104980167389	1015.37251749	-0.00796079635620	0.000671291351318	0.00120298862457	200000.000000	16.0000000000	0.00000000000	166.000000000	232.000000000	5.00000000000	0.950000000000	-0.740000000000	22.3000000000	0.00000000000	232.000000000	32.0000000000	15108704.0000	2500.00000000	2000.00000000	206.200000000	6466.00000000	1700.00000000	6000.00000000	13314.0000000	5801.00000000	23.4081460007	23.5137486754	23.1798541774	-0.365118443319	23.6668057909	26.2141808083	24.1922097605	-10.8927789160	23.5243397747	23.2737861163	23.2758785345	23.8878234650	23.9764863670	22.7635844875	-12.4077104270	0.882295696942	0.00000000000	0.100000000000	0.0500000000000	-0.00322237014771	0.00000000000	49.4394531250	0.00000000000	-0.576757848263	-0.0195312500000	14.7562503815	15.0000000000	14.7500000000	14.9812498093	14.8312501907	-300.000000000	0.00000000000	NaN	0.00000000000	22.3003234863	24.9998474121	640.000000000	24.4364926289	24.6990601296	25.1095767229	25.4496105086	23.9776819574	26.3152394694	-59.9660552071	-60.9382413295	-0.000859737396240	-0.000531673431396	-0.000859737396240	-0.000531673431396	NaN	NaN	NaN	NaN	NaN	0.00000000000	NaN	NaN	1.00000000000	0.00000000000	5.00000000000	0.00000000000

















3733299690.28	NaN	8.00000000000	97.0000000000	1.00000000000	1.00000000000	NaN	3.48597335815	-3.40302754992	0.964860916138	-4.27251204521	0.976346015930	0.0237507820129	0.103489398956	0.139913082123	4.04902637272	86.3107890358	0.0993113574982	1015.41616968	-0.0117015838623	0.000684452056885	0.00121023654938	200000.000000	16.0000000000	0.00000000000	166.000000000	232.000000000	5.00000000000	0.950000000000	-0.740000000000	22.3000000000	0.00000000000	232.000000000	32.0000000000	15108704.0000	2500.00000000	2000.00000000	206.200000000	6466.00000000	1700.00000000	6000.00000000	13314.0000000	5801.00000000	23.4081460007	23.5137486754	23.1798541774	-0.365118443319	23.6668057909	26.2141808083	24.1922097605	-10.8927789160	23.5243397747	23.2737861163	23.2758785345	23.8878234650	23.9764863670	22.7635844875	-12.4077104270	0.882295696942	0.00000000000	0.100000000000	0.0500000000000	-0.00550103187561	0.00000000000	49.1757812500	0.00000000000	-0.571679711342	0.00000000000	14.7562503815	15.0000000000	14.7500000000	14.9812498093	14.8312501907	-300.000000000	1398.45097522	NaN	0.00000000000	22.3002624512	25.0002441406	640.000000000	24.4364926289	24.6990601296	25.1095767229	25.4496105086	23.9776819574	26.3152394694	-59.9660552071	-60.9382413295	-0.000859737396240	-0.000531673431396	-0.000859737396240	-0.000531673431396	NaN	NaN	NaN	NaN	NaN	0.00000000000	NaN	NaN	1.00000000000	0.00000000000	5.00000000000	0.00000000000


















3733299690.48	NaN	11.0000000000	126.000000000	0.00000000000	3.00000000000	NaN	3.48269224167	-3.13747532628	0.967486381531	-4.25695948770	0.975033283234	0.0237507820129	0.102832794189	0.136303424835	3.95383522625	88.0242849998	0.103360843658	1015.32886530	-0.0101265907288	0.000687026977539	0.00118198394775	200000.000000	16.0000000000	0.00000000000	166.000000000	232.000000000	5.00000000000	0.950000000000	-0.740000000000	22.3000000000	0.00000000000	232.000000000	32.0000000000	15108704.0000	2500.00000000	2000.00000000	206.200000000	6466.00000000	1700.00000000	6000.00000000	13314.0000000	5801.00000000	23.4081460007	23.5137486754	23.1798541774	-0.365118443319	23.6668057909	26.2141808083	24.1922097605	-10.8927789160	23.5243397747	23.2737861163	23.2758785345	23.8878234650	23.9764863670	22.7635844875	-12.4077104270	0.882295696942	0.00000000000	0.100000000000	0.0500000000000	-0.00380387306213	0.00000000000	49.1757812500	0.00000000000	-0.571679711342	0.00000000000	14.7500000000	15.1187505722	14.7500000000	14.9875001907	14.8289070129	-300.000000000	4327.44292221	NaN	0.00000000000	22.3002624512	25.0002441406	640.000000000	24.4364926289	24.6990601296	25.1095767229	25.4496105086	23.9776819574	26.3152394694	-59.9660552071	-60.9382413295	-0.000859737396240	-0.000531673431396	-0.000859737396240	-0.000531673431396	NaN	NaN	NaN	NaN	NaN	0.00000000000	NaN	NaN	1.00000000000	0.00000000000	5.00000000000	0.00000000000


















3733299690.68	NaN	13.0000000000	104.000000000	1.00000000000	0.00000000000	NaN	3.49778652191	-3.35738188789	0.965517520905	-4.24918552670	0.980283737183	0.0260477066040	0.101520538330	0.139256477356	3.42079523621	76.2209701309	0.0968823719025	1015.50353751	-0.0154557228088	0.000671982765198	0.00118517875671	200000.000000	16.0000000000	0.00000000000	166.000000000	232.000000000	5.00000000000	0.950000000000	-0.740000000000	22.3000000000	0.00000000000	232.000000000	32.0000000000	15108704.0000	2500.00000000	2000.00000000	206.200000000	6466.00000000	1700.00000000	6000.00000000	13314.0000000	5801.00000000	23.4081460007	23.5137486754	23.1798541774	-0.365118443319	23.6668057909	26.2141808083	24.1922097605	-10.8927789160	23.5243397747	23.2737861163	23.2758785345	23.8878234650	23.9764863670	22.7635844875	-12.4077104270	0.882295696942	0.00000000000	0.100000000000	0.0500000000000	-0.00501017570496	0.00000000000	48.8789062500	0.00000000000	-0.576367199421	0.00000000000	14.7500000000	15.1187505722	14.7500000000	14.9875001907	14.8289070129	-300.000000000	0.00000000000	NaN	0.00000000000	22.3002624512	25.0002441406	640.000000000	24.4364926289	24.6990601296	25.1095767229	25.4496105086	23.9776819574	26.3152394694	-59.9660552071	-60.9382413295	-0.000859737396240	-0.000531673431396	-0.000859737396240	-0.000531673431396	NaN	NaN	NaN	NaN	NaN	0.00000000000	NaN	NaN	1.00000000000	0.00000000000	5.00000000000	0.00000000000


















3733299690.88	NaN	17.0000000000	97.0000000000	0.00000000000	1.00000000000	NaN	3.49056720734	-3.25865969322	0.965845584869	-4.21809381855	0.976674079895	0.0234227180481	0.100863933563	0.137944221497	4.01094714775	87.6433544312	0.0960715332031	1015.11054090	-0.0139198303223	0.000696277618408	0.00120682716370	200000.000000	16.0000000000	0.00000000000	166.000000000	232.000000000	5.00000000000	0.950000000000	-0.740000000000	22.3000000000	0.00000000000	232.000000000	32.0000000000	15108704.0000	2500.00000000	2000.00000000	206.200000000	6466.00000000	1700.00000000	6000.00000000	13314.0000000	5801.00000000	23.4081460007	23.5137486754	23.1798541774	-0.365118443319	23.6668057909	26.2141808083	24.1922097605	-10.8927789160	23.5243397747	23.2737861163	23.2758785345	23.8878234650	23.9764863670	22.7635844875	-12.4077104270	0.882295696942	0.00000000000	0.100000000000	0.0500000000000	-0.00477652549744	0.00000000000	48.8789062500	0.00000000000	-0.576367199421	0.00000000000	14.7500000000	15.0124998093	14.7500000000	14.9875001907	14.8312501907	-300.000000000	1348.98807899	NaN	0.00000000000	22.3002319336	24.9999694824	640.000000000	24.4364926289	24.6990601296	25.1095767229	25.4496105086	23.9776819574	26.3152394694	-59.9660552071	-60.9382413295	-0.000859737396240	-0.000531673431396	-0.000859737396240	-0.000531673431396	NaN	NaN	NaN	NaN	NaN	0.00000000000	NaN	NaN	1.00000000000	0.00000000000	5.00000000000	0.00000000000


















3733299691.08	NaN	11.0000000000	119.000000000	0.00000000000	0.00000000000	NaN	3.49023914337	-3.12235649115	0.963548660278	-4.27251204521	0.973392963409	-0.000859737396240	0.101191997528	0.137616157532	4.01094714775	89.5471773605	0.102551181793	1015.24156092	-0.0131058692932	0.000656175613403	0.00117211341858	200000.000000	16.0000000000	0.00000000000	166.000000000	232.000000000	5.00000000000	0.950000000000	-0.740000000000	22.3000000000	0.00000000000	232.000000000	32.0000000000	15108704.0000	2500.00000000	2000.00000000	206.200000000	6466.00000000	1700.00000000	6000.00000000	13314.0000000	5801.00000000	23.4081460007	23.5137486754	23.1798541774	-0.365118443319	23.6668057909	26.2141808083	24.1922097605	-10.8927789160	23.5243397747	23.2737861163	23.2758785345	23.8878234650	23.9764863670	22.7635844875	-12.4077104270	0.882295696942	0.00000000000	0.100000000000	0.0500000000000	-0.00415043830872	0.00000000000	51.0507812500	0.00000000000	-0.572070300579	0.00000000000	14.7500000000	15.0124998093	14.7500000000	14.9875001907	14.8312501907	-300.000000000	0.00000000000	NaN	0.00000000000	22.3002319336	24.9999694824	640.000000000	24.4364926289	24.6990601296	25.1095767229	25.4496105086	23.9776819574	26.3152394694	-59.9660552071	-60.2819306401	-0.000859737396240	-0.000531673431396	-0.000859737396240	-0.000531673431396	NaN	NaN	NaN	NaN	NaN	0.00000000000	NaN	NaN	1.00000000000	0.00000000000	5.00000000000	0.00000000000


















3733299691.28	NaN	10.0000000000	122.000000000	0.00000000000	2.00000000000	NaN	3.49483346939	-3.36498410392	0.961251735687	-4.27251204521	0.978314876556	0.000124454498291	0.0995516777039	0.137944221497	4.05854272099	88.2146119652	0.107410329819	1015.11054090	-0.0149307250977	0.000661444664001	0.00115833282471	200000.000000	16.0000000000	0.00000000000	166.000000000	232.000000000	5.00000000000	0.950000000000	-0.740000000000	22.3000000000	0.00000000000	232.000000000	32.0000000000	15108704.0000	2500.00000000	2000.00000000	206.200000000	6466.00000000	1700.00000000	6000.00000000	13314.0000000	5801.00000000	23.4081460007	23.5137486754	23.1798541774	-0.365118443319	23.6668057909	26.2141808083	24.1922097605	-10.8927789160	23.5243397747	23.2737861163	23.2758785345	23.8878234650	23.9764863670	22.7635844875	-12.4077104270	0.882295696942	0.00000000000	0.100000000000	0.0500000000000	-0.00512304306030	0.00000000000	51.0507812500	0.00000000000	-0.572070300579	0.00000000000	14.7562503815	15.1250000000	14.7500000000	14.9875001907	14.8312501907	-300.000000000	2956.09319476	NaN	0.00000000000	22.3000793457	24.9998168945	640.000000000	24.4364926289	24.6990601296	25.1095767229	25.4496105086	23.9776819574	26.3152394694	-59.9660552071	-60.2819306401	-0.000859737396240	-0.000531673431396	-0.000859737396240	-0.000531673431396	NaN	NaN	NaN	NaN	NaN	0.00000000000	NaN	NaN	1.00000000000	0.00000000000	5.00000000000	0.00000000000


















3733299691.48	NaN	12.0000000000	121.000000000	1.00000000000	1.00000000000	NaN	3.50172424316	-3.28141548769	0.961579799652	-4.28807079107	0.969455242157	-0.000531673431396	0.101520538330	0.137944221497	4.04902637272	86.3107890358	0.0993113574982	1015.24156092	-0.0178575515747	0.000692319869995	0.00117995738983	200000.000000	16.0000000000	0.00000000000	166.000000000	232.000000000	5.00000000000	0.950000000000	-0.740000000000	22.3000000000	0.00000000000	232.000000000	32.0000000000	15108704.0000	2500.00000000	2000.00000000	206.200000000	6466.00000000	1700.00000000	6000.00000000	13314.0000000	5801.00000000	23.4081460007	23.5137486754	23.1798541774	-0.365118443319	23.6668057909	26.2141808083	24.1922097605	-10.8927789160	23.5243397747	23.2737861163	23.2758785345	23.8878234650	23.9764863670	22.7635844875	-12.4077104270	0.882295696942	0.00000000000	0.100000000000	0.0500000000000	-0.00531206130981	0.00000000000	48.7480468750	0.00000000000	-0.576367199421	0.00000000000	14.7562503815	15.1250000000	14.7500000000	14.9875001907	14.8312501907	-300.000000000	1509.11975743	NaN	0.00000000000	22.3000793457	24.9998168945	640.000000000	24.4364926289	24.6990601296	25.1095767229	25.4496105086	23.9776819574	26.3152394694	-59.9660552071	-60.2819306401	-0.000859737396240	-0.000531673431396	-0.000859737396240	-0.000531673431396	NaN	NaN	NaN	NaN	NaN	0.00000000000	NaN	NaN	1.00000000000	0.00000000000	5.00000000000	0.00000000000


















3733299691.68	NaN	13.0000000000	141.000000000	0.00000000000	0.00000000000	NaN	3.48925495148	-3.32697615223	0.960595130920	-4.24918552670	0.973064422607	-0.000203609466553	0.100207805634	0.137944221497	4.02997984428	87.4530274658	0.105789829254	1015.41616968	-0.0156526565552	0.000691652297974	0.00120887756348	200000.000000	16.0000000000	0.00000000000	166.000000000	232.000000000	5.00000000000	0.950000000000	-0.740000000000	22.3000000000	0.00000000000	232.000000000	32.0000000000	15108704.0000	2500.00000000	2000.00000000	206.200000000	6466.00000000	1700.00000000	6000.00000000	13314.0000000	5801.00000000	23.4081460007	23.5137486754	23.1798541774	-0.365118443319	23.6668057909	26.2141808083	24.1922097605	-10.8927789160	23.5243397747	23.2737861163	23.2758785345	23.8878234650	23.9764863670	22.7635844875	-12.4077104270	0.882295696942	0.00000000000	0.100000000000	0.0500000000000	-0.00413336753845	0.00000000000	48.7480468750	0.00000000000	-0.576367199421	0.00000000000	14.7500000000	15.0000000000	14.7500000000	14.9812498093	14.8312501907	-300.000000000	0.00000000000	NaN	0.00000000000	22.3000793457	24.9998168945	640.000000000	24.4364926289	24.6990601296	25.1095767229	25.4496105086	23.9776819574	26.3152394694	-59.9660552071	-60.2819306401	-0.000859737396240	-0.000531673431396	-0.000859737396240	-0.000531673431396	NaN	NaN	NaN	NaN	NaN	0.00000000000	NaN	NaN	1.00000000000	0.00000000000	5.00000000000	0.00000000000

















3733299691.88	NaN	11.0000000000	117.000000000	0.00000000000	0.00000000000	NaN	3.50270843506	-3.50210089686	0.958298206329	-4.23363094078	0.980283737183	-0.000203609466553	0.0992236137390	0.138600349426	4.05854272099	88.4049389305	0.0993113574982	1015.32886530	-0.0151271820068	0.000710749626160	0.00120034217834	200000.000000	16.0000000000	0.00000000000	166.000000000	232.000000000	5.00000000000	0.950000000000	-0.740000000000	22.3000000000	0.00000000000	232.000000000	32.0000000000	15108704.0000	2500.00000000	2000.00000000	206.200000000	6466.00000000	1700.00000000	6000.00000000	13314.0000000	5801.00000000	23.4081460007	23.5137486754	23.1798541774	-0.365118443319	23.6668057909	26.2141808083	24.1922097605	-10.8927789160	23.5243397747	23.2737861163	23.2758785345	23.8878234650	23.9764863670	22.7635844875	-12.4077104270	0.882295696942	0.00000000000	0.100000000000	0.0500000000000	-0.00396800041199	0.00000000000	54.9433593750	0.00000000000	-0.571289062500	0.00000000000	14.7500000000	15.0000000000	14.7500000000	14.9812498093	14.8312501907	-300.000000000	0.00000000000	NaN	0.00000000000	22.2998962402	25.0003662109	640.000000000	24.4364926289	24.6990601296	25.1095767229	25.4496105086	23.9776819574	26.3152394694	-59.9660552071	-60.2819306401	-0.000859737396240	-0.000531673431396	-0.000859737396240	-0.000531673431396	NaN	NaN	NaN	NaN	NaN	0.00000000000	NaN	NaN	1.00000000000	0.00000000000	5.00000000000	0.00000000000


















3733299692.08	NaN	11.0000000000	117.000000000	0.00000000000	1.00000000000	NaN	3.48827028275	-3.22832728027	0.960595130920	-4.28029064402	0.969783306122	-0.000531673431396	0.101848602295	0.138600349426	4.09660811405	89.9278312912	0.0985016956329	1015.06688870	-0.0136179924011	0.000700187683105	0.00122134685516	200000.000000	16.0000000000	0.00000000000	166.000000000	232.000000000	5.00000000000	0.950000000000	-0.740000000000	22.3000000000	0.00000000000	232.000000000	32.0000000000	15108704.0000	2500.00000000	2000.00000000	206.200000000	6466.00000000	1700.00000000	6000.00000000	13314.0000000	5801.00000000	23.4081460007	23.5137486754	23.1798541774	-0.365118443319	23.6668057909	26.2141808083	24.1922097605	-10.8927789160	23.5243397747	23.2737861163	23.2758785345	23.8878234650	23.9764863670	22.7635844875	-12.4077104270	0.882295696942	0.00000000000	0.100000000000	0.0500000000000	-0.00420036315918	0.00000000000	54.9433593750	0.00000000000	-0.571289062500	0.00000000000	14.7562503815	15.0375003815	14.7500000000	14.9812498093	14.8312501907	-300.000000000	1372.82491023	NaN	0.00000000000	22.2998962402	25.0003662109	640.000000000	24.4364926289	24.6990601296	25.1095767229	25.4496105086	23.9776819574	26.3152394694	-59.9660552071	-60.2819306401	-0.000203609466553	-0.000531673431396	-0.000859737396240	-0.000531673431396	NaN	NaN	NaN	NaN	NaN	0.00000000000	NaN	NaN	1.00000000000	0.00000000000	5.00000000000	0.00000000000


















3733299692.28	NaN	15.0000000000	127.000000000	0.00000000000	3.00000000000	NaN	3.49614572525	-3.43347909373	0.960595130920	-4.24918552670	0.974049091339	-0.000203609466553	0.0985670089722	0.138600349426	4.02997984428	89.5471773605	0.101740343094	1015.32886530	-0.0219922065735	0.000652909278870	0.00113401412964	200000.000000	16.0000000000	0.00000000000	166.000000000	232.000000000	5.00000000000	0.950000000000	-0.740000000000	22.3000000000	0.00000000000	232.000000000	32.0000000000	15108704.0000	2500.00000000	2000.00000000	206.200000000	6466.00000000	1700.00000000	6000.00000000	13314.0000000	5801.00000000	23.4081460007	23.5137486754	23.1798541774	-0.365118443319	23.6668057909	26.2141808083	24.1922097605	-10.8927789160	23.5243397747	23.2737861163	23.2758785345	23.8878234650	23.9764863670	22.7635844875	-12.4077104270	0.882295696942	0.00000000000	0.100000000000	0.0500000000000	-0.00602474212646	0.00000000000	47.5722656250	0.00000000000	-0.573242187500	0.00000000000	14.7562503815	15.0375003815	14.7500000000	14.9812498093	14.8312501907	-300.000000000	4478.73946689	NaN	0.00000000000	22.3003845215	24.9999084473	640.000000000	24.4364926289	24.6990601296	25.1095767229	25.4496105086	23.9776819574	26.3152394694	-59.9660552071	-60.2819306401	-0.000203609466553	-0.000531673431396	-0.000859737396240	-0.000531673431396	NaN	NaN	NaN	NaN	NaN	0.00000000000	NaN	NaN	1.00000000000	0.00000000000	5.00000000000	0.00000000000

















3733299692.48	NaN	12.0000000000	126.000000000	2.00000000000	1.00000000000	NaN	3.49450492859	-3.26624355205	0.960267066956	-4.26473499349	0.970767498016	-0.000531673431396	0.100535869598	0.138928413391	4.07757541752	88.2146119652	0.102551181793	1015.32886530	-0.0197215080261	0.000697612762451	0.00123639106750	200000.000000	16.0000000000	0.00000000000	166.000000000	232.000000000	5.00000000000	0.950000000000	-0.740000000000	22.3000000000	0.00000000000	232.000000000	32.0000000000	15108704.0000	2500.00000000	2000.00000000	206.200000000	6466.00000000	1700.00000000	6000.00000000	13314.0000000	5801.00000000	23.4081460007	23.5137486754	23.1798541774	-0.365118443319	23.6668057909	26.2141808083	24.1922097605	-10.8927789160	23.5243397747	23.2737861163	23.2758785345	23.8878234650	23.9764863670	22.7635844875	-12.4077104270	0.882295696942	0.00000000000	0.100000000000	0.0500000000000	-0.00507450103760	0.00000000000	47.5722656250	0.00000000000	-0.573242187500	0.00000000000	14.7500000000	15.0562505722	14.7500000000	14.9812498093	14.8312501907	-300.000000000	1424.08449615	NaN	0.00000000000	22.3003845215	24.9999084473	640.000000000	24.4364926289	24.6990601296	25.1095767229	25.4496105086	23.9776819574	26.3152394694	-59.9660552071	-60.2819306401	-0.000203609466553	-0.000531673431396	-0.000859737396240	-0.000531673431396	NaN	NaN	NaN	NaN	NaN	0.00000000000	NaN	NaN	1.00000000000	0.00000000000	5.00000000000	0.00000000000

















3733299692.68	NaN	14.0000000000	118.000000000	0.00000000000	1.00000000000	NaN	3.49352073669	-3.35738188789	0.954032421112	-4.23363094078	0.979627609253	-0.000203609466553	0.0998797416687	0.137616157532	4.26794387856	92.2123081512	0.106599491119	1015.41616968	-0.0211782455444	0.000681757926941	0.00118849277496	200000.000000	16.0000000000	0.00000000000	166.000000000	232.000000000	5.00000000000	0.950000000000	-0.740000000000	22.3000000000	0.00000000000	232.000000000	32.0000000000	15108704.0000	2500.00000000	2000.00000000	206.200000000	6466.00000000	1700.00000000	6000.00000000	13314.0000000	5801.00000000	23.4081460007	23.5137486754	23.1798541774	-0.365118443319	23.6668057909	26.2141808083	24.1922097605	-10.8927789160	23.5243397747	23.2737861163	23.2758785345	23.8878234650	23.9764863670	22.7635844875	-12.4077104270	0.882295696942	0.00000000000	0.100000000000	0.0500000000000	-0.00454807281494	0.00000000000	54.7011718750	0.00000000000	-0.570703148842	0.00000000000	14.7500000000	15.0562505722	14.7500000000	14.9812498093	14.8312501907	-300.000000000	1372.82491023	NaN	0.00000000000	22.3003845215	24.9999084473	640.000000000	24.4364926289	24.6990601296	25.1095767229	25.4496105086	23.9776819574	26.3152394694	-59.9660552071	-60.2819306401	-0.000203609466553	-0.000531673431396	-0.000859737396240	-0.000531673431396	NaN	NaN	NaN	NaN	NaN	0.00000000000	NaN	NaN	1.00000000000	0.00000000000	5.00000000000	0.00000000000

















3733299692.88	NaN	10.0000000000	140.000000000	0.00000000000	0.00000000000	NaN	3.49844264984	-3.24348517051	0.956985473633	-4.30364704843	0.970439434052	-0.000531673431396	0.101520538330	0.138928413391	4.10613829422	86.3107890358	0.101740343094	1015.37251749	-0.0266385078430	0.000658822059631	0.00119311809540	200000.000000	16.0000000000	0.00000000000	166.000000000	232.000000000	5.00000000000	0.950000000000	-0.740000000000	22.3000000000	0.00000000000	232.000000000	32.0000000000	15108704.0000	2500.00000000	2000.00000000	206.200000000	6466.00000000	1700.00000000	6000.00000000	13314.0000000	5801.00000000	23.4081460007	23.5137486754	23.1798541774	-0.365118443319	23.6668057909	26.2141808083	24.1922097605	-10.8927789160	23.5243397747	23.2737861163	23.2758785345	23.8878234650	23.9764863670	22.7635844875	-12.4077104270	0.882295696942	0.00000000000	0.100000000000	0.0500000000000	-0.00829420089722	0.00000000000	54.7011718750	0.00000000000	-0.570703148842	0.00000000000	14.7562503815	15.1250000000	14.7500000000	14.9812498093	14.8312501907	-300.000000000	0.00000000000	NaN	0.00000000000	22.3001403809	25.0002136230	640.000000000	24.4364926289	24.6990601296	25.1095767229	25.4496105086	23.9776819574	26.3152394694	-59.9660552071	-60.2819306401	-0.000203609466553	-0.000531673431396	-0.000859737396240	-0.000531673431396	NaN	NaN	NaN	NaN	NaN	0.00000000000	NaN	NaN	1.00000000000	0.00000000000	5.00000000000	0.00000000000


















3733299693.08	NaN	11.0000000000	129.000000000	0.00000000000	0.00000000000	NaN	3.48728609085	-3.22075043653	0.957970142365	-4.24918552670	0.977002143860	-0.000531673431396	0.0982389450073	0.135975360870	4.06805906925	89.5471773605	0.0993113574982	1015.63449409	-0.0219135284424	0.000680494308472	0.00117471218109	200000.000000	16.0000000000	0.00000000000	166.000000000	232.000000000	5.00000000000	0.950000000000	-0.740000000000	22.3000000000	0.00000000000	232.000000000	32.0000000000	15108704.0000	2500.00000000	2000.00000000	206.200000000	6466.00000000	1700.00000000	6000.00000000	13314.0000000	5801.00000000	23.4081460007	23.5137486754	23.1798541774	-0.365118443319	23.6668057909	26.2141808083	24.1922097605	-10.8927789160	23.5243397747	23.2737861163	23.2758785345	23.8878234650	23.9764863670	22.7635844875	-12.4077104270	0.882295696942	0.00000000000	0.100000000000	0.0500000000000	-0.00885195732117	0.00000000000	45.5605468750	0.00000000000	-0.574609398842	0.00000000000	14.7562503815	15.1250000000	14.7500000000	14.9812498093	14.8312501907	-300.000000000	0.00000000000	NaN	0.00000000000	22.3001403809	25.0002136230	640.000000000	24.4364926289	24.6990601296	25.1095767229	25.4496105086	23.9776819574	26.3152394694	-59.9660552071	-60.2819306401	-0.000203609466553	-0.000531673431396	-0.000859737396240	-0.000531673431396	NaN	NaN	NaN	NaN	NaN	0.00000000000	NaN	NaN	1.00000000000	0.00000000000	5.00000000000	0.00000000000

















3733299693.28	NaN	17.0000000000	111.000000000	0.00000000000	0.00000000000	NaN	3.49713039398	-3.42586406801	0.957642078400	-4.23363094078	0.977658748627	-0.000859737396240	0.0975828170776	0.137616157532	4.07757541752	86.1204620705	0.101740343094	1015.32886530	-0.0199971199036	0.000669336318970	0.00121479034424	200000.000000	16.0000000000	0.00000000000	166.000000000	232.000000000	5.00000000000	0.950000000000	-0.740000000000	22.3000000000	0.00000000000	232.000000000	32.0000000000	15108704.0000	2500.00000000	2000.00000000	206.200000000	6466.00000000	1700.00000000	6000.00000000	13314.0000000	5801.00000000	23.4081460007	23.5137486754	23.1798541774	-0.365118443319	23.6668057909	26.2141808083	24.1922097605	-10.8927789160	23.5243397747	23.2737861163	23.2758785345	23.8878234650	23.9764863670	22.7635844875	-12.4077104270	0.882295696942	0.00000000000	0.100000000000	0.0500000000000	-0.00263705253601	0.00000000000	45.5605468750	0.00000000000	-0.574609398842	0.00000000000	14.7562503815	15.0187501907	14.7500000000	14.9812498093	14.8312501907	-300.000000000	0.00000000000	NaN	0.00000000000	22.2998962402	25.0005187988	640.000000000	24.4364926289	24.6990601296	25.1095767229	25.4496105086	23.9776819574	26.3152394694	-59.9660552071	-60.2819306401	-0.000203609466553	-0.000531673431396	-0.000859737396240	-0.000531673431396	NaN	NaN	NaN	NaN	NaN	0.00000000000	NaN	NaN	1.00000000000	0.00000000000	5.00000000000	0.00000000000


















3733299693.48	NaN	14.0000000000	114.000000000	0.00000000000	2.00000000000	NaN	3.49122381210	-3.24348517051	0.957642078400	-4.26473499349	0.971095561981	-0.000859737396240	0.100863933563	0.137944221497	4.08709176579	88.7855928612	0.100930681229	1015.19784528	-0.0211257934570	0.000669336318970	0.00119574069977	200000.000000	16.0000000000	0.00000000000	166.000000000	232.000000000	5.00000000000	0.950000000000	-0.740000000000	22.3000000000	0.00000000000	232.000000000	32.0000000000	15108704.0000	2500.00000000	2000.00000000	206.200000000	6466.00000000	1700.00000000	6000.00000000	13314.0000000	5801.00000000	23.4081460007	23.5137486754	23.1798541774	-0.365118443319	23.6668057909	26.2141808083	24.1922097605	-10.8927789160	23.5243397747	23.2737861163	23.2758785345	23.8878234650	23.9764863670	22.7635844875	-12.4077104270	0.882295696942	0.00000000000	0.100000000000	0.0500000000000	-0.00759458541870	0.00000000000	53.3808593750	0.00000000000	-0.573242187500	0.00000000000	14.7562503815	15.0187501907	14.7500000000	14.9812498093	14.8312501907	-300.000000000	3210.10296717	NaN	0.00000000000	22.2998962402	25.0005187988	640.000000000	24.4364926289	24.6990601296	25.1095767229	25.4496105086	23.9776819574	26.3152394694	-59.9660552071	-60.2819306401	-0.000203609466553	-0.000531673431396	-0.000859737396240	-0.000531673431396	NaN	NaN	NaN	NaN	NaN	0.00000000000	NaN	NaN	1.00000000000	0.00000000000	5.00000000000	0.00000000000


















3733299693.68	NaN	14.0000000000	109.000000000	1.00000000000	0.00000000000	NaN	3.49581766129	-3.19044604349	0.959282875061	-4.24140181337	0.975033283234	-0.000859737396240	0.101520538330	0.138272285461	4.11565464249	87.6433544312	0.101740343094	1015.24156092	-0.0162954330444	0.000698184967041	0.00120491981506	200000.000000	16.0000000000	0.00000000000	166.000000000	232.000000000	5.00000000000	0.950000000000	-0.740000000000	22.3000000000	0.00000000000	232.000000000	32.0000000000	15108704.0000	2500.00000000	2000.00000000	206.200000000	6466.00000000	1700.00000000	6000.00000000	13314.0000000	5801.00000000	23.4081460007	23.5137486754	23.1798541774	-0.365118443319	23.6668057909	26.2141808083	24.1922097605	-10.8927789160	23.5243397747	23.2737861163	23.2758785345	23.8878234650	23.9764863670	22.7635844875	-12.4077104270	0.882295696942	0.00000000000	0.100000000000	0.0500000000000	-0.000458145141602	0.00000000000	53.3808593750	0.00000000000	-0.573242187500	0.00000000000	14.7562503815	15.0812501907	14.7500000000	14.9812498093	14.8312501907	-300.000000000	0.00000000000	NaN	0.00000000000	22.2998962402	25.0005187988	640.000000000	24.4364926289	24.6990601296	25.1095767229	25.4496105086	23.9776819574	26.3152394694	-59.9660552071	-60.2819306401	-0.000203609466553	-0.000531673431396	-0.000859737396240	-0.000531673431396	NaN	NaN	NaN	NaN	NaN	0.00000000000	NaN	NaN	1.00000000000	0.00000000000	5.00000000000	0.00000000000

















3733299693.88	NaN	10.0000000000	98.0000000000	0.00000000000	1.00000000000	NaN	3.49089574814	-3.14503682610	0.958626270294	-4.24918552670	0.980611801147	-0.000859737396240	0.0992236137390	0.135318756104	4.09660811405	88.4049389305	0.103360843658	1015.37251749	-0.0161776542664	0.000684428215027	0.00120687484741	200000.000000	16.0000000000	0.00000000000	166.000000000	232.000000000	5.00000000000	0.950000000000	-0.740000000000	22.3000000000	0.00000000000	232.000000000	32.0000000000	15108704.0000	2500.00000000	2000.00000000	206.200000000	6466.00000000	1700.00000000	6000.00000000	13314.0000000	5801.00000000	23.4081460007	23.5137486754	23.1798541774	-0.365118443319	23.6668057909	26.2141808083	24.1922097605	-10.8927789160	23.5243397747	23.2737861163	23.2758785345	23.8878234650	23.9764863670	22.7635844875	-12.4077104270	0.882295696942	0.00000000000	0.100000000000	0.0500000000000	-0.00217247009277	0.00000000000	45.6367187500	0.00000000000	-0.572265625000	0.00000000000	14.7562503815	15.0812501907	14.7500000000	14.9812498093	14.8312501907	-300.000000000	1571.29323058	NaN	0.00000000000	22.3003540039	24.9999694824	640.000000000	24.4364926289	24.6990601296	25.1095767229	25.4496105086	23.9776819574	26.3152394694	-59.9660552071	-60.2819306401	-0.000203609466553	-0.000531673431396	-0.000859737396240	-0.000531673431396	NaN	NaN	NaN	NaN	NaN	0.00000000000	NaN	NaN	1.00000000000	0.00000000000	5.00000000000	0.00000000000


















3733299694.08	NaN	10.0000000000	116.000000000	0.00000000000	2.00000000000	NaN	3.49056720734	-3.47921035926	0.957314014435	-4.24918552670	0.975361824036	-0.000531673431396	0.0982389450073	0.138928413391	4.07757541752	86.1204620705	0.101740343094	1015.28521311	-0.0222544670105	0.000706076622009	0.00120165348053	200000.000000	16.0000000000	0.00000000000	166.000000000	232.000000000	5.00000000000	0.950000000000	-0.740000000000	22.3000000000	0.00000000000	232.000000000	32.0000000000	15108704.0000	2500.00000000	2000.00000000	206.200000000	6466.00000000	1700.00000000	6000.00000000	13314.0000000	5801.00000000	23.4081460007	23.5137486754	23.1798541774	-0.365118443319	23.6668057909	26.2141808083	24.1922097605	-10.8927789160	23.5243397747	23.2737861163	23.2758785345	23.8878234650	23.9764863670	22.7635844875	-12.4077104270	0.882295696942	0.00000000000	0.100000000000	0.0500000000000	-0.00452971458435	0.00000000000	45.6367187500	0.00000000000	-0.572265625000	0.00000000000	14.7500000000	15.0375003815	14.7500000000	14.9812498093	14.8312501907	-300.000000000	2877.77147087	NaN	0.00000000000	22.3003540039	24.9999694824	640.000000000	24.4364926289	24.6990601296	25.1095767229	25.4496105086	23.9776819574	26.3152394694	-59.9660552071	-60.2819306401	-0.000203609466553	-0.000531673431396	-0.000859737396240	-0.000531673431396	NaN	NaN	NaN	NaN	NaN	0.00000000000	NaN	NaN	1.00000000000	0.00000000000	5.00000000000	0.00000000000

















3733299694.28	NaN	13.0000000000	128.000000000	1.00000000000	2.00000000000	NaN	3.49056720734	-3.16016399527	0.954688549042	-4.33479557357	0.973064422607	-0.000859737396240	0.101520538330	0.138600349426	4.07757541752	86.6914429665	0.101740343094	1015.28521311	-0.0232653617859	0.000704121589661	0.00119628906250	200000.000000	16.0000000000	0.00000000000	166.000000000	232.000000000	5.00000000000	0.950000000000	-0.740000000000	22.3000000000	0.00000000000	232.000000000	32.0000000000	15108704.0000	2500.00000000	2000.00000000	206.200000000	6466.00000000	1700.00000000	6000.00000000	13314.0000000	5801.00000000	23.4081460007	23.5137486754	23.1798541774	-0.365118443319	23.6668057909	26.2141808083	24.1922097605	-10.8927789160	23.5243397747	23.2737861163	23.2758785345	23.8878234650	23.9764863670	22.7635844875	-12.4077104270	0.882295696942	0.00000000000	0.100000000000	0.0500000000000	-0.00702757835388	0.00000000000	53.8320312500	0.00000000000	-0.575195312500	0.00000000000	14.7500000000	15.0375003815	14.7500000000	14.9812498093	14.8312501907	-300.000000000	2824.50412326	NaN	0.00000000000	22.2999572754	24.9998168945	640.000000000	24.4364926289	24.6990601296	25.1095767229	25.4496105086	23.9776819574	26.3152394694	-59.9660552071	-60.2819306401	-0.000203609466553	-0.000531673431396	-0.000859737396240	-0.000531673431396	NaN	NaN	NaN	NaN	NaN	0.00000000000	NaN	NaN	1.00000000000	0.00000000000	5.00000000000	0.00000000000

















3733299694.48	NaN	13.0000000000	108.000000000	0.00000000000	1.00000000000	NaN	3.48925495148	-3.10723222057	0.957314014435	-4.27251204521	0.973064422607	-0.000531673431396	0.101191997528	0.135975360870	4.08709176579	87.6433544312	0.104170505524	1015.45982187	-0.0236196517944	0.000687718391418	0.00116617679596	200000.000000	16.0000000000	0.00000000000	166.000000000	232.000000000	5.00000000000	0.950000000000	-0.740000000000	22.3000000000	0.00000000000	232.000000000	32.0000000000	15108704.0000	2500.00000000	2000.00000000	206.200000000	6466.00000000	1700.00000000	6000.00000000	13314.0000000	5801.00000000	23.4081460007	23.5137486754	23.1798541774	-0.365118443319	23.6668057909	26.2141808083	24.1922097605	-10.8927789160	23.5243397747	23.2737861163	23.2758785345	23.8878234650	23.9764863670	22.7635844875	-12.4077104270	0.882295696942	0.00000000000	0.100000000000	0.0500000000000	-0.00442733764648	0.00000000000	53.8320312500	0.00000000000	-0.575195312500	0.00000000000	14.7500000000	15.0375003815	14.7500000000	14.9812498093	14.8312501907	-300.000000000	1348.98807899	NaN	0.00000000000	22.2999572754	24.9998168945	640.000000000	24.4364926289	24.6990601296	25.1095767229	25.4496105086	23.9776819574	26.3152394694	-59.9660552071	-60.2819306401	-0.000203609466553	-0.000531673431396	-0.000859737396240	-0.000531673431396	NaN	NaN	NaN	NaN	NaN	0.00000000000	NaN	NaN	1.00000000000	0.00000000000	5.00000000000	0.00000000000

















3733299694.68	NaN	18.0000000000	137.000000000	0.00000000000	0.00000000000	NaN	3.48367643356	-3.31178729575	0.950750827789	-4.17926664898	0.974377155304	-0.000531673431396	0.0979108810425	0.138928413391	4.16325021572	88.2146119652	0.103360843658	1015.41616968	-0.0245909690857	0.000696325302124	0.00120756626129	200000.000000	16.0000000000	0.00000000000	166.000000000	232.000000000	5.00000000000	0.950000000000	-0.740000000000	22.3000000000	0.00000000000	232.000000000	32.0000000000	15108704.0000	2500.00000000	2000.00000000	206.200000000	6466.00000000	1700.00000000	6000.00000000	13314.0000000	5801.00000000	23.4081460007	23.5137486754	23.1798541774	-0.365118443319	23.6668057909	26.2141808083	24.1922097605	-10.8927789160	23.5243397747	23.2737861163	23.2758785345	23.8878234650	23.9764863670	22.7635844875	-12.4077104270	0.882295696942	0.00000000000	0.100000000000	0.0500000000000	-0.00370159149170	0.00000000000	45.2402343750	-0.000390625005821	-0.571484386921	0.00000000000	14.7500000000	15.0375003815	14.7500000000	14.9812498093	14.8312501907	-300.000000000	0.00000000000	NaN	0.00000000000	22.2999572754	24.9998168945	640.000000000	24.4364926289	24.6990601296	25.1095767229	25.4496105086	23.9776819574	26.3152394694	-59.9660552071	-60.2819306401	-0.000203609466553	-0.000531673431396	-0.000859737396240	-0.000531673431396	NaN	NaN	NaN	NaN	NaN	0.00000000000	NaN	NaN	1.00000000000	0.00000000000	5.00000000000	0.00000000000


















3733299694.88	NaN	9.00000000000	114.000000000	0.00000000000	2.00000000000	NaN	3.50172424316	-3.36498410392	0.954032421112	-4.27251204521	0.969783306122	-0.000531673431396	0.100863933563	0.138928413391	4.13468733902	88.0242849998	0.0976920337677	1015.28521311	-0.0268092155457	0.000699543952942	0.00118589401245	200000.000000	16.0000000000	0.00000000000	166.000000000	232.000000000	5.00000000000	0.950000000000	-0.740000000000	22.3000000000	0.00000000000	232.000000000	32.0000000000	15108704.0000	2500.00000000	2000.00000000	206.200000000	6466.00000000	1700.00000000	6000.00000000	13314.0000000	5801.00000000	23.4081460007	23.5137486754	23.1798541774	-0.365118443319	23.6668057909	26.2141808083	24.1922097605	-10.8927789160	23.5243397747	23.2737861163	23.2758785345	23.8878234650	23.9764863670	22.7635844875	-12.4077104270	0.882295696942	0.00000000000	0.100000000000	0.0500000000000	-0.00415568351746	0.00000000000	45.2402343750	-0.000390625005821	-0.571484386921	0.00000000000	14.7500000000	15.1125001907	14.7500000000	14.9812498093	14.8312501907	-300.000000000	2907.57073265	NaN	0.00000000000	22.3000793457	25.0003051758	640.000000000	24.4364926289	24.6990601296	25.1095767229	25.4496105086	23.9776819574	26.3152394694	-59.9660552071	-60.2819306401	-0.000203609466553	-0.000531673431396	-0.000859737396240	-0.000531673431396	NaN	NaN	NaN	NaN	NaN	0.00000000000	NaN	NaN	1.00000000000	0.00000000000	5.00000000000	0.00000000000


















3733299695.08	NaN	13.0000000000	111.000000000	0.00000000000	2.00000000000	NaN	3.49056720734	-3.12235649115	0.954360485077	-4.29586379922	0.970439434052	-0.000531673431396	0.101191997528	0.137287616730	4.13468733902	91.2603966866	0.101740343094	1015.32886530	-0.0253915786743	0.000650930404663	0.00118451118469	200000.000000	16.0000000000	0.00000000000	166.000000000	232.000000000	5.00000000000	0.950000000000	-0.740000000000	22.3000000000	0.00000000000	232.000000000	32.0000000000	15108704.0000	2500.00000000	2000.00000000	206.200000000	6466.00000000	1700.00000000	6000.00000000	13314.0000000	5801.00000000	23.4081460007	23.5137486754	23.1798541774	-0.365118443319	23.6668057909	26.2141808083	24.1922097605	-10.8927789160	23.5243397747	23.2737861163	23.2758785345	23.8878234650	23.9764863670	22.7635844875	-12.4077104270	0.882295696942	0.00000000000	0.100000000000	0.0500000000000	-0.00475692749023	0.00000000000	52.6367187500	0.00000000000	-0.573046863079	0.00000000000	14.7500000000	15.1125001907	14.7500000000	14.9812498093	14.8312501907	-300.000000000	2881.94466766	NaN	0.00000000000	22.3000793457	25.0003051758	640.000000000	24.4364926289	24.6990601296	25.1095767229	25.4496105086	23.9776819574	26.3152394694	-59.9660552071	-60.2819306401	-0.000203609466553	-0.000531673431396	-0.000859737396240	-0.000531673431396	NaN	NaN	NaN	NaN	NaN	0.00000000000	NaN	NaN	1.00000000000	0.00000000000	5.00000000000	0.00000000000


















3733299695.28	NaN	10.0000000000	128.000000000	0.00000000000	0.00000000000	NaN	3.48925495148	-3.16016399527	0.951407432556	-4.28807079107	0.977986812592	-0.000531673431396	0.0995516777039	0.135975360870	4.12517099075	89.3568503952	0.101740343094	1015.32886530	-0.0256280899048	0.000660753250122	0.00118587017059	200000.000000	16.0000000000	0.00000000000	166.000000000	232.000000000	5.00000000000	0.950000000000	-0.740000000000	22.3000000000	0.00000000000	232.000000000	32.0000000000	15108704.0000	2500.00000000	2000.00000000	206.200000000	6466.00000000	1700.00000000	6000.00000000	13314.0000000	5801.00000000	23.4081460007	23.5137486754	23.1798541774	-0.365118443319	23.6668057909	26.2141808083	24.1922097605	-10.8927789160	23.5243397747	23.2737861163	23.2758785345	23.8878234650	23.9764863670	22.7635844875	-12.4077104270	0.882295696942	0.00000000000	0.100000000000	0.0500000000000	-0.00325651168823	0.00000000000	52.6367187500	0.00000000000	-0.573046863079	0.00000000000	14.7500000000	15.0250005722	14.7500000000	14.9812498093	14.8335943222	-300.000000000	0.00000000000	NaN	0.00000000000	22.2999267578	25.0000915527	640.000000000	24.4364926289	24.6990601296	25.1095767229	25.4496105086	23.9776819574	26.3152394694	-59.9660552071	-60.2819306401	-0.000203609466553	-0.000531673431396	-0.000859737396240	-0.000531673431396	NaN	NaN	NaN	NaN	NaN	0.00000000000	NaN	NaN	1.00000000000	0.00000000000	5.00000000000	0.00000000000


















3733299695.48	NaN	10.0000000000	141.000000000	0.00000000000	0.00000000000	NaN	3.48794221878	-3.18287618955	0.948781967163	-4.34259791799	0.966829776764	0.000124454498291	0.100535869598	0.138272285461	4.14420368729	90.8797427559	0.0993113574982	1015.19784528	-0.0304841995239	0.000661444664001	0.00118520259857	200000.000000	16.0000000000	0.00000000000	166.000000000	232.000000000	5.00000000000	0.950000000000	-0.740000000000	22.3000000000	0.00000000000	232.000000000	32.0000000000	15108704.0000	2500.00000000	2000.00000000	206.200000000	6466.00000000	1700.00000000	6000.00000000	13314.0000000	5801.00000000	23.4081460007	23.5137486754	23.1798541774	-0.365118443319	23.6668057909	26.2141808083	24.1922097605	-10.8927789160	23.5243397747	23.2737861163	23.2758785345	23.8878234650	23.9764863670	22.7635844875	-12.4077104270	0.882295696942	0.00000000000	0.100000000000	0.0500000000000	-0.00724678039551	0.00000000000	47.7617187500	-0.000390625005821	-0.571093738079	0.00000000000	14.7500000000	15.0250005722	14.7500000000	14.9812498093	14.8335943222	-300.000000000	0.00000000000	NaN	0.00000000000	22.2999267578	25.0000915527	640.000000000	24.4364926289	24.6990601296	25.1095767229	25.4496105086	23.9776819574	26.3152394694	-59.9660552071	-60.2819306401	-0.000203609466553	-0.000531673431396	-0.000859737396240	-0.000531673431396	NaN	NaN	NaN	NaN	NaN	0.00000000000	NaN	NaN	1.00000000000	0.00000000000	5.00000000000	0.00000000000


















3733299695.68	NaN	7.00000000000	111.000000000	0.00000000000	1.00000000000	NaN	3.49647378922	-3.36498410392	0.948453903198	-4.18702675369	0.982580661774	-0.00184440612793	0.0985670089722	0.138928413391	4.18228291225	89.1665234299	0.0960715332031	1015.24156092	-0.0280432701111	0.000650954246521	0.00118060112000	200000.000000	16.0000000000	0.00000000000	166.000000000	232.000000000	5.00000000000	0.950000000000	-0.740000000000	22.3000000000	0.00000000000	232.000000000	32.0000000000	15108704.0000	2500.00000000	2000.00000000	206.200000000	6466.00000000	1700.00000000	6000.00000000	13314.0000000	5801.00000000	23.4081460007	23.5137486754	23.1798541774	-0.365118443319	23.6668057909	26.2141808083	24.1922097605	-10.8927789160	23.5243397747	23.2737861163	23.2758785345	23.8878234650	23.9764863670	22.7635844875	-12.4077104270	0.882295696942	0.00000000000	0.100000000000	0.0500000000000	-0.00219473838806	0.00000000000	47.7617187500	-0.000390625005821	-0.571093738079	0.00000000000	14.7500000000	15.1000003815	14.7500000000	14.9812498093	14.8312501907	-300.000000000	1752.44483110	NaN	0.00000000000	22.2999267578	25.0000915527	640.000000000	24.4364926289	24.6990601296	25.1095767229	25.4496105086	23.9776819574	26.3152394694	-59.9660552071	-60.2819306401	-0.000203609466553	-0.000531673431396	-0.000859737396240	-0.000531673431396	NaN	NaN	NaN	NaN	NaN	0.00000000000	NaN	NaN	1.00000000000	0.00000000000	5.00000000000	0.00000000000


















3733299695.88	NaN	11.0000000000	123.000000000	1.00000000000	0.00000000000	NaN	3.50533390045	-3.42586406801	0.949766635895	-4.28029064402	0.975361824036	-0.00217247009277	0.0992236137390	0.138600349426	4.16325021572	86.5011160011	0.102551181793	1015.24156092	-0.0289616584778	0.000660777091980	0.00119707584381	200000.000000	16.0000000000	0.00000000000	166.000000000	232.000000000	5.00000000000	0.950000000000	-0.740000000000	22.3000000000	0.00000000000	232.000000000	32.0000000000	15108704.0000	2500.00000000	2000.00000000	206.200000000	6466.00000000	1700.00000000	6000.00000000	13314.0000000	5801.00000000	23.4081460007	23.5137486754	23.1798541774	-0.365118443319	23.6668057909	26.2141808083	24.1922097605	-10.8927789160	23.5243397747	23.2737861163	23.2758785345	23.8878234650	23.9764863670	22.7635844875	-12.4077104270	0.882295696942	0.00000000000	0.100000000000	0.0500000000000	-0.00496420860291	0.00000000000	51.6406250000	0.00000000000	-0.575976550579	0.00000000000	14.7500000000	15.1000003815	14.7500000000	14.9812498093	14.8312501907	-300.000000000	0.00000000000	NaN	0.00000000000	22.3003540039	25.0001220703	640.000000000	24.4364926289	24.6990601296	25.1095767229	25.4496105086	23.9776819574	26.3152394694	-59.9660552071	-60.2819306401	-0.000203609466553	-0.000531673431396	-0.000859737396240	-0.000531673431396	NaN	NaN	NaN	NaN	NaN	0.00000000000	NaN	NaN	1.00000000000	0.00000000000	5.00000000000	0.00000000000

















3733299696.08	NaN	5.00000000000	126.000000000	0.00000000000	0.00000000000	NaN	3.50566196442	-3.40302754992	0.952719688416	-4.24140181337	0.975033283234	-0.00151634216309	0.0969262123108	0.137944221497	4.16325021572	86.1204620705	0.100930681229	1015.50353751	-0.0300250053406	0.000675940513611	0.00119769573212	200000.000000	16.0000000000	0.00000000000	166.000000000	232.000000000	5.00000000000	0.950000000000	-0.740000000000	22.3000000000	0.00000000000	232.000000000	32.0000000000	15108704.0000	2500.00000000	2000.00000000	206.200000000	6466.00000000	1700.00000000	6000.00000000	13314.0000000	5801.00000000	23.4081460007	23.5137486754	23.1798541774	-0.365118443319	23.6668057909	26.2141808083	24.1922097605	-10.8927789160	23.5243397747	23.2737861163	23.2758785345	23.8878234650	23.9764863670	22.7635844875	-12.4077104270	0.882295696942	0.00000000000	0.100000000000	0.0500000000000	-0.00438799858093	0.00000000000	51.6406250000	0.00000000000	-0.575976550579	0.00000000000	14.7562503815	15.0437498093	14.7500000000	14.9812498093	14.8312501907	-300.000000000	0.00000000000	NaN	0.00000000000	22.3003540039	25.0001220703	640.000000000	24.4364926289	24.6990601296	25.1095767229	25.4496105086	23.9776819574	26.3152394694	-59.9660552071	-60.2819306401	-0.000203609466553	-0.000531673431396	-0.000859737396240	-0.000531673431396	NaN	NaN	NaN	NaN	NaN	0.00000000000	NaN	NaN	1.00000000000	0.00000000000	5.00000000000	0.00000000000


















3733299696.28	NaN	18.0000000000	104.000000000	0.00000000000	1.00000000000	NaN	3.50959968567	-3.44872450447	0.949438571930	-4.23363094078	0.974377155304	-0.000203609466553	0.0998797416687	0.138928413391	4.18228291225	87.6433544312	0.103360843658	1015.32886530	-0.0315871238708	0.000666046142578	0.00116679668427	200000.000000	16.0000000000	0.00000000000	166.000000000	232.000000000	5.00000000000	0.950000000000	-0.740000000000	22.3000000000	0.00000000000	232.000000000	32.0000000000	15108704.0000	2500.00000000	2000.00000000	206.200000000	6466.00000000	1700.00000000	6000.00000000	13314.0000000	5801.00000000	23.4081460007	23.5137486754	23.1798541774	-0.365118443319	23.6668057909	26.2141808083	24.1922097605	-10.8927789160	23.5243397747	23.2737861163	23.2758785345	23.8878234650	23.9764863670	22.7635844875	-12.4077104270	0.882295696942	0.00000000000	0.100000000000	0.0500000000000	-0.00865912437439	0.00000000000	45.8300781250	0.000390625005821	-0.570703148842	0.00000000000	14.7562503815	15.0437498093	14.7500000000	14.9812498093	14.8312501907	-300.000000000	1638.80973658	NaN	0.00000000000	22.3001403809	25.0001831055	640.000000000	24.4364926289	24.6990601296	25.1095767229	25.4496105086	23.9776819574	26.3152394694	-59.9660552071	-60.2819306401	-0.000203609466553	-0.000531673431396	-0.000859737396240	-0.000531673431396	NaN	NaN	NaN	NaN	NaN	0.00000000000	NaN	NaN	1.00000000000	0.00000000000	5.00000000000	0.00000000000


















3733299696.48	NaN	8.00000000000	89.0000000000	0.00000000000	0.00000000000	NaN	3.48170757294	-3.13747532628	0.950422763824	-4.25695948770	0.975689888000	-0.00151634216309	0.0988950729370	0.136631488800	4.18228291225	87.6433544312	0.100121019363	1015.19784528	-0.0288305282593	0.000649642944336	0.00117797851563	200000.000000	16.0000000000	0.00000000000	166.000000000	232.000000000	5.00000000000	0.950000000000	-0.740000000000	22.3000000000	0.00000000000	232.000000000	32.0000000000	15108704.0000	2500.00000000	2000.00000000	206.200000000	6466.00000000	1700.00000000	6000.00000000	13314.0000000	5801.00000000	23.4081460007	23.5137486754	23.1798541774	-0.365118443319	23.6668057909	26.2141808083	24.1922097605	-10.8927789160	23.5243397747	23.2737861163	23.2758785345	23.8878234650	23.9764863670	22.7635844875	-12.4077104270	0.882295696942	0.00000000000	0.100000000000	0.0500000000000	-0.00861320495605	0.00000000000	45.8300781250	0.000390625005821	-0.570703148842	0.00000000000	14.7500000000	15.0625000000	14.7562503815	14.9812498093	14.8312501907	-300.000000000	0.00000000000	NaN	0.00000000000	22.3001403809	25.0001831055	640.000000000	24.4364926289	24.6990601296	25.1095767229	25.4496105086	23.9776819574	26.3152394694	-59.9660552071	-60.2819306401	-0.000203609466553	-0.000531673431396	-0.000859737396240	-0.000531673431396	NaN	NaN	NaN	NaN	NaN	0.00000000000	NaN	NaN	1.00000000000	0.00000000000	5.00000000000	0.00000000000

















3733299696.68	NaN	9.00000000000	115.000000000	0.00000000000	0.00000000000	NaN	3.49023914337	-3.38779926978	0.945828914642	-4.26473499349	0.986846446991	-0.00184440612793	0.0979108810425	0.137944221497	4.19179926052	85.9301351051	0.103360843658	1015.37251749	-0.0334243774414	0.000667977333069	0.00116093158722	200000.000000	16.0000000000	0.00000000000	166.000000000	232.000000000	5.00000000000	0.950000000000	-0.740000000000	22.3000000000	0.00000000000	232.000000000	32.0000000000	15108704.0000	2500.00000000	2000.00000000	206.200000000	6466.00000000	1700.00000000	6000.00000000	13314.0000000	5801.00000000	23.4081460007	23.5137486754	23.1798541774	-0.365118443319	23.6668057909	26.2141808083	24.1922097605	-10.8927789160	23.5243397747	23.2737861163	23.2758785345	23.8878234650	23.9764863670	22.7635844875	-12.4077104270	0.882295696942	0.00000000000	0.100000000000	0.0500000000000	-0.00572552680969	0.00000000000	49.3925781250	0.00000000000	-0.575781285763	0.00000000000	14.7500000000	15.0625000000	14.7562503815	14.9812498093	14.8312501907	-300.000000000	0.00000000000	NaN	0.00000000000	22.3001403809	25.0001831055	640.000000000	24.4364926289	24.6990601296	25.1095767229	25.4496105086	23.9776819574	26.3152394694	-59.9660552071	-60.2819306401	-0.000203609466553	-0.000531673431396	-0.000859737396240	-0.000531673431396	NaN	NaN	NaN	NaN	NaN	0.00000000000	NaN	NaN	1.00000000000	0.00000000000	5.00000000000	0.00000000000

















3733299696.88	NaN	11.0000000000	101.000000000	0.00000000000	1.00000000000	NaN	3.48925495148	-3.26624355205	0.949766635895	-4.28807079107	0.970439434052	-0.000531673431396	0.100207805634	0.138600349426	4.16325021572	88.0242849998	0.103360843658	1015.37251749	-0.0299854278564	0.000673270225525	0.00118916034698	200000.000000	16.0000000000	0.00000000000	166.000000000	232.000000000	5.00000000000	0.950000000000	-0.740000000000	22.3000000000	0.00000000000	232.000000000	32.0000000000	15108704.0000	2500.00000000	2000.00000000	206.200000000	6466.00000000	1700.00000000	6000.00000000	13314.0000000	5801.00000000	23.4081460007	23.5137486754	23.1798541774	-0.365118443319	23.6668057909	26.2141808083	24.1922097605	-10.8927789160	23.5243397747	23.2737861163	23.2758785345	23.8878234650	23.9764863670	22.7635844875	-12.4077104270	0.882295696942	0.00000000000	0.100000000000	0.0500000000000	-0.00684375762939	0.00000000000	49.3925781250	0.00000000000	-0.575781285763	0.00000000000	14.7500000000	15.0062503815	14.7500000000	14.9812498093	14.8312501907	-300.000000000	1604.95521257	NaN	0.00000000000	22.3000793457	25.0000000000	640.000000000	24.4364926289	24.6990601296	25.1095767229	25.4496105086	23.9776819574	26.3152394694	-59.9660552071	-60.2819306401	-0.000203609466553	-0.000531673431396	-0.000859737396240	-0.000531673431396	NaN	NaN	NaN	NaN	NaN	0.00000000000	NaN	NaN	1.00000000000	0.00000000000	5.00000000000	0.00000000000

















3733299697.08	NaN	12.0000000000	124.000000000	0.00000000000	1.00000000000	NaN	3.48367643356	-3.15259971543	0.951078891754	-4.23363094078	0.971752166748	-0.000531673431396	0.100535869598	0.136303424835	4.14420368729	86.8820465698	0.105789829254	1015.28521311	-0.0308127403259	0.000687718391418	0.00116684436798	200000.000000	16.0000000000	0.00000000000	166.000000000	232.000000000	5.00000000000	0.950000000000	-0.740000000000	22.3000000000	0.00000000000	232.000000000	32.0000000000	15108704.0000	2500.00000000	2000.00000000	206.200000000	6466.00000000	1700.00000000	6000.00000000	13314.0000000	5801.00000000	23.4081460007	23.5137486754	23.1798541774	-0.365118443319	23.6668057909	26.2141808083	24.1922097605	-10.8927789160	23.5243397747	23.2737861163	23.2758785345	23.8878234650	23.9764863670	22.7635844875	-12.4077104270	0.882295696942	0.00000000000	0.100000000000	0.0500000000000	-0.00622034072876	0.00000000000	46.7246093750	0.00000000000	-0.570703148842	0.00000000000	14.7500000000	15.0062503815	14.7500000000	14.9812498093	14.8312501907	-300.000000000	1479.32049565	NaN	0.00000000000	22.3000793457	25.0000000000	640.000000000	24.4364926289	24.6990601296	25.1095767229	25.4496105086	23.9776819574	26.3152394694	-59.9660552071	-60.2819306401	-0.000203609466553	-0.000531673431396	-0.000859737396240	-0.000531673431396	NaN	NaN	NaN	NaN	NaN	0.00000000000	NaN	NaN	1.00000000000	0.00000000000	5.00000000000	0.00000000000


















3733299697.28	NaN	9.00000000000	128.000000000	0.00000000000	1.00000000000	NaN	3.49975538254	-3.36498410392	0.945172786713	-4.33479557357	0.976017951965	-0.00217247009277	0.0972547531128	0.137944221497	4.19179926052	86.5011160011	0.104170505524	1015.37251749	-0.0316524505615	0.000692319869995	0.00120489597321	200000.000000	16.0000000000	0.00000000000	166.000000000	232.000000000	5.00000000000	0.950000000000	-0.740000000000	22.3000000000	0.00000000000	232.000000000	32.0000000000	15108704.0000	2500.00000000	2000.00000000	206.200000000	6466.00000000	1700.00000000	6000.00000000	13314.0000000	5801.00000000	23.4081460007	23.5137486754	23.1798541774	-0.365118443319	23.6668057909	26.2141808083	24.1922097605	-10.8927789160	23.5243397747	23.2737861163	23.2758785345	23.8878234650	23.9764863670	22.7635844875	-12.4077104270	0.882295696942	0.00000000000	0.100000000000	0.0500000000000	-0.00679130554199	0.00000000000	46.7246093750	0.00000000000	-0.570703148842	0.00000000000	14.7562503815	15.1125001907	14.7500000000	14.9812498093	14.8312501907	-300.000000000	1424.08449615	NaN	0.00000000000	22.3002014160	25.0000000000	640.000000000	24.4364926289	24.6990601296	25.1095767229	25.4496105086	23.9776819574	26.3152394694	-59.9660552071	-60.2819306401	-0.000203609466553	-0.000531673431396	-0.000859737396240	-0.000531673431396	NaN	NaN	NaN	NaN	NaN	0.00000000000	NaN	NaN	1.00000000000	0.00000000000	5.00000000000	0.00000000000


















3733299697.48	NaN	16.0000000000	129.000000000	0.00000000000	1.00000000000	NaN	3.49745845795	-3.28141548769	0.950094699860	-4.27251204521	0.973064422607	-0.00118780136108	0.0979108810425	0.135975360870	4.16325021572	86.6914429665	0.104980167389	1015.63449409	-0.0335950851440	0.000669932365417	0.00118129253387	200000.000000	16.0000000000	0.00000000000	166.000000000	232.000000000	5.00000000000	0.950000000000	-0.740000000000	22.3000000000	0.00000000000	232.000000000	32.0000000000	15108704.0000	2500.00000000	2000.00000000	206.200000000	6466.00000000	1700.00000000	6000.00000000	13314.0000000	5801.00000000	23.4081460007	23.5137486754	23.1798541774	-0.365118443319	23.6668057909	26.2141808083	24.1922097605	-10.8927789160	23.5243397747	23.2737861163	23.2758785345	23.8878234650	23.9764863670	22.7635844875	-12.4077104270	0.882295696942	0.00000000000	0.100000000000	0.0500000000000	-0.00457963943481	0.00000000000	51.8691406250	0.00000000000	-0.575195312500	0.00000000000	14.7562503815	15.1125001907	14.7500000000	14.9812498093	14.8312501907	-300.000000000	1604.95521257	NaN	0.00000000000	22.3002014160	25.0000000000	640.000000000	24.4364926289	24.6990601296	25.1095767229	25.4496105086	23.9776819574	26.3152394694	-59.9660552071	-60.2819306401	-0.000203609466553	-0.000531673431396	-0.000859737396240	-0.000531673431396	NaN	NaN	NaN	NaN	NaN	0.00000000000	NaN	NaN	1.00000000000	0.00000000000	5.00000000000	0.00000000000

















3733299697.68	NaN	13.0000000000	113.000000000	0.00000000000	1.00000000000	NaN	3.49548959732	-3.36498410392	0.946813106537	-4.30364704843	0.987174510956	-0.00151634216309	0.0972547531128	0.137616157532	3.41127888794	72.2232739449	0.100121019363	1015.28521311	-0.0427961349487	0.000680494308472	0.00119962692261	200000.000000	16.0000000000	0.00000000000	166.000000000	232.000000000	5.00000000000	0.950000000000	-0.740000000000	22.3000000000	0.00000000000	232.000000000	32.0000000000	15108704.0000	2500.00000000	2000.00000000	206.200000000	6466.00000000	1700.00000000	6000.00000000	13314.0000000	5801.00000000	23.4081460007	23.5137486754	23.1798541774	-0.365118443319	23.6668057909	26.2141808083	24.1922097605	-10.8927789160	23.5243397747	23.2737861163	23.2758785345	23.8878234650	23.9764863670	22.7635844875	-12.4077104270	0.882295696942	0.00000000000	0.100000000000	0.0500000000000	-0.00527658462524	0.00000000000	51.8691406250	0.00000000000	-0.575195312500	0.00000000000	14.7500000000	15.0000000000	14.7500000000	14.9812498093	14.8312501907	-300.000000000	1712.38894925	NaN	0.00000000000	22.3002014160	25.0000000000	640.000000000	24.4364926289	24.6990601296	25.1095767229	25.4496105086	23.9776819574	26.3152394694	-59.9660552071	-60.2819306401	-0.000203609466553	-0.000531673431396	-0.000859737396240	-0.000531673431396	NaN	NaN	NaN	NaN	NaN	0.00000000000	NaN	NaN	1.00000000000	0.00000000000	5.00000000000	0.00000000000

















3733299697.88	NaN	16.0000000000	136.000000000	0.00000000000	3.00000000000	NaN	3.47120714188	-3.16016399527	0.949438571930	-4.28029064402	0.977330684662	-0.00184440612793	0.0979108810425	0.135975360870	4.16325021572	86.1204620705	0.0968823719025	1015.24156092	-0.0298280715942	0.000687050819397	0.00120229721069	200000.000000	16.0000000000	0.00000000000	166.000000000	232.000000000	5.00000000000	0.950000000000	-0.740000000000	22.3000000000	0.00000000000	232.000000000	32.0000000000	15108704.0000	2500.00000000	2000.00000000	206.200000000	6466.00000000	1700.00000000	6000.00000000	13314.0000000	5801.00000000	23.4081460007	23.5137486754	23.1798541774	-0.365118443319	23.6668057909	26.2141808083	24.1922097605	-10.8927789160	23.5243397747	23.2737861163	23.2758785345	23.8878234650	23.9764863670	22.7635844875	-12.4077104270	0.882295696942	0.00000000000	0.100000000000	0.0500000000000	-0.00437359809875	0.00000000000	53.9941406250	0.00000000000	-0.570312500000	0.00000000000	14.7500000000	15.0000000000	14.7500000000	14.9812498093	14.8312501907	-300.000000000	4202.17746545	NaN	0.00000000000	22.3000183105	24.9999084473	640.000000000	24.4364926289	24.6990601296	25.1095767229	25.4496105086	23.9776819574	26.3152394694	-59.9660552071	-60.2819306401	-0.000203609466553	-0.000531673431396	-0.000859737396240	-0.000531673431396	NaN	NaN	NaN	NaN	NaN	0.00000000000	NaN	NaN	1.00000000000	0.00000000000	5.00000000000	0.00000000000

















3733299698.08	NaN	12.0000000000	114.000000000	0.00000000000	0.00000000000	NaN	3.49778652191	-3.47921035926	0.947469711304	-4.24918552670	0.971095561981	-0.00151634216309	0.0988950729370	0.137616157532	4.21083195705	89.3568503952	0.105789829254	1015.28521311	-0.0328469276428	0.000648331642151	0.00120489597321	200000.000000	16.0000000000	0.00000000000	166.000000000	232.000000000	5.00000000000	0.950000000000	-0.740000000000	22.3000000000	0.00000000000	232.000000000	32.0000000000	15108704.0000	2500.00000000	2000.00000000	206.200000000	6466.00000000	1700.00000000	6000.00000000	13314.0000000	5801.00000000	23.4081460007	23.5137486754	23.1798541774	-0.365118443319	23.6668057909	26.2141808083	24.1922097605	-10.8927789160	23.5243397747	23.2737861163	23.2758785345	23.8878234650	23.9764863670	22.7635844875	-12.4077104270	0.882295696942	0.00000000000	0.100000000000	0.0500000000000	-0.00574779510498	0.00000000000	53.9941406250	0.00000000000	-0.570312500000	0.00000000000	14.7562503815	15.1250000000	14.7500000000	14.9812498093	14.8312501907	-300.000000000	0.00000000000	NaN	0.00000000000	22.3000183105	24.9999084473	640.000000000	24.4364926289	24.6990601296	25.1095767229	25.4496105086	23.9776819574	26.3152394694	-59.9660552071	-60.2819306401	-0.000203609466553	-0.000531673431396	-0.000859737396240	-0.000531673431396	NaN	NaN	NaN	NaN	NaN	0.00000000000	NaN	NaN	1.00000000000	0.00000000000	5.00000000000	0.00000000000

















3733299698.28	NaN	18.0000000000	124.000000000	0.00000000000	1.00000000000	NaN	3.49877071381	-3.26624355205	0.946156978607	-4.29586379922	0.973064422607	0.000452518463135	0.100863933563	0.138928413391	4.21083195705	88.2146119652	0.104980167389	1015.41616968	-0.0303530693054	0.000689673423767	0.00118780136108	200000.000000	16.0000000000	0.00000000000	166.000000000	232.000000000	5.00000000000	0.950000000000	-0.740000000000	22.3000000000	0.00000000000	232.000000000	32.0000000000	15108704.0000	2500.00000000	2000.00000000	206.200000000	6466.00000000	1700.00000000	6000.00000000	13314.0000000	5801.00000000	23.4081460007	23.5137486754	23.1798541774	-0.365118443319	23.6668057909	26.2141808083	24.1922097605	-10.8927789160	23.5243397747	23.2737861163	23.2758785345	23.8878234650	23.9764863670	22.7635844875	-12.4077104270	0.882295696942	0.00000000000	0.100000000000	0.0500000000000	-0.00477252006531	0.00000000000	47.6406250000	0.00000000000	-0.574804723263	0.00000000000	14.7562503815	15.1250000000	14.7500000000	14.9812498093	14.8312501907	-300.000000000	1451.67921303	NaN	0.00000000000	22.3002624512	25.0003356934	640.000000000	24.4364926289	24.6990601296	25.1095767229	25.4496105086	23.9776819574	26.3152394694	-59.9660552071	-60.2819306401	-0.000203609466553	-0.000531673431396	-0.000859737396240	-0.000531673431396	NaN	NaN	NaN	NaN	NaN	0.00000000000	NaN	NaN	1.00000000000	0.00000000000	5.00000000000	0.00000000000

















3733299698.48	NaN	8.00000000000	113.000000000	0.00000000000	0.00000000000	NaN	3.50073957443	-3.36498410392	0.947141647339	-4.24918552670	0.971424102783	-0.000859737396240	0.0995516777039	0.137616157532	4.17276656399	89.5471773605	0.103360843658	1015.37251749	-0.0331883430481	0.000696873664856	0.00122003555298	200000.000000	16.0000000000	0.00000000000	166.000000000	232.000000000	5.00000000000	0.950000000000	-0.740000000000	22.3000000000	0.00000000000	232.000000000	32.0000000000	15108704.0000	2500.00000000	2000.00000000	206.200000000	6466.00000000	1700.00000000	6000.00000000	13314.0000000	5801.00000000	23.4081460007	23.5137486754	23.1798541774	-0.365118443319	23.6668057909	26.2141808083	24.1922097605	-10.8927789160	23.5243397747	23.2737861163	23.2758785345	23.8878234650	23.9764863670	22.7635844875	-12.4077104270	0.882295696942	0.00000000000	0.100000000000	0.0500000000000	-5.38825988770E-5	0.00000000000	47.6406250000	0.00000000000	-0.574804723263	0.00000000000	14.7562503815	15.0000000000	14.7500000000	14.9812498093	14.8312501907	-300.000000000	0.00000000000	NaN	0.00000000000	22.3002624512	25.0003356934	640.000000000	24.4364926289	24.6990601296	25.1095767229	25.4496105086	23.9776819574	26.3152394694	-59.9660552071	-60.2819306401	-0.000203609466553	-0.000531673431396	-0.000859737396240	-0.000531673431396	NaN	NaN	NaN	NaN	NaN	0.00000000000	NaN	NaN	1.00000000000	0.00000000000	5.00000000000	0.00000000000


















3733299698.68	NaN	13.0000000000	103.000000000	0.00000000000	1.00000000000	NaN	3.48466062546	-3.15259971543	0.946156978607	-4.23363094078	0.986518383026	-0.00151634216309	0.0972547531128	0.136631488800	4.34410232849	88.2146119652	0.100121019363	1015.50353751	-0.0376772880554	0.000707411766052	0.00119962692261	200000.000000	16.0000000000	0.00000000000	166.000000000	232.000000000	5.00000000000	0.950000000000	-0.740000000000	22.3000000000	0.00000000000	232.000000000	32.0000000000	15108704.0000	2500.00000000	2000.00000000	206.200000000	6466.00000000	1700.00000000	6000.00000000	13314.0000000	5801.00000000	23.4081460007	23.5137486754	23.1798541774	-0.365118443319	23.6668057909	26.2141808083	24.1922097605	-10.8927789160	23.5243397747	23.2737861163	23.2758785345	23.8878234650	23.9764863670	22.7635844875	-12.4077104270	0.882295696942	0.00000000000	0.100000000000	0.0500000000000	-0.00657596588135	0.00000000000	52.9921875000	0.00000000000	-0.571289062500	0.00000000000	14.7562503815	15.0000000000	14.7500000000	14.9812498093	14.8312501907	-300.000000000	1424.08449615	NaN	0.00000000000	22.3002624512	25.0003356934	640.000000000	24.4364926289	24.6990601296	25.1095767229	25.4496105086	23.9776819574	26.3152394694	-59.9660552071	-60.2819306401	-0.000203609466553	-0.000531673431396	-0.000859737396240	-0.000531673431396	NaN	NaN	NaN	NaN	NaN	0.00000000000	NaN	NaN	1.00000000000	0.00000000000	5.00000000000	0.00000000000

















3733299698.88	NaN	14.0000000000	118.000000000	0.00000000000	1.00000000000	NaN	3.49352073669	-3.18287618955	0.944844245911	-4.27251204521	0.970767498016	-0.000531673431396	0.100535869598	0.136631488800	4.16325021572	89.9278312912	0.102551181793	1015.59084189	-0.0333194732666	0.000702881813049	0.00123114585876	200000.000000	16.0000000000	0.00000000000	166.000000000	232.000000000	5.00000000000	0.950000000000	-0.740000000000	22.3000000000	0.00000000000	232.000000000	32.0000000000	15108704.0000	2500.00000000	2000.00000000	206.200000000	6466.00000000	1700.00000000	6000.00000000	13314.0000000	5801.00000000	23.4081460007	23.5137486754	23.1798541774	-0.365118443319	23.6668057909	26.2141808083	24.1922097605	-10.8927789160	23.5243397747	23.2737861163	23.2758785345	23.8878234650	23.9764863670	22.7635844875	-12.4077104270	0.882295696942	0.00000000000	0.100000000000	0.0500000000000	-0.00343241691589	0.00000000000	52.9921875000	0.00000000000	-0.571289062500	0.00000000000	14.7500000000	15.0937500000	14.7500000000	14.9812498093	14.8312501907	-300.000000000	1325.12726647	NaN	0.00000000000	22.2999267578	25.0002136230	640.000000000	24.4364926289	24.6990601296	25.1095767229	25.4496105086	23.9776819574	26.3152394694	-59.9660552071	-60.2819306401	-0.000203609466553	-0.000531673431396	-0.000859737396240	-0.000531673431396	NaN	NaN	NaN	NaN	NaN	0.00000000000	NaN	NaN	1.00000000000	0.00000000000	5.00000000000	0.00000000000

















3733299699.08	NaN	10.0000000000	134.000000000	0.00000000000	0.00000000000	NaN	3.50566196442	-3.28141548769	0.942219257355	-4.44404605569	0.961251735687	2.46446847916	0.271497726440	0.163538932800	5.04847808304	96.2102809753	0.100930681229	1015.45982187	-0.0235805511475	0.000691008567810	0.00126333236694	200000.000000	16.0000000000	0.00000000000	166.000000000	232.000000000	5.00000000000	0.950000000000	-0.740000000000	22.3000000000	0.00000000000	232.000000000	32.0000000000	15108704.0000	2500.00000000	2000.00000000	206.200000000	6466.00000000	1700.00000000	6000.00000000	13314.0000000	5801.00000000	23.4081460007	23.5137486754	23.1798541774	-0.365118443319	23.6668057909	26.2141808083	24.1922097605	-10.8927789160	23.5243397747	23.2737861163	23.2758785345	23.8878234650	23.9764863670	22.7635844875	-12.4077104270	0.882295696942	0.00000000000	0.100000000000	0.0500000000000	0.0170619487762	0.00000000000	46.9746093750	0.00000000000	-0.575585961342	0.00000000000	14.7500000000	15.0937500000	14.7500000000	14.9812498093	14.8312501907	-300.000000000	0.00000000000	NaN	0.00000000000	22.2999267578	25.0002136230	640.000000000	24.4364926289	24.6990601296	25.1095767229	25.4496105086	23.9776819574	26.3152394694	-59.9660552071	-60.2819306401	-0.000203609466553	-0.000531673431396	-0.000859737396240	-0.000531673431396	NaN	NaN	NaN	NaN	NaN	0.00000000000	NaN	NaN	1.00000000000	0.00000000000	5.00000000000	0.00000000000

















3733299699.28	NaN	9.00000000000	110.000000000	0.00000000000	0.00000000000	NaN	3.48794221878	-3.13747532628	0.951078891754	-4.27251204521	0.971752166748	2.47234392166	0.273794651031	0.162554740906	4.89617501507	99.6369962654	0.0976920337677	1015.28521311	-0.0356297492981	0.000706124305725	0.00126204490662	200000.000000	16.0000000000	0.00000000000	166.000000000	232.000000000	5.00000000000	0.950000000000	-0.740000000000	22.3000000000	0.00000000000	232.000000000	32.0000000000	15108704.0000	2500.00000000	2000.00000000	206.200000000	6466.00000000	1700.00000000	6000.00000000	13314.0000000	5801.00000000	23.4081460007	23.5137486754	23.1798541774	-0.365118443319	23.6668057909	26.2141808083	24.1922097605	-10.8927789160	23.5243397747	23.2737861163	23.2758785345	23.8878234650	23.9764863670	22.7635844875	-12.4077104270	0.882295696942	0.00000000000	0.100000000000	0.0500000000000	-0.00173931121826	0.00000000000	46.9746093750	0.00000000000	-0.575585961342	0.00000000000	14.7500000000	15.0124998093	14.7500000000	14.9812498093	14.8312501907	-300.000000000	0.00000000000	NaN	0.00000000000	22.3002014160	25.0001525879	640.000000000	24.4364926289	24.6990601296	25.1095767229	25.4496105086	23.9776819574	26.3152394694	-59.9660552071	-60.2819306401	-0.000203609466553	-0.000531673431396	-0.000859737396240	-0.000531673431396	NaN	NaN	NaN	NaN	NaN	0.00000000000	NaN	NaN	1.00000000000	0.00000000000	5.00000000000	0.00000000000


















3733299699.48	NaN	10.0000000000	125.000000000	0.00000000000	0.00000000000	NaN	3.48925495148	-3.29659305408	0.946485042572	-4.32700611074	0.969126701355	2.46807813644	0.274451255798	0.164195537567	4.95328693657	102.111800091	0.101740343094	1015.54718970	-0.0284237861633	0.000731062889099	0.00129346847534	200000.000000	16.0000000000	0.00000000000	166.000000000	232.000000000	5.00000000000	0.950000000000	-0.740000000000	22.3000000000	0.00000000000	232.000000000	32.0000000000	15108704.0000	2500.00000000	2000.00000000	206.200000000	6466.00000000	1700.00000000	6000.00000000	13314.0000000	5801.00000000	23.4081460007	23.5137486754	23.1798541774	-0.365118443319	23.6668057909	26.2141808083	24.1922097605	-10.8927789160	23.5243397747	23.2737861163	23.2758785345	23.8878234650	23.9764863670	22.7635844875	-12.4077104270	0.882295696942	0.00000000000	0.100000000000	0.0500000000000	-0.00307407379150	0.00000000000	54.7382812500	0.00000000000	-0.571679711342	0.00000000000	14.7500000000	15.0124998093	14.7500000000	14.9812498093	14.8312501907	-300.000000000	0.00000000000	NaN	0.00000000000	22.3002014160	25.0001525879	640.000000000	24.4364926289	24.6990601296	25.1095767229	25.4496105086	23.9776819574	26.3152394694	-59.9660552071	-60.2819306401	-0.000203609466553	-0.000531673431396	-0.000859737396240	-0.000531673431396	NaN	NaN	NaN	NaN	NaN	0.00000000000	NaN	NaN	1.00000000000	0.00000000000	5.00000000000	0.00000000000


















3733299699.68	NaN	11.0000000000	124.000000000	1.00000000000	1.00000000000	NaN	3.50139617920	-3.41063829714	0.947141647339	-4.21809381855	0.971752166748	2.46643733978	0.274451255798	0.164851665497	4.98184981327	103.634692451	0.0985016956329	1015.37251749	-0.0352096557617	0.000699496269226	0.00127186775208	200000.000000	16.0000000000	0.00000000000	166.000000000	232.000000000	5.00000000000	0.950000000000	-0.740000000000	22.3000000000	0.00000000000	232.000000000	32.0000000000	15108704.0000	2500.00000000	2000.00000000	206.200000000	6466.00000000	1700.00000000	6000.00000000	13314.0000000	5801.00000000	23.4081460007	23.5137486754	23.1798541774	-0.365118443319	23.6668057909	26.2141808083	24.1922097605	-10.8927789160	23.5243397747	23.2737861163	23.2758785345	23.8878234650	23.9764863670	22.7635844875	-12.4077104270	0.882295696942	0.00000000000	0.100000000000	0.0500000000000	-0.00498528480530	0.00000000000	54.7382812500	0.00000000000	-0.571679711342	0.00000000000	14.7562503815	15.1187505722	14.7500000000	14.9812498093	14.8312501907	-300.000000000	1424.08449615	NaN	0.00000000000	22.3002014160	25.0001525879	640.000000000	24.4364926289	24.6990601296	25.1095767229	25.4496105086	23.9776819574	26.3152394694	-59.9660552071	-60.2819306401	-0.000203609466553	-0.000531673431396	-0.000859737396240	-0.000531673431396	NaN	NaN	NaN	NaN	NaN	0.00000000000	NaN	NaN	1.00000000000	0.00000000000	5.00000000000	0.00000000000

















3733299699.88	NaN	7.00000000000	100.000000000	0.00000000000	0.00000000000	NaN	3.50467729568	-3.35738188789	0.944188117981	-4.28029064402	0.974705219269	2.46118688583	0.274451255798	0.163538932800	4.97231963310	101.921196487	0.100930681229	1015.32886530	-0.0323352813721	0.000710725784302	0.00126788616180	200000.000000	16.0000000000	0.00000000000	166.000000000	232.000000000	5.00000000000	0.950000000000	-0.740000000000	22.3000000000	0.00000000000	232.000000000	32.0000000000	15108704.0000	2500.00000000	2000.00000000	206.200000000	6466.00000000	1700.00000000	6000.00000000	13314.0000000	5801.00000000	23.4081460007	23.5137486754	23.1798541774	-0.365118443319	23.6668057909	26.2141808083	24.1922097605	-10.8927789160	23.5243397747	23.2737861163	23.2758785345	23.8878234650	23.9764863670	22.7635844875	-12.4077104270	0.882295696942	0.00000000000	0.100000000000	0.0500000000000	-0.00432105064392	0.00000000000	45.1718750000	0.00000000000	-0.571679711342	0.00000000000	14.7562503815	15.1187505722	14.7500000000	14.9812498093	14.8312501907	-300.000000000	0.00000000000	NaN	0.00000000000	22.3000183105	25.0001831055	640.000000000	24.4364926289	24.6990601296	25.1095767229	25.4496105086	23.9776819574	26.3152394694	-59.9660552071	-60.2819306401	-0.000203609466553	-0.000531673431396	-0.000859737396240	-0.000531673431396	NaN	NaN	NaN	NaN	NaN	0.00000000000	NaN	NaN	1.00000000000	0.00000000000	5.00000000000	0.00000000000


















3733299700.08	NaN	16.0000000000	116.000000000	0.00000000000	3.00000000000	NaN	3.49975538254	-3.29659305408	0.948125839233	-4.25695948770	0.971424102783	2.47956275940	0.275435447693	0.164523601532	4.98184981327	104.776930882	0.103360843658	1015.37251749	-0.0343694686890	0.000693583488464	0.00124037265778	200000.000000	16.0000000000	0.00000000000	166.000000000	232.000000000	5.00000000000	0.950000000000	-0.740000000000	22.3000000000	0.00000000000	232.000000000	32.0000000000	15108704.0000	2500.00000000	2000.00000000	206.200000000	6466.00000000	1700.00000000	6000.00000000	13314.0000000	5801.00000000	23.4081460007	23.5137486754	23.1798541774	-0.365118443319	23.6668057909	26.2141808083	24.1922097605	-10.8927789160	23.5243397747	23.2737861163	23.2758785345	23.8878234650	23.9764863670	22.7635844875	-12.4077104270	0.882295696942	0.00000000000	0.100000000000	0.0500000000000	-0.00381312370300	0.00000000000	45.1718750000	0.00000000000	-0.571679711342	0.00000000000	14.7562503815	15.0312500000	14.7500000000	14.9812498093	14.8312501907	-300.000000000	4398.25208225	NaN	0.00000000000	22.3000183105	25.0001831055	640.000000000	24.3113009357	24.6990601296	25.1095767229	25.4496105086	23.9776819574	26.3152394694	-59.9660552071	-60.2819306401	-0.000203609466553	-0.000531673431396	-0.000859737396240	-0.000531673431396	NaN	NaN	NaN	NaN	NaN	0.00000000000	NaN	NaN	1.00000000000	0.00000000000	5.00000000000	0.00000000000


















3733299700.28	NaN	9.00000000000	105.000000000	0.00000000000	1.00000000000	NaN	3.48892688751	-3.31178729575	0.945172786713	-4.24140181337	0.974705219269	2.47825050354	0.274451255798	0.163538932800	4.94377058830	102.492454021	0.0968823719025	1015.24156092	-0.0335822105408	0.000691676139832	0.00121672153473	200000.000000	16.0000000000	0.00000000000	166.000000000	232.000000000	5.00000000000	0.950000000000	-0.740000000000	22.3000000000	0.00000000000	232.000000000	32.0000000000	15108704.0000	2500.00000000	2000.00000000	206.200000000	6466.00000000	1700.00000000	6000.00000000	13314.0000000	5801.00000000	23.4081460007	23.5137486754	23.1798541774	-0.365118443319	23.6668057909	26.2141808083	24.1922097605	-10.8927789160	23.5243397747	23.2737861163	23.2758785345	23.8878234650	23.9764863670	22.7635844875	-12.4077104270	0.882295696942	0.00000000000	0.100000000000	0.0500000000000	-0.00512042045593	0.00000000000	53.6933593750	0.00000000000	-0.573828160763	0.00000000000	14.7562503815	15.0312500000	14.7500000000	14.9812498093	14.8312501907	-300.000000000	1424.08449615	NaN	0.00000000000	22.3004760742	24.9999694824	640.000000000	24.3113009357	24.6990601296	25.1095767229	25.4496105086	23.9776819574	26.3152394694	-59.9660552071	-60.2819306401	-0.000203609466553	-0.000531673431396	-0.000859737396240	-0.000531673431396	NaN	NaN	NaN	NaN	NaN	0.00000000000	NaN	NaN	1.00000000000	0.00000000000	5.00000000000	0.00000000000

















3733299700.48	NaN	7.00000000000	118.000000000	0.00000000000	2.00000000000	NaN	3.48236370087	-3.09212447352	0.947141647339	-4.28807079107	0.974705219269	2.47529697418	0.272810459137	0.161898612976	4.97231963310	101.540542557	0.109029653549	1015.54718970	-0.0320858955383	0.000698232650757	0.00123114585876	200000.000000	16.0000000000	0.00000000000	166.000000000	232.000000000	5.00000000000	0.950000000000	-0.740000000000	22.3000000000	0.00000000000	232.000000000	32.0000000000	15108704.0000	2500.00000000	2000.00000000	206.200000000	6466.00000000	1700.00000000	6000.00000000	13314.0000000	5801.00000000	23.4081460007	23.5137486754	23.1798541774	-0.365118443319	23.6668057909	26.2141808083	24.1922097605	-10.8927789160	23.5243397747	23.2737861163	23.2758785345	23.8878234650	23.9764863670	22.7635844875	-12.4077104270	0.882295696942	0.00000000000	0.100000000000	0.0500000000000	-0.00371732711792	0.00000000000	53.6933593750	0.00000000000	-0.573828160763	0.00000000000	14.7500000000	15.0687503815	14.7500000000	14.9812498093	14.8312501907	-300.000000000	2812.02439273	NaN	0.00000000000	22.3004760742	24.9999694824	640.000000000	24.3113009357	24.6990601296	25.1095767229	25.4496105086	23.9776819574	26.3152394694	-59.9660552071	-60.2819306401	-0.000203609466553	-0.000531673431396	-0.000859737396240	-0.000531673431396	NaN	NaN	NaN	NaN	NaN	0.00000000000	NaN	NaN	1.00000000000	0.00000000000	5.00000000000	0.00000000000


















3733299700.68	NaN	16.0000000000	129.000000000	0.00000000000	0.00000000000	NaN	3.48564529419	-3.12991521496	0.943860054016	-4.20256285267	0.978642940521	2.48021936417	0.272810459137	0.162226676941	5.12462270107	107.061407742	0.101740343094	1015.63449409	-0.0288567543030	0.000678515434265	0.00120422840118	200000.000000	16.0000000000	0.00000000000	166.000000000	232.000000000	5.00000000000	0.950000000000	-0.740000000000	22.3000000000	0.00000000000	232.000000000	32.0000000000	15108704.0000	2500.00000000	2000.00000000	206.200000000	6466.00000000	1700.00000000	6000.00000000	13314.0000000	5801.00000000	23.4081460007	23.5137486754	23.1798541774	-0.365118443319	23.6668057909	26.2141808083	24.1922097605	-10.8927789160	23.5243397747	23.2737861163	23.2758785345	23.8878234650	23.9764863670	22.7635844875	-12.4077104270	0.882295696942	0.00000000000	0.100000000000	0.0500000000000	0.00197396278381	0.00000000000	45.8496093750	0.00000000000	-0.573046863079	0.00000000000	14.7500000000	15.0687503815	14.7500000000	14.9812498093	14.8312501907	-300.000000000	0.00000000000	NaN	0.00000000000	22.3004760742	24.9999694824	640.000000000	24.3113009357	24.6990601296	25.1095767229	25.4496105086	23.9776819574	26.3152394694	-59.9660552071	-60.2819306401	-0.000203609466553	-0.000531673431396	-0.000859737396240	-0.000531673431396	NaN	NaN	NaN	NaN	NaN	0.00000000000	NaN	NaN	1.00000000000	0.00000000000	5.00000000000	0.00000000000


















3733299700.88	NaN	17.0000000000	131.000000000	0.00000000000	1.00000000000	NaN	3.50205230713	-3.38019279383	0.947141647339	-4.25695948770	0.975033283234	2.47234392166	0.272153854370	0.163210868835	4.95328693657	101.159888626	0.0993113574982	1015.45982187	-0.0387406349182	0.000692987442017	0.00123248100281	200000.000000	16.0000000000	0.00000000000	166.000000000	232.000000000	5.00000000000	0.950000000000	-0.740000000000	22.3000000000	0.00000000000	232.000000000	32.0000000000	15108704.0000	2500.00000000	2000.00000000	206.200000000	6466.00000000	1700.00000000	6000.00000000	13314.0000000	5801.00000000	23.4081460007	23.5137486754	23.1798541774	-0.365118443319	23.6668057909	26.2141808083	24.1922097605	-10.8927789160	23.5243397747	23.2737861163	23.2758785345	23.8878234650	23.9764863670	22.7635844875	-12.4077104270	0.882295696942	0.00000000000	0.100000000000	0.0500000000000	-0.00349287986755	0.00000000000	45.8496093750	0.00000000000	-0.573046863079	0.00000000000	14.7500000000	15.0625000000	14.7500000000	14.9875001907	14.8312501907	-300.000000000	1280.63276119	NaN	0.00000000000	22.3000183105	25.0000610352	640.000000000	24.3113009357	24.6990601296	25.1095767229	25.4496105086	23.9776819574	26.3152394694	-59.9660552071	-60.2819306401	-0.000203609466553	-0.000531673431396	-0.000859737396240	-0.000531673431396	NaN	NaN	NaN	NaN	NaN	0.00000000000	NaN	NaN	1.00000000000	0.00000000000	5.00000000000	0.00000000000

















3733299701.08	NaN	10.0000000000	114.000000000	0.00000000000	0.00000000000	NaN	3.48367643356	-3.22832728027	0.947469711304	-4.27251204521	0.970439434052	2.50843954086	0.273138523102	0.162226676941	4.94377058830	102.492454021	0.0960715332031	1015.24156092	-0.0388717651367	0.000700926780701	0.00126063823700	200000.000000	16.0000000000	0.00000000000	166.000000000	232.000000000	5.00000000000	0.950000000000	-0.740000000000	22.3000000000	0.00000000000	232.000000000	32.0000000000	15108704.0000	2500.00000000	2000.00000000	206.200000000	6466.00000000	1700.00000000	6000.00000000	13314.0000000	5801.00000000	23.4081460007	23.5137486754	23.1798541774	-0.365118443319	23.6668057909	26.2141808083	24.1922097605	-10.8927789160	23.5243397747	23.2737861163	23.2758785345	23.8878234650	23.9764863670	22.7635844875	-12.4077104270	0.882295696942	0.00000000000	0.100000000000	0.0500000000000	-0.00872340202332	0.00000000000	53.2480468750	-0.000390625005821	-0.574023425579	0.00000000000	14.7500000000	15.0625000000	14.7500000000	14.9875001907	14.8312501907	-300.000000000	0.00000000000	NaN	0.00000000000	22.3000183105	25.0000610352	640.000000000	24.3113009357	24.5140298316	25.1095767229	25.4496105086	23.9776819574	26.3152394694	-59.9660552071	-60.2819306401	-0.000203609466553	-0.000531673431396	-0.000859737396240	-0.000531673431396	NaN	NaN	NaN	NaN	NaN	0.00000000000	NaN	NaN	1.00000000000	0.00000000000	5.00000000000	0.00000000000

















3733299701.28	NaN	10.0000000000	101.000000000	0.00000000000	1.00000000000	NaN	3.49745845795	-3.31938101759	0.945172786713	-4.32700611074	0.976017951965	2.50909566879	0.273138523102	0.163867473602	4.94377058830	102.111800091	0.104980167389	1015.06688870	-0.0363121032715	0.000721216201782	0.00122916698456	200000.000000	16.0000000000	0.00000000000	166.000000000	232.000000000	5.00000000000	0.950000000000	-0.740000000000	22.3000000000	0.00000000000	232.000000000	32.0000000000	15108704.0000	2500.00000000	2000.00000000	206.200000000	6466.00000000	1700.00000000	6000.00000000	13314.0000000	5801.00000000	23.4081460007	23.5137486754	23.1798541774	-0.365118443319	23.6668057909	26.2141808083	24.1922097605	-10.8927789160	23.5243397747	23.2737861163	23.2758785345	23.8878234650	23.9764863670	22.7635844875	-12.4077104270	0.882295696942	0.00000000000	0.100000000000	0.0500000000000	-0.00539603233337	0.00000000000	53.2480468750	-0.000390625005821	-0.574023425579	0.00000000000	14.7562503815	15.0250005722	14.7500000000	14.9812498093	14.8312501907	-300.000000000	1280.63276119	NaN	0.00000000000	22.3001708984	25.0002746582	640.000000000	24.3113009357	24.5140298316	25.1095767229	25.4496105086	23.9776819574	26.3152394694	-59.9660552071	-60.2819306401	-0.000203609466553	-0.000531673431396	-0.000859737396240	-0.000531673431396	NaN	NaN	NaN	NaN	NaN	0.00000000000	NaN	NaN	1.00000000000	0.00000000000	5.00000000000	0.00000000000

















3733299701.48	NaN	9.00000000000	105.000000000	0.00000000000	0.00000000000	NaN	3.49975538254	-3.13747532628	0.947797775269	-4.30364704843	0.969455242157	2.51172065735	0.276091575623	0.162554740906	4.96280328484	102.492454021	0.0993113574982	1015.28521311	-0.0368242263794	0.000700855255127	0.00121998786926	200000.000000	16.0000000000	0.00000000000	166.000000000	232.000000000	5.00000000000	0.950000000000	-0.740000000000	22.3000000000	0.00000000000	232.000000000	32.0000000000	15108704.0000	2500.00000000	2000.00000000	206.200000000	6466.00000000	1700.00000000	6000.00000000	13314.0000000	5801.00000000	23.4081460007	23.5137486754	23.1798541774	-0.365118443319	23.6668057909	26.2141808083	24.1922097605	-10.8927789160	23.5243397747	23.2737861163	23.2758785345	23.8878234650	23.9764863670	22.7635844875	-12.4077104270	0.882295696942	0.00000000000	0.100000000000	0.0500000000000	-0.00566902160645	0.00000000000	46.0937500000	-0.000390625005821	-0.572460949421	0.00000000000	14.7562503815	15.0250005722	14.7500000000	14.9812498093	14.8312501907	-300.000000000	0.00000000000	NaN	0.00000000000	22.3001708984	25.0002746582	640.000000000	24.3113009357	24.5140298316	25.1095767229	25.4496105086	23.9776819574	26.3152394694	-59.9660552071	-60.2819306401	-0.000203609466553	-0.000531673431396	-0.000859737396240	-0.000531673431396	NaN	NaN	NaN	NaN	NaN	0.00000000000	NaN	NaN	1.00000000000	0.00000000000	5.00000000000	0.00000000000


















3733299701.68	NaN	11.0000000000	116.000000000	0.00000000000	1.00000000000	NaN	3.48597335815	-3.31178729575	0.941563129425	-4.35818463428	0.975689888000	2.51303339005	0.276419639587	0.164523601532	4.81051404877	100.588631092	0.104980167389	1015.76551411	-0.0310621261597	0.000702190399170	0.00122063159943	200000.000000	16.0000000000	0.00000000000	166.000000000	232.000000000	5.00000000000	0.950000000000	-0.740000000000	22.3000000000	0.00000000000	232.000000000	32.0000000000	15108704.0000	2500.00000000	2000.00000000	206.200000000	6466.00000000	1700.00000000	6000.00000000	13314.0000000	5801.00000000	23.4081460007	23.5137486754	23.1798541774	-0.365118443319	23.6668057909	26.2141808083	24.1922097605	-10.8927789160	23.5243397747	23.2737861163	23.2758785345	23.8878234650	23.9764863670	22.7635844875	-12.4077104270	0.882295696942	0.00000000000	0.100000000000	0.0500000000000	-0.00669813156128	0.00000000000	46.0937500000	-0.000390625005821	-0.572460949421	0.00000000000	14.7500000000	15.0875005722	14.7500000000	14.9812498093	14.8312501907	-300.000000000	1451.67921303	NaN	0.00000000000	22.3001708984	25.0002746582	640.000000000	24.3113009357	24.5140298316	25.1095767229	25.4496105086	23.9776819574	26.3152394694	-59.9660552071	-60.2819306401	-0.000203609466553	-0.000531673431396	-0.000859737396240	-0.000531673431396	NaN	NaN	NaN	NaN	NaN	0.00000000000	NaN	NaN	1.00000000000	0.00000000000	5.00000000000	0.00000000000

















3733299701.88	NaN	6.00000000000	106.000000000	1.00000000000	2.00000000000	NaN	3.48203563690	-3.16016399527	0.944844245911	-4.32700611074	0.968470573425	2.51172065735	0.276748180389	0.165179729462	4.99136616154	105.538515381	0.101740343094	1015.41616968	-0.0355639457703	0.000683784484863	0.00122258663177	200000.000000	16.0000000000	0.00000000000	166.000000000	232.000000000	5.00000000000	0.950000000000	-0.740000000000	22.3000000000	0.00000000000	232.000000000	32.0000000000	15108704.0000	2500.00000000	2000.00000000	206.200000000	6466.00000000	1700.00000000	6000.00000000	13314.0000000	5801.00000000	23.4081460007	23.5137486754	23.1798541774	-0.365118443319	23.6668057909	26.2141808083	24.1922097605	-10.8927789160	23.5243397747	23.2737861163	23.2758785345	23.8878234650	23.9764863670	22.7635844875	-12.4077104270	0.882295696942	0.00000000000	0.100000000000	0.0500000000000	-0.00501408576965	0.00000000000	51.5683593750	-0.000390625005821	-0.574609398842	0.00000000000	14.7500000000	15.0875005722	14.7500000000	14.9812498093	14.8312501907	-300.000000000	2904.44897239	NaN	0.00000000000	22.2998352051	25.0002136230	640.000000000	24.3113009357	24.5140298316	25.1095767229	25.4496105086	23.9776819574	26.3152394694	-59.9660552071	-60.2819306401	-0.000203609466553	-0.000531673431396	-0.000859737396240	-0.000531673431396	NaN	NaN	NaN	NaN	NaN	0.00000000000	NaN	NaN	1.00000000000	0.00000000000	5.00000000000	0.00000000000


















3733299702.08	NaN	12.0000000000	119.000000000	0.00000000000	0.00000000000	NaN	3.49056720734	-3.20558993899	0.946156978607	-4.30364704843	0.967814445496	2.53206539154	0.275435447693	0.162554740906	4.95328693657	105.157584812	0.100930681229	1015.24156092	-0.0236592292786	0.000673961639404	0.00118653774261	200000.000000	16.0000000000	0.00000000000	166.000000000	232.000000000	5.00000000000	0.950000000000	-0.740000000000	22.3000000000	0.00000000000	232.000000000	32.0000000000	15108704.0000	2500.00000000	2000.00000000	206.200000000	6466.00000000	1700.00000000	6000.00000000	13314.0000000	5801.00000000	23.4081460007	23.5137486754	23.1798541774	-0.365118443319	23.6668057909	26.2141808083	24.1922097605	-10.8927789160	23.5243397747	23.2737861163	23.2758785345	23.8878234650	23.9764863670	22.7635844875	-12.4077104270	0.882295696942	0.00000000000	0.100000000000	0.0500000000000	0.00216436386108	0.00000000000	51.5683593750	-0.000390625005821	-0.574609398842	0.00000000000	14.7562503815	15.0625000000	14.7500000000	14.9812498093	14.8335943222	-300.000000000	0.00000000000	NaN	0.00000000000	22.2998352051	25.0002136230	640.000000000	24.3113009357	24.5140298316	25.2091530337	25.4496105086	23.9776819574	26.3152394694	-59.9660552071	-60.2819306401	-0.000203609466553	-0.000531673431396	-0.000859737396240	-0.000531673431396	NaN	NaN	NaN	NaN	NaN	0.00000000000	NaN	NaN	1.00000000000	0.00000000000	5.00000000000	0.00000000000

















3733299702.28	NaN	14.0000000000	113.000000000	0.00000000000	1.00000000000	NaN	3.48925495148	-3.12991521496	0.946485042572	-4.32700611074	0.971095561981	2.53009700775	0.275763511658	0.163210868835	4.95328693657	102.492454021	0.100930681229	1015.45982187	-0.0337920188904	0.000698876380920	0.00120160579681	200000.000000	16.0000000000	0.00000000000	166.000000000	232.000000000	5.00000000000	0.950000000000	-0.740000000000	22.3000000000	0.00000000000	232.000000000	32.0000000000	15108704.0000	2500.00000000	2000.00000000	206.200000000	6466.00000000	1700.00000000	6000.00000000	13314.0000000	5801.00000000	23.4081460007	23.5137486754	23.1798541774	-0.365118443319	23.6668057909	26.2141808083	24.1922097605	-10.8927789160	23.5243397747	23.2737861163	23.2758785345	23.8878234650	23.9764863670	22.7635844875	-12.4077104270	0.882295696942	0.00000000000	0.100000000000	0.0500000000000	0.000450134277344	0.00000000000	47.7421875000	0.00000000000	-0.573632836342	0.00000000000	14.7562503815	15.0625000000	14.7500000000	14.9812498093	14.8335943222	-300.000000000	1604.95521257	NaN	0.00000000000	22.3001403809	25.0000915527	640.000000000	24.3113009357	24.5140298316	25.2091530337	25.4496105086	23.9776819574	26.3152394694	-59.9660552071	-60.2819306401	-0.000203609466553	-0.000531673431396	-0.000859737396240	-0.000531673431396	NaN	NaN	NaN	NaN	NaN	0.00000000000	NaN	NaN	1.00000000000	0.00000000000	5.00000000000	0.00000000000

















3733299702.48	NaN	8.00000000000	121.000000000	0.00000000000	1.00000000000	NaN	3.49614572525	-3.35738188789	0.944516181946	-4.33479557357	0.971424102783	2.52517461777	0.275107383728	0.163210868835	4.97231963310	101.921196487	0.0993113574982	1015.41616968	-0.0339760780334	0.000676536560059	0.00119836330414	200000.000000	16.0000000000	0.00000000000	166.000000000	232.000000000	5.00000000000	0.950000000000	-0.740000000000	22.3000000000	0.00000000000	232.000000000	32.0000000000	15108704.0000	2500.00000000	2000.00000000	206.200000000	6466.00000000	1700.00000000	6000.00000000	13314.0000000	5801.00000000	23.4081460007	23.5137486754	23.1798541774	-0.365118443319	23.6668057909	26.2141808083	24.1922097605	-10.8927789160	23.5243397747	23.2737861163	23.2758785345	23.8878234650	23.9764863670	22.7635844875	-12.4077104270	0.882295696942	0.00000000000	0.100000000000	0.0500000000000	-0.00450081825256	0.00000000000	47.7421875000	0.00000000000	-0.573632836342	0.00000000000	14.7562503815	15.0625000000	14.7500000000	14.9812498093	14.8312501907	-300.000000000	1540.14424584	NaN	0.00000000000	22.3001403809	25.0000915527	640.000000000	24.3113009357	24.5140298316	25.2091530337	25.4496105086	23.9776819574	26.3152394694	-59.9660552071	-60.2819306401	-0.000203609466553	-0.000531673431396	-0.000859737396240	-0.000531673431396	NaN	NaN	NaN	NaN	NaN	0.00000000000	NaN	NaN	1.00000000000	0.00000000000	5.00000000000	0.00000000000

















3733299702.68	NaN	11.0000000000	113.000000000	0.00000000000	0.00000000000	NaN	3.49680233002	-3.15259971543	0.947797775269	-4.24918552670	0.979627609253	2.53337812424	0.278060436249	0.163867473602	5.09605982437	107.251734707	0.101740343094	1015.37251749	-0.0368766784668	0.000687098503113	0.00118651390076	200000.000000	16.0000000000	0.00000000000	166.000000000	232.000000000	5.00000000000	0.950000000000	-0.740000000000	22.3000000000	0.00000000000	232.000000000	32.0000000000	15108704.0000	2500.00000000	2000.00000000	206.200000000	6466.00000000	1700.00000000	6000.00000000	13314.0000000	5801.00000000	23.4081460007	23.5137486754	23.1798541774	-0.365118443319	23.6668057909	26.2141808083	24.1922097605	-10.8927789160	23.5243397747	23.2737861163	23.2758785345	23.8878234650	23.9764863670	22.7635844875	-12.4077104270	0.882295696942	0.00000000000	0.100000000000	0.0500000000000	-0.00630440711975	0.00000000000	50.8808593750	0.000390625005821	-0.574023425579	0.00000000000	14.7562503815	15.0625000000	14.7500000000	14.9812498093	14.8312501907	-300.000000000	0.00000000000	NaN	0.00000000000	22.3001403809	25.0000915527	640.000000000	24.3113009357	24.5140298316	25.2091530337	25.4496105086	23.9776819574	26.3152394694	-59.9660552071	-60.2819306401	-0.000203609466553	-0.000531673431396	-0.000859737396240	-0.000531673431396	NaN	NaN	NaN	NaN	NaN	0.00000000000	NaN	NaN	1.00000000000	0.00000000000	5.00000000000	0.00000000000


















3733299702.88	NaN	11.0000000000	123.000000000	0.00000000000	1.00000000000	NaN	3.48498916626	-3.34217066398	0.947141647339	-4.22586160955	0.979627609253	2.52911233902	0.273466587067	0.162882804871	4.97231963310	104.967257847	0.0993113574982	1015.41616968	-0.0255360603333	0.000683760643005	0.00118651390076	200000.000000	16.0000000000	0.00000000000	166.000000000	232.000000000	5.00000000000	0.950000000000	-0.740000000000	22.3000000000	0.00000000000	232.000000000	32.0000000000	15108704.0000	2500.00000000	2000.00000000	206.200000000	6466.00000000	1700.00000000	6000.00000000	13314.0000000	5801.00000000	23.4081460007	23.5137486754	23.1798541774	-0.365118443319	23.6668057909	26.2141808083	24.1922097605	-10.8927789160	23.5243397747	23.2737861163	23.2758785345	23.8878234650	23.9764863670	22.7635844875	-12.4077104270	0.882295696942	0.00000000000	0.100000000000	0.0500000000000	0.00129017829895	0.00000000000	50.8808593750	0.000390625005821	-0.574023425579	0.00000000000	14.7562503815	15.0062503815	14.7500000000	14.9812498093	14.8312501907	-300.000000000	1509.11975743	NaN	0.00000000000	22.3001403809	25.0000610352	640.000000000	24.3113009357	24.5140298316	25.2091530337	25.4496105086	23.9776819574	26.3152394694	-59.9660552071	-60.2819306401	-0.000203609466553	-0.000531673431396	-0.000859737396240	-0.000531673431396	NaN	NaN	NaN	NaN	NaN	0.00000000000	NaN	NaN	1.00000000000	0.00000000000	5.00000000000	0.00000000000


















3733299703.08	NaN	13.0000000000	123.000000000	0.00000000000	2.00000000000	NaN	3.50041151047	-3.38779926978	0.943203926086	-4.33479557357	0.973392963409	2.43788909912	0.271497726440	0.163538932800	4.96280328484	104.205673347	0.0976920337677	1015.54718970	-0.0354199409485	0.000684404373169	0.00117468833923	200000.000000	16.0000000000	0.00000000000	166.000000000	232.000000000	5.00000000000	0.950000000000	-0.740000000000	22.3000000000	0.00000000000	232.000000000	32.0000000000	15108704.0000	2500.00000000	2000.00000000	206.200000000	6466.00000000	1700.00000000	6000.00000000	13314.0000000	5801.00000000	23.4081460007	23.5137486754	23.1798541774	-0.365118443319	23.6668057909	26.2141808083	24.1922097605	-10.8927789160	23.5243397747	23.2737861163	23.2758785345	23.8878234650	23.9764863670	22.7635844875	-12.4077104270	0.882295696942	0.00000000000	0.100000000000	0.0500000000000	-0.00727567672729	0.00000000000	45.5546875000	0.00000000000	-0.570703148842	0.00000000000	14.7562503815	15.0062503815	14.7500000000	14.9812498093	14.8312501907	-300.000000000	3111.43747642	NaN	0.00000000000	22.3001403809	25.0000610352	640.000000000	24.3113009357	24.5140298316	25.2091530337	25.5200655427	23.9776819574	26.3152394694	-59.9660552071	-60.2819306401	-0.000203609466553	-0.000531673431396	-0.000859737396240	-0.000531673431396	NaN	NaN	NaN	NaN	NaN	0.00000000000	NaN	NaN	1.00000000000	0.00000000000	5.00000000000	0.00000000000

















3733299703.28	NaN	12.0000000000	138.000000000	0.00000000000	0.00000000000	NaN	3.49614572525	-3.31938101759	0.947141647339	-4.24918552670	0.976017951965	2.43493556976	0.273794651031	0.162882804871	4.94377058830	103.063434917	0.100121019363	1015.45982187	-0.0377821922302	0.000701522827148	0.00122199058533	200000.000000	16.0000000000	0.00000000000	166.000000000	232.000000000	5.00000000000	0.950000000000	-0.740000000000	22.3000000000	0.00000000000	232.000000000	32.0000000000	15108704.0000	2500.00000000	2000.00000000	206.200000000	6466.00000000	1700.00000000	6000.00000000	13314.0000000	5801.00000000	23.4081460007	23.5137486754	23.1798541774	-0.365118443319	23.6668057909	26.2141808083	24.1922097605	-10.8927789160	23.5243397747	23.2737861163	23.2758785345	23.8878234650	23.9764863670	22.7635844875	-12.4077104270	0.882295696942	0.00000000000	0.100000000000	0.0500000000000	-0.00467414855957	0.00000000000	45.5546875000	0.00000000000	-0.570703148842	0.00000000000	14.7562503815	15.1250000000	14.7500000000	14.9812498093	14.8312501907	-300.000000000	0.00000000000	NaN	0.00000000000	22.3003234863	25.0000610352	640.000000000	24.3113009357	24.5140298316	25.2091530337	25.5200655427	23.9776819574	26.3152394694	-59.9660552071	-60.2819306401	-0.000203609466553	-0.000531673431396	-0.000859737396240	-0.000531673431396	NaN	NaN	NaN	NaN	NaN	0.00000000000	NaN	NaN	1.00000000000	0.00000000000	5.00000000000	0.00000000000


















3733299703.48	NaN	13.0000000000	129.000000000	1.00000000000	2.00000000000	NaN	3.48794221878	-3.40302754992	0.942547321320	-4.31143184932	0.972408294678	2.44084215164	0.271169662476	0.162554740906	4.96280328484	104.586603916	0.100930681229	1015.24156092	-0.0365486145020	0.000694918632507	0.00121016502380	200000.000000	16.0000000000	0.00000000000	166.000000000	232.000000000	5.00000000000	0.950000000000	-0.740000000000	22.3000000000	0.00000000000	232.000000000	32.0000000000	15108704.0000	2500.00000000	2000.00000000	206.200000000	6466.00000000	1700.00000000	6000.00000000	13314.0000000	5801.00000000	23.4081460007	23.5137486754	23.1798541774	-0.365118443319	23.6668057909	26.2141808083	24.1922097605	-10.8927789160	23.5243397747	23.2737861163	23.2758785345	23.8878234650	23.9764863670	22.7635844875	-12.4077104270	0.882295696942	0.00000000000	0.100000000000	0.0500000000000	-0.00673222541809	0.00000000000	49.9980468750	0.00000000000	-0.575585961342	0.00000000000	14.7562503815	15.1250000000	14.7500000000	14.9812498093	14.8312501907	-300.000000000	2651.89271429	NaN	0.00000000000	22.3003234863	25.0000610352	640.000000000	24.3113009357	24.5140298316	25.2091530337	25.5200655427	23.9776819574	26.3152394694	-59.9660552071	-60.2819306401	-0.000203609466553	-0.000531673431396	-0.000859737396240	-0.000531673431396	NaN	NaN	NaN	NaN	NaN	0.00000000000	NaN	NaN	1.00000000000	0.00000000000	5.00000000000	0.00000000000

















3733299703.68	NaN	18.0000000000	123.000000000	0.00000000000	1.00000000000	NaN	3.49548959732	-3.12235649115	0.949438571930	-4.22586160955	0.971095561981	2.44609260559	0.274779319763	0.162882804871	4.93425424004	104.776930882	0.100121019363	1015.28521311	-0.0368633270264	0.000674533843994	0.00119304656982	200000.000000	16.0000000000	0.00000000000	166.000000000	232.000000000	5.00000000000	0.950000000000	-0.740000000000	22.3000000000	0.00000000000	232.000000000	32.0000000000	15108704.0000	2500.00000000	2000.00000000	206.200000000	6466.00000000	1700.00000000	6000.00000000	13314.0000000	5801.00000000	23.4081460007	23.5137486754	23.1798541774	-0.365118443319	23.6668057909	26.2141808083	24.1922097605	-10.8927789160	23.5243397747	23.2737861163	23.2758785345	23.8878234650	23.9764863670	22.7635844875	-12.4077104270	0.882295696942	0.00000000000	0.100000000000	0.0500000000000	-0.00350856781006	0.00000000000	49.9980468750	0.00000000000	-0.575585961342	0.00000000000	14.7500000000	15.0124998093	14.7500000000	14.9812498093	14.8312501907	-300.000000000	1480.36447624	NaN	0.00000000000	22.3003234863	25.0000610352	640.000000000	24.3113009357	24.5140298316	25.2091530337	25.5200655427	23.9776819574	26.3152394694	-59.9660552071	-60.2819306401	-0.000203609466553	-0.000531673431396	-0.000859737396240	-0.000531673431396	NaN	NaN	NaN	NaN	NaN	0.00000000000	NaN	NaN	1.00000000000	0.00000000000	5.00000000000	0.00000000000

















3733299703.88	NaN	11.0000000000	131.000000000	0.00000000000	1.00000000000	NaN	3.49516153336	-3.30419498567	0.945500850677	-4.28807079107	0.974705219269	2.43756103516	0.274122714996	0.163538932800	4.95328693657	102.302127056	0.100930681229	1015.37251749	-0.0316786766052	0.000683093070984	0.00117540359497	200000.000000	16.0000000000	0.00000000000	166.000000000	232.000000000	5.00000000000	0.950000000000	-0.740000000000	22.3000000000	0.00000000000	232.000000000	32.0000000000	15108704.0000	2500.00000000	2000.00000000	206.200000000	6466.00000000	1700.00000000	6000.00000000	13314.0000000	5801.00000000	23.4081460007	23.5137486754	23.1798541774	-0.365118443319	23.6668057909	26.2141808083	24.1922097605	-10.8927789160	23.5243397747	23.2737861163	23.2758785345	23.8878234650	23.9764863670	22.7635844875	-12.4077104270	0.882295696942	0.00000000000	0.100000000000	0.0500000000000	-0.00560603141785	0.00000000000	48.7968750000	0.00000000000	-0.569726586342	0.00000000000	14.7500000000	15.0124998093	14.7500000000	14.9812498093	14.8312501907	-300.000000000	1451.67921303	NaN	0.00000000000	22.3000183105	25.0000915527	640.000000000	24.3113009357	24.5140298316	25.2091530337	25.5200655427	23.9776819574	26.3152394694	-59.9660552071	-60.2819306401	-0.000203609466553	-0.000531673431396	-0.000859737396240	-0.000531673431396	NaN	NaN	NaN	NaN	NaN	0.00000000000	NaN	NaN	1.00000000000	0.00000000000	5.00000000000	0.00000000000


















3733299704.08	NaN	10.0000000000	140.000000000	0.00000000000	4.00000000000	NaN	3.49483346939	-3.27382881653	0.949766635895	-4.24918552670	0.970111370087	2.57767724991	0.277404308319	0.164523601532	4.97231963310	102.492454021	0.0976920337677	1015.45982187	-0.0331754684448	0.000679850578308	0.00118124485016	200000.000000	16.0000000000	0.00000000000	166.000000000	232.000000000	5.00000000000	0.950000000000	-0.740000000000	22.3000000000	0.00000000000	232.000000000	32.0000000000	15108704.0000	2500.00000000	2000.00000000	206.200000000	6466.00000000	1700.00000000	6000.00000000	13314.0000000	5801.00000000	23.4081460007	23.5137486754	23.1798541774	-0.365118443319	23.6668057909	26.2141808083	24.1922097605	-10.8927789160	23.5243397747	23.2737861163	23.2758785345	23.8878234650	23.9764863670	22.7635844875	-12.4077104270	0.882295696942	0.00000000000	0.100000000000	0.0500000000000	-0.00422139167786	0.00000000000	48.7968750000	0.00000000000	-0.569726586342	0.00000000000	14.7500000000	15.1187505722	14.7500000000	14.9812498093	14.8312501907	-300.000000000	5845.11936368	NaN	0.00000000000	22.3000183105	25.0000915527	640.000000000	24.3113009357	24.5140298316	25.2091530337	25.5200655427	23.8904897378	26.3152394694	-59.9660552071	-60.2819306401	-0.000203609466553	-0.000531673431396	-0.000859737396240	-0.000531673431396	NaN	NaN	NaN	NaN	NaN	0.00000000000	NaN	NaN	1.00000000000	0.00000000000	5.00000000000	0.00000000000


















3733299704.28	NaN	15.0000000000	115.000000000	0.00000000000	1.00000000000	NaN	3.49253606796	-3.36498410392	0.947469711304	-4.29586379922	0.973721027374	2.57505226135	0.276748180389	0.163538932800	4.92473789177	102.111800091	0.101740343094	1015.50353751	-0.0324006080627	0.000660777091980	0.00115568637848	200000.000000	16.0000000000	0.00000000000	166.000000000	232.000000000	5.00000000000	0.950000000000	-0.740000000000	22.3000000000	0.00000000000	232.000000000	32.0000000000	15108704.0000	2500.00000000	2000.00000000	206.200000000	6466.00000000	1700.00000000	6000.00000000	13314.0000000	5801.00000000	23.4081460007	23.5137486754	23.1798541774	-0.365118443319	23.6668057909	26.2141808083	24.1922097605	-10.8927789160	23.5243397747	23.2737861163	23.2758785345	23.8878234650	23.9764863670	22.7635844875	-12.4077104270	0.882295696942	0.00000000000	0.100000000000	0.0500000000000	-0.00367002487183	0.00000000000	47.3769531250	0.00000000000	-0.574414074421	0.00000000000	14.7500000000	15.1187505722	14.7500000000	14.9812498093	14.8312501907	-300.000000000	1638.80973658	NaN	0.00000000000	22.3002624512	25.0000000000	640.000000000	24.3113009357	24.5140298316	25.2091530337	25.5200655427	23.8904897378	26.3152394694	-59.9660552071	-60.2819306401	-0.000203609466553	-0.000531673431396	-0.000859737396240	-0.000531673431396	NaN	NaN	NaN	NaN	NaN	0.00000000000	NaN	NaN	1.00000000000	0.00000000000	5.00000000000	0.00000000000

















3733299704.48	NaN	7.00000000000	118.000000000	0.00000000000	0.00000000000	NaN	3.48991107941	-3.06946224789	0.952391624451	-4.28807079107	0.970439434052	2.57538032532	0.276748180389	0.162554740906	4.93425424004	104.776930882	0.0976920337677	1015.41616968	-0.0297622680664	0.000683093070984	0.00120952129364	200000.000000	16.0000000000	0.00000000000	166.000000000	232.000000000	5.00000000000	0.950000000000	-0.740000000000	22.3000000000	0.00000000000	232.000000000	32.0000000000	15108704.0000	2500.00000000	2000.00000000	206.200000000	6466.00000000	1700.00000000	6000.00000000	13314.0000000	5801.00000000	23.4081460007	23.5137486754	23.1798541774	-0.365118443319	23.6668057909	26.2141808083	24.1922097605	-10.8927789160	23.5243397747	23.2737861163	23.2758785345	23.8878234650	23.9764863670	22.7635844875	-12.4077104270	0.882295696942	0.00000000000	0.100000000000	0.0500000000000	-0.00382618904114	0.00000000000	47.3769531250	0.00000000000	-0.574414074421	0.00000000000	14.7562503815	15.0000000000	14.7500000000	14.9875001907	14.8312501907	-300.000000000	0.00000000000	NaN	0.00000000000	22.3002624512	25.0000000000	640.000000000	24.3113009357	24.5140298316	25.2091530337	25.5200655427	23.8904897378	26.3152394694	-59.9660552071	-60.2819306401	-0.000203609466553	-0.000531673431396	-0.000859737396240	-0.000531673431396	NaN	NaN	NaN	NaN	NaN	0.00000000000	NaN	NaN	1.00000000000	0.00000000000	5.00000000000	0.00000000000


















3733299704.68	NaN	11.0000000000	127.000000000	0.00000000000	1.00000000000	NaN	3.49286460876	-3.13747532628	0.951078891754	-4.27251204521	0.978971004486	2.57734918594	0.275435447693	0.160913944244	5.05799443130	107.061407742	0.100121019363	1015.24156092	-0.0320334434509	0.000682449340820	0.00119576454163	200000.000000	16.0000000000	0.00000000000	166.000000000	232.000000000	5.00000000000	0.950000000000	-0.740000000000	22.3000000000	0.00000000000	232.000000000	32.0000000000	15108704.0000	2500.00000000	2000.00000000	206.200000000	6466.00000000	1700.00000000	6000.00000000	13314.0000000	5801.00000000	23.4081460007	23.5137486754	23.1798541774	-0.365118443319	23.6668057909	26.2141808083	24.1922097605	-10.8927789160	23.5243397747	23.2737861163	23.2758785345	23.8878234650	23.9764863670	22.7635844875	-12.4077104270	0.882295696942	0.00000000000	0.100000000000	0.0500000000000	-0.00411510467529	0.00000000000	53.5878906250	0.00000000000	-0.569921910763	0.00000000000	14.7562503815	15.0000000000	14.7500000000	14.9875001907	14.8312501907	-300.000000000	1480.36447624	NaN	0.00000000000	22.3002624512	25.0000000000	640.000000000	24.3113009357	24.5140298316	25.2091530337	25.5200655427	23.8904897378	26.3152394694	-59.9660552071	-60.2819306401	-0.000203609466553	-0.000531673431396	-0.000859737396240	-0.000531673431396	NaN	NaN	NaN	NaN	NaN	0.00000000000	NaN	NaN	1.00000000000	0.00000000000	5.00000000000	0.00000000000

















3733299704.88	NaN	8.00000000000	113.000000000	0.00000000000	3.00000000000	NaN	3.49450492859	-3.17530773014	0.951735496521	-4.30364704843	0.969783306122	2.57669305801	0.277404308319	0.163867473602	4.91520771160	104.205673347	0.0928328857422	1015.24156092	-0.0240659713745	0.000698232650757	0.00120031833649	200000.000000	16.0000000000	0.00000000000	166.000000000	232.000000000	5.00000000000	0.950000000000	-0.740000000000	22.3000000000	0.00000000000	232.000000000	32.0000000000	15108704.0000	2500.00000000	2000.00000000	206.200000000	6466.00000000	1700.00000000	6000.00000000	13314.0000000	5801.00000000	23.4081460007	23.5137486754	23.1798541774	-0.365118443319	23.6668057909	26.2141808083	24.1922097605	-10.8927789160	23.5243397747	23.2737861163	23.2758785345	23.8878234650	23.9764863670	22.7635844875	-12.4077104270	0.882295696942	0.00000000000	0.100000000000	0.0500000000000	0.00104212760925	0.00000000000	53.5878906250	0.00000000000	-0.569921910763	0.00000000000	14.7500000000	15.0937500000	14.7500000000	14.9812498093	14.8312501907	-300.000000000	4081.30005321	NaN	0.00000000000	22.3001098633	25.0002136230	640.000000000	24.3113009357	24.5140298316	25.2091530337	25.5200655427	23.8904897378	26.3152394694	-59.9660552071	-60.2819306401	-0.000203609466553	-0.000531673431396	-0.000859737396240	-0.000531673431396	NaN	NaN	NaN	NaN	NaN	0.00000000000	NaN	NaN	1.00000000000	0.00000000000	5.00000000000	0.00000000000


















3733299705.08	NaN	11.0000000000	120.000000000	0.00000000000	0.00000000000	NaN	3.47350406647	-3.41825046949	0.956001281738	-4.06302596464	0.988159179687	0.0224380493164	0.0998797416687	0.135975360870	4.03949619255	95.4486964760	0.104170505524	1015.41616968	-0.0404601097107	0.000691628456116	0.00122919082642	200000.000000	16.0000000000	0.00000000000	166.000000000	232.000000000	5.00000000000	0.950000000000	-0.740000000000	22.3000000000	0.00000000000	232.000000000	32.0000000000	15108704.0000	2500.00000000	2000.00000000	206.200000000	6466.00000000	1700.00000000	6000.00000000	13314.0000000	5801.00000000	23.4081460007	23.5137486754	23.1798541774	-0.365118443319	23.6668057909	26.2141808083	24.1922097605	-10.8927789160	23.5243397747	23.2737861163	23.2758785345	23.8878234650	23.9764863670	22.7635844875	-12.4077104270	0.882295696942	0.00000000000	0.100000000000	0.0500000000000	-0.0209184646606	0.00000000000	50.0664062500	0.00000000000	-0.573242187500	0.00000000000	14.7500000000	15.0937500000	14.7500000000	14.9812498093	14.8312501907	-300.000000000	0.00000000000	NaN	0.00000000000	22.3001098633	25.0002136230	640.000000000	24.3113009357	24.5140298316	25.2091530337	25.5200655427	23.8904897378	26.3743397828	-59.9660552071	-60.2819306401	-0.000203609466553	-0.000531673431396	-0.000859737396240	-0.000531673431396	NaN	NaN	NaN	NaN	NaN	0.00000000000	NaN	NaN	1.00000000000	0.00000000000	5.00000000000	0.00000000000


















3733299705.28	NaN	13.0000000000	125.000000000	0.00000000000	0.00000000000	NaN	3.51419353485	-3.38779926978	0.949110507965	-4.32700611074	0.977986812592	0.0227665901184	0.100207805634	0.137616157532	4.15372003555	88.2146119652	0.101740343094	1015.37251749	-0.0283713340759	0.000673937797546	0.00116350650787	200000.000000	16.0000000000	0.00000000000	166.000000000	232.000000000	5.00000000000	0.950000000000	-0.740000000000	22.3000000000	0.00000000000	232.000000000	32.0000000000	15108704.0000	2500.00000000	2000.00000000	206.200000000	6466.00000000	1700.00000000	6000.00000000	13314.0000000	5801.00000000	23.4081460007	23.5137486754	23.1798541774	-0.365118443319	23.6668057909	26.2141808083	24.1922097605	-10.8927789160	23.5243397747	23.2737861163	23.2758785345	23.8878234650	23.9764863670	22.7635844875	-12.4077104270	0.882295696942	0.00000000000	0.100000000000	0.0500000000000	-0.00446543693542	0.00000000000	50.0664062500	0.00000000000	-0.573242187500	0.00000000000	14.7500000000	15.0812501907	14.7500000000	14.9812498093	14.8312501907	-300.000000000	0.00000000000	NaN	0.00000000000	22.3000793457	25.0000305176	640.000000000	24.3113009357	24.5140298316	25.2091530337	25.5200655427	23.8904897378	26.3743397828	-59.9660552071	-60.2819306401	-0.000203609466553	-0.000531673431396	-0.000859737396240	-0.000531673431396	NaN	NaN	NaN	NaN	NaN	0.00000000000	NaN	NaN	1.00000000000	0.00000000000	5.00000000000	0.00000000000

















3733299705.48	NaN	18.0000000000	124.000000000	1.00000000000	3.00000000000	NaN	3.49253606796	-3.28141548769	0.957314014435	-4.19478839294	0.975689888000	0.0244069099426	0.104145526886	0.136631488800	4.18228291225	86.8820465698	0.106599491119	1015.37251749	-0.0227270126343	0.000684499740601	0.00118520259857	200000.000000	16.0000000000	0.00000000000	166.000000000	232.000000000	5.00000000000	0.950000000000	-0.740000000000	22.3000000000	0.00000000000	232.000000000	32.0000000000	15108704.0000	2500.00000000	2000.00000000	206.200000000	6466.00000000	1700.00000000	6000.00000000	13314.0000000	5801.00000000	23.4081460007	23.5137486754	23.1798541774	-0.365118443319	23.6668057909	26.2141808083	24.1922097605	-10.8927789160	23.5243397747	23.2737861163	23.2758785345	23.8878234650	23.9764863670	22.7635844875	-12.4077104270	0.882295696942	0.00000000000	0.100000000000	0.0500000000000	-0.00108556747437	0.00000000000	51.1738281250	0.00000000000	-0.569335937500	0.00000000000	14.7500000000	15.0812501907	14.7500000000	14.9812498093	14.8312501907	-300.000000000	4478.86396323	NaN	0.00000000000	22.3000793457	25.0000305176	640.000000000	24.3113009357	24.5140298316	25.2091530337	25.5200655427	23.8904897378	26.3743397828	-59.9660552071	-60.2819306401	-0.000203609466553	-0.000531673431396	-0.000859737396240	-0.000531673431396	NaN	NaN	NaN	NaN	NaN	0.00000000000	NaN	NaN	1.00000000000	0.00000000000	5.00000000000	0.00000000000


















3733299705.68	NaN	12.0000000000	129.000000000	0.00000000000	2.00000000000	NaN	3.49713039398	-3.26624355205	0.951735496521	-4.31921820303	0.977002143860	0.0267038345337	0.104473590851	0.136303424835	3.98238427105	88.2146119652	0.101740343094	1015.80916630	-0.0243153572083	0.000690388679504	0.00121145248413	200000.000000	16.0000000000	0.00000000000	166.000000000	232.000000000	5.00000000000	0.950000000000	-0.740000000000	22.3000000000	0.00000000000	232.000000000	32.0000000000	15108704.0000	2500.00000000	2000.00000000	206.200000000	6466.00000000	1700.00000000	6000.00000000	13314.0000000	5801.00000000	23.4081460007	23.5137486754	23.1798541774	-0.365118443319	23.6668057909	26.2141808083	24.1922097605	-10.8927789160	23.5243397747	23.2737861163	23.2758785345	23.8878234650	23.9764863670	22.7635844875	-12.4077104270	0.882295696942	0.00000000000	0.100000000000	0.0500000000000	-0.00572814941406	0.00000000000	51.1738281250	0.00000000000	-0.569335937500	0.00000000000	14.7562503815	15.1125001907	14.7500000000	14.9812498093	14.8312501907	-300.000000000	3062.89423273	NaN	0.00000000000	22.3000793457	25.0000305176	640.000000000	24.3113009357	24.5140298316	25.2091530337	25.5200655427	23.8904897378	26.3743397828	-59.9660552071	-60.2819306401	-0.000203609466553	-0.000531673431396	-0.000859737396240	-0.000531673431396	NaN	NaN	NaN	NaN	NaN	0.00000000000	NaN	NaN	1.00000000000	0.00000000000	5.00000000000	0.00000000000


















3733299705.88	NaN	13.0000000000	138.000000000	0.00000000000	0.00000000000	NaN	3.49220800400	-3.25106621904	0.947797775269	-4.35039049683	0.976674079895	0.0234227180481	0.0998797416687	0.136303424835	4.13468733902	88.7855928612	0.101740343094	1015.54718970	-0.0272159576416	0.000712656974792	0.00120427608490	200000.000000	16.0000000000	0.00000000000	166.000000000	232.000000000	5.00000000000	0.950000000000	-0.740000000000	22.3000000000	0.00000000000	232.000000000	32.0000000000	15108704.0000	2500.00000000	2000.00000000	206.200000000	6466.00000000	1700.00000000	6000.00000000	13314.0000000	5801.00000000	23.4081460007	23.5137486754	23.1798541774	-0.365118443319	23.6668057909	26.2141808083	24.1922097605	-10.8927789160	23.5243397747	23.2737861163	23.2758785345	23.8878234650	23.9764863670	22.7635844875	-12.4077104270	0.882295696942	0.00000000000	0.100000000000	0.0500000000000	-0.00368447303772	0.00000000000	49.0546875000	0.00000000000	-0.573828160763	0.00000000000	14.7562503815	15.1125001907	14.7500000000	14.9812498093	14.8312501907	-300.000000000	0.00000000000	NaN	0.00000000000	22.2997741699	25.0003051758	640.000000000	24.3113009357	24.5140298316	25.2091530337	25.5200655427	23.8904897378	26.3743397828	-59.9660552071	-60.2819306401	-0.000203609466553	-0.000531673431396	-0.000859737396240	-0.000531673431396	NaN	NaN	NaN	NaN	NaN	0.00000000000	NaN	NaN	1.00000000000	0.00000000000	5.00000000000	0.00000000000


















3733299706.08	NaN	11.0000000000	108.000000000	0.00000000000	0.00000000000	NaN	3.49975538254	-3.30419498567	0.957642078400	-4.17926664898	0.973721027374	0.0217819213867	0.102504730225	0.137287616730	4.12517099075	86.3107890358	0.104980167389	1015.19784528	-0.0263891220093	0.000698232650757	0.00118720531464	200000.000000	16.0000000000	0.00000000000	166.000000000	232.000000000	5.00000000000	0.950000000000	-0.740000000000	22.3000000000	0.00000000000	232.000000000	32.0000000000	15108704.0000	2500.00000000	2000.00000000	206.200000000	6466.00000000	1700.00000000	6000.00000000	13314.0000000	5801.00000000	23.4081460007	23.5137486754	23.1798541774	-0.365118443319	23.6668057909	26.2141808083	24.1922097605	-10.8927789160	23.5243397747	23.2737861163	23.2758785345	23.8878234650	23.9764863670	22.7635844875	-12.4077104270	0.882295696942	0.00000000000	0.100000000000	0.0500000000000	-0.00898456573486	0.00000000000	49.0546875000	0.00000000000	-0.573828160763	0.00000000000	14.7562503815	15.0187501907	14.7500000000	14.9812498093	14.8312501907	-300.000000000	0.00000000000	NaN	0.00000000000	22.2997741699	25.0003051758	640.000000000	24.3113009357	24.5140298316	25.2091530337	25.5200655427	23.8904897378	26.3743397828	-60.2819306401	-60.2819306401	-0.000203609466553	-0.000531673431396	-0.000859737396240	-0.000531673431396	NaN	NaN	NaN	NaN	NaN	0.00000000000	NaN	NaN	1.00000000000	0.00000000000	5.00000000000	0.00000000000


















3733299706.28	NaN	13.0000000000	119.000000000	0.00000000000	4.00000000000	NaN	3.49089574814	-3.16774066425	0.956001281738	-4.30364704843	0.973064422607	0.0263757705688	0.104473590851	0.136959552765	4.14420368729	89.5471773605	0.102551181793	1015.67814628	-0.0196428298950	0.000666666030884	0.00119776725769	200000.000000	16.0000000000	0.00000000000	166.000000000	232.000000000	5.00000000000	0.950000000000	-0.740000000000	22.3000000000	0.00000000000	232.000000000	32.0000000000	15108704.0000	2500.00000000	2000.00000000	206.200000000	6466.00000000	1700.00000000	6000.00000000	13314.0000000	5801.00000000	23.4081460007	23.5137486754	23.1798541774	-0.365118443319	23.6668057909	26.2141808083	24.1922097605	-10.8927789160	23.5243397747	23.2737861163	23.2758785345	23.8878234650	23.9764863670	22.7635844875	-12.4077104270	0.882295696942	0.00000000000	0.100000000000	0.0500000000000	-0.00490522384644	0.00000000000	53.9648437500	0.00000000000	-0.570312500000	0.00000000000	14.7562503815	15.0187501907	14.7500000000	14.9812498093	14.8312501907	-300.000000000	6010.81809998	NaN	0.00000000000	22.3000183105	25.0002136230	640.000000000	24.3113009357	24.5140298316	25.2091530337	25.5200655427	23.8904897378	26.3743397828	-60.2819306401	-60.2819306401	-0.000203609466553	-0.000531673431396	-0.000859737396240	-0.000531673431396	NaN	NaN	NaN	NaN	NaN	0.00000000000	NaN	NaN	1.00000000000	0.00000000000	5.00000000000	0.00000000000


















3733299706.48	NaN	14.0000000000	139.000000000	0.00000000000	2.00000000000	NaN	3.49319267273	-3.31938101759	0.961251735687	-4.17150807767	0.974705219269	0.0244069099426	0.103489398956	0.136959552765	4.08709176579	85.3588775711	0.103360843658	1015.63449409	-0.0169386863708	0.000673317909241	0.00118782520294	200000.000000	16.0000000000	0.00000000000	166.000000000	232.000000000	5.00000000000	0.950000000000	-0.740000000000	22.3000000000	0.00000000000	232.000000000	32.0000000000	15108704.0000	2500.00000000	2000.00000000	206.200000000	6466.00000000	1700.00000000	6000.00000000	13314.0000000	5801.00000000	23.4081460007	23.5137486754	23.1798541774	-0.365118443319	23.6668057909	26.2141808083	24.1922097605	-10.8927789160	23.5243397747	23.2737861163	23.2758785345	23.8878234650	23.9764863670	22.7635844875	-12.4077104270	0.882295696942	0.00000000000	0.100000000000	0.0500000000000	-0.00102782249451	0.00000000000	53.9648437500	0.00000000000	-0.570312500000	0.00000000000	14.7500000000	15.0625000000	14.7500000000	14.9812498093	14.8312501907	-300.000000000	3177.49677596	NaN	0.00000000000	22.3000183105	25.0002136230	640.000000000	24.3113009357	24.5140298316	25.2091530337	25.5200655427	23.8904897378	26.3743397828	-60.2819306401	-60.2819306401	-0.000203609466553	-0.000531673431396	-0.000859737396240	-0.000531673431396	NaN	NaN	NaN	NaN	NaN	0.00000000000	NaN	NaN	1.00000000000	0.00000000000	5.00000000000	0.00000000000

















3733299706.68	NaN	13.0000000000	122.000000000	0.00000000000	0.00000000000	NaN	3.48203563690	-3.03173774501	0.958954334259	-4.21032756663	0.989799976349	0.0244069099426	0.102176666260	0.134662628174	3.29705504494	73.9367699089	0.0993113574982	1015.37251749	-0.0256671905518	0.000702834129333	0.00122592449188	200000.000000	16.0000000000	0.00000000000	166.000000000	232.000000000	5.00000000000	0.950000000000	-0.740000000000	22.3000000000	0.00000000000	232.000000000	32.0000000000	15108704.0000	2500.00000000	2000.00000000	206.200000000	6466.00000000	1700.00000000	6000.00000000	13314.0000000	5801.00000000	23.4081460007	23.5137486754	23.1798541774	-0.365118443319	23.6668057909	26.2141808083	24.1922097605	-10.8927789160	23.5243397747	23.2737861163	23.2758785345	23.8878234650	23.9764863670	22.7635844875	-12.4077104270	0.882295696942	0.00000000000	0.100000000000	0.0500000000000	-0.00326313972473	0.00000000000	45.4101562500	0.00000000000	-0.574023425579	0.00000000000	14.7500000000	15.0625000000	14.7500000000	14.9812498093	14.8312501907	-300.000000000	0.00000000000	NaN	0.00000000000	22.3000183105	25.0002136230	640.000000000	24.3113009357	24.5140298316	25.2091530337	25.5200655427	23.8904897378	26.3743397828	-60.2819306401	-60.2819306401	-0.000203609466553	-0.000531673431396	-0.000859737396240	-0.000531673431396	NaN	NaN	NaN	NaN	NaN	0.00000000000	NaN	NaN	1.00000000000	0.00000000000	5.00000000000	0.00000000000

















3733299706.88	NaN	17.0000000000	120.000000000	0.00000000000	0.00000000000	NaN	3.48695802689	-3.16774066425	0.962892055511	-4.28029064402	0.970111370087	0.0257196426392	0.103817462921	0.135975360870	4.02997984428	89.5471773605	0.0952618713379	1015.54718970	-0.0285944938660	0.000696873664856	0.00122656822205	200000.000000	16.0000000000	0.00000000000	166.000000000	232.000000000	5.00000000000	0.950000000000	-0.740000000000	22.3000000000	0.00000000000	232.000000000	32.0000000000	15108704.0000	2500.00000000	2000.00000000	206.200000000	6466.00000000	1700.00000000	6000.00000000	13314.0000000	5801.00000000	23.4081460007	23.5137486754	23.1798541774	-0.365118443319	23.6668057909	26.2141808083	24.1922097605	-10.8927789160	23.5243397747	23.2737861163	23.2758785345	23.8878234650	23.9764863670	22.7635844875	-12.4077104270	0.882295696942	0.00000000000	0.100000000000	0.0500000000000	-0.00980505943298	0.00000000000	45.4101562500	0.00000000000	-0.574023425579	0.00000000000	14.7500000000	15.0875005722	14.7500000000	14.9812498093	14.8312501907	-300.000000000	0.00000000000	NaN	0.00000000000	22.3002014160	25.0000000000	640.000000000	24.3113009357	24.5140298316	25.2091530337	25.5200655427	23.8904897378	26.3743397828	-60.2819306401	-60.2819306401	-0.000203609466553	-0.000531673431396	-0.000859737396240	-0.000531673431396	NaN	NaN	NaN	NaN	NaN	0.00000000000	NaN	NaN	1.00000000000	0.00000000000	5.00000000000	0.00000000000


















3733299707.08	NaN	14.0000000000	108.000000000	0.00000000000	0.00000000000	NaN	3.49680233002	-3.14503682610	0.963548660278	-4.21032756663	0.979955673218	-0.000203609466553	0.0979108810425	0.134662628174	4.03949619255	87.8336813965	0.101740343094	1015.32886530	-0.0179495811462	0.000696277618408	0.00121078491211	200000.000000	16.0000000000	0.00000000000	166.000000000	232.000000000	5.00000000000	0.950000000000	-0.740000000000	22.3000000000	0.00000000000	232.000000000	32.0000000000	15108704.0000	2500.00000000	2000.00000000	206.200000000	6466.00000000	1700.00000000	6000.00000000	13314.0000000	5801.00000000	23.4081460007	23.5137486754	23.1798541774	-0.365118443319	23.6668057909	26.2141808083	24.1922097605	-10.8927789160	23.5243397747	23.2737861163	23.2758785345	23.8878234650	23.9764863670	22.7635844875	-12.4077104270	0.882295696942	0.00000000000	0.100000000000	0.0500000000000	-0.00486707687378	0.00000000000	53.7578125000	-0.000390625005821	-0.574414074421	0.00000000000	14.7500000000	15.0875005722	14.7500000000	14.9812498093	14.8312501907	-300.000000000	0.00000000000	NaN	0.00000000000	22.3002014160	25.0000000000	640.000000000	24.3113009357	24.5140298316	25.2091530337	25.5200655427	23.8904897378	26.3743397828	-60.2819306401	-59.2083717365	-0.000203609466553	-0.000531673431396	-0.000859737396240	-0.000531673431396	NaN	NaN	NaN	NaN	NaN	0.00000000000	NaN	NaN	1.00000000000	0.00000000000	5.00000000000	0.00000000000


















3733299707.28	NaN	13.0000000000	108.000000000	0.00000000000	2.00000000000	NaN	3.50270843506	-3.13747532628	0.962235927582	-4.27251204521	0.981267929077	0.000124454498291	0.0988950729370	0.134006500244	4.02046349602	85.1685506058	0.101740343094	1015.37251749	-0.0159411430359	0.000690960884094	0.00120491981506	200000.000000	16.0000000000	0.00000000000	166.000000000	232.000000000	5.00000000000	0.950000000000	-0.740000000000	22.3000000000	0.00000000000	232.000000000	32.0000000000	15108704.0000	2500.00000000	2000.00000000	206.200000000	6466.00000000	1700.00000000	6000.00000000	13314.0000000	5801.00000000	23.4081460007	23.5137486754	23.1798541774	-0.365118443319	23.6668057909	26.2141808083	24.1922097605	-10.8927789160	23.5243397747	23.2737861163	23.2758785345	23.8878234650	23.9764863670	22.7635844875	-12.4077104270	0.882295696942	0.00000000000	0.100000000000	0.0500000000000	-0.000118160247803	0.00000000000	53.7578125000	-0.000390625005821	-0.574414074421	0.00000000000	14.7562503815	15.0437498093	14.7500000000	14.9812498093	14.8312501907	-300.000000000	2726.98913145	NaN	0.00000000000	22.2999267578	24.9999694824	640.000000000	24.3113009357	24.5140298316	25.2091530337	25.5200655427	23.8904897378	26.3743397828	-60.2819306401	-59.2083717365	-0.000203609466553	-0.000531673431396	-0.000859737396240	-0.000531673431396	NaN	NaN	NaN	NaN	NaN	0.00000000000	NaN	NaN	1.00000000000	0.00000000000	5.00000000000	0.00000000000


















3733299707.48	NaN	8.00000000000	119.000000000	0.00000000000	2.00000000000	NaN	3.49680233002	-3.15259971543	0.964860916138	-4.25695948770	0.971752166748	-0.000203609466553	0.101191997528	0.135975360870	3.97286792278	86.6914429665	0.100121019363	1015.19784528	-0.0211653709412	0.000694894790649	0.00120692253113	200000.000000	16.0000000000	0.00000000000	166.000000000	232.000000000	5.00000000000	0.950000000000	-0.740000000000	22.3000000000	0.00000000000	232.000000000	32.0000000000	15108704.0000	2500.00000000	2000.00000000	206.200000000	6466.00000000	1700.00000000	6000.00000000	13314.0000000	5801.00000000	23.4081460007	23.5137486754	23.1798541774	-0.365118443319	23.6668057909	26.2141808083	24.1922097605	-10.8927789160	23.5243397747	23.2737861163	23.2758785345	23.8878234650	23.9764863670	22.7635844875	-12.4077104270	0.882295696942	0.00000000000	0.100000000000	0.0500000000000	-0.00696973800659	0.00000000000	47.1621093750	0.00000000000	-0.571093738079	0.00000000000	14.7562503815	15.0437498093	14.7500000000	14.9812498093	14.8312501907	-300.000000000	2588.01729507	NaN	0.00000000000	22.2999267578	24.9999694824	640.000000000	24.3113009357	24.5140298316	25.2091530337	25.5200655427	23.8904897378	26.3743397828	-60.2819306401	-59.2083717365	-0.000203609466553	-0.000531673431396	-0.000859737396240	-0.000531673431396	NaN	NaN	NaN	NaN	NaN	0.00000000000	NaN	NaN	1.00000000000	0.00000000000	5.00000000000	0.00000000000

















3733299707.68	NaN	10.0000000000	127.000000000	0.00000000000	0.00000000000	NaN	3.48039484024	-3.13747532628	0.967814445496	-4.12497752541	0.986190319061	-0.000531673431396	0.0972547531128	0.134334564209	4.02046349602	90.3087618599	0.0976920337677	1015.24156092	-0.0137753486633	0.000698184967041	0.00119974613190	200000.000000	16.0000000000	0.00000000000	166.000000000	232.000000000	5.00000000000	0.950000000000	-0.740000000000	22.3000000000	0.00000000000	232.000000000	32.0000000000	15108704.0000	2500.00000000	2000.00000000	206.200000000	6466.00000000	1700.00000000	6000.00000000	13314.0000000	5801.00000000	23.4081460007	23.5137486754	23.1798541774	-0.365118443319	23.6668057909	26.2141808083	24.1922097605	-10.8927789160	23.5243397747	23.2737861163	23.2758785345	23.8878234650	23.9764863670	22.7635844875	-12.4077104270	0.882295696942	0.00000000000	0.100000000000	0.0500000000000	-0.000359773635864	0.00000000000	47.1621093750	0.00000000000	-0.571093738079	0.00000000000	14.7500000000	15.0375003815	14.7500000000	14.9812498093	14.8312501907	-300.000000000	0.00000000000	NaN	0.00000000000	22.2999267578	24.9999694824	640.000000000	24.3113009357	24.5140298316	25.2091530337	25.5200655427	23.8904897378	26.3743397828	-60.2819306401	-59.2083717365	-0.000203609466553	-0.000531673431396	-0.000859737396240	-0.000531673431396	NaN	NaN	NaN	NaN	NaN	0.00000000000	NaN	NaN	1.00000000000	0.00000000000	5.00000000000	0.00000000000

















3733299707.88	NaN	12.0000000000	117.000000000	0.00000000000	0.00000000000	NaN	3.48827028275	-3.36498410392	0.965845584869	-4.19478839294	0.984877586365	-0.000531673431396	0.0969262123108	0.135318756104	3.99191445122	87.2627005005	0.0985016956329	1015.28521311	-0.00872230529785	0.000696229934692	0.00120155811310	200000.000000	16.0000000000	0.00000000000	166.000000000	232.000000000	5.00000000000	0.950000000000	-0.740000000000	22.3000000000	0.00000000000	232.000000000	32.0000000000	15108704.0000	2500.00000000	2000.00000000	206.200000000	6466.00000000	1700.00000000	6000.00000000	13314.0000000	5801.00000000	23.4081460007	23.5137486754	23.1798541774	-0.365118443319	23.6668057909	26.2141808083	24.1922097605	-10.8927789160	23.5243397747	23.2737861163	23.2758785345	23.8878234650	23.9764863670	22.7635844875	-12.4077104270	0.882295696942	0.00000000000	0.100000000000	0.0500000000000	0.00189132690430	0.00000000000	54.6425781250	0.00000000000	-0.572070300579	0.00000000000	14.7500000000	15.0375003815	14.7500000000	14.9812498093	14.8312501907	-300.000000000	0.00000000000	NaN	0.00000000000	22.2999267578	25.0000610352	640.000000000	24.3113009357	24.5140298316	25.2091530337	25.5200655427	23.8904897378	26.3743397828	-60.2819306401	-59.2083717365	-0.000203609466553	-0.000531673431396	-0.000859737396240	-0.000531673431396	NaN	NaN	NaN	NaN	NaN	0.00000000000	NaN	NaN	1.00000000000	0.00000000000	5.00000000000	0.00000000000


















3733299708.08	NaN	11.0000000000	125.000000000	1.00000000000	2.00000000000	NaN	3.48302030563	-3.23590552459	0.964860916138	-4.24918552670	0.977986812592	-0.000859737396240	0.0965981483459	0.135318756104	4.01094714775	88.4049389305	0.100930681229	1015.54718970	-0.0192489624023	0.000688409805298	0.00119433403015	200000.000000	16.0000000000	0.00000000000	166.000000000	232.000000000	5.00000000000	0.950000000000	-0.740000000000	22.3000000000	0.00000000000	232.000000000	32.0000000000	15108704.0000	2500.00000000	2000.00000000	206.200000000	6466.00000000	1700.00000000	6000.00000000	13314.0000000	5801.00000000	23.4081460007	23.5137486754	23.1798541774	-0.365118443319	23.6668057909	26.2141808083	24.1922097605	-10.8927789160	23.5243397747	23.2737861163	23.2758785345	23.8878234650	23.9764863670	22.7635844875	-12.4077104270	0.882295696942	0.00000000000	0.100000000000	0.0500000000000	-0.00873923301697	0.00000000000	54.6425781250	0.00000000000	-0.572070300579	0.00000000000	14.7562503815	15.0062503815	14.7500000000	14.9812498093	14.8312501907	-300.000000000	3062.89423273	NaN	0.00000000000	22.2999267578	25.0000610352	640.000000000	24.3113009357	24.5140298316	25.2091530337	25.5200655427	23.8904897378	26.3743397828	-60.2819306401	-59.2083717365	-0.000531673431396	-0.000531673431396	-0.000859737396240	-0.000531673431396	NaN	NaN	NaN	NaN	NaN	0.00000000000	NaN	NaN	1.00000000000	0.00000000000	5.00000000000	0.00000000000

















3733299708.28	NaN	8.00000000000	106.000000000	0.00000000000	1.00000000000	NaN	3.47612905502	-3.34217066398	0.964860916138	-4.28807079107	0.977002143860	-0.000203609466553	0.0965981483459	0.135647296906	4.00143079948	88.0242849998	0.106599491119	1015.54718970	-0.0132241249084	0.000676512718201	0.00119965076447	200000.000000	16.0000000000	0.00000000000	166.000000000	232.000000000	5.00000000000	0.950000000000	-0.740000000000	22.3000000000	0.00000000000	232.000000000	32.0000000000	15108704.0000	2500.00000000	2000.00000000	206.200000000	6466.00000000	1700.00000000	6000.00000000	13314.0000000	5801.00000000	23.4081460007	23.5137486754	23.1798541774	-0.365118443319	23.6668057909	26.2141808083	24.1922097605	-10.8927789160	23.5243397747	23.2737861163	23.2758785345	23.8878234650	23.9764863670	22.7635844875	-12.4077104270	0.882295696942	0.00000000000	0.100000000000	0.0500000000000	-0.00602078437805	-0.000195312502910	51.0214843750	0.00000000000	-0.569335937500	0.00000000000	14.7562503815	15.0062503815	14.7500000000	14.9812498093	14.8312501907	-300.000000000	1638.80973658	NaN	0.00000000000	22.3001403809	25.0000305176	640.000000000	24.3113009357	24.5140298316	25.2091530337	25.5200655427	23.8904897378	26.3743397828	-60.2819306401	-59.2083717365	-0.000531673431396	-0.000531673431396	-0.000859737396240	-0.000531673431396	NaN	NaN	NaN	NaN	NaN	0.00000000000	NaN	NaN	1.00000000000	0.00000000000	5.00000000000	0.00000000000


















3733299708.48	NaN	11.0000000000	124.000000000	0.00000000000	0.00000000000	NaN	3.48597335815	-3.32697615223	0.968798637390	-4.17926664898	0.981267929077	-0.000531673431396	0.0979108810425	0.136303424835	3.99191445122	88.5952658958	0.100121019363	1015.19784528	-0.0107173919678	0.000681185722351	0.00118451118469	200000.000000	16.0000000000	0.00000000000	166.000000000	232.000000000	5.00000000000	0.950000000000	-0.740000000000	22.3000000000	0.00000000000	232.000000000	32.0000000000	15108704.0000	2500.00000000	2000.00000000	206.200000000	6466.00000000	1700.00000000	6000.00000000	13314.0000000	5801.00000000	23.4081460007	23.5137486754	23.1798541774	-0.365118443319	23.6668057909	26.2141808083	24.1922097605	-10.8927789160	23.5243397747	23.2737861163	23.2758785345	23.8878234650	23.9764863670	22.7635844875	-12.4077104270	0.882295696942	0.00000000000	0.100000000000	0.0500000000000	-0.00424098968506	-0.000195312502910	51.0214843750	0.00000000000	-0.569335937500	0.00000000000	14.7500000000	15.0937500000	14.7500000000	14.9812498093	14.8312501907	-300.000000000	0.00000000000	NaN	0.00000000000	22.3001403809	25.0000305176	640.000000000	24.3113009357	24.5140298316	25.2091530337	25.5200655427	23.8904897378	26.3743397828	-60.2819306401	-59.2083717365	-0.000531673431396	-0.000531673431396	-0.000859737396240	-0.000531673431396	NaN	NaN	NaN	NaN	NaN	0.00000000000	NaN	NaN	1.00000000000	0.00000000000	5.00000000000	0.00000000000

















3733299708.68	NaN	9.00000000000	128.000000000	0.00000000000	1.00000000000	NaN	3.49680233002	-3.20558993899	0.970767498016	-4.11722965848	0.978971004486	-0.000203609466553	0.100535869598	0.135975360870	3.43031158447	79.2670314903	0.102551181793	1015.54718970	-0.00546693801880	0.000704789161682	0.00120558738708	200000.000000	16.0000000000	0.00000000000	166.000000000	232.000000000	5.00000000000	0.950000000000	-0.740000000000	22.3000000000	0.00000000000	232.000000000	32.0000000000	15108704.0000	2500.00000000	2000.00000000	206.200000000	6466.00000000	1700.00000000	6000.00000000	13314.0000000	5801.00000000	23.4081460007	23.5137486754	23.1798541774	-0.365118443319	23.6668057909	26.2141808083	24.1922097605	-10.8927789160	23.5243397747	23.2737861163	23.2758785345	23.8878234650	23.9764863670	22.7635844875	-12.4077104270	0.882295696942	0.00000000000	0.100000000000	0.0500000000000	-0.00514535903931	0.00000000000	48.2929687500	0.00000000000	-0.574609398842	0.00000000000	14.7500000000	15.0937500000	14.7500000000	14.9812498093	14.8312501907	-300.000000000	1604.95521257	NaN	0.00000000000	22.3001403809	25.0000305176	640.000000000	24.3113009357	24.5140298316	25.2091530337	25.5200655427	23.8904897378	26.3743397828	-60.2819306401	-59.2083717365	-0.000531673431396	-0.000531673431396	-0.000859737396240	-0.000531673431396	NaN	NaN	NaN	NaN	NaN	0.00000000000	NaN	NaN	1.00000000000	0.00000000000	5.00000000000	0.00000000000

















3733299708.88	NaN	16.0000000000	118.000000000	0.00000000000	2.00000000000	NaN	3.48827028275	-3.11478817035	0.976017951965	-4.17926664898	0.975033283234	-0.000859737396240	0.100207805634	0.135318756104	3.90623965302	88.4049389305	0.100930681229	1015.45982187	-0.0122923851013	0.000687026977539	0.00120432376862	200000.000000	16.0000000000	0.00000000000	166.000000000	232.000000000	5.00000000000	0.950000000000	-0.740000000000	22.3000000000	0.00000000000	232.000000000	32.0000000000	15108704.0000	2500.00000000	2000.00000000	206.200000000	6466.00000000	1700.00000000	6000.00000000	13314.0000000	5801.00000000	23.4081460007	23.5137486754	23.1798541774	-0.365118443319	23.6668057909	26.2141808083	24.1922097605	-10.8927789160	23.5243397747	23.2737861163	23.2758785345	23.8878234650	23.9764863670	22.7635844875	-12.4077104270	0.882295696942	0.00000000000	0.100000000000	0.0500000000000	-0.00350074768066	0.00000000000	48.2929687500	0.00000000000	-0.574609398842	0.00000000000	14.7562503815	15.0000000000	14.7500000000	14.9875001907	14.8312501907	-300.000000000	2771.27588545	NaN	0.00000000000	22.3002624512	24.9999694824	640.000000000	24.3113009357	24.5140298316	25.2091530337	25.5200655427	23.8904897378	26.3743397828	-60.2819306401	-59.2083717365	-0.000531673431396	-0.000531673431396	-0.000859737396240	-0.000531673431396	NaN	NaN	NaN	NaN	NaN	0.00000000000	NaN	NaN	1.00000000000	0.00000000000	5.00000000000	0.00000000000


















3733299709.08	NaN	12.0000000000	119.000000000	0.00000000000	4.00000000000	NaN	3.49089574814	-3.27382881653	0.978314876556	-4.19478839294	0.976346015930	-0.000203609466553	0.100535869598	0.135647296906	3.90623965302	86.6914429665	0.100930681229	1015.32886530	-0.00428581237793	0.000677180290222	0.00119698047638	200000.000000	16.0000000000	0.00000000000	166.000000000	232.000000000	5.00000000000	0.950000000000	-0.740000000000	22.3000000000	0.00000000000	232.000000000	32.0000000000	15108704.0000	2500.00000000	2000.00000000	206.200000000	6466.00000000	1700.00000000	6000.00000000	13314.0000000	5801.00000000	23.4081460007	23.5137486754	23.1798541774	-0.365118443319	23.6668057909	26.2141808083	24.1922097605	-10.8927789160	23.5243397747	23.2737861163	23.2758785345	23.8878234650	23.9764863670	22.7635844875	-12.4077104270	0.882295696942	0.00000000000	0.100000000000	0.0500000000000	-0.00175366401672	0.00000000000	46.4843750000	0.00000000000	-0.569335937500	0.00000000000	14.7562503815	15.0000000000	14.7500000000	14.9875001907	14.8312501907	-300.000000000	6156.73410522	NaN	0.00000000000	22.3002624512	24.9999694824	640.000000000	24.3113009357	24.5140298316	25.2091530337	25.5200655427	23.8904897378	26.3743397828	-60.2819306401	-59.2083717365	-0.000531673431396	-0.000859737396240	-0.000859737396240	-0.000531673431396	NaN	NaN	NaN	NaN	NaN	0.00000000000	NaN	NaN	1.00000000000	0.00000000000	5.00000000000	0.00000000000


















3733299709.28	NaN	7.00000000000	123.000000000	0.00000000000	4.00000000000	NaN	3.49056720734	-3.19044604349	0.976346015930	-4.20256285267	0.978971004486	-0.000203609466553	0.100535869598	0.136631488800	3.95383522625	88.2146119652	0.0985016956329	1015.41616968	-0.00209379196167	0.000679206848145	0.00119566917419	200000.000000	16.0000000000	0.00000000000	166.000000000	232.000000000	5.00000000000	0.950000000000	-0.740000000000	22.3000000000	0.00000000000	232.000000000	32.0000000000	15108704.0000	2500.00000000	2000.00000000	206.200000000	6466.00000000	1700.00000000	6000.00000000	13314.0000000	5801.00000000	23.4081460007	23.5137486754	23.1798541774	-0.365118443319	23.6668057909	26.2141808083	24.1922097605	-10.8927789160	23.5243397747	23.2737861163	23.2758785345	23.8878234650	23.9764863670	22.7635844875	-12.4077104270	0.882295696942	0.00000000000	0.100000000000	0.0500000000000	-0.00830988883972	0.00000000000	46.4843750000	0.00000000000	-0.569335937500	0.00000000000	14.7500000000	15.1250000000	14.7500000000	14.9812498093	14.8312501907	-300.000000000	5757.63835885	NaN	0.00000000000	22.3001403809	25.0004577637	640.000000000	24.3113009357	24.5140298316	25.2091530337	25.5200655427	23.8904897378	26.3743397828	-60.2819306401	-59.2083717365	-0.000531673431396	-0.000859737396240	-0.000859737396240	-0.000531673431396	NaN	NaN	NaN	NaN	NaN	0.00000000000	NaN	NaN	1.00000000000	0.00000000000	5.00000000000	0.00000000000


















3733299709.48	NaN	7.00000000000	128.000000000	0.00000000000	2.00000000000	NaN	3.49450492859	-3.28141548769	0.979955673218	-4.14047783686	0.980611801147	-0.000531673431396	0.100207805634	0.135975360870	3.90623965302	89.1665234299	0.102551181793	1015.24156092	0.00722551345825	0.000653600692749	0.00117080211639	200000.000000	16.0000000000	0.00000000000	166.000000000	232.000000000	5.00000000000	0.950000000000	-0.740000000000	22.3000000000	0.00000000000	232.000000000	32.0000000000	15108704.0000	2500.00000000	2000.00000000	206.200000000	6466.00000000	1700.00000000	6000.00000000	13314.0000000	5801.00000000	23.4081460007	23.5137486754	23.1798541774	-0.365118443319	23.6668057909	26.2141808083	24.1922097605	-10.8927789160	23.5243397747	23.2737861163	23.2758785345	23.8878234650	23.9764863670	22.7635844875	-12.4077104270	0.882295696942	0.00000000000	0.100000000000	0.0500000000000	0.00521998405457	0.00000000000	51.2519531250	0.00000000000	-0.574609398842	0.00000000000	14.7500000000	15.1250000000	14.7500000000	14.9812498093	14.8312501907	-300.000000000	3464.83378035	NaN	0.00000000000	22.3001403809	25.0004577637	640.000000000	24.3113009357	24.5140298316	25.2091530337	25.5200655427	23.8904897378	26.3743397828	-60.2819306401	-59.2083717365	-0.000531673431396	-0.000859737396240	-0.000859737396240	-0.000531673431396	NaN	NaN	NaN	NaN	NaN	0.00000000000	NaN	NaN	1.00000000000	0.00000000000	5.00000000000	0.00000000000


















3733299709.68	NaN	11.0000000000	111.000000000	0.00000000000	2.00000000000	NaN	3.50008344650	-3.37258773889	0.977986812592	-4.14047783686	0.982580661774	-0.000859737396240	0.0975828170776	0.136303424835	3.87769060822	84.7878966751	0.101740343094	1015.32886530	-0.00181818008423	0.000654196739197	0.00118913650513	200000.000000	16.0000000000	0.00000000000	166.000000000	232.000000000	5.00000000000	0.950000000000	-0.740000000000	22.3000000000	0.00000000000	232.000000000	32.0000000000	15108704.0000	2500.00000000	2000.00000000	206.200000000	6466.00000000	1700.00000000	6000.00000000	13314.0000000	5801.00000000	23.4081460007	23.5137486754	23.1798541774	-0.365118443319	23.6668057909	26.2141808083	24.1922097605	-10.8927789160	23.5243397747	23.2737861163	23.2758785345	23.8878234650	23.9764863670	22.7635844875	-12.4077104270	0.882295696942	0.00000000000	0.100000000000	0.0500000000000	-0.00576753616333	0.00000000000	51.2519531250	0.00000000000	-0.574609398842	0.00000000000	14.7500000000	15.0000000000	14.7500000000	14.9812498093	14.8312501907	-300.000000000	2958.64099129	NaN	0.00000000000	22.3001403809	25.0004577637	640.000000000	24.3113009357	24.5140298316	25.2091530337	25.5200655427	23.8904897378	26.3743397828	-60.2819306401	-59.2083717365	-0.000531673431396	-0.000859737396240	-0.000859737396240	-0.000531673431396	NaN	NaN	NaN	NaN	NaN	0.00000000000	NaN	NaN	1.00000000000	0.00000000000	5.00000000000	0.00000000000

















3733299709.88	NaN	13.0000000000	113.000000000	0.00000000000	2.00000000000	NaN	3.48105144501	-3.09967765529	0.980283737183	-4.23363094078	0.974705219269	-0.000531673431396	0.100535869598	0.134662628174	3.83961138325	88.0242849998	0.0976920337677	1015.32886530	-0.00506019592285	0.000662112236023	0.00118849277496	200000.000000	16.0000000000	0.00000000000	166.000000000	232.000000000	5.00000000000	0.950000000000	-0.740000000000	22.3000000000	0.00000000000	232.000000000	32.0000000000	15108704.0000	2500.00000000	2000.00000000	206.200000000	6466.00000000	1700.00000000	6000.00000000	13314.0000000	5801.00000000	23.4081460007	23.5137486754	23.1798541774	-0.365118443319	23.6668057909	26.2141808083	24.1922097605	-10.8927789160	23.5243397747	23.2737861163	23.2758785345	23.8878234650	23.9764863670	22.7635844875	-12.4077104270	0.882295696942	0.00000000000	0.100000000000	0.0500000000000	-0.00791358947754	0.00000000000	50.6230468750	-0.000390625005821	-0.569921910763	0.00000000000	14.7500000000	15.0000000000	14.7500000000	14.9812498093	14.8312501907	-300.000000000	2960.79897046	NaN	0.00000000000	22.3002624512	24.9999084473	640.000000000	24.3113009357	24.5140298316	25.2091530337	25.5200655427	23.8904897378	26.3743397828	-60.2819306401	-59.2083717365	-0.000531673431396	-0.000859737396240	-0.000859737396240	-0.000531673431396	NaN	NaN	NaN	NaN	NaN	0.00000000000	NaN	NaN	1.00000000000	0.00000000000	5.00000000000	0.00000000000

















3733299710.08	NaN	9.00000000000	113.000000000	1.00000000000	0.00000000000	NaN	3.47678565979	-3.18287618955	0.981924533844	-4.22586160955	0.974377155304	-0.000859737396240	0.100207805634	0.134662628174	3.80153215828	88.5952658958	0.106599491119	1015.41616968	-0.00393104553223	0.000653624534607	0.00116422176361	200000.000000	16.0000000000	0.00000000000	166.000000000	232.000000000	5.00000000000	0.950000000000	-0.740000000000	22.3000000000	0.00000000000	232.000000000	32.0000000000	15108704.0000	2500.00000000	2000.00000000	206.200000000	6466.00000000	1700.00000000	6000.00000000	13314.0000000	5801.00000000	23.4081460007	23.5137486754	23.1798541774	-0.365118443319	23.6668057909	26.2141808083	24.1922097605	-10.8927789160	23.5243397747	23.2737861163	23.2758785345	23.8878234650	23.9764863670	22.7635844875	-12.4077104270	0.882295696942	0.00000000000	0.100000000000	0.0500000000000	-0.00531988143921	0.00000000000	50.6230468750	-0.000390625005821	-0.569921910763	0.00000000000	14.7500000000	15.1187505722	14.7500000000	14.9812498093	14.8312501907	-300.000000000	0.00000000000	NaN	0.00000000000	22.3002624512	24.9999084473	640.000000000	24.3113009357	24.5140298316	25.2091530337	25.5200655427	23.8904897378	26.3743397828	-60.2819306401	-59.2083717365	-0.000531673431396	-0.000859737396240	-0.000531673431396	-0.000531673431396	NaN	NaN	NaN	NaN	NaN	0.00000000000	NaN	NaN	1.00000000000	0.00000000000	5.00000000000	0.00000000000

















3733299710.28	NaN	11.0000000000	115.000000000	0.00000000000	1.00000000000	NaN	3.48433256149	-3.09967765529	0.986190319061	-4.15599553074	0.981596469879	-0.000531673431396	0.101191997528	0.136631488800	3.83009503498	88.9759198265	0.104980167389	1015.41616968	0.000859737396240	0.000676584243774	0.00115764141083	200000.000000	16.0000000000	0.00000000000	166.000000000	232.000000000	5.00000000000	0.950000000000	-0.740000000000	22.3000000000	0.00000000000	232.000000000	32.0000000000	15108704.0000	2500.00000000	2000.00000000	206.200000000	6466.00000000	1700.00000000	6000.00000000	13314.0000000	5801.00000000	23.4081460007	23.5137486754	23.1798541774	-0.365118443319	23.6668057909	26.2141808083	24.1922097605	-10.8927789160	23.5243397747	23.2737861163	23.2758785345	23.8878234650	23.9764863670	22.7635844875	-12.4077104270	0.882295696942	0.00000000000	0.100000000000	0.0500000000000	-0.00585932731628	0.00000000000	52.5917968750	-0.000390625005821	-0.574414074421	0.00000000000	14.7500000000	15.1187505722	14.7500000000	14.9812498093	14.8312501907	-300.000000000	1451.67921303	NaN	0.00000000000	22.3000793457	25.0000610352	640.000000000	24.3113009357	24.5140298316	25.2091530337	25.5200655427	23.8904897378	26.3743397828	-60.2819306401	-59.2083717365	-0.000531673431396	-0.000859737396240	-0.000531673431396	-0.000531673431396	NaN	NaN	NaN	NaN	NaN	0.00000000000	NaN	NaN	1.00000000000	0.00000000000	5.00000000000	0.00000000000


















3733299710.48	NaN	8.00000000000	113.000000000	0.00000000000	2.00000000000	NaN	3.48695802689	-3.06946224789	0.985534191132	-4.17926664898	0.977330684662	-0.00118780136108	0.0992236137390	0.134334564209	3.78249946175	89.1665234299	0.104170505524	1015.50353751	0.00588655471802	0.000708103179932	0.00122716426849	200000.000000	16.0000000000	0.00000000000	166.000000000	232.000000000	5.00000000000	0.950000000000	-0.740000000000	22.3000000000	0.00000000000	232.000000000	32.0000000000	15108704.0000	2500.00000000	2000.00000000	206.200000000	6466.00000000	1700.00000000	6000.00000000	13314.0000000	5801.00000000	23.4081460007	23.5137486754	23.1798541774	-0.365118443319	23.6668057909	26.2141808083	24.1922097605	-10.8927789160	23.5243397747	23.2737861163	23.2758785345	23.8878234650	23.9764863670	22.7635844875	-12.4077104270	0.882295696942	0.00000000000	0.100000000000	0.0500000000000	-0.00303869247437	0.00000000000	52.5917968750	-0.000390625005821	-0.574414074421	0.00000000000	14.7500000000	15.0500001907	14.7500000000	14.9812498093	14.8312501907	-300.000000000	2904.44897239	NaN	0.00000000000	22.3000793457	25.0000610352	640.000000000	24.3113009357	24.5140298316	25.2091530337	25.5200655427	23.8904897378	26.3743397828	-60.2819306401	-59.2083717365	-0.000531673431396	-0.000859737396240	-0.000531673431396	-0.000531673431396	NaN	NaN	NaN	NaN	NaN	0.00000000000	NaN	NaN	1.00000000000	0.00000000000	5.00000000000	0.00000000000


















3733299710.68	NaN	17.0000000000	103.000000000	0.00000000000	0.00000000000	NaN	3.48728609085	-3.09212447352	0.981924533844	-4.17926664898	0.996362686157	-0.00118780136108	0.0988950729370	0.134006500244	3.18283120193	76.7922276649	0.101740343094	1015.41616968	0.00390481948853	0.000695562362671	0.00121147632599	200000.000000	16.0000000000	0.00000000000	166.000000000	232.000000000	5.00000000000	0.950000000000	-0.740000000000	22.3000000000	0.00000000000	232.000000000	32.0000000000	15108704.0000	2500.00000000	2000.00000000	206.200000000	6466.00000000	1700.00000000	6000.00000000	13314.0000000	5801.00000000	23.4081460007	23.5137486754	23.1798541774	-0.365118443319	23.6668057909	26.2141808083	24.1922097605	-10.8927789160	23.5243397747	23.2737861163	23.2758785345	23.8878234650	23.9764863670	22.7635844875	-12.4077104270	0.882295696942	0.00000000000	0.100000000000	0.0500000000000	-0.00489983558655	0.00000000000	54.6933593750	-0.000390625005821	-0.571875035763	0.00000000000	14.7500000000	15.0500001907	14.7500000000	14.9812498093	14.8312501907	-300.000000000	0.00000000000	NaN	0.00000000000	22.3000793457	25.0000610352	640.000000000	24.3113009357	24.5140298316	25.2091530337	25.5200655427	23.8904897378	26.3743397828	-60.2819306401	-59.2083717365	-0.000531673431396	-0.000859737396240	-0.000531673431396	-0.000531673431396	NaN	NaN	NaN	NaN	NaN	0.00000000000	NaN	NaN	1.00000000000	0.00000000000	5.00000000000	0.00000000000

















3733299710.88	NaN	8.00000000000	133.000000000	0.00000000000	0.00000000000	NaN	3.48367643356	-3.10723222057	0.992424964905	-4.16375103863	0.977986812592	-0.000531673431396	0.100863933563	0.134662628174	3.75393658504	87.2627005005	0.100930681229	1015.54718970	0.00646448135376	0.000692319869995	0.00120036602020	200000.000000	16.0000000000	0.00000000000	166.000000000	232.000000000	5.00000000000	0.950000000000	-0.740000000000	22.3000000000	0.00000000000	232.000000000	32.0000000000	15108704.0000	2500.00000000	2000.00000000	206.200000000	6466.00000000	1700.00000000	6000.00000000	13314.0000000	5801.00000000	23.4081460007	23.5137486754	23.1798541774	-0.365118443319	23.6668057909	26.2141808083	24.1922097605	-10.8927789160	23.5243397747	23.2737861163	23.2758785345	23.8878234650	23.9764863670	22.7635844875	-12.4077104270	0.882295696942	0.00000000000	0.100000000000	0.0500000000000	-0.000796794891357	0.00000000000	54.6933593750	-0.000390625005821	-0.571875035763	0.00000000000	14.7500000000	15.0812501907	14.7500000000	14.9812498093	14.8312501907	-300.000000000	0.00000000000	NaN	0.00000000000	22.2999877930	25.0000305176	640.000000000	24.3113009357	24.5140298316	25.2091530337	25.5200655427	23.8904897378	26.3743397828	-60.2819306401	-59.2083717365	-0.000531673431396	-0.000859737396240	-0.000531673431396	-0.000531673431396	NaN	NaN	NaN	NaN	NaN	0.00000000000	NaN	NaN	1.00000000000	0.00000000000	5.00000000000	0.00000000000


















3733299711.08	NaN	25.0000000000	121.000000000	0.00000000000	2.00000000000	NaN	3.49680233002	-3.17530773014	0.990456104279	-4.14047783686	0.980611801147	0.000781059265137	0.101191997528	0.136631488800	3.79201581001	89.3568503952	0.104170505524	1015.19784528	0.00946998596191	0.000673937797546	0.00118980407715	200000.000000	16.0000000000	0.00000000000	166.000000000	232.000000000	5.00000000000	0.950000000000	-0.740000000000	22.3000000000	0.00000000000	232.000000000	32.0000000000	15108704.0000	2500.00000000	2000.00000000	206.200000000	6466.00000000	1700.00000000	6000.00000000	13314.0000000	5801.00000000	23.4081460007	23.5137486754	23.1798541774	-0.365118443319	23.6668057909	26.2141808083	24.1922097605	-10.8927789160	23.5243397747	23.2737861163	23.2758785345	23.8878234650	23.9764863670	22.7635844875	-12.4077104270	0.882295696942	0.00000000000	0.100000000000	0.0500000000000	-0.00563621520996	0.00000000000	47.4140625000	0.00000000000	-0.571679711342	0.00000000000	14.7500000000	15.0812501907	14.7500000000	14.9812498093	14.8312501907	-300.000000000	3101.43291009	NaN	0.00000000000	22.2999877930	25.0000305176	640.000000000	24.3113009357	24.5140298316	25.2091530337	25.5200655427	23.8904897378	26.3743397828	-60.2819306401	-59.2083717365	-0.000531673431396	-0.000859737396240	-0.000531673431396	-0.000531673431396	NaN	NaN	NaN	NaN	NaN	0.00000000000	NaN	NaN	1.00000000000	0.00000000000	5.00000000000	0.00000000000

















3733299711.28	NaN	9.00000000000	111.000000000	0.00000000000	1.00000000000	NaN	3.49811458588	-3.34978108978	0.986518383026	-4.19478839294	0.984877586365	-0.00118780136108	0.0962700843811	0.135975360870	3.80153215828	85.9301351051	0.100121019363	1015.28521311	0.00752735137939	0.000667381286621	0.00120227336884	200000.000000	16.0000000000	0.00000000000	166.000000000	232.000000000	5.00000000000	0.950000000000	-0.740000000000	22.3000000000	0.00000000000	232.000000000	32.0000000000	15108704.0000	2500.00000000	2000.00000000	206.200000000	6466.00000000	1700.00000000	6000.00000000	13314.0000000	5801.00000000	23.4081460007	23.5137486754	23.1798541774	-0.365118443319	23.6668057909	26.2141808083	24.1922097605	-10.8927789160	23.5243397747	23.2737861163	23.2758785345	23.8878234650	23.9764863670	22.7635844875	-12.4077104270	0.882295696942	0.00000000000	0.100000000000	0.0500000000000	-0.00652227401733	0.00000000000	47.4140625000	0.00000000000	-0.571679711342	0.00000000000	14.7500000000	15.0375003815	14.7500000000	14.9875001907	14.8312501907	-300.000000000	1509.11975743	NaN	0.00000000000	22.2998352051	25.0000610352	640.000000000	24.3113009357	24.5140298316	25.2091530337	25.5200655427	23.8904897378	26.3743397828	-60.2819306401	-59.2083717365	-0.000531673431396	-0.000859737396240	-0.000531673431396	-0.000531673431396	NaN	NaN	NaN	NaN	NaN	0.00000000000	NaN	NaN	1.00000000000	0.00000000000	5.00000000000	0.00000000000

















3733299711.48	NaN	9.00000000000	143.000000000	0.00000000000	0.00000000000	NaN	3.47973871231	-3.35738188789	0.990456104279	-4.18702675369	0.980939865112	-0.000859737396240	0.0972547531128	0.136303424835	3.77298311348	87.0723735352	0.100930681229	1015.54718970	0.00952243804932	0.000692367553711	0.00122988224030	200000.000000	16.0000000000	0.00000000000	166.000000000	232.000000000	5.00000000000	0.950000000000	-0.740000000000	22.3000000000	0.00000000000	232.000000000	32.0000000000	15108704.0000	2500.00000000	2000.00000000	206.200000000	6466.00000000	1700.00000000	6000.00000000	13314.0000000	5801.00000000	23.4081460007	23.5137486754	23.1798541774	-0.365118443319	23.6668057909	26.2141808083	24.1922097605	-10.8927789160	23.5243397747	23.2737861163	23.2758785345	23.8878234650	23.9764863670	22.7635844875	-12.4077104270	0.882295696942	0.00000000000	0.100000000000	0.0500000000000	-0.00211200714111	0.00000000000	52.5722656250	0.00000000000	-0.570703148842	0.00000000000	14.7500000000	15.0375003815	14.7500000000	14.9875001907	14.8312501907	-300.000000000	0.00000000000	NaN	0.00000000000	22.2998352051	25.0000610352	640.000000000	24.3113009357	24.5140298316	25.2091530337	25.5200655427	23.8904897378	26.3743397828	-60.2819306401	-59.2083717365	-0.000531673431396	-0.000859737396240	-0.000531673431396	-0.000531673431396	NaN	NaN	NaN	NaN	NaN	0.00000000000	NaN	NaN	1.00000000000	0.00000000000	5.00000000000	0.00000000000


















3733299711.68	NaN	6.00000000000	123.000000000	0.00000000000	1.00000000000	NaN	3.47875452042	-3.10723222057	0.996690750122	-4.05529026345	0.986518383026	0.00110912322998	0.100863933563	0.136631488800	3.77298311348	91.0700697212	0.0985016956329	1015.24156092	0.00885295867920	0.000685095787048	0.00118789672852	200000.000000	16.0000000000	0.00000000000	166.000000000	232.000000000	5.00000000000	0.950000000000	-0.740000000000	22.3000000000	0.00000000000	232.000000000	32.0000000000	15108704.0000	2500.00000000	2000.00000000	206.200000000	6466.00000000	1700.00000000	6000.00000000	13314.0000000	5801.00000000	23.4081460007	23.5137486754	23.1798541774	-0.365118443319	23.6668057909	26.2141808083	24.1922097605	-10.8927789160	23.5243397747	23.2737861163	23.2758785345	23.8878234650	23.9764863670	22.7635844875	-12.4077104270	0.882295696942	0.00000000000	0.100000000000	0.0500000000000	-0.00395355224609	0.00000000000	52.5722656250	0.00000000000	-0.570703148842	0.00000000000	14.7500000000	15.0812501907	14.7500000000	14.9812498093	14.8312501907	-300.000000000	1638.80973658	NaN	0.00000000000	22.2998352051	25.0000610352	640.000000000	24.3113009357	24.5140298316	25.2091530337	25.5200655427	23.8904897378	26.3743397828	-60.2819306401	-59.2083717365	-0.000531673431396	-0.000859737396240	-0.000531673431396	-0.000531673431396	NaN	NaN	NaN	NaN	NaN	0.00000000000	NaN	NaN	1.00000000000	0.00000000000	5.00000000000	0.00000000000


















3733299711.88	NaN	9.00000000000	123.000000000	0.00000000000	0.00000000000	NaN	3.50566196442	-3.09967765529	0.993737697601	-4.12497752541	0.986518383026	-0.000859737396240	0.0988950729370	0.134006500244	3.67779196701	88.0242849998	0.102551181793	1015.41616968	0.00803947448730	0.000679826736450	0.00120553970337	200000.000000	16.0000000000	0.00000000000	166.000000000	232.000000000	5.00000000000	0.950000000000	-0.740000000000	22.3000000000	0.00000000000	232.000000000	32.0000000000	15108704.0000	2500.00000000	2000.00000000	206.200000000	6466.00000000	1700.00000000	6000.00000000	13314.0000000	5801.00000000	23.4081460007	23.5137486754	23.1798541774	-0.365118443319	23.6668057909	26.2141808083	24.1922097605	-10.8927789160	23.5243397747	23.2737861163	23.2758785345	23.8878234650	23.9764863670	22.7635844875	-12.4077104270	0.882295696942	0.00000000000	0.100000000000	0.0500000000000	-0.00695137977600	0.00000000000	45.3652343750	0.00000000000	-0.574804723263	0.00000000000	14.7500000000	15.0812501907	14.7500000000	14.9812498093	14.8312501907	-300.000000000	0.00000000000	NaN	0.00000000000	22.2998962402	24.9999084473	640.000000000	24.3113009357	24.5140298316	25.2091530337	25.5200655427	23.8904897378	26.3743397828	-60.2819306401	-59.2083717365	-0.000531673431396	-0.000859737396240	-0.000531673431396	-0.000531673431396	NaN	NaN	NaN	NaN	NaN	0.00000000000	NaN	NaN	1.00000000000	0.00000000000	5.00000000000	0.00000000000


















3733299712.08	NaN	6.00000000000	121.000000000	0.00000000000	2.00000000000	NaN	3.48827028275	-3.27382881653	0.995049953461	-4.11722965848	0.985862255096	-0.000531673431396	0.0969262123108	0.135975360870	3.73490388851	87.2627005005	0.0993113574982	1015.32886530	0.0149173736572	0.000689053535461	0.00119240283966	200000.000000	16.0000000000	0.00000000000	166.000000000	232.000000000	5.00000000000	0.950000000000	-0.740000000000	22.3000000000	0.00000000000	232.000000000	32.0000000000	15108704.0000	2500.00000000	2000.00000000	206.200000000	6466.00000000	1700.00000000	6000.00000000	13314.0000000	5801.00000000	23.4081460007	23.5137486754	23.1798541774	-0.365118443319	23.6668057909	26.2141808083	24.1922097605	-10.8927789160	23.5243397747	23.2737861163	23.2758785345	23.8878234650	23.9764863670	22.7635844875	-12.4077104270	0.882295696942	0.00000000000	0.100000000000	0.0500000000000	-0.00186257362366	0.00000000000	45.3652343750	0.00000000000	-0.574804723263	0.00000000000	14.7500000000	15.0812501907	14.7500000000	14.9812498093	14.8312501907	-300.000000000	2991.82345887	NaN	0.00000000000	22.2998962402	24.9999084473	640.000000000	24.3113009357	24.5140298316	25.2091530337	25.5200655427	23.8904897378	26.3743397828	-60.2819306401	-59.2083717365	-0.000531673431396	-0.000859737396240	-0.000531673431396	-0.000531673431396	NaN	NaN	NaN	NaN	NaN	0.00000000000	NaN	NaN	1.00000000000	0.00000000000	5.00000000000	0.00000000000


















3733299712.28	NaN	12.0000000000	120.000000000	0.00000000000	1.00000000000	NaN	3.50073957443	-3.37258773889	0.992753028870	-4.17926664898	0.987503051758	-0.00217247009277	0.0972547531128	0.135318756104	3.71587119198	85.9301351051	0.104170505524	1015.37251749	0.0180411338806	0.000687670707703	0.00122330188751	200000.000000	16.0000000000	0.00000000000	166.000000000	232.000000000	5.00000000000	0.950000000000	-0.740000000000	22.3000000000	0.00000000000	232.000000000	32.0000000000	15108704.0000	2500.00000000	2000.00000000	206.200000000	6466.00000000	1700.00000000	6000.00000000	13314.0000000	5801.00000000	23.4081460007	23.5137486754	23.1798541774	-0.365118443319	23.6668057909	26.2141808083	24.1922097605	-10.8927789160	23.5243397747	23.2737861163	23.2758785345	23.8878234650	23.9764863670	22.7635844875	-12.4077104270	0.882295696942	0.00000000000	0.100000000000	0.0500000000000	-0.00512957572937	0.00000000000	54.5136718750	0.00000000000	-0.573437511921	0.00000000000	14.7500000000	15.0812501907	14.7500000000	14.9812498093	14.8312501907	-300.000000000	1509.11975743	NaN	0.00000000000	22.3003540039	24.9999694824	640.000000000	24.3113009357	24.5140298316	25.2091530337	25.5200655427	23.8904897378	26.3743397828	-60.2819306401	-59.2083717365	-0.000531673431396	-0.000859737396240	-0.000531673431396	-0.000531673431396	NaN	NaN	NaN	NaN	NaN	0.00000000000	NaN	NaN	1.00000000000	0.00000000000	5.00000000000	0.00000000000


















3733299712.48	NaN	12.0000000000	112.000000000	0.00000000000	0.00000000000	NaN	3.48794221878	-3.16774066425	0.998987674713	-4.21032756663	0.976674079895	-0.000203609466553	0.100535869598	0.136631488800	3.70635484371	86.6914429665	0.0944522094727	1015.50353751	0.0175027847290	0.000693655014038	0.00122458934784	200000.000000	16.0000000000	0.00000000000	166.000000000	232.000000000	5.00000000000	0.950000000000	-0.740000000000	22.3000000000	0.00000000000	232.000000000	32.0000000000	15108704.0000	2500.00000000	2000.00000000	206.200000000	6466.00000000	1700.00000000	6000.00000000	13314.0000000	5801.00000000	23.4081460007	23.5137486754	23.1798541774	-0.365118443319	23.6668057909	26.2141808083	24.1922097605	-10.8927789160	23.5243397747	23.2737861163	23.2758785345	23.8878234650	23.9764863670	22.7635844875	-12.4077104270	0.882295696942	0.00000000000	0.100000000000	0.0500000000000	-0.00659441947937	0.00000000000	54.5136718750	0.00000000000	-0.573437511921	0.00000000000	14.7562503815	15.0250005722	14.7500000000	14.9812498093	14.8312501907	-300.000000000	0.00000000000	NaN	0.00000000000	22.3003540039	24.9999694824	640.000000000	24.3113009357	24.5140298316	25.2091530337	25.5200655427	23.8904897378	26.3743397828	-60.2819306401	-59.2083717365	-0.000531673431396	-0.000859737396240	-0.000531673431396	-0.000531673431396	NaN	NaN	NaN	NaN	NaN	0.00000000000	NaN	NaN	1.00000000000	0.00000000000	5.00000000000	0.00000000000

















3733299712.68	NaN	8.00000000000	140.000000000	1.00000000000	1.00000000000	NaN	3.49384880066	-3.25865969322	0.998659610748	-4.12497752541	0.983565330505	0.000781059265137	0.100535869598	0.135975360870	3.77298311348	87.4530274658	0.101740343094	1015.37251749	0.0203251838684	0.000651526451111	0.00118715763092	200000.000000	16.0000000000	0.00000000000	166.000000000	232.000000000	5.00000000000	0.950000000000	-0.740000000000	22.3000000000	0.00000000000	232.000000000	32.0000000000	15108704.0000	2500.00000000	2000.00000000	206.200000000	6466.00000000	1700.00000000	6000.00000000	13314.0000000	5801.00000000	23.4081460007	23.5137486754	23.1798541774	-0.365118443319	23.6668057909	26.2141808083	24.1922097605	-10.8927789160	23.5243397747	23.2737861163	23.2758785345	23.8878234650	23.9764863670	22.7635844875	-12.4077104270	0.882295696942	0.00000000000	0.100000000000	0.0500000000000	-0.00765233039856	0.00000000000	45.1347656250	0.00000000000	-0.570507824421	0.00000000000	14.7562503815	15.0250005722	14.7500000000	14.9812498093	14.8312501907	-300.000000000	1348.98807899	NaN	0.00000000000	22.3003540039	24.9999694824	640.000000000	24.3113009357	24.5140298316	25.2091530337	25.5200655427	23.8904897378	26.3743397828	-60.2819306401	-59.2083717365	-0.000531673431396	-0.000859737396240	-0.000531673431396	-0.000531673431396	NaN	NaN	NaN	NaN	NaN	0.00000000000	NaN	NaN	1.00000000000	0.00000000000	5.00000000000	0.00000000000


















3733299712.88	NaN	14.0000000000	113.000000000	0.00000000000	3.00000000000	NaN	3.49713039398	-3.41063829714	0.995706558228	-4.21809381855	0.981924533844	-0.00217247009277	0.0982389450073	0.136959552765	3.73490388851	88.4049389305	0.100930681229	1015.45982187	0.0201020240784	0.000662755966187	0.00118188858032	200000.000000	16.0000000000	0.00000000000	166.000000000	232.000000000	5.00000000000	0.950000000000	-0.740000000000	22.3000000000	0.00000000000	232.000000000	32.0000000000	15108704.0000	2500.00000000	2000.00000000	206.200000000	6466.00000000	1700.00000000	6000.00000000	13314.0000000	5801.00000000	23.4081460007	23.5137486754	23.1798541774	-0.365118443319	23.6668057909	26.2141808083	24.1922097605	-10.8927789160	23.5243397747	23.2737861163	23.2758785345	23.8878234650	23.9764863670	22.7635844875	-12.4077104270	0.882295696942	0.00000000000	0.100000000000	0.0500000000000	-0.00880613327026	0.00000000000	45.1347656250	0.00000000000	-0.570507824421	0.00000000000	14.7562503815	15.1187505722	14.7500000000	14.9812498093	14.8312501907	-300.000000000	4277.26642667	NaN	0.00000000000	22.3000183105	25.0000305176	640.000000000	24.3113009357	24.5140298316	25.2091530337	25.5200655427	23.8904897378	26.3743397828	-60.2819306401	-59.2083717365	-0.000531673431396	-0.000859737396240	-0.000531673431396	-0.000531673431396	NaN	NaN	NaN	NaN	NaN	0.00000000000	NaN	NaN	1.00000000000	0.00000000000	5.00000000000	0.00000000000


















3733299713.08	NaN	9.00000000000	120.000000000	0.00000000000	1.00000000000	NaN	3.47612905502	-3.03173774501	1.00391006470	-4.11722965848	0.980939865112	-0.00151634216309	0.0992236137390	0.134662628174	3.63972657394	87.4530274658	0.103360843658	1015.32886530	0.0150351524353	0.000681138038635	0.00118587017059	200000.000000	16.0000000000	0.00000000000	166.000000000	232.000000000	5.00000000000	0.950000000000	-0.740000000000	22.3000000000	0.00000000000	232.000000000	32.0000000000	15108704.0000	2500.00000000	2000.00000000	206.200000000	6466.00000000	1700.00000000	6000.00000000	13314.0000000	5801.00000000	23.4081460007	23.5137486754	23.1798541774	-0.365118443319	23.6668057909	26.2141808083	24.1922097605	-10.8927789160	23.5243397747	23.2737861163	23.2758785345	23.8878234650	23.9764863670	22.7635844875	-12.4077104270	0.882295696942	0.00000000000	0.100000000000	0.0500000000000	-0.00793194770813	0.00000000000	52.5800781250	-0.000390625005821	-0.574023425579	0.00000000000	14.7562503815	15.1187505722	14.7500000000	14.9812498093	14.8312501907	-300.000000000	1604.95521257	NaN	0.00000000000	22.3000183105	25.0000305176	640.000000000	24.3113009357	24.5140298316	25.2091530337	25.5200655427	23.8904897378	26.3743397828	-60.2819306401	-59.2083717365	-0.000531673431396	-0.000859737396240	-0.000531673431396	-0.000531673431396	NaN	NaN	NaN	NaN	NaN	0.00000000000	NaN	NaN	1.00000000000	0.00000000000	5.00000000000	0.00000000000

















3733299713.28	NaN	13.0000000000	126.000000000	0.00000000000	0.00000000000	NaN	3.48302030563	-3.10723222057	1.00489425659	-4.08624217178	0.989143371582	-0.000859737396240	0.0995516777039	0.135647296906	3.63019639378	86.1204620705	0.0976920337677	1015.45982187	0.0206398963928	0.000691056251526	0.00117270946503	200000.000000	16.0000000000	0.00000000000	166.000000000	232.000000000	5.00000000000	0.950000000000	-0.740000000000	22.3000000000	0.00000000000	232.000000000	32.0000000000	15108704.0000	2500.00000000	2000.00000000	206.200000000	6466.00000000	1700.00000000	6000.00000000	13314.0000000	5801.00000000	23.4081460007	23.5137486754	23.1798541774	-0.365118443319	23.6668057909	26.2141808083	24.1922097605	-10.8927789160	23.5243397747	23.2737861163	23.2758785345	23.8878234650	23.9764863670	22.7635844875	-12.4077104270	0.882295696942	0.00000000000	0.100000000000	0.0500000000000	-0.00223798751831	0.00000000000	52.5800781250	-0.000390625005821	-0.574023425579	0.00000000000	14.7562503815	15.0000000000	14.7500000000	14.9812498093	14.8312501907	-300.000000000	0.00000000000	NaN	0.00000000000	22.3000793457	25.0002441406	640.000000000	24.3113009357	24.5140298316	25.2091530337	25.5200655427	23.8904897378	26.3743397828	-60.2819306401	-59.2083717365	-0.000531673431396	-0.000859737396240	-0.000531673431396	-0.000531673431396	NaN	NaN	NaN	NaN	NaN	0.00000000000	NaN	NaN	1.00000000000	0.00000000000	5.00000000000	0.00000000000

















3733299713.48	NaN	9.00000000000	117.000000000	0.00000000000	0.00000000000	NaN	3.48794221878	-3.14503682610	1.00161314011	-4.12497752541	0.981596469879	0.000781059265137	0.100535869598	0.137944221497	3.71587119198	88.9759198265	0.105789829254	1015.15419309	0.0250110626221	0.000639772415161	0.00120425224304	200000.000000	16.0000000000	0.00000000000	166.000000000	232.000000000	5.00000000000	0.950000000000	-0.740000000000	22.3000000000	0.00000000000	232.000000000	32.0000000000	15108704.0000	2500.00000000	2000.00000000	206.200000000	6466.00000000	1700.00000000	6000.00000000	13314.0000000	5801.00000000	23.4081460007	23.5137486754	23.1798541774	-0.365118443319	23.6668057909	26.2141808083	24.1922097605	-10.8927789160	23.5243397747	23.2737861163	23.2758785345	23.8878234650	23.9764863670	22.7635844875	-12.4077104270	0.882295696942	0.00000000000	0.100000000000	0.0500000000000	-0.00730185508728	0.00000000000	45.1132812500	0.00000000000	-0.569921910763	0.00000000000	14.7562503815	15.0000000000	14.7500000000	14.9812498093	14.8312501907	-300.000000000	0.00000000000	NaN	0.00000000000	22.3000793457	25.0002441406	640.000000000	24.3113009357	24.5140298316	25.2091530337	25.5200655427	23.8904897378	26.3743397828	-60.2819306401	-59.2083717365	-0.000531673431396	-0.000859737396240	-0.000531673431396	-0.000531673431396	NaN	NaN	NaN	NaN	NaN	0.00000000000	NaN	NaN	1.00000000000	0.00000000000	5.00000000000	0.00000000000


















3733299713.68	NaN	18.0000000000	125.000000000	0.00000000000	1.00000000000	NaN	3.49713039398	-3.31938101759	0.999315738678	-3.99343666469	0.990128040314	-0.00217247009277	0.0979108810425	0.136959552765	3.69683849545	88.9759198265	0.104980167389	1015.32886530	0.0203247070312	0.000694251060486	0.00119180679321	200000.000000	16.0000000000	0.00000000000	166.000000000	232.000000000	5.00000000000	0.950000000000	-0.740000000000	22.3000000000	0.00000000000	232.000000000	32.0000000000	15108704.0000	2500.00000000	2000.00000000	206.200000000	6466.00000000	1700.00000000	6000.00000000	13314.0000000	5801.00000000	23.4081460007	23.5137486754	23.1798541774	-0.365118443319	23.6668057909	26.2141808083	24.1922097605	-10.8927789160	23.5243397747	23.2737861163	23.2758785345	23.8878234650	23.9764863670	22.7635844875	-12.4077104270	0.882295696942	0.00000000000	0.100000000000	0.0500000000000	-0.00278277397156	0.00000000000	45.1132812500	0.00000000000	-0.569921910763	0.00000000000	14.7562503815	15.1000003815	14.7500000000	14.9812498093	14.8312501907	-300.000000000	1509.11975743	NaN	0.00000000000	22.3000793457	25.0002441406	640.000000000	24.3113009357	24.5140298316	25.2091530337	25.5200655427	23.8904897378	26.3743397828	-60.2819306401	-59.2083717365	-0.000531673431396	-0.000859737396240	-0.000531673431396	-0.000531673431396	NaN	NaN	NaN	NaN	NaN	0.00000000000	NaN	NaN	1.00000000000	0.00000000000	5.00000000000	0.00000000000

















3733299713.88	NaN	7.00000000000	122.000000000	0.00000000000	0.00000000000	NaN	3.48006677628	-3.09967765529	1.00325345993	-4.16375103863	0.985205650330	0.00176525115967	0.100535869598	0.137287616730	3.68730831528	86.3107890358	0.0993113574982	1015.37251749	0.0255489349365	0.000685739517212	0.00122330188751	200000.000000	16.0000000000	0.00000000000	166.000000000	232.000000000	5.00000000000	0.950000000000	-0.740000000000	22.3000000000	0.00000000000	232.000000000	32.0000000000	15108704.0000	2500.00000000	2000.00000000	206.200000000	6466.00000000	1700.00000000	6000.00000000	13314.0000000	5801.00000000	23.4081460007	23.5137486754	23.1798541774	-0.365118443319	23.6668057909	26.2141808083	24.1922097605	-10.8927789160	23.5243397747	23.2737861163	23.2758785345	23.8878234650	23.9764863670	22.7635844875	-12.4077104270	0.882295696942	0.00000000000	0.100000000000	0.0500000000000	-0.00334191322327	0.00000000000	49.1835937500	0.00000000000	-0.574804723263	0.00000000000	14.7562503815	15.1000003815	14.7500000000	14.9812498093	14.8312501907	-300.000000000	0.00000000000	NaN	0.00000000000	22.3001403809	25.0003051758	640.000000000	24.3113009357	24.5140298316	25.2091530337	25.5200655427	23.8904897378	26.3743397828	-60.2819306401	-59.2083717365	-0.000531673431396	-0.000859737396240	-0.000531673431396	-0.000531673431396	NaN	NaN	NaN	NaN	NaN	0.00000000000	NaN	NaN	1.00000000000	0.00000000000	5.00000000000	0.00000000000

















3733299714.08	NaN	7.00000000000	137.000000000	1.00000000000	1.00000000000	NaN	3.47251939774	-3.10723222057	1.00751972198	-4.05529026345	0.983893394470	-0.00381326675415	0.101848602295	0.135975360870	3.63019639378	85.5492045364	0.103360843658	1015.41616968	0.0154161453247	0.000723862648010	0.00121536254883	200000.000000	16.0000000000	0.00000000000	166.000000000	232.000000000	5.00000000000	0.950000000000	-0.740000000000	22.3000000000	0.00000000000	232.000000000	32.0000000000	15108704.0000	2500.00000000	2000.00000000	206.200000000	6466.00000000	1700.00000000	6000.00000000	13314.0000000	5801.00000000	23.4081460007	23.5137486754	23.1798541774	-0.365118443319	23.6668057909	26.2141808083	24.1922097605	-10.8927789160	23.5243397747	23.2737861163	23.2758785345	23.8878234650	23.9764863670	22.7635844875	-12.4077104270	0.882295696942	0.00000000000	0.100000000000	0.0500000000000	-0.00974197387695	0.00000000000	49.1835937500	0.00000000000	-0.574804723263	0.00000000000	14.7562503815	15.0000000000	14.7500000000	14.9812498093	14.8312501907	-300.000000000	1604.95521257	NaN	0.00000000000	22.3001403809	25.0003051758	640.000000000	24.3113009357	24.5140298316	25.2091530337	25.5200655427	23.8904897378	26.3743397828	-60.2819306401	-59.2083717365	-0.000531673431396	-0.000859737396240	-0.000531673431396	-0.000531673431396	NaN	NaN	-273.150000000	NaN	NaN	0.00000000000	NaN	NaN	1.00000000000	0.00000000000	5.00000000000	0.00000000000

















3733299714.28	NaN	10.0000000000	140.000000000	0.00000000000	0.00000000000	NaN	3.49844264984	-3.08457267427	1.00128459930	-4.15599553074	0.985534191132	-0.000203609466553	0.0998797416687	0.136303424835	3.65875927048	88.4049389305	0.101740343094	1015.45982187	0.0242757797241	0.000724506378174	0.00121669769287	200000.000000	16.0000000000	0.00000000000	166.000000000	232.000000000	5.00000000000	0.950000000000	-0.740000000000	22.3000000000	0.00000000000	232.000000000	32.0000000000	15108704.0000	2500.00000000	2000.00000000	206.200000000	6466.00000000	1700.00000000	6000.00000000	13314.0000000	5801.00000000	23.4081460007	23.5137486754	23.1798541774	-0.365118443319	23.6668057909	26.2141808083	24.1922097605	-10.8927789160	23.5243397747	23.2737861163	23.2758785345	23.8878234650	23.9764863670	22.7635844875	-12.4077104270	0.882295696942	0.00000000000	0.100000000000	0.0500000000000	-0.00768127441406	0.00000000000	48.2578125000	-0.000390625005821	-0.570703148842	0.00000000000	14.7562503815	15.0000000000	14.7500000000	14.9812498093	14.8312501907	-300.000000000	0.00000000000	NaN	0.00000000000	22.3002624512	25.0002441406	640.000000000	24.3113009357	24.5140298316	25.2091530337	25.5200655427	23.8904897378	26.3743397828	-60.2819306401	-59.2083717365	-0.000531673431396	-0.000859737396240	-0.000531673431396	-0.000531673431396	NaN	NaN	-273.150000000	NaN	NaN	0.00000000000	NaN	NaN	1.00000000000	0.00000000000	5.00000000000	0.00000000000


















3733299714.48	NaN	6.00000000000	119.000000000	0.00000000000	1.00000000000	NaN	3.48400449753	-3.22832728027	1.00653505325	-4.04754483723	0.984877586365	0.00110912322998	0.100863933563	0.137287616730	3.67779196701	82.6937467804	0.101740343094	1015.32886530	0.0303792953491	0.000706100463867	0.00122325420380	200000.000000	16.0000000000	0.00000000000	166.000000000	232.000000000	5.00000000000	0.950000000000	-0.740000000000	22.3000000000	0.00000000000	232.000000000	32.0000000000	15108704.0000	2500.00000000	2000.00000000	206.200000000	6466.00000000	1700.00000000	6000.00000000	13314.0000000	5801.00000000	23.4081460007	23.5137486754	23.1798541774	-0.365118443319	23.6668057909	26.2141808083	24.1922097605	-10.8927789160	23.5243397747	23.2737861163	23.2758785345	23.8878234650	23.9764863670	22.7635844875	-12.4077104270	0.882295696942	0.00000000000	0.100000000000	0.0500000000000	-0.00454416275024	0.00000000000	48.2578125000	-0.000390625005821	-0.570703148842	0.00000000000	14.7562503815	15.1250000000	14.7500000000	14.9812498093	14.8289070129	-300.000000000	1325.12726647	NaN	0.00000000000	22.3002624512	25.0002441406	640.000000000	24.3113009357	24.5140298316	25.2091530337	25.5200655427	23.8904897378	26.3743397828	-60.2819306401	-59.2083717365	-0.000531673431396	-0.000859737396240	-0.000531673431396	-0.000531673431396	NaN	NaN	-273.150000000	NaN	NaN	0.00000000000	NaN	NaN	1.00000000000	0.00000000000	5.00000000000	0.00000000000

















3733299714.68	NaN	10.0000000000	112.000000000	0.00000000000	1.00000000000	NaN	3.48892688751	-3.35738188789	1.00030040741	-4.11722965848	0.984877586365	-0.000203609466553	0.0998797416687	0.137944221497	2.91630429096	72.2232739449	0.104170505524	1015.28521311	0.0199313163757	0.000708723068237	0.00123441219330	200000.000000	16.0000000000	0.00000000000	166.000000000	232.000000000	5.00000000000	0.950000000000	-0.740000000000	22.3000000000	0.00000000000	232.000000000	32.0000000000	15108704.0000	2500.00000000	2000.00000000	206.200000000	6466.00000000	1700.00000000	6000.00000000	13314.0000000	5801.00000000	23.4081460007	23.5137486754	23.1798541774	-0.365118443319	23.6668057909	26.2141808083	24.1922097605	-10.8927789160	23.5243397747	23.2737861163	23.2758785345	23.8878234650	23.9764863670	22.7635844875	-12.4077104270	0.882295696942	0.00000000000	0.100000000000	0.0500000000000	-0.00630831718445	0.00000000000	50.1191406250	0.00000000000	-0.575585961342	0.00000000000	14.7562503815	15.1250000000	14.7500000000	14.9812498093	14.8289070129	-300.000000000	1302.90463530	NaN	0.00000000000	22.3002624512	25.0002441406	640.000000000	24.3113009357	24.5140298316	25.2091530337	25.5200655427	23.8904897378	26.3743397828	-60.2819306401	-59.2083717365	-0.000531673431396	-0.000859737396240	-0.000531673431396	-0.000531673431396	NaN	NaN	-273.150000000	NaN	NaN	0.00000000000	NaN	NaN	1.00000000000	0.00000000000	5.00000000000	0.00000000000

















3733299714.88	NaN	14.0000000000	132.000000000	0.00000000000	0.00000000000	NaN	3.49286460876	-3.23590552459	1.00030040741	-4.18702675369	0.980611801147	0.000452518463135	0.100535869598	0.138272285461	3.70635484371	88.4049389305	0.104170505524	1015.32886530	0.0255098342896	0.000713300704956	0.00120620727539	200000.000000	16.0000000000	0.00000000000	166.000000000	232.000000000	5.00000000000	0.950000000000	-0.740000000000	22.3000000000	0.00000000000	232.000000000	32.0000000000	15108704.0000	2500.00000000	2000.00000000	206.200000000	6466.00000000	1700.00000000	6000.00000000	13314.0000000	5801.00000000	23.4081460007	23.5137486754	23.1798541774	-0.365118443319	23.6668057909	26.2141808083	24.1922097605	-10.8927789160	23.5243397747	23.2737861163	23.2758785345	23.8878234650	23.9764863670	22.7635844875	-12.4077104270	0.882295696942	0.00000000000	0.100000000000	0.0500000000000	-0.00788593292236	0.00000000000	50.1191406250	0.00000000000	-0.575585961342	0.00000000000	14.7500000000	15.0187501907	14.7500000000	14.9812498093	14.8312501907	-300.000000000	0.00000000000	NaN	0.00000000000	22.3001403809	24.9998779297	640.000000000	24.3113009357	24.5140298316	25.2091530337	25.5200655427	23.8904897378	26.3743397828	-60.2819306401	-59.2083717365	-0.000531673431396	-0.000859737396240	-0.000531673431396	-0.000531673431396	NaN	NaN	-273.150000000	NaN	NaN	0.00000000000	NaN	NaN	1.00000000000	0.00000000000	5.00000000000	0.00000000000

















3733299715.08	NaN	15.0000000000	111.000000000	1.00000000000	2.00000000000	NaN	3.48794221878	-3.28900356653	0.999972343445	-4.18702675369	0.976346015930	2.46512460709	0.271169662476	0.162882804871	4.52495444126	95.6390234413	0.103360843658	1015.24156092	0.0332145690918	0.000719904899597	0.00125739574432	200000.000000	16.0000000000	0.00000000000	166.000000000	232.000000000	5.00000000000	0.950000000000	-0.740000000000	22.3000000000	0.00000000000	232.000000000	32.0000000000	15108704.0000	2500.00000000	2000.00000000	206.200000000	6466.00000000	1700.00000000	6000.00000000	13314.0000000	5801.00000000	23.4081460007	23.5137486754	23.1798541774	-0.365118443319	23.6668057909	26.2141808083	24.1922097605	-10.8927789160	23.5243397747	23.2737861163	23.2758785345	23.8878234650	23.9764863670	22.7635844875	-12.4077104270	0.882295696942	0.00000000000	0.100000000000	0.0500000000000	0.0123813629150	0.00000000000	52.1660156250	0.00000000000	-0.569921910763	0.00000000000	14.7500000000	15.0187501907	14.7500000000	14.9812498093	14.8312501907	-300.000000000	2726.98913145	NaN	0.00000000000	22.3001403809	24.9998779297	640.000000000	24.3113009357	24.5140298316	25.2091530337	25.5200655427	23.8904897378	26.3743397828	-60.2819306401	-59.2083717365	-0.000531673431396	-0.000859737396240	-0.000531673431396	-0.000531673431396	NaN	NaN	-273.150000000	-273.150000000	NaN	0.00000000000	NaN	NaN	1.00000000000	0.00000000000	5.00000000000	0.00000000000

















3733299715.28	NaN	13.0000000000	116.000000000	0.00000000000	3.00000000000	NaN	3.47711372375	-3.10723222057	1.00194120407	-4.18702675369	0.981596469879	2.46906232834	0.274779319763	0.164523601532	4.45832617149	105.538515381	0.0976920337677	1015.41616968	0.0280823707581	0.000720572471619	0.00129413604736	200000.000000	16.0000000000	0.00000000000	166.000000000	232.000000000	5.00000000000	0.950000000000	-0.740000000000	22.3000000000	0.00000000000	232.000000000	32.0000000000	15108704.0000	2500.00000000	2000.00000000	206.200000000	6466.00000000	1700.00000000	6000.00000000	13314.0000000	5801.00000000	23.4081460007	23.5137486754	23.1798541774	-0.365118443319	23.6668057909	26.2141808083	24.1922097605	-10.8927789160	23.5243397747	23.2737861163	23.2758785345	23.8878234650	23.9764863670	22.7635844875	-12.4077104270	0.882295696942	0.00000000000	0.100000000000	0.0500000000000	-0.00167760848999	0.00000000000	52.1660156250	0.00000000000	-0.569921910763	0.00000000000	14.7562503815	15.0937500000	14.7500000000	14.9812498093	14.8312501907	-300.000000000	3913.32341486	NaN	0.00000000000	22.3002929688	25.0000305176	640.000000000	24.3113009357	24.5140298316	25.2091530337	25.5200655427	23.8904897378	26.3743397828	-60.2819306401	-59.2083717365	-0.000531673431396	-0.000859737396240	-0.000531673431396	-0.000531673431396	NaN	NaN	-273.150000000	-273.150000000	NaN	0.00000000000	NaN	NaN	1.00000000000	0.00000000000	5.00000000000	0.00000000000

















3733299715.48	NaN	11.0000000000	112.000000000	0.00000000000	0.00000000000	NaN	3.49384880066	-3.10723222057	1.00391006470	-4.11722965848	0.983565330505	2.46939039230	0.272810459137	0.161898612976	4.42024694653	101.159888626	0.0993113574982	1015.41616968	0.0272946357727	0.000704097747803	0.00128166675568	200000.000000	16.0000000000	0.00000000000	166.000000000	232.000000000	5.00000000000	0.950000000000	-0.740000000000	22.3000000000	0.00000000000	232.000000000	32.0000000000	15108704.0000	2500.00000000	2000.00000000	206.200000000	6466.00000000	1700.00000000	6000.00000000	13314.0000000	5801.00000000	23.4081460007	23.5137486754	23.1798541774	-0.365118443319	23.6668057909	26.2141808083	24.1922097605	-10.8927789160	23.5243397747	23.2737861163	23.2758785345	23.8878234650	23.9764863670	22.7635844875	-12.4077104270	0.882295696942	0.00000000000	0.100000000000	0.0500000000000	-0.00299406051636	0.00000000000	45.7558593750	0.00000000000	-0.574414074421	-0.0195312500000	14.7562503815	15.0937500000	14.7500000000	14.9812498093	14.8312501907	-300.000000000	0.00000000000	NaN	0.00000000000	22.3002929688	25.0000305176	640.000000000	24.3113009357	24.5140298316	25.2091530337	25.5200655427	23.8904897378	26.3743397828	-60.2819306401	-59.2083717365	-0.000531673431396	-0.000859737396240	-0.000531673431396	-0.000531673431396	NaN	NaN	-273.150000000	-273.150000000	NaN	0.00000000000	NaN	NaN	1.00000000000	0.00000000000	5.00000000000	0.00000000000


















3733299715.68	NaN	7.00000000000	123.000000000	0.00000000000	0.00000000000	NaN	3.47908258438	-3.11478817035	1.00686311722	-4.10948331593	0.980283737183	2.47135925293	0.275107383728	0.163867473602	4.42976329479	100.588631092	0.100121019363	1015.41616968	0.0185003280640	0.000712704658508	0.00125412940979	200000.000000	16.0000000000	0.00000000000	166.000000000	232.000000000	5.00000000000	0.950000000000	-0.740000000000	22.3000000000	0.00000000000	232.000000000	32.0000000000	15108704.0000	2500.00000000	2000.00000000	206.200000000	6466.00000000	1700.00000000	6000.00000000	13314.0000000	5801.00000000	23.4081460007	23.5137486754	23.1798541774	-0.365118443319	23.6668057909	26.2141808083	24.1922097605	-10.8927789160	23.5243397747	23.2737861163	23.2758785345	23.8878234650	23.9764863670	22.7635844875	-12.4077104270	0.882295696942	0.00000000000	0.100000000000	0.0500000000000	-0.00833754539490	0.00000000000	45.7558593750	0.00000000000	-0.574414074421	-0.0195312500000	14.7562503815	15.0562505722	14.7500000000	14.9812498093	14.8312501907	-300.000000000	0.00000000000	NaN	0.00000000000	22.3002929688	25.0000305176	640.000000000	24.3113009357	24.5140298316	25.2091530337	25.5200655427	23.8904897378	26.3743397828	-60.2819306401	-59.2083717365	-0.000531673431396	-0.000859737396240	-0.000531673431396	-0.000531673431396	NaN	NaN	-273.150000000	-273.150000000	NaN	0.00000000000	NaN	NaN	1.00000000000	0.00000000000	5.00000000000	0.00000000000

















3733299715.88	NaN	15.0000000000	114.000000000	0.00000000000	0.00000000000	NaN	3.50467729568	-3.12991521496	1.00161314011	-4.14047783686	0.987503051758	2.47398471832	0.273466587067	0.162882804871	4.44879599133	100.778958057	0.0985016956329	1015.19784528	0.0257592201233	0.000711369514465	0.00123639106750	200000.000000	16.0000000000	0.00000000000	166.000000000	232.000000000	5.00000000000	0.950000000000	-0.740000000000	22.3000000000	0.00000000000	232.000000000	32.0000000000	15108704.0000	2500.00000000	2000.00000000	206.200000000	6466.00000000	1700.00000000	6000.00000000	13314.0000000	5801.00000000	23.4081460007	23.5137486754	23.1798541774	-0.365118443319	23.6668057909	26.2141808083	24.1922097605	-10.8927789160	23.5243397747	23.2737861163	23.2758785345	23.8878234650	23.9764863670	22.7635844875	-12.4077104270	0.882295696942	0.00000000000	0.100000000000	0.0500000000000	-0.00495104789734	0.00000000000	54.7636718750	0.00000000000	-0.571484386921	0.00000000000	14.7562503815	15.0562505722	14.7500000000	14.9812498093	14.8312501907	-300.000000000	0.00000000000	NaN	0.00000000000	22.2999877930	25.0002441406	640.000000000	24.3113009357	24.5140298316	25.2091530337	25.5200655427	23.8904897378	26.3743397828	-60.2819306401	-59.2083717365	-0.000531673431396	-0.000859737396240	-0.000531673431396	-0.000531673431396	NaN	NaN	-273.150000000	-273.150000000	NaN	0.00000000000	NaN	NaN	1.00000000000	0.00000000000	5.00000000000	0.00000000000


















3733299716.08	NaN	16.0000000000	115.000000000	0.00000000000	1.00000000000	NaN	3.49155187607	-3.31938101759	1.00128459930	-4.07850191768	0.987174510956	2.47464084625	0.272810459137	0.163867473602	4.45832617149	102.111800091	0.102551181793	1015.32886530	0.0220708847046	0.000672578811646	0.00121734142303	200000.000000	16.0000000000	0.00000000000	166.000000000	232.000000000	5.00000000000	0.950000000000	-0.740000000000	22.3000000000	0.00000000000	232.000000000	32.0000000000	15108704.0000	2500.00000000	2000.00000000	206.200000000	6466.00000000	1700.00000000	6000.00000000	13314.0000000	5801.00000000	23.4081460007	23.5137486754	23.1798541774	-0.365118443319	23.6668057909	26.2141808083	24.1922097605	-10.8927789160	23.5243397747	23.2737861163	23.2758785345	23.8878234650	23.9764863670	22.7635844875	-12.4077104270	0.882295696942	0.00000000000	0.100000000000	0.0500000000000	-0.00443263053894	0.00000000000	54.7636718750	0.00000000000	-0.571484386921	0.00000000000	14.7562503815	15.1250000000	14.7500000000	14.9812498093	14.8312501907	-300.000000000	1604.95521257	NaN	0.00000000000	22.2999877930	25.0002441406	640.000000000	24.5438624518	24.5140298316	25.2091530337	25.5200655427	23.8904897378	26.3743397828	-60.2819306401	-59.2083717365	-0.000531673431396	-0.000859737396240	-0.000531673431396	-0.000531673431396	NaN	NaN	-273.150000000	-273.150000000	NaN	0.00000000000	NaN	NaN	1.00000000000	0.00000000000	5.00000000000	0.00000000000


















3733299716.28	NaN	13.0000000000	124.000000000	1.00000000000	0.00000000000	NaN	3.48597335815	-3.05436831509	1.00030040741	-4.10948331593	0.991112232208	2.47825050354	0.272482395172	0.161242008209	4.42976329479	102.111800091	0.105789829254	1015.32886530	0.0244989395142	0.000677204132080	0.00120353698730	200000.000000	16.0000000000	0.00000000000	166.000000000	232.000000000	5.00000000000	0.950000000000	-0.740000000000	22.3000000000	0.00000000000	232.000000000	32.0000000000	15108704.0000	2500.00000000	2000.00000000	206.200000000	6466.00000000	1700.00000000	6000.00000000	13314.0000000	5801.00000000	23.4081460007	23.5137486754	23.1798541774	-0.365118443319	23.6668057909	26.2141808083	24.1922097605	-10.8927789160	23.5243397747	23.2737861163	23.2758785345	23.8878234650	23.9764863670	22.7635844875	-12.4077104270	0.882295696942	0.00000000000	0.100000000000	0.0500000000000	0.00298871994019	0.00000000000	48.1855468750	0.00000000000	-0.572851598263	0.00000000000	14.7562503815	15.1250000000	14.7500000000	14.9812498093	14.8312501907	-300.000000000	0.00000000000	NaN	0.00000000000	22.3001403809	24.9999694824	640.000000000	24.5438624518	24.5140298316	25.2091530337	25.5200655427	23.8904897378	26.3743397828	-60.2819306401	-59.2083717365	-0.000531673431396	-0.000859737396240	-0.000531673431396	-0.000531673431396	NaN	NaN	-273.150000000	-273.150000000	NaN	0.00000000000	NaN	NaN	1.00000000000	0.00000000000	5.00000000000	0.00000000000


















3733299716.48	NaN	11.0000000000	104.000000000	0.00000000000	1.00000000000	NaN	3.49286460876	-3.16774066425	0.999644279480	-4.14047783686	0.981267929077	2.48251628876	0.276091575623	0.164851665497	4.50590791283	103.825019417	0.0936425476074	1015.19784528	0.0219001770020	0.000681161880493	0.00120685100555	200000.000000	16.0000000000	0.00000000000	166.000000000	232.000000000	5.00000000000	0.950000000000	-0.740000000000	22.3000000000	0.00000000000	232.000000000	32.0000000000	15108704.0000	2500.00000000	2000.00000000	206.200000000	6466.00000000	1700.00000000	6000.00000000	13314.0000000	5801.00000000	23.4081460007	23.5137486754	23.1798541774	-0.365118443319	23.6668057909	26.2141808083	24.1922097605	-10.8927789160	23.5243397747	23.2737861163	23.2758785345	23.8878234650	23.9764863670	22.7635844875	-12.4077104270	0.882295696942	0.00000000000	0.100000000000	0.0500000000000	-0.00511507987976	0.00000000000	48.1855468750	0.00000000000	-0.572851598263	0.00000000000	14.7562503815	15.0312500000	14.7500000000	14.9812498093	14.8312501907	-300.000000000	1451.67921303	NaN	0.00000000000	22.3001403809	24.9999694824	640.000000000	24.5438624518	24.5140298316	25.2091530337	25.5200655427	23.8904897378	26.3743397828	-60.2819306401	-59.2083717365	-0.000531673431396	-0.000859737396240	-0.000531673431396	-0.000531673431396	NaN	NaN	-273.150000000	-273.150000000	NaN	0.00000000000	NaN	NaN	1.00000000000	0.00000000000	5.00000000000	0.00000000000

















3733299716.68	NaN	16.0000000000	116.000000000	0.00000000000	1.00000000000	NaN	3.49581766129	-3.36498410392	0.993737697601	-4.03981216793	0.993081092834	2.47234392166	0.273138523102	0.164195537567	4.47735886803	97.3525194054	0.0960715332031	1015.24156092	0.0142478942871	0.000672674179077	0.00121281147003	200000.000000	16.0000000000	0.00000000000	166.000000000	232.000000000	5.00000000000	0.950000000000	-0.740000000000	22.3000000000	0.00000000000	232.000000000	32.0000000000	15108704.0000	2500.00000000	2000.00000000	206.200000000	6466.00000000	1700.00000000	6000.00000000	13314.0000000	5801.00000000	23.4081460007	23.5137486754	23.1798541774	-0.365118443319	23.6668057909	26.2141808083	24.1922097605	-10.8927789160	23.5243397747	23.2737861163	23.2758785345	23.8878234650	23.9764863670	22.7635844875	-12.4077104270	0.882295696942	0.00000000000	0.100000000000	0.0500000000000	-0.00559825897217	0.00000000000	54.7031250000	0.000390625005821	-0.573242187500	0.00000000000	14.7562503815	15.0312500000	14.7500000000	14.9812498093	14.8312501907	-300.000000000	1675.46043357	NaN	0.00000000000	22.3001403809	24.9999694824	640.000000000	24.5438624518	24.5140298316	25.2091530337	25.5200655427	23.8904897378	26.3743397828	-60.2819306401	-59.2083717365	-0.000531673431396	-0.000859737396240	-0.000531673431396	-0.000531673431396	NaN	NaN	-273.150000000	-273.150000000	NaN	0.00000000000	NaN	NaN	1.00000000000	0.00000000000	5.00000000000	0.00000000000


















3733299716.88	NaN	13.0000000000	111.000000000	0.00000000000	0.00000000000	NaN	3.49286460876	-3.26624355205	0.997018814087	-4.10172724073	0.986190319061	2.47693777084	0.271825790405	0.164851665497	4.47735886803	101.730869522	0.100121019363	1015.50353751	0.0164265632629	0.000677895545959	0.00122070312500	200000.000000	16.0000000000	0.00000000000	166.000000000	232.000000000	5.00000000000	0.950000000000	-0.740000000000	22.3000000000	0.00000000000	232.000000000	32.0000000000	15108704.0000	2500.00000000	2000.00000000	206.200000000	6466.00000000	1700.00000000	6000.00000000	13314.0000000	5801.00000000	23.4081460007	23.5137486754	23.1798541774	-0.365118443319	23.6668057909	26.2141808083	24.1922097605	-10.8927789160	23.5243397747	23.2737861163	23.2758785345	23.8878234650	23.9764863670	22.7635844875	-12.4077104270	0.882295696942	0.00000000000	0.100000000000	0.0500000000000	-0.00450878143311	0.00000000000	54.7031250000	0.000390625005821	-0.573242187500	0.00000000000	14.7562503815	15.0749998093	14.7500000000	14.9812498093	14.8312501907	-300.000000000	0.00000000000	NaN	0.00000000000	22.3002014160	24.9996643066	640.000000000	24.5438624518	24.5140298316	25.2091530337	25.5200655427	23.8904897378	26.3743397828	-60.2819306401	-59.2083717365	-0.000531673431396	-0.000859737396240	-0.000531673431396	-0.000531673431396	NaN	NaN	-273.150000000	-273.150000000	NaN	0.00000000000	NaN	NaN	1.00000000000	0.00000000000	5.00000000000	0.00000000000

















3733299717.08	NaN	7.00000000000	104.000000000	0.00000000000	2.00000000000	NaN	3.48367643356	-3.31178729575	0.996362686157	-4.10948331593	0.982580661774	2.51040840149	0.276748180389	0.163867473602	4.54398713779	101.730869522	0.100121019363	1015.32886530	0.0193929672241	0.000668740272522	0.00120494365692	200000.000000	16.0000000000	0.00000000000	166.000000000	232.000000000	5.00000000000	0.950000000000	-0.740000000000	22.3000000000	0.00000000000	232.000000000	32.0000000000	15108704.0000	2500.00000000	2000.00000000	206.200000000	6466.00000000	1700.00000000	6000.00000000	13314.0000000	5801.00000000	23.4081460007	23.5137486754	23.1798541774	-0.365118443319	23.6668057909	26.2141808083	24.1922097605	-10.8927789160	23.5243397747	23.2737861163	23.2758785345	23.8878234650	23.9764863670	22.7635844875	-12.4077104270	0.882295696942	0.00000000000	0.100000000000	0.0500000000000	-0.00393648147583	0.00000000000	45.2128906250	0.00000000000	-0.573046863079	0.00000000000	14.7562503815	15.0749998093	14.7500000000	14.9812498093	14.8312501907	-300.000000000	2995.37772673	NaN	0.00000000000	22.3002014160	24.9996643066	640.000000000	24.5438624518	24.5975664191	25.2091530337	25.5200655427	23.8904897378	26.3743397828	-60.2819306401	-59.2083717365	-0.000531673431396	-0.000859737396240	-0.000531673431396	-0.000531673431396	NaN	NaN	-273.150000000	-273.150000000	NaN	0.00000000000	NaN	NaN	1.00000000000	0.00000000000	5.00000000000	0.00000000000


















3733299717.28	NaN	16.0000000000	109.000000000	0.00000000000	1.00000000000	NaN	3.49680233002	-3.28900356653	0.994721889496	-4.13272691782	0.987831115723	2.51040840149	0.272810459137	0.164851665497	4.53447078953	101.350215591	0.102551181793	1015.28521311	0.0165710449219	0.000652289390564	0.00118587017059	200000.000000	16.0000000000	0.00000000000	166.000000000	232.000000000	5.00000000000	0.950000000000	-0.740000000000	22.3000000000	0.00000000000	232.000000000	32.0000000000	15108704.0000	2500.00000000	2000.00000000	206.200000000	6466.00000000	1700.00000000	6000.00000000	13314.0000000	5801.00000000	23.4081460007	23.5137486754	23.1798541774	-0.365118443319	23.6668057909	26.2141808083	24.1922097605	-10.8927789160	23.5243397747	23.2737861163	23.2758785345	23.8878234650	23.9764863670	22.7635844875	-12.4077104270	0.882295696942	0.00000000000	0.100000000000	0.0500000000000	-0.00653533935547	0.00000000000	45.2128906250	0.00000000000	-0.573046863079	0.00000000000	14.7500000000	15.0875005722	14.7500000000	14.9812498093	14.8312501907	-300.000000000	1509.11975743	NaN	0.00000000000	22.2999877930	25.0001831055	640.000000000	24.5438624518	24.5975664191	25.2091530337	25.5200655427	23.8904897378	26.3743397828	-60.2819306401	-59.2083717365	-0.000531673431396	-0.000859737396240	-0.000531673431396	-0.000531673431396	NaN	NaN	-273.150000000	-273.150000000	NaN	0.00000000000	NaN	NaN	1.00000000000	0.00000000000	5.00000000000	0.00000000000


















3733299717.48	NaN	7.00000000000	100.000000000	0.00000000000	1.00000000000	NaN	3.50106811523	-3.35738188789	0.992424964905	-4.16375103863	0.983236789703	2.51303339005	0.274779319763	0.164851665497	4.56301983433	104.015346382	0.0993113574982	1015.54718970	0.0162429809570	0.000681185722351	0.00120356082916	200000.000000	16.0000000000	0.00000000000	166.000000000	232.000000000	5.00000000000	0.950000000000	-0.740000000000	22.3000000000	0.00000000000	232.000000000	32.0000000000	15108704.0000	2500.00000000	2000.00000000	206.200000000	6466.00000000	1700.00000000	6000.00000000	13314.0000000	5801.00000000	23.4081460007	23.5137486754	23.1798541774	-0.365118443319	23.6668057909	26.2141808083	24.1922097605	-10.8927789160	23.5243397747	23.2737861163	23.2758785345	23.8878234650	23.9764863670	22.7635844875	-12.4077104270	0.882295696942	0.00000000000	0.100000000000	0.0500000000000	-0.00380654335022	0.00000000000	53.6210937500	0.00000000000	-0.571289062500	0.00000000000	14.7500000000	15.0875005722	14.7500000000	14.9812498093	14.8312501907	-300.000000000	1509.11975743	NaN	0.00000000000	22.2999877930	25.0001831055	640.000000000	24.5438624518	24.5975664191	25.2091530337	25.5200655427	23.8904897378	26.3743397828	-60.2819306401	-59.2083717365	-0.000531673431396	-0.000859737396240	-0.000531673431396	-0.000531673431396	NaN	NaN	-273.150000000	-273.150000000	NaN	0.00000000000	NaN	NaN	1.00000000000	0.00000000000	5.00000000000	0.00000000000


















3733299717.68	NaN	21.0000000000	116.000000000	0.00000000000	1.00000000000	NaN	3.49122381210	-3.20558993899	0.990128040314	-4.21032756663	0.985862255096	2.51172065735	0.275107383728	0.164523601532	4.54398713779	106.680753811	0.100121019363	1015.32886530	0.0158357620239	0.000720548629761	0.00120813846588	200000.000000	16.0000000000	0.00000000000	166.000000000	232.000000000	5.00000000000	0.950000000000	-0.740000000000	22.3000000000	0.00000000000	232.000000000	32.0000000000	15108704.0000	2500.00000000	2000.00000000	206.200000000	6466.00000000	1700.00000000	6000.00000000	13314.0000000	5801.00000000	23.4081460007	23.5137486754	23.1798541774	-0.365118443319	23.6668057909	26.2141808083	24.1922097605	-10.8927789160	23.5243397747	23.2737861163	23.2758785345	23.8878234650	23.9764863670	22.7635844875	-12.4077104270	0.882295696942	0.00000000000	0.100000000000	0.0500000000000	-0.00381312370300	0.00000000000	53.6210937500	0.00000000000	-0.571289062500	0.00000000000	14.7562503815	15.0000000000	14.7562503815	14.9812498093	14.8312501907	-300.000000000	1372.82491023	NaN	0.00000000000	22.2999877930	25.0001831055	640.000000000	24.5438624518	24.5975664191	25.2091530337	25.5200655427	23.8904897378	26.3743397828	-60.2819306401	-59.2083717365	-0.000531673431396	-0.000859737396240	-0.000531673431396	-0.000531673431396	NaN	NaN	-273.150000000	-273.150000000	NaN	0.00000000000	NaN	NaN	1.00000000000	0.00000000000	5.00000000000	0.00000000000


















3733299717.88	NaN	18.0000000000	114.000000000	0.00000000000	0.00000000000	NaN	3.49483346939	-3.24348517051	0.989471912384	-4.18702675369	0.984877586365	2.51139259338	0.276748180389	0.165179729462	4.60109905930	104.586603916	0.0976920337677	1015.54718970	0.0176472663879	0.000688982009888	0.00120818614960	200000.000000	16.0000000000	0.00000000000	166.000000000	232.000000000	5.00000000000	0.950000000000	-0.740000000000	22.3000000000	0.00000000000	232.000000000	32.0000000000	15108704.0000	2500.00000000	2000.00000000	206.200000000	6466.00000000	1700.00000000	6000.00000000	13314.0000000	5801.00000000	23.4081460007	23.5137486754	23.1798541774	-0.365118443319	23.6668057909	26.2141808083	24.1922097605	-10.8927789160	23.5243397747	23.2737861163	23.2758785345	23.8878234650	23.9764863670	22.7635844875	-12.4077104270	0.882295696942	0.00000000000	0.100000000000	0.0500000000000	-0.00196099281311	0.00000000000	47.9042968750	0.00000000000	-0.570312500000	0.00000000000	14.7562503815	15.0000000000	14.7562503815	14.9812498093	14.8312501907	-300.000000000	0.00000000000	NaN	0.00000000000	22.3003845215	25.0004577637	640.000000000	24.5438624518	24.5975664191	25.2091530337	25.5200655427	23.8904897378	26.3743397828	-60.2819306401	-59.2083717365	-0.000531673431396	-0.000859737396240	-0.000531673431396	-0.000531673431396	NaN	NaN	-273.150000000	-273.150000000	NaN	0.00000000000	NaN	NaN	1.00000000000	0.00000000000	5.00000000000	0.00000000000


















3733299718.08	NaN	15.0000000000	125.000000000	0.00000000000	2.00000000000	NaN	3.47744178772	-3.18287618955	0.993081092834	-4.12497752541	0.981924533844	2.52911233902	0.274122714996	0.162882804871	4.54398713779	101.540542557	0.104980167389	1015.19784528	0.0100998878479	0.000721240043640	0.00122132301331	200000.000000	16.0000000000	0.00000000000	166.000000000	232.000000000	5.00000000000	0.950000000000	-0.740000000000	22.3000000000	0.00000000000	232.000000000	32.0000000000	15108704.0000	2500.00000000	2000.00000000	206.200000000	6466.00000000	1700.00000000	6000.00000000	13314.0000000	5801.00000000	23.4081460007	23.5137486754	23.1798541774	-0.365118443319	23.6668057909	26.2141808083	24.1922097605	-10.8927789160	23.5243397747	23.2737861163	23.2758785345	23.8878234650	23.9764863670	22.7635844875	-12.4077104270	0.882295696942	0.00000000000	0.100000000000	0.0500000000000	-0.00426855087280	0.00000000000	47.9042968750	0.00000000000	-0.570312500000	0.00000000000	14.7500000000	15.1250000000	14.7500000000	14.9812498093	14.8312501907	-300.000000000	2912.96915606	NaN	0.00000000000	22.3003845215	25.0004577637	640.000000000	24.5438624518	24.5975664191	25.2032947169	25.5200655427	23.8904897378	26.3743397828	-60.2819306401	-59.2083717365	-0.000531673431396	-0.000859737396240	-0.000531673431396	-0.000531673431396	NaN	NaN	-273.150000000	-273.150000000	NaN	0.00000000000	NaN	NaN	1.00000000000	0.00000000000	5.00000000000	0.00000000000


















3733299718.28	NaN	12.0000000000	124.000000000	0.00000000000	2.00000000000	NaN	3.48630142212	-3.35738188789	0.985534191132	-4.17926664898	0.982252597809	2.52714347839	0.274779319763	0.165507793427	4.62013175583	103.254038521	0.100121019363	1015.59084189	0.00339269638062	0.000711941719055	0.00122394561768	200000.000000	16.0000000000	0.00000000000	166.000000000	232.000000000	5.00000000000	0.950000000000	-0.740000000000	22.3000000000	0.00000000000	232.000000000	32.0000000000	15108704.0000	2500.00000000	2000.00000000	206.200000000	6466.00000000	1700.00000000	6000.00000000	13314.0000000	5801.00000000	23.4081460007	23.5137486754	23.1798541774	-0.365118443319	23.6668057909	26.2141808083	24.1922097605	-10.8927789160	23.5243397747	23.2737861163	23.2758785345	23.8878234650	23.9764863670	22.7635844875	-12.4077104270	0.882295696942	0.00000000000	0.100000000000	0.0500000000000	-0.00905551910400	0.00000000000	49.7343750000	0.00000000000	-0.574023425579	0.00000000000	14.7500000000	15.1250000000	14.7500000000	14.9812498093	14.8312501907	-300.000000000	2723.57824169	NaN	0.00000000000	22.2996520996	25.0003967285	640.000000000	24.5438624518	24.5975664191	25.2032947169	25.5200655427	23.8904897378	26.3743397828	-60.2819306401	-59.2083717365	-0.000531673431396	-0.000859737396240	-0.000531673431396	-0.000531673431396	NaN	NaN	-273.150000000	-273.150000000	NaN	0.00000000000	NaN	NaN	1.00000000000	0.00000000000	5.00000000000	0.00000000000

















3733299718.48	NaN	10.0000000000	121.000000000	0.00000000000	0.00000000000	NaN	3.48433256149	-3.15259971543	0.992096900940	-4.10172724073	0.976346015930	2.53337812424	0.275763511658	0.164523601532	4.57255001450	100.969561661	0.100930681229	1015.28521311	0.00246095657349	0.000676631927490	0.00121471881866	200000.000000	16.0000000000	0.00000000000	166.000000000	232.000000000	5.00000000000	0.950000000000	-0.740000000000	22.3000000000	0.00000000000	232.000000000	32.0000000000	15108704.0000	2500.00000000	2000.00000000	206.200000000	6466.00000000	1700.00000000	6000.00000000	13314.0000000	5801.00000000	23.4081460007	23.5137486754	23.1798541774	-0.365118443319	23.6668057909	26.2141808083	24.1922097605	-10.8927789160	23.5243397747	23.2737861163	23.2758785345	23.8878234650	23.9764863670	22.7635844875	-12.4077104270	0.882295696942	0.00000000000	0.100000000000	0.0500000000000	-0.00821681022644	0.00000000000	49.7343750000	0.00000000000	-0.574023425579	0.00000000000	14.7500000000	15.0124998093	14.7500000000	14.9812498093	14.8312501907	-300.000000000	0.00000000000	NaN	0.00000000000	22.2996520996	25.0003967285	640.000000000	24.5438624518	24.5975664191	25.2032947169	25.5200655427	23.8904897378	26.3743397828	-60.2819306401	-59.2083717365	-0.000531673431396	-0.000859737396240	-0.000531673431396	-0.000531673431396	NaN	NaN	-273.150000000	-273.150000000	NaN	0.00000000000	NaN	NaN	1.00000000000	0.00000000000	5.00000000000	0.00000000000


















3733299718.68	NaN	8.00000000000	121.000000000	0.00000000000	1.00000000000	NaN	3.48761415482	-3.09212447352	0.989471912384	-4.16375103863	0.987174510956	2.53173732758	0.276091575623	0.164851665497	4.77243482380	108.013319206	0.100930681229	1015.41616968	0.0105595588684	0.000694274902344	0.00119903087616	200000.000000	16.0000000000	0.00000000000	166.000000000	232.000000000	5.00000000000	0.950000000000	-0.740000000000	22.3000000000	0.00000000000	232.000000000	32.0000000000	15108704.0000	2500.00000000	2000.00000000	206.200000000	6466.00000000	1700.00000000	6000.00000000	13314.0000000	5801.00000000	23.4081460007	23.5137486754	23.1798541774	-0.365118443319	23.6668057909	26.2141808083	24.1922097605	-10.8927789160	23.5243397747	23.2737861163	23.2758785345	23.8878234650	23.9764863670	22.7635844875	-12.4077104270	0.882295696942	0.00000000000	0.100000000000	0.0500000000000	-0.00140452384949	0.00000000000	53.4765625000	0.00000000000	-0.569335937500	0.00000000000	14.7500000000	15.0124998093	14.7500000000	14.9812498093	14.8312501907	-300.000000000	1424.08449615	NaN	0.00000000000	22.2996520996	25.0003967285	640.000000000	24.5438624518	24.5975664191	25.2032947169	25.5200655427	23.8904897378	26.3743397828	-60.2819306401	-59.2083717365	-0.000531673431396	-0.000859737396240	-0.000531673431396	-0.000531673431396	NaN	NaN	-273.150000000	-273.150000000	NaN	0.00000000000	NaN	NaN	1.00000000000	0.00000000000	5.00000000000	0.00000000000

















3733299718.88	NaN	14.0000000000	123.000000000	0.00000000000	1.00000000000	NaN	3.49319267273	-3.33457270069	0.984549522400	-4.07850191768	0.983893394470	2.52878427505	0.274779319763	0.164523601532	4.62964810410	102.873107952	0.0952618713379	1015.41616968	0.00588655471802	0.000691032409668	0.00120947360992	200000.000000	16.0000000000	0.00000000000	166.000000000	232.000000000	5.00000000000	0.950000000000	-0.740000000000	22.3000000000	0.00000000000	232.000000000	32.0000000000	15108704.0000	2500.00000000	2000.00000000	206.200000000	6466.00000000	1700.00000000	6000.00000000	13314.0000000	5801.00000000	23.4081460007	23.5137486754	23.1798541774	-0.365118443319	23.6668057909	26.2141808083	24.1922097605	-10.8927789160	23.5243397747	23.2737861163	23.2758785345	23.8878234650	23.9764863670	22.7635844875	-12.4077104270	0.882295696942	0.00000000000	0.100000000000	0.0500000000000	-0.000887393951416	0.00000000000	53.4765625000	0.00000000000	-0.569335937500	0.00000000000	14.7562503815	15.0437498093	14.7500000000	14.9812498093	14.8312501907	-300.000000000	1372.82491023	NaN	0.00000000000	22.3002014160	25.0000305176	640.000000000	24.5438624518	24.5975664191	25.2032947169	25.5200655427	23.8904897378	26.3743397828	-60.2819306401	-59.2083717365	-0.000531673431396	-0.000859737396240	-0.000531673431396	-0.000531673431396	NaN	NaN	-273.150000000	-273.150000000	NaN	0.00000000000	NaN	NaN	1.00000000000	0.00000000000	5.00000000000	0.00000000000


















3733299719.08	NaN	8.00000000000	128.000000000	1.00000000000	2.00000000000	NaN	3.49319267273	-3.12235649115	0.984877586365	-4.10948331593	0.978642940521	2.44740486145	0.275107383728	0.165836334229	4.65821098080	103.444365486	0.0993113574982	1015.28521311	0.00285482406616	0.000702190399170	0.00122721195221	200000.000000	16.0000000000	0.00000000000	166.000000000	232.000000000	5.00000000000	0.950000000000	-0.740000000000	22.3000000000	0.00000000000	232.000000000	32.0000000000	15108704.0000	2500.00000000	2000.00000000	206.200000000	6466.00000000	1700.00000000	6000.00000000	13314.0000000	5801.00000000	23.4081460007	23.5137486754	23.1798541774	-0.365118443319	23.6668057909	26.2141808083	24.1922097605	-10.8927789160	23.5243397747	23.2737861163	23.2758785345	23.8878234650	23.9764863670	22.7635844875	-12.4077104270	0.882295696942	0.00000000000	0.100000000000	0.0500000000000	-0.00347704887390	0.00000000000	54.2578125000	0.00000000000	-0.574414074421	0.00000000000	14.7562503815	15.0437498093	14.7500000000	14.9812498093	14.8312501907	-300.000000000	2834.24702390	NaN	0.00000000000	22.3002014160	25.0000305176	640.000000000	24.5438624518	24.5975664191	25.2032947169	25.5141943484	23.8904897378	26.3743397828	-60.2819306401	-59.2083717365	-0.000531673431396	-0.000859737396240	-0.000531673431396	-0.000531673431396	NaN	NaN	-273.150000000	-273.150000000	NaN	0.00000000000	NaN	NaN	1.00000000000	0.00000000000	5.00000000000	0.00000000000


















3733299719.28	NaN	16.0000000000	130.000000000	0.00000000000	3.00000000000	NaN	3.49352073669	-3.20558993899	0.981924533844	-4.11722965848	0.982580661774	2.44740486145	0.274122714996	0.163867473602	4.66772732906	102.873107952	0.0993113574982	1015.45982187	0.00744867324829	0.000683069229126	0.00119504928589	200000.000000	16.0000000000	0.00000000000	166.000000000	232.000000000	5.00000000000	0.950000000000	-0.740000000000	22.3000000000	0.00000000000	232.000000000	32.0000000000	15108704.0000	2500.00000000	2000.00000000	206.200000000	6466.00000000	1700.00000000	6000.00000000	13314.0000000	5801.00000000	23.4081460007	23.5137486754	23.1798541774	-0.365118443319	23.6668057909	26.2141808083	24.1922097605	-10.8927789160	23.5243397747	23.2737861163	23.2758785345	23.8878234650	23.9764863670	22.7635844875	-12.4077104270	0.882295696942	0.00000000000	0.100000000000	0.0500000000000	-0.00261216163635	0.00000000000	54.2578125000	0.00000000000	-0.574414074421	0.00000000000	14.7500000000	15.0312500000	14.7500000000	14.9812498093	14.8312501907	-300.000000000	4621.20338765	NaN	0.00000000000	22.3000183105	25.0003051758	640.000000000	24.5438624518	24.5975664191	25.2032947169	25.5141943484	23.8904897378	26.3743397828	-60.2819306401	-59.2083717365	-0.000531673431396	-0.000859737396240	-0.000531673431396	-0.000531673431396	NaN	NaN	-273.150000000	-273.150000000	NaN	0.00000000000	NaN	NaN	1.00000000000	0.00000000000	5.00000000000	0.00000000000


















3733299719.48	NaN	9.00000000000	103.000000000	0.00000000000	1.00000000000	NaN	3.47251939774	-3.19801729297	0.979627609253	-4.12497752541	0.980611801147	2.44510793686	0.275763511658	0.165507793427	4.71532290230	104.015346382	0.0993113574982	1015.32886530	0.00320911407471	0.000700211524963	0.00120425224304	200000.000000	16.0000000000	0.00000000000	166.000000000	232.000000000	5.00000000000	0.950000000000	-0.740000000000	22.3000000000	0.00000000000	232.000000000	32.0000000000	15108704.0000	2500.00000000	2000.00000000	206.200000000	6466.00000000	1700.00000000	6000.00000000	13314.0000000	5801.00000000	23.4081460007	23.5137486754	23.1798541774	-0.365118443319	23.6668057909	26.2141808083	24.1922097605	-10.8927789160	23.5243397747	23.2737861163	23.2758785345	23.8878234650	23.9764863670	22.7635844875	-12.4077104270	0.882295696942	0.00000000000	0.100000000000	0.0500000000000	-0.000732469558716	0.00000000000	46.2812500000	0.00000000000	-0.569921910763	0.00000000000	14.7500000000	15.0312500000	14.7500000000	14.9812498093	14.8312501907	-300.000000000	1540.14424584	NaN	0.00000000000	22.3000183105	25.0003051758	640.000000000	24.5438624518	24.5975664191	25.2032947169	25.5141943484	23.8904897378	26.3743397828	-60.2819306401	-59.2083717365	-0.000531673431396	-0.000859737396240	-0.000531673431396	-0.000531673431396	NaN	NaN	-273.150000000	-273.150000000	NaN	0.00000000000	NaN	NaN	1.00000000000	0.00000000000	5.00000000000	0.00000000000


















3733299719.68	NaN	10.0000000000	115.000000000	0.00000000000	0.00000000000	NaN	3.49745845795	-3.27382881653	0.975033283234	-4.10948331593	0.979955673218	2.44346761703	0.274451255798	0.164523601532	4.72483925056	101.921196487	0.100930681229	1015.19784528	-0.000426769256592	0.000717234611511	0.00118587017059	200000.000000	16.0000000000	0.00000000000	166.000000000	232.000000000	5.00000000000	0.950000000000	-0.740000000000	22.3000000000	0.00000000000	232.000000000	32.0000000000	15108704.0000	2500.00000000	2000.00000000	206.200000000	6466.00000000	1700.00000000	6000.00000000	13314.0000000	5801.00000000	23.4081460007	23.5137486754	23.1798541774	-0.365118443319	23.6668057909	26.2141808083	24.1922097605	-10.8927789160	23.5243397747	23.2737861163	23.2758785345	23.8878234650	23.9764863670	22.7635844875	-12.4077104270	0.882295696942	0.00000000000	0.100000000000	0.0500000000000	0.00128364562988	0.00000000000	46.2812500000	0.00000000000	-0.569921910763	0.00000000000	14.7562503815	15.1187505722	14.7500000000	14.9875001907	14.8312501907	-300.000000000	0.00000000000	NaN	0.00000000000	22.3000183105	25.0003051758	640.000000000	24.5438624518	24.5975664191	25.2032947169	25.5141943484	23.8904897378	26.3743397828	-60.2819306401	-59.2083717365	-0.000531673431396	-0.000859737396240	-0.000531673431396	-0.000531673431396	NaN	NaN	-273.150000000	-273.150000000	NaN	0.00000000000	NaN	NaN	1.00000000000	0.00000000000	5.00000000000	0.00000000000


















3733299719.88	NaN	9.00000000000	112.000000000	0.00000000000	0.00000000000	NaN	3.48269224167	-3.31938101759	0.967814445496	-4.24140181337	0.980611801147	2.43952989578	0.272810459137	0.164851665497	4.72483925056	102.682780987	0.0960715332031	1015.15419309	-0.00936508178711	0.000732350349426	0.00123579502106	200000.000000	16.0000000000	0.00000000000	166.000000000	232.000000000	5.00000000000	0.950000000000	-0.740000000000	22.3000000000	0.00000000000	232.000000000	32.0000000000	15108704.0000	2500.00000000	2000.00000000	206.200000000	6466.00000000	1700.00000000	6000.00000000	13314.0000000	5801.00000000	23.4081460007	23.5137486754	23.1798541774	-0.365118443319	23.6668057909	26.2141808083	24.1922097605	-10.8927789160	23.5243397747	23.2737861163	23.2758785345	23.8878234650	23.9764863670	22.7635844875	-12.4077104270	0.882295696942	0.00000000000	0.100000000000	0.0500000000000	-0.00866298675537	0.00000000000	51.2910156250	0.00000000000	-0.573828160763	0.00000000000	14.7562503815	15.1187505722	14.7500000000	14.9875001907	14.8312501907	-300.000000000	0.00000000000	NaN	0.00000000000	22.3004150391	25.0000000000	640.000000000	24.5438624518	24.5975664191	25.2032947169	25.5141943484	23.8904897378	26.3743397828	-60.2819306401	-59.2083717365	-0.000531673431396	-0.000859737396240	-0.000531673431396	-0.000531673431396	NaN	NaN	-273.150000000	-273.150000000	NaN	0.00000000000	NaN	NaN	1.00000000000	0.00000000000	5.00000000000	0.00000000000

















3733299720.08	NaN	8.00000000000	121.000000000	0.00000000000	1.00000000000	NaN	3.49450492859	-3.18287618955	0.973721027374	-4.20256285267	0.974049091339	2.57898998260	0.277404308319	0.164851665497	4.74387194710	101.921196487	0.104170505524	1015.37251749	-0.000492095947266	0.000721240043640	0.00124559402466	200000.000000	16.0000000000	0.00000000000	166.000000000	232.000000000	5.00000000000	0.950000000000	-0.740000000000	22.3000000000	0.00000000000	232.000000000	32.0000000000	15108704.0000	2500.00000000	2000.00000000	206.200000000	6466.00000000	1700.00000000	6000.00000000	13314.0000000	5801.00000000	23.4081460007	23.5137486754	23.1798541774	-0.365118443319	23.6668057909	26.2141808083	24.1922097605	-10.8927789160	23.5243397747	23.2737861163	23.2758785345	23.8878234650	23.9764863670	22.7635844875	-12.4077104270	0.882295696942	0.00000000000	0.100000000000	0.0500000000000	-0.000175952911377	0.00000000000	51.2910156250	0.00000000000	-0.573828160763	0.00000000000	14.7562503815	15.0062503815	14.7500000000	14.9812498093	14.8312501907	-300.000000000	1451.67921303	NaN	0.00000000000	22.3004150391	25.0000000000	640.000000000	24.5438624518	24.5975664191	25.2032947169	25.5141943484	23.9253631651	26.3743397828	-60.2819306401	-59.2083717365	-0.000531673431396	-0.000859737396240	-0.000531673431396	-0.000531673431396	NaN	NaN	-273.150000000	-273.150000000	NaN	0.00000000000	NaN	NaN	1.00000000000	0.00000000000	5.00000000000	0.00000000000

















3733299720.28	NaN	10.0000000000	123.000000000	0.00000000000	3.00000000000	NaN	3.48925495148	-3.30419498567	0.969455242157	-4.17926664898	0.985862255096	2.57472419739	0.274451255798	0.165179729462	4.80098386860	103.444365486	0.100930681229	1015.28521311	-0.00880098342896	0.000703454017639	0.00121934413910	200000.000000	16.0000000000	0.00000000000	166.000000000	232.000000000	5.00000000000	0.950000000000	-0.740000000000	22.3000000000	0.00000000000	232.000000000	32.0000000000	15108704.0000	2500.00000000	2000.00000000	206.200000000	6466.00000000	1700.00000000	6000.00000000	13314.0000000	5801.00000000	23.4081460007	23.5137486754	23.1798541774	-0.365118443319	23.6668057909	26.2141808083	24.1922097605	-10.8927789160	23.5243397747	23.2737861163	23.2758785345	23.8878234650	23.9764863670	22.7635844875	-12.4077104270	0.882295696942	0.00000000000	0.100000000000	0.0500000000000	-0.00185608863831	0.00000000000	46.3867187500	-0.000390625005821	-0.572851598263	0.00000000000	14.7562503815	15.0062503815	14.7500000000	14.9812498093	14.8312501907	-300.000000000	4145.89748537	NaN	0.00000000000	22.2996520996	25.0000610352	640.000000000	24.5438624518	24.5975664191	25.2032947169	25.5141943484	23.9253631651	26.3743397828	-60.2819306401	-59.2083717365	-0.000531673431396	-0.000859737396240	-0.000531673431396	-0.000531673431396	NaN	NaN	-273.150000000	-273.150000000	NaN	0.00000000000	NaN	NaN	1.00000000000	0.00000000000	5.00000000000	0.00000000000


















3733299720.48	NaN	14.0000000000	117.000000000	0.00000000000	2.00000000000	NaN	3.48630142212	-3.09212447352	0.966173648834	-4.22586160955	0.974049091339	2.57734918594	0.275435447693	0.162554740906	4.73435559883	104.776930882	0.0952618713379	1015.54718970	-0.0211520195007	0.000695586204529	0.00119175910950	200000.000000	16.0000000000	0.00000000000	166.000000000	232.000000000	5.00000000000	0.950000000000	-0.740000000000	22.3000000000	0.00000000000	232.000000000	32.0000000000	15108704.0000	2500.00000000	2000.00000000	206.200000000	6466.00000000	1700.00000000	6000.00000000	13314.0000000	5801.00000000	23.4081460007	23.5137486754	23.1798541774	-0.365118443319	23.6668057909	26.2141808083	24.1922097605	-10.8927789160	23.5243397747	23.2737861163	23.2758785345	23.8878234650	23.9764863670	22.7635844875	-12.4077104270	0.882295696942	0.00000000000	0.100000000000	0.0500000000000	-0.0109442234039	0.00000000000	46.3867187500	-0.000390625005821	-0.572851598263	0.00000000000	14.7562503815	15.1125001907	14.7500000000	14.9812498093	14.8312501907	-300.000000000	3178.95398242	NaN	0.00000000000	22.2996520996	25.0000610352	640.000000000	24.5438624518	24.5975664191	25.2032947169	25.5141943484	23.9253631651	26.3743397828	-60.2819306401	-59.2083717365	-0.000531673431396	-0.000859737396240	-0.000531673431396	-0.000531673431396	NaN	NaN	-273.150000000	-273.150000000	NaN	0.00000000000	NaN	NaN	1.00000000000	0.00000000000	5.00000000000	0.00000000000

















3733299720.68	NaN	12.0000000000	120.000000000	1.00000000000	0.00000000000	NaN	3.49384880066	-3.21317499237	0.965517520905	-4.13272691782	0.991768836975	2.57439613342	0.278060436249	0.166492462158	4.48687521629	96.4006079407	0.105789829254	1015.28521311	-0.0143136978149	0.000703501701355	0.00123572349548	200000.000000	16.0000000000	0.00000000000	166.000000000	232.000000000	5.00000000000	0.950000000000	-0.740000000000	22.3000000000	0.00000000000	232.000000000	32.0000000000	15108704.0000	2500.00000000	2000.00000000	206.200000000	6466.00000000	1700.00000000	6000.00000000	13314.0000000	5801.00000000	23.4081460007	23.5137486754	23.1798541774	-0.365118443319	23.6668057909	26.2141808083	24.1922097605	-10.8927789160	23.5243397747	23.2737861163	23.2758785345	23.8878234650	23.9764863670	22.7635844875	-12.4077104270	0.882295696942	0.00000000000	0.100000000000	0.0500000000000	-0.00672311782837	0.00000000000	47.1972656250	0.00000000000	-0.571484386921	0.00000000000	14.7562503815	15.1125001907	14.7500000000	14.9812498093	14.8312501907	-300.000000000	0.00000000000	NaN	0.00000000000	22.2996520996	25.0000610352	640.000000000	24.5438624518	24.5975664191	25.2032947169	25.5141943484	23.9253631651	26.3743397828	-60.2819306401	-59.2083717365	-0.000531673431396	-0.000859737396240	-0.000531673431396	-0.000531673431396	NaN	NaN	-273.150000000	-273.150000000	NaN	0.00000000000	NaN	NaN	1.00000000000	0.00000000000	5.00000000000	0.00000000000

















3733299720.88	NaN	9.00000000000	109.000000000	0.00000000000	2.00000000000	NaN	3.48433256149	-3.34217066398	0.964860916138	-4.14823028365	0.979955673218	2.57472419739	0.275435447693	0.163538932800	4.81051404877	102.302127056	0.0985016956329	1015.32886530	-0.0194458961487	0.000709438323975	0.00122528076172	200000.000000	16.0000000000	0.00000000000	166.000000000	232.000000000	5.00000000000	0.950000000000	-0.740000000000	22.3000000000	0.00000000000	232.000000000	32.0000000000	15108704.0000	2500.00000000	2000.00000000	206.200000000	6466.00000000	1700.00000000	6000.00000000	13314.0000000	5801.00000000	23.4081460007	23.5137486754	23.1798541774	-0.365118443319	23.6668057909	26.2141808083	24.1922097605	-10.8927789160	23.5243397747	23.2737861163	23.2758785345	23.8878234650	23.9764863670	22.7635844875	-12.4077104270	0.882295696942	0.00000000000	0.100000000000	0.0500000000000	-0.00499701499939	0.00000000000	47.1972656250	0.00000000000	-0.571484386921	0.00000000000	14.7562503815	15.0562505722	14.7500000000	14.9812498093	14.8312501907	-300.000000000	2519.66197727	NaN	0.00000000000	22.3002624512	24.9999694824	640.000000000	24.5438624518	24.5975664191	25.2032947169	25.5141943484	23.9253631651	26.3743397828	-60.2819306401	-59.2083717365	-0.000531673431396	-0.000859737396240	-0.000531673431396	-0.000531673431396	NaN	NaN	-273.150000000	-273.150000000	NaN	0.00000000000	NaN	NaN	1.00000000000	0.00000000000	5.00000000000	0.00000000000

















3733299721.08	NaN	16.0000000000	126.000000000	0.00000000000	1.00000000000	NaN	3.48531723022	-3.08457267427	0.970767498016	-4.01662323461	0.985534191132	0.0270323753357	0.105129718781	0.138600349426	3.97286792278	92.9738926506	0.104170505524	1015.15419309	-0.0305633544922	0.000696277618408	0.00121409893036	200000.000000	16.0000000000	0.00000000000	166.000000000	232.000000000	5.00000000000	0.950000000000	-0.740000000000	22.3000000000	0.00000000000	232.000000000	32.0000000000	15108704.0000	2500.00000000	2000.00000000	206.200000000	6466.00000000	1700.00000000	6000.00000000	13314.0000000	5801.00000000	23.4081460007	23.5137486754	23.1798541774	-0.365118443319	23.6668057909	26.2141808083	24.1922097605	-10.8927789160	23.5243397747	23.2737861163	23.2758785345	23.8878234650	23.9764863670	22.7635844875	-12.4077104270	0.882295696942	0.00000000000	0.100000000000	0.0500000000000	-0.0240843772888	0.00000000000	54.6972656250	0.00000000000	-0.571484386921	0.00000000000	14.7562503815	15.0562505722	14.7500000000	14.9812498093	14.8312501907	-300.000000000	1348.98807899	NaN	0.00000000000	22.3002624512	24.9999694824	640.000000000	24.5438624518	24.5975664191	25.2032947169	25.5141943484	23.9253631651	26.3388779546	-60.2819306401	-59.2083717365	-0.000531673431396	-0.000859737396240	-0.000531673431396	-0.000531673431396	NaN	NaN	-273.150000000	-273.150000000	NaN	0.00000000000	NaN	NaN	1.00000000000	0.00000000000	5.00000000000	0.00000000000


















3733299721.28	NaN	17.0000000000	114.000000000	0.00000000000	0.00000000000	NaN	3.49483346939	-3.12991521496	0.964532852173	-4.12497752541	0.981267929077	0.0273604393005	0.105458259583	0.138600349426	4.08709176579	86.6914429665	0.103360843658	1015.41616968	-0.0153899192810	0.000695610046387	0.00121343135834	200000.000000	16.0000000000	0.00000000000	166.000000000	232.000000000	5.00000000000	0.950000000000	-0.740000000000	22.3000000000	0.00000000000	232.000000000	32.0000000000	15108704.0000	2500.00000000	2000.00000000	206.200000000	6466.00000000	1700.00000000	6000.00000000	13314.0000000	5801.00000000	23.4081460007	23.5137486754	23.1798541774	-0.365118443319	23.6668057909	26.2141808083	24.1922097605	-10.8927789160	23.5243397747	23.2737861163	23.2758785345	23.8878234650	23.9764863670	22.7635844875	-12.4077104270	0.882295696942	0.00000000000	0.100000000000	0.0500000000000	-0.00795817375183	0.00000000000	54.6972656250	0.00000000000	-0.571484386921	0.00000000000	14.7562503815	15.0312500000	14.7500000000	14.9812498093	14.8312501907	-300.000000000	0.00000000000	NaN	0.00000000000	22.2997741699	25.0002441406	640.000000000	24.5438624518	24.5975664191	25.2032947169	25.5141943484	23.9253631651	26.3388779546	-60.2819306401	-59.2083717365	-0.000531673431396	-0.000859737396240	-0.000531673431396	-0.000531673431396	NaN	NaN	-273.150000000	-273.150000000	NaN	0.00000000000	NaN	NaN	1.00000000000	0.00000000000	5.00000000000	0.00000000000

















3733299721.48	NaN	9.00000000000	117.000000000	0.00000000000	0.00000000000	NaN	3.50303697586	-3.26624355205	0.958626270294	-4.24140181337	0.972080230713	0.0267038345337	0.104801654816	0.139256477356	4.12517099075	88.7855928612	0.103360843658	1015.37251749	-0.0212306976318	0.000678491592407	0.00120036602020	200000.000000	16.0000000000	0.00000000000	166.000000000	232.000000000	5.00000000000	0.950000000000	-0.740000000000	22.3000000000	0.00000000000	232.000000000	32.0000000000	15108704.0000	2500.00000000	2000.00000000	206.200000000	6466.00000000	1700.00000000	6000.00000000	13314.0000000	5801.00000000	23.4081460007	23.5137486754	23.1798541774	-0.365118443319	23.6668057909	26.2141808083	24.1922097605	-10.8927789160	23.5243397747	23.2737861163	23.2758785345	23.8878234650	23.9764863670	22.7635844875	-12.4077104270	0.882295696942	0.00000000000	0.100000000000	0.0500000000000	-0.00836243629456	0.00000000000	45.1054687500	0.00000000000	-0.570898473263	0.00000000000	14.7562503815	15.0312500000	14.7500000000	14.9812498093	14.8312501907	-300.000000000	0.00000000000	NaN	0.00000000000	22.2997741699	25.0002441406	640.000000000	24.5438624518	24.5975664191	25.2032947169	25.5141943484	23.9253631651	26.3388779546	-60.2819306401	-59.2083717365	-0.000531673431396	-0.000859737396240	-0.000531673431396	-0.000531673431396	NaN	NaN	-273.150000000	-273.150000000	NaN	0.00000000000	NaN	NaN	1.00000000000	0.00000000000	5.00000000000	0.00000000000


















3733299721.68	NaN	8.00000000000	102.000000000	0.00000000000	0.00000000000	NaN	3.47809791565	-3.14503682610	0.963876724243	-4.09398394576	0.987831115723	0.0234227180481	0.100207805634	0.137944221497	4.06805906925	87.0723735352	0.104170505524	1015.37251749	-0.0246434211731	0.000708770751953	0.00119445323944	200000.000000	16.0000000000	0.00000000000	166.000000000	232.000000000	5.00000000000	0.950000000000	-0.740000000000	22.3000000000	0.00000000000	232.000000000	32.0000000000	15108704.0000	2500.00000000	2000.00000000	206.200000000	6466.00000000	1700.00000000	6000.00000000	13314.0000000	5801.00000000	23.4081460007	23.5137486754	23.1798541774	-0.365118443319	23.6668057909	26.2141808083	24.1922097605	-10.8927789160	23.5243397747	23.2737861163	23.2758785345	23.8878234650	23.9764863670	22.7635844875	-12.4077104270	0.882295696942	0.00000000000	0.100000000000	0.0500000000000	-0.00769300460815	0.00000000000	45.1054687500	0.00000000000	-0.570898473263	0.00000000000	14.7500000000	15.0625000000	14.7500000000	14.9812498093	14.8312501907	-300.000000000	0.00000000000	NaN	0.00000000000	22.2997741699	25.0002441406	640.000000000	24.5438624518	24.5975664191	25.2032947169	25.5141943484	23.9253631651	26.3388779546	-60.2819306401	-59.2083717365	-0.000531673431396	-0.000859737396240	-0.000531673431396	-0.000531673431396	NaN	NaN	-273.150000000	-273.150000000	NaN	0.00000000000	NaN	NaN	1.00000000000	0.00000000000	5.00000000000	0.00000000000

















3733299721.88	NaN	10.0000000000	119.000000000	0.00000000000	0.00000000000	NaN	3.49450492859	-3.21317499237	0.958626270294	-4.15599553074	0.982580661774	0.0237507820129	0.101191997528	0.137944221497	4.14420368729	86.3107890358	0.104170505524	1015.37251749	-0.0288043022156	0.000701475143433	0.00121212005615	200000.000000	16.0000000000	0.00000000000	166.000000000	232.000000000	5.00000000000	0.950000000000	-0.740000000000	22.3000000000	0.00000000000	232.000000000	32.0000000000	15108704.0000	2500.00000000	2000.00000000	206.200000000	6466.00000000	1700.00000000	6000.00000000	13314.0000000	5801.00000000	23.4081460007	23.5137486754	23.1798541774	-0.365118443319	23.6668057909	26.2141808083	24.1922097605	-10.8927789160	23.5243397747	23.2737861163	23.2758785345	23.8878234650	23.9764863670	22.7635844875	-12.4077104270	0.882295696942	0.00000000000	0.100000000000	0.0500000000000	-0.00672564506531	0.00000000000	52.5058593750	0.00000000000	-0.573828160763	0.00000000000	14.7500000000	15.0625000000	14.7500000000	14.9812498093	14.8312501907	-300.000000000	0.00000000000	NaN	0.00000000000	22.3002624512	25.0004882813	640.000000000	24.5438624518	24.5975664191	25.2032947169	25.5141943484	23.9253631651	26.3388779546	-60.2819306401	-59.2083717365	-0.000531673431396	-0.000859737396240	-0.000531673431396	-0.000531673431396	NaN	NaN	-273.150000000	-273.150000000	NaN	0.00000000000	NaN	NaN	1.00000000000	0.00000000000	5.00000000000	0.00000000000


















3733299722.08	NaN	19.0000000000	124.000000000	0.00000000000	0.00000000000	NaN	3.48367643356	-3.33457270069	0.956657409668	-4.12497752541	0.979299068451	0.0214538574219	0.0998797416687	0.138272285461	4.18228291225	87.4530274658	0.101740343094	1015.37251749	-0.0285420417786	0.000681781768799	0.00120489597321	200000.000000	16.0000000000	0.00000000000	166.000000000	232.000000000	5.00000000000	0.950000000000	-0.740000000000	22.3000000000	0.00000000000	232.000000000	32.0000000000	15108704.0000	2500.00000000	2000.00000000	206.200000000	6466.00000000	1700.00000000	6000.00000000	13314.0000000	5801.00000000	23.4081460007	23.5137486754	23.1798541774	-0.365118443319	23.6668057909	26.2141808083	24.1922097605	-10.8927789160	23.5243397747	23.2737861163	23.2758785345	23.8878234650	23.9764863670	22.7635844875	-12.4077104270	0.882295696942	0.00000000000	0.100000000000	0.0500000000000	-0.00392074584961	0.00000000000	52.5058593750	0.00000000000	-0.573828160763	0.00000000000	14.7500000000	15.0000000000	14.7500000000	14.9812498093	14.8312501907	-300.000000000	0.00000000000	NaN	0.00000000000	22.3002624512	25.0004882813	640.000000000	24.5438624518	24.5975664191	25.2032947169	25.5141943484	23.9253631651	26.3388779546	-60.1230244068	-59.2083717365	-0.000531673431396	-0.000859737396240	-0.000531673431396	-0.000531673431396	NaN	NaN	-273.150000000	-273.150000000	NaN	0.00000000000	NaN	NaN	1.00000000000	0.00000000000	5.00000000000	0.00000000000


















3733299722.28	NaN	14.0000000000	111.000000000	0.00000000000	1.00000000000	NaN	3.48892688751	-3.18287618955	0.953376293182	-4.21032756663	0.975689888000	0.0273604393005	0.105129718781	0.139256477356	4.17276656399	88.7855928612	0.100121019363	1015.41616968	-0.0204172134399	0.000696253776550	0.00119700431824	200000.000000	16.0000000000	0.00000000000	166.000000000	232.000000000	5.00000000000	0.950000000000	-0.740000000000	22.3000000000	0.00000000000	232.000000000	32.0000000000	15108704.0000	2500.00000000	2000.00000000	206.200000000	6466.00000000	1700.00000000	6000.00000000	13314.0000000	5801.00000000	23.4081460007	23.5137486754	23.1798541774	-0.365118443319	23.6668057909	26.2141808083	24.1922097605	-10.8927789160	23.5243397747	23.2737861163	23.2758785345	23.8878234650	23.9764863670	22.7635844875	-12.4077104270	0.882295696942	0.00000000000	0.100000000000	0.0500000000000	-0.00103707313538	-0.000195312502910	45.6171875000	0.00000000000	-0.568750023842	0.00000000000	14.7500000000	15.0000000000	14.7500000000	14.9812498093	14.8312501907	-300.000000000	1325.12726647	NaN	0.00000000000	22.2997436523	24.9999084473	640.000000000	24.5438624518	24.5975664191	25.2032947169	25.5141943484	23.9253631651	26.3388779546	-60.1230244068	-59.2083717365	-0.000531673431396	-0.000859737396240	-0.000531673431396	-0.000531673431396	NaN	NaN	-273.150000000	-273.150000000	NaN	0.00000000000	NaN	NaN	1.00000000000	0.00000000000	5.00000000000	0.00000000000


















3733299722.48	NaN	15.0000000000	127.000000000	0.00000000000	2.00000000000	NaN	3.48859834671	-3.27382881653	0.951735496521	-4.17150807767	0.976346015930	0.0214538574219	0.102504730225	0.138272285461	4.21083195705	88.7855928612	0.100121019363	1015.24156092	-0.0309700965881	0.000691628456116	0.00120296478271	200000.000000	16.0000000000	0.00000000000	166.000000000	232.000000000	5.00000000000	0.950000000000	-0.740000000000	22.3000000000	0.00000000000	232.000000000	32.0000000000	15108704.0000	2500.00000000	2000.00000000	206.200000000	6466.00000000	1700.00000000	6000.00000000	13314.0000000	5801.00000000	23.4081460007	23.5137486754	23.1798541774	-0.365118443319	23.6668057909	26.2141808083	24.1922097605	-10.8927789160	23.5243397747	23.2737861163	23.2758785345	23.8878234650	23.9764863670	22.7635844875	-12.4077104270	0.882295696942	0.00000000000	0.100000000000	0.0500000000000	-0.00328674316406	-0.000195312502910	45.6171875000	0.00000000000	-0.568750023842	0.00000000000	14.7500000000	15.1125001907	14.7500000000	14.9875001907	14.8289070129	-300.000000000	2690.70842911	NaN	0.00000000000	22.2997436523	24.9999084473	640.000000000	24.5438624518	24.5975664191	25.2032947169	25.5141943484	23.9253631651	26.3388779546	-60.1230244068	-59.2083717365	-0.000531673431396	-0.000859737396240	-0.000531673431396	-0.000531673431396	NaN	NaN	-273.150000000	-273.150000000	NaN	0.00000000000	NaN	NaN	1.00000000000	0.00000000000	5.00000000000	0.00000000000

















3733299722.68	NaN	9.00000000000	105.000000000	0.00000000000	0.00000000000	NaN	3.49680233002	-3.23590552459	0.948781967163	-4.28807079107	0.984221458435	0.0234227180481	0.103817462921	0.139256477356	4.36313502502	89.1665234299	0.104980167389	1015.41616968	-0.0305371284485	0.000708723068237	0.00121400356293	200000.000000	16.0000000000	0.00000000000	166.000000000	232.000000000	5.00000000000	0.950000000000	-0.740000000000	22.3000000000	0.00000000000	232.000000000	32.0000000000	15108704.0000	2500.00000000	2000.00000000	206.200000000	6466.00000000	1700.00000000	6000.00000000	13314.0000000	5801.00000000	23.4081460007	23.5137486754	23.1798541774	-0.365118443319	23.6668057909	26.2141808083	24.1922097605	-10.8927789160	23.5243397747	23.2737861163	23.2758785345	23.8878234650	23.9764863670	22.7635844875	-12.4077104270	0.882295696942	0.00000000000	0.100000000000	0.0500000000000	-0.00857110023499	0.00000000000	49.3300781250	0.00000000000	-0.574609398842	0.00000000000	14.7500000000	15.1125001907	14.7500000000	14.9875001907	14.8289070129	-300.000000000	0.00000000000	NaN	0.00000000000	22.2997436523	24.9999084473	640.000000000	24.5438624518	24.5975664191	25.2032947169	25.5141943484	23.9253631651	26.3388779546	-60.1230244068	-59.2083717365	-0.000531673431396	-0.000859737396240	-0.000531673431396	-0.000531673431396	NaN	NaN	-273.150000000	-273.150000000	NaN	0.00000000000	NaN	NaN	1.00000000000	0.00000000000	5.00000000000	0.00000000000

















3733299722.88	NaN	15.0000000000	131.000000000	0.00000000000	1.00000000000	NaN	3.47711372375	-3.07702225654	0.952391624451	-4.19478839294	0.974049091339	0.0217819213867	0.101520538330	0.136631488800	4.18228291225	88.2146119652	0.104170505524	1015.37251749	-0.0361809730530	0.000702166557312	0.00121343135834	200000.000000	16.0000000000	0.00000000000	166.000000000	232.000000000	5.00000000000	0.950000000000	-0.740000000000	22.3000000000	0.00000000000	232.000000000	32.0000000000	15108704.0000	2500.00000000	2000.00000000	206.200000000	6466.00000000	1700.00000000	6000.00000000	13314.0000000	5801.00000000	23.4081460007	23.5137486754	23.1798541774	-0.365118443319	23.6668057909	26.2141808083	24.1922097605	-10.8927789160	23.5243397747	23.2737861163	23.2758785345	23.8878234650	23.9764863670	22.7635844875	-12.4077104270	0.882295696942	0.00000000000	0.100000000000	0.0500000000000	-0.00417933464050	0.00000000000	49.3300781250	0.00000000000	-0.574609398842	0.00000000000	14.7500000000	15.0000000000	14.7500000000	14.9812498093	14.8312501907	-300.000000000	1451.67921303	NaN	0.00000000000	22.3002319336	24.9998168945	640.000000000	24.5438624518	24.5975664191	25.2032947169	25.5141943484	23.9253631651	26.3388779546	-60.1230244068	-59.2083717365	-0.000531673431396	-0.000859737396240	-0.000531673431396	-0.000531673431396	NaN	NaN	-273.150000000	-273.150000000	NaN	0.00000000000	NaN	NaN	1.00000000000	0.00000000000	5.00000000000	0.00000000000

















3733299723.08	NaN	8.00000000000	136.000000000	1.00000000000	1.00000000000	NaN	3.49187994003	-3.23590552459	0.951078891754	-4.21032756663	0.969783306122	-0.000859737396240	0.100863933563	0.137944221497	4.17276656399	86.5011160011	0.100121019363	1015.37251749	-0.0352754592896	0.000693631172180	0.00121145248413	200000.000000	16.0000000000	0.00000000000	166.000000000	232.000000000	5.00000000000	0.950000000000	-0.740000000000	22.3000000000	0.00000000000	232.000000000	32.0000000000	15108704.0000	2500.00000000	2000.00000000	206.200000000	6466.00000000	1700.00000000	6000.00000000	13314.0000000	5801.00000000	23.4081460007	23.5137486754	23.1798541774	-0.365118443319	23.6668057909	26.2141808083	24.1922097605	-10.8927789160	23.5243397747	23.2737861163	23.2758785345	23.8878234650	23.9764863670	22.7635844875	-12.4077104270	0.882295696942	0.00000000000	0.100000000000	0.0500000000000	-0.00260038375854	0.00000000000	50.9648437500	0.00000000000	-0.573437511921	0.00000000000	14.7500000000	15.0000000000	14.7500000000	14.9812498093	14.8312501907	-300.000000000	1480.36447624	NaN	0.00000000000	22.3002319336	24.9998168945	640.000000000	24.5438624518	24.5975664191	25.2032947169	25.5141943484	23.9253631651	26.3388779546	-60.1230244068	-61.1076592751	-0.000531673431396	-0.000859737396240	-0.000531673431396	-0.000531673431396	NaN	NaN	-273.150000000	-273.150000000	NaN	0.00000000000	NaN	NaN	1.00000000000	0.00000000000	5.00000000000	0.00000000000


















3733299723.28	NaN	12.0000000000	126.000000000	0.00000000000	1.00000000000	NaN	3.48137950897	-3.17530773014	0.950422763824	-4.19478839294	0.975689888000	-0.000203609466553	0.100535869598	0.138600349426	4.20131560879	87.8336813965	0.102551181793	1015.37251749	-0.0274653434753	0.000681853294373	0.00123116970062	200000.000000	16.0000000000	0.00000000000	166.000000000	232.000000000	5.00000000000	0.950000000000	-0.740000000000	22.3000000000	0.00000000000	232.000000000	32.0000000000	15108704.0000	2500.00000000	2000.00000000	206.200000000	6466.00000000	1700.00000000	6000.00000000	13314.0000000	5801.00000000	23.4081460007	23.5137486754	23.1798541774	-0.365118443319	23.6668057909	26.2141808083	24.1922097605	-10.8927789160	23.5243397747	23.2737861163	23.2758785345	23.8878234650	23.9764863670	22.7635844875	-12.4077104270	0.882295696942	0.00000000000	0.100000000000	0.0500000000000	-0.000976657867432	0.00000000000	50.9648437500	0.00000000000	-0.573437511921	0.00000000000	14.7562503815	15.1250000000	14.7500000000	14.9812498093	14.8312501907	-300.000000000	1200.04374304	NaN	0.00000000000	22.2997436523	25.0003662109	640.000000000	24.5438624518	24.5975664191	25.2032947169	25.5141943484	23.9253631651	26.3388779546	-60.1230244068	-61.1076592751	-0.000531673431396	-0.000859737396240	-0.000531673431396	-0.000531673431396	NaN	NaN	-273.150000000	-273.150000000	NaN	0.00000000000	NaN	NaN	1.00000000000	0.00000000000	5.00000000000	0.00000000000

















3733299723.48	NaN	14.0000000000	118.000000000	0.00000000000	0.00000000000	NaN	3.49155187607	-3.09967765529	0.953376293182	-4.19478839294	0.970111370087	-0.000859737396240	0.100535869598	0.136631488800	4.14420368729	87.6433544312	0.101740343094	1015.28521311	-0.0383205413818	0.000696897506714	0.00120682716370	200000.000000	16.0000000000	0.00000000000	166.000000000	232.000000000	5.00000000000	0.950000000000	-0.740000000000	22.3000000000	0.00000000000	232.000000000	32.0000000000	15108704.0000	2500.00000000	2000.00000000	206.200000000	6466.00000000	1700.00000000	6000.00000000	13314.0000000	5801.00000000	23.4081460007	23.5137486754	23.1798541774	-0.365118443319	23.6668057909	26.2141808083	24.1922097605	-10.8927789160	23.5243397747	23.2737861163	23.2758785345	23.8878234650	23.9764863670	22.7635844875	-12.4077104270	0.882295696942	0.00000000000	0.100000000000	0.0500000000000	-0.00986800193787	0.00000000000	48.2675781250	0.00000000000	-0.569921910763	0.00000000000	14.7562503815	15.1250000000	14.7500000000	14.9812498093	14.8312501907	-300.000000000	0.00000000000	NaN	0.00000000000	22.2997436523	25.0003662109	640.000000000	24.5438624518	24.5975664191	25.2032947169	25.5141943484	23.9253631651	26.3388779546	-60.1230244068	-61.1076592751	-0.000531673431396	-0.000859737396240	-0.000531673431396	-0.000531673431396	NaN	NaN	-273.150000000	-273.150000000	NaN	0.00000000000	NaN	NaN	1.00000000000	0.00000000000	5.00000000000	0.00000000000

















3733299723.68	NaN	12.0000000000	122.000000000	1.00000000000	2.00000000000	NaN	3.48827028275	-3.11478817035	0.949766635895	-4.19478839294	0.977658748627	-0.000531673431396	0.0979108810425	0.136631488800	4.13468733902	85.3588775711	0.101740343094	1015.37251749	-0.0351572036743	0.000685095787048	0.00122199058533	200000.000000	16.0000000000	0.00000000000	166.000000000	232.000000000	5.00000000000	0.950000000000	-0.740000000000	22.3000000000	0.00000000000	232.000000000	32.0000000000	15108704.0000	2500.00000000	2000.00000000	206.200000000	6466.00000000	1700.00000000	6000.00000000	13314.0000000	5801.00000000	23.4081460007	23.5137486754	23.1798541774	-0.365118443319	23.6668057909	26.2141808083	24.1922097605	-10.8927789160	23.5243397747	23.2737861163	23.2758785345	23.8878234650	23.9764863670	22.7635844875	-12.4077104270	0.882295696942	0.00000000000	0.100000000000	0.0500000000000	-0.00395741462708	0.00000000000	48.2675781250	0.00000000000	-0.569921910763	0.00000000000	14.7562503815	15.0187501907	14.7500000000	14.9812498093	14.8312501907	-300.000000000	2930.08247904	NaN	0.00000000000	22.2997436523	25.0003662109	640.000000000	24.5438624518	24.5975664191	25.2032947169	25.5141943484	23.9253631651	26.3388779546	-60.1230244068	-61.1076592751	-0.000531673431396	-0.000859737396240	-0.000531673431396	-0.000531673431396	NaN	NaN	-273.150000000	-273.150000000	NaN	0.00000000000	NaN	NaN	1.00000000000	0.00000000000	5.00000000000	0.00000000000

















3733299723.88	NaN	10.0000000000	110.000000000	1.00000000000	1.00000000000	NaN	3.49614572525	-3.11478817035	0.949438571930	-4.28029064402	0.972080230713	-0.000531673431396	0.101191997528	0.137616157532	4.21083195705	89.5471773605	0.0968823719025	1015.41616968	-0.0309829711914	0.000712680816650	0.00122003555298	200000.000000	16.0000000000	0.00000000000	166.000000000	232.000000000	5.00000000000	0.950000000000	-0.740000000000	22.3000000000	0.00000000000	232.000000000	32.0000000000	15108704.0000	2500.00000000	2000.00000000	206.200000000	6466.00000000	1700.00000000	6000.00000000	13314.0000000	5801.00000000	23.4081460007	23.5137486754	23.1798541774	-0.365118443319	23.6668057909	26.2141808083	24.1922097605	-10.8927789160	23.5243397747	23.2737861163	23.2758785345	23.8878234650	23.9764863670	22.7635844875	-12.4077104270	0.882295696942	0.00000000000	0.100000000000	0.0500000000000	-0.00370540618896	0.00000000000	48.3886718750	0.00000000000	-0.572265625000	0.00000000000	14.7562503815	15.0187501907	14.7500000000	14.9812498093	14.8312501907	-300.000000000	1398.45097522	NaN	0.00000000000	22.3003234863	25.0002441406	640.000000000	24.5438624518	24.5975664191	25.2032947169	25.5141943484	23.9253631651	26.3388779546	-60.1230244068	-61.1076592751	-0.000531673431396	-0.000859737396240	-0.000531673431396	-0.000531673431396	NaN	NaN	-273.150000000	-273.150000000	NaN	0.00000000000	NaN	NaN	1.00000000000	0.00000000000	5.00000000000	0.00000000000


















3733299724.08	NaN	12.0000000000	112.000000000	0.00000000000	2.00000000000	NaN	3.48630142212	-3.26624355205	0.948125839233	-4.20256285267	0.975033283234	-0.000203609466553	0.0988950729370	0.137944221497	4.22034830532	88.2146119652	0.0993113574982	1015.37251749	-0.0374407768250	0.000701594352722	0.00122127532959	200000.000000	16.0000000000	0.00000000000	166.000000000	232.000000000	5.00000000000	0.950000000000	-0.740000000000	22.3000000000	0.00000000000	232.000000000	32.0000000000	15108704.0000	2500.00000000	2000.00000000	206.200000000	6466.00000000	1700.00000000	6000.00000000	13314.0000000	5801.00000000	23.4081460007	23.5137486754	23.1798541774	-0.365118443319	23.6668057909	26.2141808083	24.1922097605	-10.8927789160	23.5243397747	23.2737861163	23.2758785345	23.8878234650	23.9764863670	22.7635844875	-12.4077104270	0.882295696942	0.00000000000	0.100000000000	0.0500000000000	-0.00603265762329	0.00000000000	48.3886718750	0.00000000000	-0.572265625000	0.00000000000	14.7562503815	15.1062498093	14.7500000000	14.9812498093	14.8312501907	-300.000000000	2796.90940638	NaN	0.00000000000	22.3003234863	25.0002441406	640.000000000	24.5438624518	24.5975664191	25.2032947169	25.5141943484	23.9253631651	26.3388779546	-60.1230244068	-61.1076592751	-0.000531673431396	-0.000859737396240	-0.000531673431396	-0.000531673431396	NaN	NaN	-273.150000000	-273.150000000	NaN	0.00000000000	NaN	NaN	1.00000000000	0.00000000000	5.00000000000	0.00000000000


















3733299724.28	NaN	14.0000000000	113.000000000	1.00000000000	0.00000000000	NaN	3.48137950897	-3.23590552459	0.947469711304	-4.26473499349	0.974705219269	0.000124454498291	0.0995516777039	0.137944221497	4.22034830532	88.4049389305	0.104980167389	1015.54718970	-0.0344748497009	0.000683784484863	0.00120227336884	200000.000000	16.0000000000	0.00000000000	166.000000000	232.000000000	5.00000000000	0.950000000000	-0.740000000000	22.3000000000	0.00000000000	232.000000000	32.0000000000	15108704.0000	2500.00000000	2000.00000000	206.200000000	6466.00000000	1700.00000000	6000.00000000	13314.0000000	5801.00000000	23.4081460007	23.5137486754	23.1798541774	-0.365118443319	23.6668057909	26.2141808083	24.1922097605	-10.8927789160	23.5243397747	23.2737861163	23.2758785345	23.8878234650	23.9764863670	22.7635844875	-12.4077104270	0.882295696942	0.00000000000	0.100000000000	0.0500000000000	-0.00474629402161	0.00000000000	49.0996093750	0.00000000000	-0.574023425579	0.00000000000	14.7562503815	15.1062498093	14.7500000000	14.9812498093	14.8312501907	-300.000000000	0.00000000000	NaN	0.00000000000	22.3000793457	25.0000000000	640.000000000	24.5438624518	24.5975664191	25.2032947169	25.5141943484	23.9253631651	26.3388779546	-60.1230244068	-61.1076592751	-0.000531673431396	-0.000859737396240	-0.000531673431396	-0.000531673431396	NaN	NaN	-273.150000000	-273.150000000	NaN	0.00000000000	NaN	NaN	1.00000000000	0.00000000000	5.00000000000	0.00000000000

















3733299724.48	NaN	17.0000000000	127.000000000	0.00000000000	0.00000000000	NaN	3.48859834671	-3.12991521496	0.951407432556	-4.20256285267	0.973721027374	-0.000859737396240	0.101520538330	0.137944221497	4.23939483376	87.2627005005	0.0993113574982	1015.37251749	-0.0291848182678	0.000703454017639	0.00120956897736	200000.000000	16.0000000000	0.00000000000	166.000000000	232.000000000	5.00000000000	0.950000000000	-0.740000000000	22.3000000000	0.00000000000	232.000000000	32.0000000000	15108704.0000	2500.00000000	2000.00000000	206.200000000	6466.00000000	1700.00000000	6000.00000000	13314.0000000	5801.00000000	23.4081460007	23.5137486754	23.1798541774	-0.365118443319	23.6668057909	26.2141808083	24.1922097605	-10.8927789160	23.5243397747	23.2737861163	23.2758785345	23.8878234650	23.9764863670	22.7635844875	-12.4077104270	0.882295696942	0.00000000000	0.100000000000	0.0500000000000	-0.00187306404114	0.00000000000	49.0996093750	0.00000000000	-0.574023425579	0.00000000000	14.7500000000	15.0437498093	14.7500000000	14.9812498093	14.8312501907	-300.000000000	0.00000000000	NaN	0.00000000000	22.3000793457	25.0000000000	640.000000000	24.5438624518	24.5975664191	25.2032947169	25.5141943484	23.9253631651	26.3388779546	-60.1230244068	-61.1076592751	-0.000531673431396	-0.000859737396240	-0.000531673431396	-0.000531673431396	NaN	NaN	-273.150000000	-273.150000000	NaN	0.00000000000	NaN	NaN	1.00000000000	0.00000000000	5.00000000000	0.00000000000


















3733299724.68	NaN	7.00000000000	111.000000000	0.00000000000	1.00000000000	NaN	3.48761415482	-3.14503682610	0.949110507965	-4.30364704843	0.985205650330	-0.000531673431396	0.100535869598	0.136959552765	4.38216772156	94.1161310806	0.102551181793	1015.50353751	-0.0318756103516	0.000683736801147	0.00118975639343	200000.000000	16.0000000000	0.00000000000	166.000000000	232.000000000	5.00000000000	0.950000000000	-0.740000000000	22.3000000000	0.00000000000	232.000000000	32.0000000000	15108704.0000	2500.00000000	2000.00000000	206.200000000	6466.00000000	1700.00000000	6000.00000000	13314.0000000	5801.00000000	23.4081460007	23.5137486754	23.1798541774	-0.365118443319	23.6668057909	26.2141808083	24.1922097605	-10.8927789160	23.5243397747	23.2737861163	23.2758785345	23.8878234650	23.9764863670	22.7635844875	-12.4077104270	0.882295696942	0.00000000000	0.100000000000	0.0500000000000	-0.00245981216431	0.00000000000	54.1621093750	-0.000390625005821	-0.569531261921	0.00000000000	14.7500000000	15.0437498093	14.7500000000	14.9812498093	14.8312501907	-300.000000000	1509.11975743	NaN	0.00000000000	22.3000793457	25.0000000000	640.000000000	24.5438624518	24.5975664191	25.2032947169	25.5141943484	23.9253631651	26.3388779546	-60.1230244068	-61.1076592751	-0.000531673431396	-0.000859737396240	-0.000531673431396	-0.000531673431396	NaN	NaN	-273.150000000	-273.150000000	NaN	0.00000000000	NaN	NaN	1.00000000000	0.00000000000	5.00000000000	0.00000000000

















3733299724.88	NaN	6.00000000000	131.000000000	0.00000000000	2.00000000000	NaN	3.48236370087	-3.20558993899	0.949438571930	-4.17150807767	0.978314876556	-0.00118780136108	0.0965981483459	0.136303424835	4.18228291225	88.0242849998	0.100121019363	1015.32886530	-0.0319805145264	0.000685048103333	0.00118980407715	200000.000000	16.0000000000	0.00000000000	166.000000000	232.000000000	5.00000000000	0.950000000000	-0.740000000000	22.3000000000	0.00000000000	232.000000000	32.0000000000	15108704.0000	2500.00000000	2000.00000000	206.200000000	6466.00000000	1700.00000000	6000.00000000	13314.0000000	5801.00000000	23.4081460007	23.5137486754	23.1798541774	-0.365118443319	23.6668057909	26.2141808083	24.1922097605	-10.8927789160	23.5243397747	23.2737861163	23.2758785345	23.8878234650	23.9764863670	22.7635844875	-12.4077104270	0.882295696942	0.00000000000	0.100000000000	0.0500000000000	0.00225095748901	0.00000000000	54.1621093750	-0.000390625005821	-0.569531261921	0.00000000000	14.7562503815	15.1250000000	14.7500000000	14.9812498093	14.8312501907	-300.000000000	3051.65770682	NaN	0.00000000000	22.2999267578	24.9999694824	640.000000000	24.5438624518	24.5975664191	25.2032947169	25.5141943484	23.9253631651	26.3388779546	-60.1230244068	-61.1076592751	-0.000531673431396	-0.000859737396240	-0.000531673431396	-0.000531673431396	NaN	NaN	-273.150000000	-273.150000000	NaN	0.00000000000	NaN	NaN	1.00000000000	0.00000000000	5.00000000000	0.00000000000

















3733299725.08	NaN	10.0000000000	142.000000000	0.00000000000	0.00000000000	NaN	3.48794221878	-3.36498410392	0.945172786713	-4.23363094078	0.976346015930	-0.000203609466553	0.0969262123108	0.136631488800	4.19179926052	89.1665234299	0.101740343094	1015.32886530	-0.0304055213928	0.000668025016785	0.00116748809814	200000.000000	16.0000000000	0.00000000000	166.000000000	232.000000000	5.00000000000	0.950000000000	-0.740000000000	22.3000000000	0.00000000000	232.000000000	32.0000000000	15108704.0000	2500.00000000	2000.00000000	206.200000000	6466.00000000	1700.00000000	6000.00000000	13314.0000000	5801.00000000	23.4081460007	23.5137486754	23.1798541774	-0.365118443319	23.6668057909	26.2141808083	24.1922097605	-10.8927789160	23.5243397747	23.2737861163	23.2758785345	23.8878234650	23.9764863670	22.7635844875	-12.4077104270	0.882295696942	0.00000000000	0.100000000000	0.0500000000000	-0.00328936576843	0.00000000000	45.1503906250	0.00000000000	-0.575195312500	0.00000000000	14.7562503815	15.1250000000	14.7500000000	14.9812498093	14.8312501907	-300.000000000	0.00000000000	NaN	0.00000000000	22.2999267578	24.9999694824	640.000000000	24.5438624518	24.5975664191	25.2032947169	25.5141943484	23.9253631651	26.3388779546	-60.1230244068	-61.1076592751	-0.000531673431396	-0.00118780136108	-0.000531673431396	-0.000531673431396	NaN	NaN	-273.150000000	-273.150000000	NaN	0.00000000000	NaN	NaN	1.00000000000	0.00000000000	5.00000000000	0.00000000000


















3733299725.28	NaN	14.0000000000	125.000000000	0.00000000000	1.00000000000	NaN	3.48498916626	-3.02419697213	0.950750827789	-4.18702675369	0.978314876556	-0.000859737396240	0.0988950729370	0.134990692139	4.16325021572	86.5011160011	0.102551181793	1015.50353751	-0.0362858772278	0.000673913955688	0.00118455886841	200000.000000	16.0000000000	0.00000000000	166.000000000	232.000000000	5.00000000000	0.950000000000	-0.740000000000	22.3000000000	0.00000000000	232.000000000	32.0000000000	15108704.0000	2500.00000000	2000.00000000	206.200000000	6466.00000000	1700.00000000	6000.00000000	13314.0000000	5801.00000000	23.4081460007	23.5137486754	23.1798541774	-0.365118443319	23.6668057909	26.2141808083	24.1922097605	-10.8927789160	23.5243397747	23.2737861163	23.2758785345	23.8878234650	23.9764863670	22.7635844875	-12.4077104270	0.882295696942	0.00000000000	0.100000000000	0.0500000000000	-0.00148596763611	0.00000000000	45.1503906250	0.00000000000	-0.575195312500	0.00000000000	14.7562503815	15.0562505722	14.7500000000	14.9812498093	14.8312501907	-300.000000000	1280.63276119	NaN	0.00000000000	22.2999877930	25.0000305176	640.000000000	24.5438624518	24.5975664191	25.2032947169	25.5141943484	23.9253631651	26.3388779546	-60.1230244068	-61.1076592751	-0.000531673431396	-0.00118780136108	-0.000531673431396	-0.000531673431396	NaN	NaN	-273.150000000	-273.150000000	NaN	0.00000000000	NaN	NaN	1.00000000000	0.00000000000	5.00000000000	0.00000000000


















3733299725.48	NaN	13.0000000000	111.000000000	1.00000000000	2.00000000000	NaN	3.48433256149	-3.31178729575	0.950422763824	-4.25695948770	0.974377155304	-0.000531673431396	0.0965981483459	0.136959552765	4.19179926052	88.2146119652	0.100930681229	1015.63449409	-0.0345010757446	0.000685715675354	0.00121998786926	200000.000000	16.0000000000	0.00000000000	166.000000000	232.000000000	5.00000000000	0.950000000000	-0.740000000000	22.3000000000	0.00000000000	232.000000000	32.0000000000	15108704.0000	2500.00000000	2000.00000000	206.200000000	6466.00000000	1700.00000000	6000.00000000	13314.0000000	5801.00000000	23.4081460007	23.5137486754	23.1798541774	-0.365118443319	23.6668057909	26.2141808083	24.1922097605	-10.8927789160	23.5243397747	23.2737861163	23.2758785345	23.8878234650	23.9764863670	22.7635844875	-12.4077104270	0.882295696942	0.00000000000	0.100000000000	0.0500000000000	-0.00412416458130	0.00000000000	54.9726562500	0.00000000000	-0.571484386921	0.00000000000	14.7562503815	15.0562505722	14.7500000000	14.9812498093	14.8312501907	-300.000000000	3029.03970872	NaN	0.00000000000	22.2999877930	25.0000305176	640.000000000	24.5438624518	24.5975664191	25.2032947169	25.5141943484	23.9253631651	26.3388779546	-60.1230244068	-61.1076592751	-0.000531673431396	-0.00118780136108	-0.000531673431396	-0.000531673431396	NaN	NaN	-273.150000000	-273.150000000	NaN	0.00000000000	NaN	NaN	1.00000000000	0.00000000000	5.00000000000	0.00000000000


















3733299725.68	NaN	12.0000000000	131.000000000	0.00000000000	0.00000000000	NaN	3.49581766129	-3.07702225654	0.954360485077	-4.17926664898	0.971424102783	-0.000531673431396	0.100863933563	0.136303424835	4.07757541752	84.9782236404	0.104980167389	1015.24156092	-0.0361547470093	0.000699543952942	0.00122523307800	200000.000000	16.0000000000	0.00000000000	166.000000000	232.000000000	5.00000000000	0.950000000000	-0.740000000000	22.3000000000	0.00000000000	232.000000000	32.0000000000	15108704.0000	2500.00000000	2000.00000000	206.200000000	6466.00000000	1700.00000000	6000.00000000	13314.0000000	5801.00000000	23.4081460007	23.5137486754	23.1798541774	-0.365118443319	23.6668057909	26.2141808083	24.1922097605	-10.8927789160	23.5243397747	23.2737861163	23.2758785345	23.8878234650	23.9764863670	22.7635844875	-12.4077104270	0.882295696942	0.00000000000	0.100000000000	0.0500000000000	-0.00341410636902	0.00000000000	54.9726562500	0.00000000000	-0.571484386921	0.00000000000	14.7500000000	15.0062503815	14.7500000000	14.9812498093	14.8312501907	-300.000000000	0.00000000000	NaN	0.00000000000	22.2999877930	25.0000305176	640.000000000	24.5438624518	24.5975664191	25.2032947169	25.5141943484	23.9253631651	26.3388779546	-60.1230244068	-61.1076592751	-0.000531673431396	-0.00118780136108	-0.000531673431396	-0.000531673431396	NaN	NaN	-273.150000000	-273.150000000	NaN	0.00000000000	NaN	NaN	1.00000000000	0.00000000000	5.00000000000	0.00000000000


















3733299725.88	NaN	24.0000000000	109.000000000	0.00000000000	2.00000000000	NaN	3.48269224167	-3.17530773014	0.949438571930	-4.21032756663	0.979627609253	-0.000859737396240	0.0965981483459	0.134662628174	4.14420368729	84.9782236404	0.106599491119	1015.32886530	-0.0362596511841	0.000698876380920	0.00119245052338	200000.000000	16.0000000000	0.00000000000	166.000000000	232.000000000	5.00000000000	0.950000000000	-0.740000000000	22.3000000000	0.00000000000	232.000000000	32.0000000000	15108704.0000	2500.00000000	2000.00000000	206.200000000	6466.00000000	1700.00000000	6000.00000000	13314.0000000	5801.00000000	23.4081460007	23.5137486754	23.1798541774	-0.365118443319	23.6668057909	26.2141808083	24.1922097605	-10.8927789160	23.5243397747	23.2737861163	23.2758785345	23.8878234650	23.9764863670	22.7635844875	-12.4077104270	0.882295696942	0.00000000000	0.100000000000	0.0500000000000	-0.00796346664429	0.00000000000	45.3066406250	0.00000000000	-0.570507824421	0.00000000000	14.7500000000	15.0062503815	14.7500000000	14.9812498093	14.8312501907	-300.000000000	2584.99300991	NaN	0.00000000000	22.3000183105	25.0003967285	640.000000000	24.5438624518	24.5975664191	25.2032947169	25.5141943484	23.9253631651	26.3388779546	-60.1230244068	-61.1076592751	-0.000531673431396	-0.00118780136108	-0.000531673431396	-0.000531673431396	NaN	NaN	-273.150000000	-273.150000000	NaN	0.00000000000	NaN	NaN	1.00000000000	0.00000000000	5.00000000000	0.00000000000


















3733299726.08	NaN	7.00000000000	123.000000000	0.00000000000	0.00000000000	NaN	3.50238037109	-3.32697615223	0.952063560486	-4.21032756663	0.975361824036	-0.000531673431396	0.0985670089722	0.136631488800	4.16325021572	88.4049389305	0.103360843658	1015.50353751	-0.0326108932495	0.000684404373169	0.00122065544128	200000.000000	16.0000000000	0.00000000000	166.000000000	232.000000000	5.00000000000	0.950000000000	-0.740000000000	22.3000000000	0.00000000000	232.000000000	32.0000000000	15108704.0000	2500.00000000	2000.00000000	206.200000000	6466.00000000	1700.00000000	6000.00000000	13314.0000000	5801.00000000	23.4081460007	23.5137486754	23.1798541774	-0.365118443319	23.6668057909	26.2141808083	24.1922097605	-10.8927789160	23.5243397747	23.2737861163	23.2758785345	23.8878234650	23.9764863670	22.7635844875	-12.4077104270	0.882295696942	0.00000000000	0.100000000000	0.0500000000000	-0.00961070060730	0.00000000000	45.3066406250	0.00000000000	-0.570507824421	0.00000000000	14.7562503815	15.0875005722	14.7500000000	14.9812498093	14.8312501907	-300.000000000	0.00000000000	NaN	0.00000000000	22.3000183105	25.0003967285	640.000000000	24.5438624518	24.5975664191	25.2032947169	25.5141943484	23.9253631651	26.3388779546	-60.1230244068	-61.1076592751	-0.000531673431396	-0.00118780136108	-0.000859737396240	-0.000531673431396	NaN	NaN	-273.150000000	-273.150000000	NaN	0.00000000000	NaN	NaN	1.00000000000	0.00000000000	5.00000000000	0.00000000000


















3733299726.28	NaN	18.0000000000	102.000000000	0.00000000000	0.00000000000	NaN	3.47908258438	-3.31938101759	0.951078891754	-4.21032756663	0.981267929077	-0.000531673431396	0.0965981483459	0.135318756104	4.12517099075	88.7855928612	0.103360843658	1015.37251749	-0.0301299095154	0.000697588920593	0.00119633674622	200000.000000	16.0000000000	0.00000000000	166.000000000	232.000000000	5.00000000000	0.950000000000	-0.740000000000	22.3000000000	0.00000000000	232.000000000	32.0000000000	15108704.0000	2500.00000000	2000.00000000	206.200000000	6466.00000000	1700.00000000	6000.00000000	13314.0000000	5801.00000000	23.4081460007	23.5137486754	23.1798541774	-0.365118443319	23.6668057909	26.2141808083	24.1922097605	-10.8927789160	23.5243397747	23.2737861163	23.2758785345	23.8878234650	23.9764863670	22.7635844875	-12.4077104270	0.882295696942	0.00000000000	0.100000000000	0.0500000000000	-0.00210809707642	0.00000000000	51.7871093750	0.00000000000	-0.572070300579	0.00000000000	14.7562503815	15.0875005722	14.7500000000	14.9812498093	14.8312501907	-300.000000000	0.00000000000	NaN	0.00000000000	22.2999267578	24.9999694824	640.000000000	24.5438624518	24.5975664191	25.2032947169	25.5141943484	23.9253631651	26.3388779546	-60.1230244068	-61.1076592751	-0.000531673431396	-0.00118780136108	-0.000859737396240	-0.000531673431396	NaN	NaN	-273.150000000	-273.150000000	NaN	0.00000000000	NaN	NaN	1.00000000000	0.00000000000	5.00000000000	0.00000000000


















3733299726.48	NaN	16.0000000000	120.000000000	0.00000000000	0.00000000000	NaN	3.48170757294	-3.12991521496	0.953704357147	-4.18702675369	0.981267929077	-0.00118780136108	0.0972547531128	0.135647296906	4.14420368729	88.2146119652	0.0993113574982	1015.28521311	-0.0234489440918	0.000694990158081	0.00121614933014	200000.000000	16.0000000000	0.00000000000	166.000000000	232.000000000	5.00000000000	0.950000000000	-0.740000000000	22.3000000000	0.00000000000	232.000000000	32.0000000000	15108704.0000	2500.00000000	2000.00000000	206.200000000	6466.00000000	1700.00000000	6000.00000000	13314.0000000	5801.00000000	23.4081460007	23.5137486754	23.1798541774	-0.365118443319	23.6668057909	26.2141808083	24.1922097605	-10.8927789160	23.5243397747	23.2737861163	23.2758785345	23.8878234650	23.9764863670	22.7635844875	-12.4077104270	0.882295696942	0.00000000000	0.100000000000	0.0500000000000	0.00299782752991	0.00000000000	51.7871093750	0.00000000000	-0.572070300579	0.00000000000	14.7562503815	15.0000000000	14.7500000000	14.9875001907	14.8312501907	-300.000000000	0.00000000000	NaN	0.00000000000	22.2999267578	24.9999694824	640.000000000	24.5438624518	24.5975664191	25.2032947169	25.5141943484	23.9253631651	26.3388779546	-60.1230244068	-61.1076592751	-0.000531673431396	-0.00118780136108	-0.000859737396240	-0.000531673431396	NaN	NaN	-273.150000000	-273.150000000	NaN	0.00000000000	NaN	NaN	1.00000000000	0.00000000000	5.00000000000	0.00000000000

















3733299726.68	NaN	15.0000000000	129.000000000	0.00000000000	2.00000000000	NaN	0.00767183303833	-3.03173774501	0.953376293182	-4.52225775171	0.957970142365	-0.00118780136108	0.0132503509521	0.0358920097351	1.00306183662	25.0111210213	0.101740343094	1015.41616968	-0.0198130607605	0.000715303421021	0.00118136405945	200000.000000	16.0000000000	0.00000000000	166.000000000	232.000000000	5.00000000000	0.950000000000	-0.740000000000	22.3000000000	0.00000000000	232.000000000	32.0000000000	15108704.0000	2500.00000000	2000.00000000	206.200000000	6466.00000000	1700.00000000	6000.00000000	13314.0000000	5801.00000000	23.4081460007	23.5137486754	23.1798541774	-0.365118443319	23.6668057909	26.2141808083	24.1922097605	-10.8927789160	23.5243397747	23.2737861163	23.2758785345	23.8878234650	23.9764863670	22.7635844875	-12.4077104270	0.882295696942	0.00000000000	0.100000000000	0.0500000000000	-0.00136504173279	0.00000000000	45.7363281250	0.00000000000	-0.568945348263	0.00000000000	14.7562503815	15.0000000000	14.7500000000	14.9875001907	14.8312501907	-300.000000000	3018.23951486	NaN	0.00000000000	22.2999267578	24.9999694824	640.000000000	24.5438624518	24.5975664191	25.2032947169	25.5141943484	23.9253631651	26.3388779546	-60.1230244068	-61.1076592751	-0.000531673431396	-0.00118780136108	-0.000859737396240	-0.000531673431396	NaN	NaN	-273.150000000	-273.150000000	NaN	0.00000000000	NaN	NaN	1.00000000000	0.00000000000	5.00000000000	0.00000000000

















3733299726.88	NaN	9.00000000000	113.000000000	0.00000000000	1.00000000000	NaN	0.00570297241211	-3.27382881653	0.960923194885	-4.05529026345	0.983565330505	-0.000859737396240	0.0129222869873	0.0408143997192	1.16488125286	29.3894711380	0.0985016956329	1015.28521311	-0.0111765861511	0.000698924064636	0.00115039348602	200000.000000	16.0000000000	0.00000000000	166.000000000	232.000000000	5.00000000000	0.950000000000	-0.740000000000	22.3000000000	0.00000000000	232.000000000	32.0000000000	15108704.0000	2500.00000000	2000.00000000	206.200000000	6466.00000000	1700.00000000	6000.00000000	13314.0000000	5801.00000000	23.4081460007	23.5137486754	23.1798541774	-0.365118443319	23.6668057909	26.2141808083	24.1922097605	-10.8927789160	23.5243397747	23.2737861163	23.2758785345	23.8878234650	23.9764863670	22.7635844875	-12.4077104270	0.882295696942	0.00000000000	0.100000000000	0.0500000000000	0.00746574401855	0.00000000000	45.7363281250	0.00000000000	-0.568945348263	0.00000000000	14.7562503815	15.1250000000	14.7500000000	14.9812498093	14.8312501907	-300.000000000	1509.11975743	NaN	0.00000000000	22.3000183105	25.0001831055	640.000000000	24.5438624518	24.5975664191	25.2032947169	25.5141943484	23.9253631651	26.3388779546	-60.1230244068	-61.1076592751	-0.000531673431396	-0.00118780136108	-0.000859737396240	-0.000531673431396	NaN	NaN	-273.150000000	-273.150000000	NaN	0.00000000000	NaN	NaN	1.00000000000	0.00000000000	5.00000000000	0.00000000000

















3733299727.08	NaN	16.0000000000	126.000000000	0.00000000000	2.00000000000	NaN	0.00110912322998	-2.91873713574	0.967486381531	-4.07076318234	0.979299068451	-0.000859737396240	0.0139064788818	0.0398297309875	1.11728567963	26.5340133820	0.103360843658	1015.24156092	-0.0234751701355	0.000708103179932	0.00117931365967	200000.000000	16.0000000000	0.00000000000	166.000000000	232.000000000	5.00000000000	0.950000000000	-0.740000000000	22.3000000000	0.00000000000	232.000000000	32.0000000000	15108704.0000	2500.00000000	2000.00000000	206.200000000	6466.00000000	1700.00000000	6000.00000000	13314.0000000	5801.00000000	23.4081460007	23.5137486754	23.1798541774	-0.365118443319	23.6668057909	26.2141808083	24.1922097605	-10.8927789160	23.5243397747	23.2737861163	23.2758785345	23.8878234650	23.9764863670	22.7635844875	-12.4077104270	0.882295696942	0.00000000000	0.100000000000	0.0500000000000	0.000895023345947	0.00000000000	50.7792968750	0.00000000000	-0.574218750000	0.00000000000	14.7562503815	15.1250000000	14.7500000000	14.9812498093	14.8312501907	-300.000000000	2877.77147087	NaN	0.00000000000	22.3000183105	25.0001831055	640.000000000	24.5438624518	24.5975664191	25.2032947169	25.5141943484	23.9253631651	26.3388779546	-60.1230244068	-61.1076592751	-0.000531673431396	-0.00118780136108	-0.000859737396240	-0.000859737396240	NaN	NaN	-273.150000000	-273.150000000	NaN	0.00000000000	NaN	NaN	1.00000000000	0.00000000000	5.00000000000	0.00000000000


















3733299727.28	NaN	11.0000000000	110.000000000	0.00000000000	2.00000000000	NaN	0.0116095542908	-3.15259971543	0.962235927582	-4.00889661131	0.990128040314	-0.00151634216309	0.0119376182556	0.0395016670227	1.09825298309	24.2495365219	0.0993113574982	1015.45982187	-0.00677967071533	0.000731682777405	0.00117607116699	200000.000000	16.0000000000	0.00000000000	166.000000000	232.000000000	5.00000000000	0.950000000000	-0.740000000000	22.3000000000	0.00000000000	104.000000000	32.0000000000	15108704.0000	2500.00000000	2000.00000000	206.200000000	6466.00000000	1700.00000000	6000.00000000	13314.0000000	5801.00000000	23.4081460007	23.5137486754	23.1798541774	-0.365118443319	23.6668057909	26.2141808083	24.1922097605	-10.8927789160	23.5243397747	23.2737861163	23.2758785345	23.8878234650	23.9764863670	22.7635844875	-12.4077104270	0.882295696942	0.00000000000	0.100000000000	0.0500000000000	0.0112853527069	0.00000000000	50.7792968750	0.00000000000	-0.574218750000	0.00000000000	14.7500000000	15.0187501907	14.7500000000	14.9812498093	14.8312501907	-300.000000000	2723.57824169	NaN	0.00000000000	22.3002014160	25.0000305176	640.000000000	24.5438624518	24.5975664191	25.2032947169	25.5141943484	23.9253631651	26.3388779546	-60.1230244068	-61.1076592751	-0.000531673431396	-0.00118780136108	-0.000859737396240	-0.000859737396240	NaN	NaN	-273.150000000	-273.150000000	NaN	0.00000000000	NaN	NaN	1.00000000000	0.00000000000	5.00000000000	0.00000000000

















3733299727.48	NaN	13.0000000000	108.000000000	0.00000000000	0.00000000000	NaN	0.00143718719482	-3.02419697213	0.965188980103	-4.10948331593	0.977002143860	0.000452518463135	0.0139064788818	0.0388455390930	1.07922028656	24.6301904526	0.0968823719025	1015.37251749	-0.0183429718018	0.000730395317078	0.00116415023804	200000.000000	16.0000000000	0.00000000000	166.000000000	232.000000000	5.00000000000	0.950000000000	-0.740000000000	22.3000000000	0.00000000000	104.000000000	32.0000000000	15108704.0000	2500.00000000	2000.00000000	206.200000000	6466.00000000	1700.00000000	6000.00000000	13314.0000000	5801.00000000	23.4081460007	23.5137486754	23.1798541774	-0.365118443319	23.6668057909	26.2141808083	24.1922097605	-10.8927789160	23.5243397747	23.2737861163	23.2758785345	23.8878234650	23.9764863670	22.7635844875	-12.4077104270	0.882295696942	0.00000000000	0.100000000000	0.0500000000000	0.00140428543091	0.00000000000	48.5253906250	-0.000390625005821	-0.571875035763	0.00000000000	14.7500000000	15.0187501907	14.7500000000	14.9812498093	14.8312501907	-300.000000000	0.00000000000	NaN	0.00000000000	22.3002014160	25.0000305176	640.000000000	24.5438624518	24.5975664191	25.2032947169	25.5141943484	23.9253631651	26.3388779546	-60.1230244068	-61.1076592751	-0.000531673431396	-0.00118780136108	-0.000859737396240	-0.000859737396240	NaN	NaN	-273.150000000	-273.150000000	NaN	0.00000000000	NaN	NaN	1.00000000000	0.00000000000	5.00000000000	0.00000000000


















3733299727.68	NaN	10.0000000000	122.000000000	0.00000000000	1.00000000000	NaN	0.00110912322998	-3.07702225654	0.968470573425	-4.00116026947	0.985534191132	0.000124454498291	0.0132503509521	0.0332670211792	0.879321645355	22.5363171959	0.101740343094	1015.19784528	-0.0217690467834	0.000730395317078	0.00118458271027	200000.000000	16.0000000000	0.00000000000	166.000000000	232.000000000	5.00000000000	0.950000000000	-0.740000000000	22.3000000000	0.00000000000	104.000000000	32.0000000000	15108704.0000	2500.00000000	2000.00000000	206.200000000	6466.00000000	1700.00000000	6000.00000000	13314.0000000	5801.00000000	23.4081460007	23.5137486754	23.1798541774	-0.365118443319	23.6668057909	26.2141808083	24.1922097605	-10.8927789160	23.5243397747	23.2737861163	23.2758785345	23.8878234650	23.9764863670	22.7635844875	-12.4077104270	0.882295696942	0.00000000000	0.100000000000	0.0500000000000	0.00320653915405	0.00000000000	48.5253906250	-0.000390625005821	-0.571875035763	0.00000000000	14.7562503815	15.1000003815	14.7500000000	14.9812498093	14.8312501907	-300.000000000	1259.86574344	NaN	0.00000000000	22.3002014160	25.0000305176	640.000000000	24.5438624518	24.5975664191	25.2032947169	25.5141943484	23.9253631651	26.3388779546	-60.1230244068	-61.1076592751	-0.000531673431396	-0.00118780136108	-0.000859737396240	-0.000859737396240	NaN	NaN	-273.150000000	-273.150000000	NaN	0.00000000000	NaN	NaN	1.00000000000	0.00000000000	5.00000000000	0.00000000000


















3733299727.88	NaN	13.0000000000	134.000000000	0.00000000000	1.00000000000	NaN	0.00504684448242	-3.06946224789	0.966173648834	-4.06302596464	0.986190319061	0.000781059265137	0.0135784149170	0.0378608703613	1.06970393829	27.1049942780	0.0985016956329	1015.11054090	-0.00530958175659	0.000724506378174	0.00118789672852	200000.000000	16.0000000000	0.00000000000	166.000000000	232.000000000	5.00000000000	0.950000000000	-0.740000000000	22.3000000000	0.00000000000	104.000000000	32.0000000000	15108704.0000	2500.00000000	2000.00000000	206.200000000	6466.00000000	1700.00000000	6000.00000000	13314.0000000	5801.00000000	23.4081460007	23.5137486754	23.1798541774	-0.365118443319	23.6668057909	26.2141808083	24.1922097605	-10.8927789160	23.5243397747	23.2737861163	23.2758785345	23.8878234650	23.9764863670	22.7635844875	-12.4077104270	0.882295696942	0.00000000000	0.100000000000	0.0500000000000	0.0101552963257	0.00000000000	45.3007812500	0.00000000000	-0.573632836342	0.00000000000	14.7562503815	15.1000003815	14.7500000000	14.9812498093	14.8312501907	-300.000000000	1325.12726647	NaN	0.00000000000	22.2998352051	25.0001831055	640.000000000	24.5438624518	24.5975664191	25.2032947169	25.5141943484	23.9253631651	26.3388779546	-60.1230244068	-61.1076592751	-0.000531673431396	-0.00118780136108	-0.000859737396240	-0.000859737396240	NaN	NaN	-273.150000000	-273.150000000	NaN	0.00000000000	NaN	NaN	1.00000000000	0.00000000000	5.00000000000	0.00000000000


















3733299728.08	NaN	18.0000000000	97.0000000000	0.00000000000	1.00000000000	NaN	0.0109534263611	-3.09967765529	0.966501712799	-4.07850191768	0.982252597809	-0.000859737396240	0.00996875762939	0.0355639457703	1.02210836506	26.1533594513	0.0993113574982	1015.54718970	-0.0165319442749	0.000714015960693	0.00117144584656	200000.000000	16.0000000000	0.00000000000	166.000000000	232.000000000	5.00000000000	0.950000000000	-0.740000000000	22.3000000000	0.00000000000	104.000000000	32.0000000000	15108704.0000	2500.00000000	2000.00000000	206.200000000	6466.00000000	1700.00000000	6000.00000000	13314.0000000	5801.00000000	23.4081460007	23.5137486754	23.1798541774	-0.365118443319	23.6668057909	26.2141808083	24.1922097605	-10.8927789160	23.5243397747	23.2737861163	23.2758785345	23.8878234650	23.9764863670	22.7635844875	-12.4077104270	0.882295696942	0.00000000000	0.100000000000	0.0500000000000	0.00653386116028	0.00000000000	45.3007812500	0.00000000000	-0.573632836342	0.00000000000	14.7562503815	15.0562505722	14.7500000000	14.9812498093	14.8312501907	-300.000000000	1480.36447624	NaN	0.00000000000	22.2998352051	25.0001831055	640.000000000	24.5438624518	24.5975664191	25.2032947169	25.5141943484	23.9253631651	26.3388779546	-60.1230244068	-61.1076592751	-0.000531673431396	-0.00118780136108	-0.000859737396240	-0.000859737396240	-94.6178526780	NaN	-273.150000000	-273.150000000	NaN	0.00000000000	NaN	NaN	1.00000000000	0.00000000000	5.00000000000	0.00000000000

















3733299728.28	NaN	18.0000000000	117.000000000	0.00000000000	0.00000000000	NaN	0.0145626068115	-3.08457267427	0.964532852173	-4.11722965848	0.983565330505	-0.00118780136108	0.00931262969971	0.0345792770386	0.984029140091	25.3917749519	0.102551181793	1015.19784528	-0.0158491134644	0.000698876380920	0.00117342472076	200000.000000	16.0000000000	0.00000000000	166.000000000	232.000000000	5.00000000000	0.950000000000	-0.740000000000	22.3000000000	0.00000000000	104.000000000	32.0000000000	15108704.0000	2500.00000000	2000.00000000	206.200000000	6466.00000000	1700.00000000	6000.00000000	13314.0000000	5801.00000000	23.4081460007	23.5137486754	23.1798541774	-0.365118443319	23.6668057909	26.2141808083	24.1922097605	-10.8927789160	23.5243397747	23.2737861163	23.2758785345	23.8878234650	23.9764863670	22.7635844875	-12.4077104270	0.882295696942	0.00000000000	0.100000000000	0.0500000000000	0.00176925659180	0.00000000000	52.1074218750	0.00000000000	-0.569726586342	0.00000000000	14.7562503815	15.0562505722	14.7500000000	14.9812498093	14.8312501907	-300.000000000	0.00000000000	NaN	0.00000000000	22.2999572754	25.0000305176	640.000000000	24.5438624518	24.5975664191	25.2032947169	25.5141943484	23.9253631651	26.3388779546	-60.1230244068	-61.1076592751	-0.000531673431396	-0.00118780136108	-0.000859737396240	-0.000859737396240	-94.6178526780	NaN	-273.150000000	-273.150000000	NaN	0.00000000000	NaN	NaN	1.00000000000	0.00000000000	5.00000000000	0.00000000000

















3733299728.48	NaN	10.0000000000	110.000000000	0.00000000000	2.00000000000	NaN	0.00931262969971	-2.95636982635	0.990128040314	-3.33457270069	1.00456619263	-0.00151634216309	0.0112814903259	0.0395016670227	1.23150952263	21.3940787659	0.103360843658	1015.32886530	-0.0239610671997	0.000709366798401	0.00109920501709	200000.000000	16.0000000000	0.00000000000	166.000000000	232.000000000	5.00000000000	0.950000000000	-0.740000000000	22.3000000000	0.00000000000	104.000000000	32.0000000000	15108640.0000	2500.00000000	2000.00000000	206.200000000	6466.00000000	1700.00000000	6000.00000000	13314.0000000	5801.00000000	23.4081460007	23.5137486754	23.1798541774	-0.365118443319	23.6668057909	26.2141808083	24.1922097605	-10.8927789160	23.5243397747	23.2737861163	23.2758785345	23.8878234650	23.9764863670	22.7635844875	-12.4077104270	0.882295696942	0.00000000000	0.100000000000	0.0500000000000	-0.00188632011414	0.00000000000	52.1074218750	0.00000000000	-0.569726586342	0.00000000000	14.7500000000	15.1125001907	14.7500000000	14.9812498093	14.8312501907	-300.000000000	2907.57073265	NaN	0.00000000000	22.2999572754	25.0000305176	640.000000000	24.5438624518	24.5975664191	25.2032947169	25.5141943484	23.9253631651	26.3388779546	-60.1230244068	-61.1076592751	-0.000531673431396	-0.00118780136108	-0.000859737396240	-0.000859737396240	-94.6178526780	NaN	-273.150000000	-273.150000000	NaN	0.00000000000	NaN	NaN	1.00000000000	0.00000000000	5.00000000000	0.00000000000


















3733299728.68	NaN	16.0000000000	126.000000000	0.00000000000	0.00000000000	NaN	0.00110912322998	-3.09212447352	0.999972343445	-3.07702225654	1.01966094971	0.000781059265137	0.0132503509521	0.0319542884827	0.479538194847	11.3042598610	0.101740343094	1015.28521311	-0.0163612365723	0.000717306137085	0.000902271270752	200000.000000	16.0000000000	0.00000000000	166.000000000	232.000000000	5.00000000000	0.950000000000	-0.740000000000	22.3000000000	0.00000000000	104.000000000	32.0000000000	15108640.0000	2500.00000000	2000.00000000	206.200000000	6466.00000000	1700.00000000	6000.00000000	13314.0000000	5801.00000000	23.4081460007	23.5137486754	23.1798541774	-0.365118443319	23.6668057909	26.2141808083	24.1922097605	-10.8927789160	23.5243397747	23.2737861163	23.2758785345	23.8878234650	23.9764863670	22.7635844875	-12.4077104270	0.882295696942	0.00000000000	0.100000000000	0.0500000000000	-0.00438017845154	0.00000000000	46.1464843750	0.00000000000	-0.572851598263	0.00000000000	14.7500000000	15.1125001907	14.7500000000	14.9812498093	14.8312501907	-300.000000000	0.00000000000	NaN	0.00000000000	22.2999572754	25.0000305176	640.000000000	24.5438624518	24.5975664191	25.2032947169	25.5141943484	23.9253631651	26.3388779546	-60.1230244068	-61.1076592751	-0.000531673431396	-0.00118780136108	-0.000859737396240	-0.000859737396240	-94.6178526780	NaN	-273.150000000	-273.150000000	NaN	0.00000000000	NaN	NaN	1.00000000000	0.00000000000	5.00000000000	0.00000000000

















3733299728.88	NaN	11.0000000000	113.000000000	0.00000000000	1.00000000000	NaN	0.0106253623962	-2.96389826843	1.00423812866	-3.01664661540	1.02195787430	0.00110912322998	0.0132503509521	0.0381889343262	1.17439760113	21.2034751625	0.0968823719025	1015.41616968	-0.0152192115784	0.000705456733704	0.000903630256653	200000.000000	16.0000000000	0.00000000000	166.000000000	232.000000000	5.00000000000	0.950000000000	-0.740000000000	22.3000000000	0.00000000000	104.000000000	32.0000000000	15108640.0000	2500.00000000	2000.00000000	206.200000000	6466.00000000	1700.00000000	6000.00000000	13314.0000000	5801.00000000	23.4081460007	23.5137486754	23.1798541774	-0.365118443319	23.6668057909	26.2141808083	24.1922097605	-10.8927789160	23.5243397747	23.2737861163	23.2758785345	23.8878234650	23.9764863670	22.7635844875	-12.4077104270	0.882295696942	0.00000000000	0.100000000000	0.0500000000000	-0.00861577987671	0.00000000000	46.1464843750	0.00000000000	-0.572851598263	0.00000000000	14.7500000000	15.0437498093	14.7500000000	14.9812498093	14.8312501907	-300.000000000	1424.08449615	NaN	0.00000000000	22.3001403809	25.0002136230	640.000000000	24.5438624518	24.5975664191	25.2032947169	25.5141943484	23.9253631651	26.3388779546	-60.1230244068	-61.1076592751	-0.000531673431396	-0.00118780136108	-0.000859737396240	-0.000859737396240	-94.6178526780	NaN	-273.150000000	-273.150000000	NaN	0.00000000000	NaN	NaN	1.00000000000	0.00000000000	5.00000000000	0.00000000000


















3733299729.08	NaN	16.0000000000	134.000000000	0.00000000000	0.00000000000	NaN	0.00701570510864	-2.90369796184	1.00686311722	-2.98650274234	1.02392673492	-0.00151634216309	0.0109534263611	0.0345792770386	1.09825298309	20.8228212318	0.0960715332031	1015.37251749	-0.0152192115784	0.000715279579163	0.000908899307251	200000.000000	16.0000000000	0.00000000000	166.000000000	232.000000000	5.00000000000	0.950000000000	-0.740000000000	22.3000000000	0.00000000000	104.000000000	32.0000000000	15108640.0000	2500.00000000	2000.00000000	206.200000000	6466.00000000	1700.00000000	6000.00000000	13314.0000000	5801.00000000	23.4081460007	23.5137486754	23.1798541774	-0.365118443319	23.6668057909	26.2141808083	24.1922097605	-10.8927789160	23.5243397747	23.2737861163	23.2758785345	23.8878234650	23.9764863670	22.7635844875	-12.4077104270	0.882295696942	0.00000000000	0.100000000000	0.0500000000000	-0.00348486900330	0.00000000000	52.7343750000	0.00000000000	-0.572070300579	0.00000000000	14.7500000000	15.0437498093	14.7500000000	14.9812498093	14.8312501907	-300.000000000	0.00000000000	NaN	0.00000000000	22.3001403809	25.0002136230	640.000000000	24.5438624518	24.5975664191	25.2032947169	25.5141943484	23.9253631651	26.3388779546	-60.1230244068	-61.1076592751	-0.000531673431396	-0.00118780136108	-0.000859737396240	-0.000859737396240	-94.6178526780	-273.150000000	-273.150000000	-273.150000000	NaN	0.00000000000	NaN	NaN	1.00000000000	0.00000000000	5.00000000000	0.00000000000

















3733299729.28	NaN	9.00000000000	128.000000000	0.00000000000	1.00000000000	NaN	0.00274991989136	-3.00910859070	0.997018814087	-3.11478817035	1.02064514160	0.000781059265137	0.0132503509521	0.0349078178406	1.06970393829	20.0612367325	0.102551181793	1015.28521311	-0.0101790428162	0.000726485252380	0.000925922393799	200000.000000	16.0000000000	0.00000000000	166.000000000	232.000000000	5.00000000000	0.950000000000	-0.740000000000	22.3000000000	0.00000000000	104.000000000	32.0000000000	13011488.0000	2500.00000000	2000.00000000	206.200000000	6466.00000000	1700.00000000	6000.00000000	13314.0000000	5801.00000000	23.4081460007	23.5137486754	23.1798541774	-0.365118443319	23.6668057909	26.2141808083	24.1922097605	-10.8927789160	23.5243397747	23.2737861163	23.2758785345	23.8878234650	23.9764863670	22.7635844875	-12.4077104270	0.882295696942	0.00000000000	0.100000000000	0.0500000000000	-0.00264096260071	0.00000000000	52.7343750000	0.00000000000	-0.572070300579	0.00000000000	14.7562503815	15.0312500000	14.7500000000	14.9812498093	14.8312501907	-300.000000000	1325.12726647	NaN	0.00000000000	22.2998352051	25.0002746582	640.000000000	24.5438624518	24.5975664191	25.2032947169	25.5141943484	23.9253631651	26.3388779546	-60.1230244068	-61.1076592751	-0.000531673431396	-0.00118780136108	-0.000859737396240	-0.000859737396240	-94.6178526780	-273.150000000	-273.150000000	-273.150000000	NaN	0.00000000000	NaN	NaN	1.00000000000	0.00000000000	5.00000000000	0.00000000000


















3733299729.48	NaN	15.0000000000	109.000000000	0.00000000000	1.00000000000	NaN	0.000124454498291	-2.94884274900	1.00030040741	-3.09967765529	1.01736354828	0.000781059265137	0.0122656822205	0.0349078178406	1.05065740986	20.6324942665	0.0976920337677	1015.32886530	-0.0175032615662	0.000691628456116	0.000969290733337	200000.000000	16.0000000000	0.00000000000	166.000000000	232.000000000	5.00000000000	0.950000000000	-0.740000000000	22.3000000000	0.00000000000	104.000000000	32.0000000000	13011488.0000	2500.00000000	2000.00000000	206.200000000	6466.00000000	1700.00000000	6000.00000000	13314.0000000	5801.00000000	23.4081460007	23.5137486754	23.1798541774	-0.365118443319	23.6668057909	26.2141808083	24.1922097605	-10.8927789160	23.5243397747	23.2737861163	23.2758785345	23.8878234650	23.9764863670	22.7635844875	-12.4077104270	0.882295696942	0.00000000000	0.100000000000	0.0500000000000	-0.0112474918365	0.00000000000	45.8437500000	0.00000000000	-0.570117175579	0.00000000000	14.7562503815	15.0312500000	14.7500000000	14.9812498093	14.8312501907	-300.000000000	1509.11975743	NaN	0.00000000000	22.2998352051	25.0002746582	640.000000000	24.5438624518	24.5975664191	25.2032947169	25.5141943484	23.9253631651	26.3388779546	-60.1230244068	-61.1076592751	-0.000531673431396	-0.00118780136108	-0.000859737396240	-0.000859737396240	-94.6178526780	-273.150000000	-273.150000000	-273.150000000	NaN	0.00000000000	NaN	NaN	1.00000000000	0.00000000000	5.00000000000	0.00000000000

















3733299729.68	NaN	17.0000000000	116.000000000	0.00000000000	0.00000000000	NaN	0.00406217575073	-3.12991521496	1.00128459930	-3.01664661540	1.02359819412	-0.000203609466553	0.0112814903259	0.0306415557861	0.850772600555	14.7309751511	0.0985016956329	1015.28521311	-0.0176868438721	0.000701475143433	0.000945639610291	200000.000000	16.0000000000	0.00000000000	166.000000000	232.000000000	5.00000000000	0.950000000000	-0.740000000000	22.3000000000	0.00000000000	104.000000000	32.0000000000	13011488.0000	2500.00000000	2000.00000000	206.200000000	6466.00000000	1700.00000000	6000.00000000	13314.0000000	5801.00000000	23.4081460007	23.5137486754	23.1798541774	-0.365118443319	23.6668057909	26.2141808083	24.1922097605	-10.8927789160	23.5243397747	23.2737861163	23.2758785345	23.8878234650	23.9764863670	22.7635844875	-12.4077104270	0.882295696942	0.00000000000	0.100000000000	0.0500000000000	-0.00758934020996	0.00000000000	45.8437500000	0.00000000000	-0.570117175579	0.00000000000	14.7500000000	15.1125001907	14.7500000000	14.9812498093	14.8312501907	-300.000000000	0.00000000000	NaN	0.00000000000	22.2998352051	25.0002746582	640.000000000	24.5438624518	24.5975664191	25.2032947169	25.5141943484	23.9253631651	26.3388779546	-60.1230244068	-61.1076592751	-0.000531673431396	-0.00118780136108	-0.000859737396240	-0.000859737396240	-94.6178526780	-273.150000000	-273.150000000	-273.150000000	NaN	0.00000000000	NaN	NaN	1.00000000000	0.00000000000	5.00000000000	0.00000000000

















3733299729.88	NaN	15.0000000000	133.000000000	0.00000000000	0.00000000000	NaN	0.00799989700317	-2.95636982635	1.00030040741	-3.16016399527	1.02064514160	-0.000203609466553	0.0119376182556	0.0332670211792	1.00306183662	19.6805828018	0.103360843658	1015.15419309	-0.0129089355469	0.000705456733704	0.000964736938477	200000.000000	16.0000000000	0.00000000000	166.000000000	232.000000000	5.00000000000	0.950000000000	-0.740000000000	22.3000000000	0.00000000000	104.000000000	32.0000000000	13011488.0000	2500.00000000	2000.00000000	206.200000000	6466.00000000	1700.00000000	6000.00000000	13314.0000000	5801.00000000	23.4081460007	23.5137486754	23.1798541774	-0.365118443319	23.6668057909	26.2141808083	24.1922097605	-10.8927789160	23.5243397747	23.2737861163	23.2758785345	23.8878234650	23.9764863670	22.7635844875	-12.4077104270	0.882295696942	0.00000000000	0.100000000000	0.0500000000000	-0.00766282081604	0.00000000000	54.3125000000	0.00000000000	-0.574999988079	0.00000000000	14.7500000000	15.1125001907	14.7500000000	14.9812498093	14.8312501907	-300.000000000	0.00000000000	NaN	0.00000000000	22.3002319336	24.9998168945	640.000000000	24.5438624518	24.5975664191	25.2032947169	25.5141943484	23.9253631651	26.3388779546	-60.1230244068	-61.1076592751	-0.000531673431396	-0.00118780136108	-0.000859737396240	-0.000859737396240	-94.6178526780	-273.150000000	-273.150000000	-273.150000000	NaN	0.00000000000	NaN	NaN	1.00000000000	0.00000000000	5.00000000000	0.00000000000

















3733299730.08	NaN	19.0000000000	119.000000000	0.00000000000	2.00000000000	NaN	0.00898456573486	-3.17530773014	1.00128459930	-3.09967765529	1.01966094971	-0.00217247009277	0.00832796096802	0.0306415557861	0.955480095291	16.2538675117	0.104170505524	1015.45982187	-0.0162038803101	0.000672578811646	0.000944972038269	200000.000000	16.0000000000	0.00000000000	166.000000000	232.000000000	5.00000000000	0.950000000000	-0.740000000000	22.3000000000	0.00000000000	104.000000000	32.0000000000	13011488.0000	2500.00000000	2000.00000000	206.200000000	6466.00000000	1700.00000000	6000.00000000	13314.0000000	5801.00000000	23.4081460007	23.5137486754	23.1798541774	-0.365118443319	23.6668057909	26.2141808083	24.1922097605	-10.8927789160	23.5243397747	23.2737861163	23.2758785345	23.8878234650	23.9764863670	22.7635844875	-12.4077104270	0.882295696942	0.00000000000	0.100000000000	0.0500000000000	-0.0102275848389	0.00000000000	54.3125000000	0.00000000000	-0.574999988079	0.00000000000	14.7562503815	15.0375003815	14.7500000000	14.9812498093	14.8312501907	-300.000000000	3020.50872207	NaN	0.00000000000	22.3002319336	24.9998168945	640.000000000	24.5438624518	24.5975664191	25.2032947169	25.5141943484	23.9253631651	26.3388779546	-60.1230244068	-61.1076592751	-0.000531673431396	-0.00118780136108	-0.000859737396240	-0.000859737396240	-94.6178526780	-273.150000000	NaN	-273.150000000	NaN	0.00000000000	NaN	NaN	1.00000000000	0.00000000000	5.00000000000	0.00000000000


















3733299730.28	NaN	8.00000000000	116.000000000	1.00000000000	0.00000000000	NaN	0.00242137908936	-3.06946224789	1.00522232056	-3.09212447352	1.01998901367	0.000452518463135	0.0112814903259	0.0326104164124	0.974512791824	16.6345214424	0.103360843658	1015.24156092	-0.00138473510742	0.000714612007141	0.000967335700989	200000.000000	16.0000000000	0.00000000000	166.000000000	232.000000000	5.00000000000	0.950000000000	-0.740000000000	22.3000000000	0.00000000000	104.000000000	32.0000000000	13011488.0000	2500.00000000	2000.00000000	206.200000000	6466.00000000	1700.00000000	6000.00000000	13314.0000000	5801.00000000	23.4081460007	23.5137486754	23.1798541774	-0.365118443319	23.6668057909	26.2141808083	24.1922097605	-10.8927789160	23.5243397747	23.2737861163	23.2758785345	23.8878234650	23.9764863670	22.7635844875	-12.4077104270	0.882295696942	0.00000000000	0.100000000000	0.0500000000000	-0.00535140037537	0.00000000000	46.0195312500	0.00000000000	-0.569335937500	0.00000000000	14.7562503815	15.0375003815	14.7500000000	14.9812498093	14.8312501907	-300.000000000	0.00000000000	NaN	0.00000000000	22.2998962402	24.9997863770	640.000000000	24.5438624518	24.5975664191	25.2032947169	25.5141943484	23.9253631651	26.3388779546	-60.1230244068	-61.1076592751	-0.000531673431396	-0.00118780136108	-0.000859737396240	-0.000859737396240	-94.6178526780	-273.150000000	NaN	-273.150000000	NaN	0.00000000000	NaN	NaN	1.00000000000	0.00000000000	5.00000000000	0.00000000000


















3733299730.48	NaN	9.00000000000	110.000000000	0.00000000000	1.00000000000	NaN	0.00832796096802	-2.91873713574	1.00653505325	-3.09967765529	1.02228593826	-0.00118780136108	0.00865650177002	0.0296573638916	0.945949915123	17.7767598724	0.103360843658	1015.59084189	-0.0114784240723	0.000696277618408	0.000968003273010	200000.000000	16.0000000000	0.00000000000	166.000000000	232.000000000	5.00000000000	0.950000000000	-0.740000000000	22.3000000000	0.00000000000	104.000000000	32.0000000000	13011488.0000	2500.00000000	2000.00000000	206.200000000	6466.00000000	1700.00000000	6000.00000000	13314.0000000	5801.00000000	23.4081460007	23.5137486754	23.1798541774	-0.365118443319	23.6668057909	26.2141808083	24.1922097605	-10.8927789160	23.5243397747	23.2737861163	23.2758785345	23.8878234650	23.9764863670	22.7635844875	-12.4077104270	0.882295696942	0.00000000000	0.100000000000	0.0500000000000	-0.00969991683960	0.00000000000	46.0195312500	0.00000000000	-0.569335937500	0.00000000000	14.7500000000	15.1250000000	14.7500000000	14.9812498093	14.8312501907	-300.000000000	1302.90463530	NaN	0.00000000000	22.2998962402	24.9997863770	640.000000000	24.5438624518	24.5975664191	25.2032947169	25.5141943484	23.9253631651	26.3388779546	-60.1230244068	-61.1076592751	-0.000531673431396	-0.00118780136108	-0.000859737396240	-0.000859737396240	-94.6178526780	-273.150000000	NaN	-273.150000000	NaN	0.00000000000	NaN	NaN	1.00000000000	0.00000000000	5.00000000000	0.00000000000

















3733299730.68	NaN	13.0000000000	137.000000000	0.00000000000	1.00000000000	NaN	0.00767183303833	-2.91873713574	1.00620698929	-3.09212447352	1.02261400223	-0.000203609466553	0.00996875762939	0.0109534263611	0.898368173790	20.6324942665	0.103360843658	1015.32886530	-0.0110192298889	0.000711417198181	0.000951552391052	200000.000000	16.0000000000	0.00000000000	166.000000000	232.000000000	5.00000000000	0.950000000000	-0.740000000000	22.3000000000	0.00000000000	104.000000000	32.0000000000	13011488.0000	2500.00000000	2000.00000000	206.200000000	6466.00000000	1700.00000000	6000.00000000	13314.0000000	5801.00000000	23.4081460007	23.5137486754	23.1798541774	-0.365118443319	23.6668057909	26.2141808083	24.1922097605	-10.8927789160	23.5243397747	23.2737861163	23.2758785345	23.8878234650	23.9764863670	22.7635844875	-12.4077104270	0.882295696942	0.00000000000	0.100000000000	0.0500000000000	-0.0126348495483	0.00000000000	48.4765625000	0.00000000000	-0.574609398842	0.00000000000	14.7500000000	15.1250000000	14.7500000000	14.9812498093	14.8312501907	-300.000000000	1509.11975743	NaN	0.00000000000	22.2998962402	24.9997863770	640.000000000	24.5438624518	24.5975664191	25.2032947169	25.5141943484	23.9253631651	26.3388779546	-60.1230244068	-61.1076592751	-0.000531673431396	-0.00118780136108	-0.000859737396240	-0.000859737396240	-94.6178526780	-273.150000000	NaN	-273.150000000	NaN	0.00000000000	NaN	NaN	1.00000000000	0.00000000000	5.00000000000	0.00000000000


















3733299730.88	NaN	12.0000000000	101.000000000	0.00000000000	0.00000000000	NaN	0.00504684448242	-2.99403665515	1.00850391388	-3.11478817035	1.01637935638	-0.000531673431396	0.0112814903259	0.0303134918213	0.945949915123	20.4421673012	0.101740343094	1015.28521311	-0.00576877593994	0.000670671463013	0.000973248481750	200000.000000	16.0000000000	0.00000000000	166.000000000	232.000000000	5.00000000000	0.950000000000	-0.740000000000	22.3000000000	0.00000000000	104.000000000	32.0000000000	13011488.0000	2500.00000000	2000.00000000	206.200000000	6466.00000000	1700.00000000	6000.00000000	13314.0000000	5801.00000000	23.4081460007	23.5137486754	23.1798541774	-0.365118443319	23.6668057909	26.2141808083	24.1922097605	-10.8927789160	23.5243397747	23.2737861163	23.2758785345	23.8878234650	23.9764863670	22.7635844875	-12.4077104270	0.882295696942	0.00000000000	0.100000000000	0.0500000000000	-0.0101606369019	0.00000000000	48.4765625000	0.00000000000	-0.574609398842	0.00000000000	14.7562503815	15.0062503815	14.7500000000	14.9812498093	14.8312501907	-300.000000000	0.00000000000	NaN	0.00000000000	22.2999877930	25.0001831055	640.000000000	24.5438624518	24.5975664191	25.2032947169	25.5141943484	23.9253631651	26.3388779546	-60.1230244068	-61.1076592751	-0.000531673431396	-0.00118780136108	-0.000859737396240	-0.000859737396240	-94.6178526780	-273.150000000	NaN	-273.150000000	NaN	0.00000000000	NaN	NaN	1.00000000000	0.00000000000	5.00000000000	0.00000000000


















3733299731.08	NaN	10.0000000000	106.000000000	0.00000000000	2.00000000000	NaN	0.00373411178589	-2.92625876197	1.00095653534	-3.15259971543	1.01998901367	2.46939039230	0.263294219971	0.0867538452148	2.50700449219	34.5296823921	0.0960715332031	1015.19784528	0.0194063186646	0.000707411766052	0.000992918014526	200000.000000	16.0000000000	0.00000000000	166.000000000	232.000000000	5.00000000000	0.950000000000	-0.740000000000	22.3000000000	0.00000000000	104.000000000	32.0000000000	13011488.0000	2500.00000000	2000.00000000	206.200000000	6466.00000000	1700.00000000	6000.00000000	13314.0000000	5801.00000000	23.4081460007	23.5137486754	23.1798541774	-0.365118443319	23.6668057909	26.2141808083	24.1922097605	-10.8927789160	23.5243397747	23.2737861163	23.2758785345	23.8878234650	23.9764863670	22.7635844875	-12.4077104270	0.882295696942	0.00000000000	0.100000000000	0.0500000000000	-3.81469726562E-5	0.00000000000	48.3378906250	-0.000390625005821	-0.569726586342	0.00000000000	14.7562503815	15.0062503815	14.7500000000	14.9812498093	14.8312501907	-300.000000000	2805.49174271	NaN	0.00000000000	22.2999877930	25.0001831055	640.000000000	24.5438624518	24.5975664191	25.2032947169	25.5141943484	23.9253631651	26.3388779546	-60.1230244068	-61.1076592751	-0.000531673431396	-0.00118780136108	-0.000859737396240	-0.000859737396240	-94.6178526780	-273.150000000	NaN	NaN	NaN	0.00000000000	NaN	NaN	1.00000000000	0.00000000000	5.00000000000	0.00000000000

















3733299731.28	NaN	13.0000000000	124.000000000	0.00000000000	2.00000000000	NaN	0.0106253623962	-2.89618041222	1.00850391388	-3.11478817035	1.01834821701	2.46512460709	0.261653423309	0.0864257812500	2.66882390842	52.0439127731	0.0993113574982	1015.50353751	0.000400066375732	0.000694251060486	0.000981760025024	200000.000000	16.0000000000	0.00000000000	166.000000000	232.000000000	5.00000000000	0.950000000000	-0.740000000000	22.3000000000	0.00000000000	104.000000000	32.0000000000	13011488.0000	2500.00000000	2000.00000000	206.200000000	6466.00000000	1700.00000000	6000.00000000	13314.0000000	5801.00000000	23.4081460007	23.5137486754	23.1798541774	-0.365118443319	23.6668057909	26.2141808083	24.1922097605	-10.8927789160	23.5243397747	23.2737861163	23.2758785345	23.8878234650	23.9764863670	22.7635844875	-12.4077104270	0.882295696942	0.00000000000	0.100000000000	0.0500000000000	-0.00186924934387	0.00000000000	48.3378906250	-0.000390625005821	-0.569726586342	0.00000000000	14.7500000000	15.1187505722	14.7500000000	14.9812498093	14.8312501907	-300.000000000	3114.07497000	NaN	0.00000000000	22.3000793457	25.0005493164	640.000000000	24.5438624518	24.5975664191	25.2032947169	25.5141943484	23.9253631651	26.3388779546	-60.1230244068	-61.1076592751	-0.000531673431396	-0.00118780136108	-0.000859737396240	-0.000859737396240	-94.6178526780	-273.150000000	NaN	NaN	NaN	0.00000000000	NaN	NaN	1.00000000000	0.00000000000	5.00000000000	0.00000000000


















3733299731.48	NaN	8.00000000000	103.000000000	0.00000000000	1.00000000000	NaN	0.00242137908936	-2.91873713574	1.01047277451	-3.16774066425	1.01736354828	2.46807813644	0.263622283936	0.0883946418762	2.72593582993	56.4225395279	0.0968823719025	1015.37251749	0.000518321990967	0.000684452056885	0.000987625122070	200000.000000	16.0000000000	0.00000000000	166.000000000	232.000000000	5.00000000000	0.950000000000	-0.740000000000	22.3000000000	0.00000000000	104.000000000	32.0000000000	13011488.0000	2500.00000000	2000.00000000	206.200000000	6466.00000000	1700.00000000	6000.00000000	13314.0000000	5801.00000000	23.4081460007	23.5137486754	23.1798541774	-0.365118443319	23.6668057909	26.2141808083	24.1922097605	-10.8927789160	23.5243397747	23.2737861163	23.2758785345	23.8878234650	23.9764863670	22.7635844875	-12.4077104270	0.882295696942	0.00000000000	0.100000000000	0.0500000000000	-0.0109351158142	0.00000000000	48.4355468750	-0.000390625005821	-0.574218750000	0.00000000000	14.7500000000	15.1187505722	14.7500000000	14.9812498093	14.8312501907	-300.000000000	1451.67921303	NaN	0.00000000000	22.3000793457	25.0005493164	640.000000000	24.5438624518	24.5975664191	25.2032947169	25.5141943484	23.9253631651	26.3388779546	-60.1230244068	-61.1076592751	-0.000531673431396	-0.00118780136108	-0.000859737396240	-0.000859737396240	-94.6178526780	-273.150000000	NaN	NaN	NaN	0.00000000000	NaN	NaN	1.00000000000	0.00000000000	5.00000000000	0.00000000000


















3733299731.68	NaN	9.00000000000	102.000000000	0.00000000000	0.00000000000	NaN	0.00996875762939	-2.96389826843	1.01211357117	-3.06946224789	1.03081750870	2.46807813644	0.261325359344	0.0838007926941	2.62122833519	53.5668051338	0.100930681229	1015.37251749	0.000662803649902	0.000685095787048	0.000962734222412	200000.000000	16.0000000000	0.00000000000	166.000000000	232.000000000	5.00000000000	0.950000000000	-0.740000000000	22.3000000000	0.00000000000	104.000000000	32.0000000000	13011488.0000	2500.00000000	2000.00000000	206.200000000	6466.00000000	1700.00000000	6000.00000000	13314.0000000	5801.00000000	23.4081460007	23.5137486754	23.1798541774	-0.365118443319	23.6668057909	26.2141808083	24.1922097605	-10.8927789160	23.5243397747	23.2737861163	23.2758785345	23.8878234650	23.9764863670	22.7635844875	-12.4077104270	0.882295696942	0.00000000000	0.100000000000	0.0500000000000	-0.00689229965210	0.00000000000	48.4355468750	-0.000390625005821	-0.574218750000	0.00000000000	14.7500000000	15.0625000000	14.7500000000	14.9812498093	14.8312501907	-300.000000000	0.00000000000	NaN	0.00000000000	22.3000793457	25.0005493164	640.000000000	24.5438624518	24.5975664191	25.2032947169	25.5141943484	23.9253631651	26.3388779546	-60.1230244068	-61.1076592751	-0.000531673431396	-0.00118780136108	-0.000859737396240	-0.000859737396240	-94.6178526780	-273.150000000	NaN	NaN	NaN	0.00000000000	NaN	NaN	1.00000000000	0.00000000000	5.00000000000	0.00000000000

















3733299731.88	NaN	11.0000000000	128.000000000	0.00000000000	0.00000000000	NaN	0.00668764114380	-2.97897019818	1.01145696640	-3.12235649115	1.02031707764	2.47168779373	0.264278411865	0.0877385139465	2.67834025669	56.4225395279	0.104170505524	1015.54718970	-0.00340604782104	0.000699567794800	0.000983715057373	200000.000000	16.0000000000	0.00000000000	166.000000000	232.000000000	5.00000000000	0.950000000000	-0.740000000000	22.3000000000	0.00000000000	104.000000000	32.0000000000	13011488.0000	2500.00000000	2000.00000000	206.200000000	6466.00000000	1700.00000000	6000.00000000	13314.0000000	5801.00000000	23.4081460007	23.5137486754	23.1798541774	-0.365118443319	23.6668057909	26.2141808083	24.1922097605	-10.8927789160	23.5243397747	23.2737861163	23.2758785345	23.8878234650	23.9764863670	22.7635844875	-12.4077104270	0.882295696942	0.00000000000	0.100000000000	0.0500000000000	-0.00936260223389	0.00000000000	53.8867187500	0.00000000000	-0.572460949421	0.00000000000	14.7500000000	15.0625000000	14.7500000000	14.9812498093	14.8312501907	-300.000000000	0.00000000000	NaN	0.00000000000	22.3001403809	24.9998474121	640.000000000	24.5438624518	24.5975664191	25.2032947169	25.5141943484	23.9253631651	26.3388779546	-60.1230244068	-61.1076592751	-0.000531673431396	-0.00118780136108	-0.000859737396240	-0.000859737396240	-94.6178526780	-273.150000000	NaN	NaN	NaN	0.00000000000	NaN	NaN	1.00000000000	0.00000000000	5.00000000000	0.00000000000

















3733299732.08	NaN	9.00000000000	102.000000000	1.00000000000	0.00000000000	NaN	0.00307798385620	-3.00157193761	1.01539468765	-3.07702225654	1.02261400223	2.47628164291	0.264935016632	0.0867538452148	2.67834025669	56.8031934586	0.0976920337677	1015.02323651	0.000203132629395	0.000717282295227	0.000987672805786	200000.000000	16.0000000000	0.00000000000	166.000000000	232.000000000	5.00000000000	0.950000000000	-0.740000000000	22.3000000000	0.00000000000	104.000000000	32.0000000000	13011488.0000	2500.00000000	2000.00000000	206.200000000	6466.00000000	1700.00000000	6000.00000000	13314.0000000	5801.00000000	23.4081460007	23.5137486754	23.1798541774	-0.365118443319	23.6668057909	26.2141808083	24.1922097605	-10.8927789160	23.5243397747	23.2737861163	23.2758785345	23.8878234650	23.9764863670	22.7635844875	-12.4077104270	0.882295696942	0.00000000000	0.100000000000	0.0500000000000	-0.0102669239044	0.00000000000	53.8867187500	0.00000000000	-0.572460949421	0.00000000000	14.7500000000	15.0812501907	14.7500000000	14.9812498093	14.8312501907	-300.000000000	0.00000000000	NaN	0.00000000000	22.3001403809	24.9998474121	640.000000000	24.5021015973	24.5975664191	25.2032947169	25.5141943484	23.9253631651	26.3388779546	-60.1230244068	-61.1076592751	-0.000531673431396	-0.00118780136108	-0.000859737396240	-0.000859737396240	-94.6178526780	-273.150000000	NaN	NaN	NaN	0.00000000000	NaN	NaN	1.00000000000	0.00000000000	5.00000000000	0.00000000000

















3733299732.28	NaN	11.0000000000	117.000000000	0.00000000000	1.00000000000	NaN	0.0129222869873	-3.11478817035	1.01473855972	-3.06946224789	1.02425479889	2.47070312500	0.261981487274	0.0864257812500	2.65930756016	53.7571320992	0.0976920337677	1015.50353751	-0.00457429885864	0.000717949867249	0.00102901458740	200000.000000	16.0000000000	0.00000000000	166.000000000	232.000000000	5.00000000000	0.950000000000	-0.740000000000	22.3000000000	0.00000000000	104.000000000	32.0000000000	13011488.0000	2500.00000000	2000.00000000	206.200000000	6466.00000000	1700.00000000	6000.00000000	13314.0000000	5801.00000000	23.4081460007	23.5137486754	23.1798541774	-0.365118443319	23.6668057909	26.2141808083	24.1922097605	-10.8927789160	23.5243397747	23.2737861163	23.2758785345	23.8878234650	23.9764863670	22.7635844875	-12.4077104270	0.882295696942	0.00000000000	0.100000000000	0.0500000000000	-0.0117830276489	0.00000000000	47.6679687500	0.00000000000	-0.572656273842	0.00000000000	14.7500000000	15.0812501907	14.7500000000	14.9812498093	14.8312501907	-300.000000000	1302.90463530	NaN	0.00000000000	22.2598571777	24.9652099609	640.000000000	24.5021015973	24.5975664191	25.2032947169	25.5141943484	23.9253631651	26.3388779546	-60.1230244068	-61.1076592751	-0.000531673431396	-0.00118780136108	-0.000859737396240	-0.000859737396240	-94.6178526780	-273.150000000	NaN	NaN	NaN	0.00000000000	NaN	NaN	1.00000000000	0.00000000000	5.00000000000	0.00000000000


















3733299732.48	NaN	11.0000000000	131.000000000	0.00000000000	0.00000000000	NaN	0.00701570510864	-2.81355490144	1.02031707764	-2.98650274234	1.02130126953	2.47857856750	0.263294219971	0.0854415893555	2.61171198692	55.0896974945	0.0960715332031	1015.32886530	-0.00419378280640	0.000701522827148	0.000988316535950	200000.000000	16.0000000000	0.00000000000	166.000000000	232.000000000	5.00000000000	0.950000000000	-0.740000000000	22.3000000000	0.00000000000	104.000000000	32.0000000000	13011488.0000	2500.00000000	2000.00000000	206.200000000	6466.00000000	1700.00000000	6000.00000000	13314.0000000	5801.00000000	23.4081460007	23.5137486754	23.1798541774	-0.365118443319	23.6668057909	26.2141808083	24.1922097605	-10.8927789160	23.5243397747	23.2737861163	23.2758785345	23.8878234650	23.9764863670	22.7635844875	-12.4077104270	0.882295696942	0.00000000000	0.100000000000	0.0500000000000	-0.0120494842529	0.00000000000	47.6679687500	0.00000000000	-0.572656273842	0.00000000000	14.7500000000	15.1000003815	14.7500000000	14.9812498093	14.8312501907	-300.000000000	0.00000000000	NaN	0.00000000000	22.2598571777	24.9652099609	640.000000000	24.5021015973	24.5975664191	25.2032947169	25.5141943484	23.9253631651	26.3388779546	-60.1230244068	-61.1076592751	-0.000531673431396	-0.00118780136108	-0.000859737396240	-0.000859737396240	-94.6178526780	-273.150000000	NaN	NaN	NaN	0.00000000000	NaN	NaN	1.00000000000	0.00000000000	5.00000000000	0.00000000000

















3733299732.68	NaN	8.00000000000	107.000000000	0.00000000000	2.00000000000	NaN	0.00570297241211	-2.94884274900	1.01572322845	-3.03927989248	1.03278636932	2.47923469543	0.263294219971	0.0769095420837	2.03107642365	45.5711361237	0.0993113574982	1015.45982187	-0.00545406341553	0.000711393356323	0.000977134704590	200000.000000	16.0000000000	0.00000000000	166.000000000	232.000000000	5.00000000000	0.950000000000	-0.740000000000	22.3000000000	0.00000000000	104.000000000	32.0000000000	13011488.0000	2500.00000000	2000.00000000	206.200000000	6466.00000000	1700.00000000	6000.00000000	13314.0000000	5801.00000000	23.4081460007	23.5137486754	23.1798541774	-0.365118443319	23.6668057909	26.2141808083	24.1922097605	-10.8927789160	23.5243397747	23.2737861163	23.2758785345	23.8878234650	23.9764863670	22.7635844875	-12.4077104270	0.882295696942	0.00000000000	0.100000000000	0.0500000000000	-0.0120325088501	0.00000000000	53.2128906250	0.00000000000	-0.573828160763	0.00000000000	14.7500000000	15.1000003815	14.7500000000	14.9812498093	14.8312501907	-300.000000000	2848.88156901	NaN	0.00000000000	22.2598571777	24.9652099609	640.000000000	24.5021015973	24.5975664191	25.2032947169	25.5141943484	23.9253631651	26.3388779546	-60.1230244068	-61.1076592751	-0.000531673431396	-0.00118780136108	-0.000859737396240	-0.000859737396240	-94.6178526780	-273.150000000	NaN	NaN	NaN	0.00000000000	NaN	NaN	1.00000000000	0.00000000000	5.00000000000	0.00000000000

















3733299732.88	NaN	16.0000000000	103.000000000	0.00000000000	0.00000000000	NaN	0.0102968215942	-2.95636982635	1.02064514160	-2.97142807622	1.02523899078	2.47693777084	0.263950347900	0.0860977172852	2.62122833519	55.2803010979	0.100121019363	1015.41616968	0.0134472846985	0.000692319869995	0.000964665412903	200000.000000	16.0000000000	0.00000000000	166.000000000	232.000000000	5.00000000000	0.950000000000	-0.740000000000	22.3000000000	0.00000000000	104.000000000	32.0000000000	13011488.0000	2500.00000000	2000.00000000	206.200000000	6466.00000000	1700.00000000	6000.00000000	13314.0000000	5801.00000000	23.4081460007	23.5137486754	23.1798541774	-0.365118443319	23.6668057909	26.2141808083	24.1922097605	-10.8927789160	23.5243397747	23.2737861163	23.2758785345	23.8878234650	23.9764863670	22.7635844875	-12.4077104270	0.882295696942	0.00000000000	0.100000000000	0.0500000000000	-0.000418806076050	0.00000000000	53.2128906250	0.00000000000	-0.573828160763	0.00000000000	14.7562503815	15.0187501907	14.7500000000	14.9812498093	14.8312501907	-300.000000000	0.00000000000	NaN	0.00000000000	22.2251281738	24.9573669434	640.000000000	24.5021015973	24.5975664191	25.2032947169	25.5141943484	23.9253631651	26.3388779546	-60.1230244068	-61.1076592751	-0.000531673431396	-0.00118780136108	-0.000859737396240	-0.000859737396240	-94.6178526780	-273.150000000	NaN	NaN	NaN	0.00000000000	NaN	NaN	1.00000000000	0.00000000000	5.00000000000	0.00000000000

















3733299733.08	NaN	13.0000000000	130.000000000	0.00000000000	1.00000000000	NaN	0.0135784149170	-3.05436831509	1.02425479889	-2.94884274900	1.02917671204	2.51040840149	0.263294219971	0.0851130485535	2.58314911022	52.9958242378	0.101740343094	1015.37251749	0.00318288803101	0.000694298744202	0.000962710380554	200000.000000	16.0000000000	0.00000000000	166.000000000	232.000000000	5.00000000000	0.950000000000	-0.740000000000	22.3000000000	0.00000000000	104.000000000	32.0000000000	13011488.0000	2500.00000000	2000.00000000	206.200000000	6466.00000000	1700.00000000	6000.00000000	13314.0000000	5801.00000000	23.4081460007	23.5137486754	23.1798541774	-0.365118443319	23.6668057909	26.2141808083	24.1922097605	-10.8927789160	23.5243397747	23.2737861163	23.2758785345	23.8878234650	23.9764863670	22.7635844875	-12.4077104270	0.882295696942	0.00000000000	0.100000000000	0.0500000000000	-0.00774154663086	0.00000000000	46.7480468750	0.00000000000	-0.571093738079	0.00000000000	14.7562503815	15.0187501907	14.7500000000	14.9812498093	14.8312501907	-300.000000000	1480.36447624	NaN	0.00000000000	22.2251281738	24.9573669434	640.000000000	24.5021015973	24.5975664191	25.2032947169	25.5141943484	23.9253631651	26.3388779546	-60.1230244068	-61.1076592751	-0.000531673431396	-0.00118780136108	-0.000859737396240	-0.000859737396240	-94.6178526780	-273.150000000	NaN	NaN	NaN	0.00000000000	NaN	NaN	1.00000000000	0.00000000000	5.00000000000	0.00000000000


















3733299733.28	NaN	12.0000000000	138.000000000	0.00000000000	0.00000000000	NaN	0.0155472755432	-2.90369796184	1.02327013016	-2.96389826843	1.03377103806	2.51172065735	0.262309551239	0.0844569206238	2.58314911022	53.3764781685	0.100121019363	1015.41616968	0.00498104095459	0.000700259208679	0.000964045524597	200000.000000	16.0000000000	0.00000000000	166.000000000	232.000000000	5.00000000000	0.950000000000	-0.740000000000	22.3000000000	0.00000000000	104.000000000	32.0000000000	13011488.0000	2500.00000000	2000.00000000	206.200000000	6466.00000000	1700.00000000	6000.00000000	13314.0000000	5801.00000000	23.4081460007	23.5137486754	23.1798541774	-0.365118443319	23.6668057909	26.2141808083	24.1922097605	-10.8927789160	23.5243397747	23.2737861163	23.2758785345	23.8878234650	23.9764863670	22.7635844875	-12.4077104270	0.882295696942	0.00000000000	0.100000000000	0.0500000000000	-0.00724544525146	0.00000000000	46.7480468750	0.00000000000	-0.571093738079	0.00000000000	14.7500000000	15.1000003815	14.7500000000	14.9812498093	14.8312501907	-300.000000000	0.00000000000	NaN	0.00000000000	22.2868041992	25.0099182129	640.000000000	24.5021015973	24.5975664191	25.2032947169	25.5141943484	23.9253631651	26.3388779546	-60.1230244068	-61.1076592751	-0.000531673431396	-0.00118780136108	-0.000859737396240	-0.000859737396240	-94.6178526780	-273.150000000	NaN	NaN	NaN	0.00000000000	NaN	NaN	1.00000000000	0.00000000000	5.00000000000	0.00000000000


















3733299733.48	NaN	13.0000000000	105.000000000	0.00000000000	2.00000000000	NaN	0.00832796096802	-3.06946224789	1.02359819412	-2.97142807622	1.02655172348	2.50975179672	0.263950347900	0.0847849845886	2.61171198692	53.5668051338	0.101740343094	1015.37251749	0.00412797927856	0.000705504417419	0.000980472564697	200000.000000	16.0000000000	0.00000000000	166.000000000	232.000000000	5.00000000000	0.950000000000	-0.740000000000	22.3000000000	0.00000000000	104.000000000	32.0000000000	13011488.0000	2500.00000000	2000.00000000	206.200000000	6466.00000000	1700.00000000	6000.00000000	13314.0000000	5801.00000000	23.4081460007	23.5137486754	23.1798541774	-0.365118443319	23.6668057909	26.2141808083	24.1922097605	-10.8927789160	23.5243397747	23.2737861163	23.2758785345	23.8878234650	23.9764863670	22.7635844875	-12.4077104270	0.882295696942	0.00000000000	0.100000000000	0.0500000000000	-0.00592761039734	0.00000000000	52.9062500000	0.00000000000	-0.570898473263	0.00000000000	14.7500000000	15.1000003815	14.7500000000	14.9812498093	14.8312501907	-300.000000000	2834.24702390	NaN	0.00000000000	22.2868041992	25.0099182129	640.000000000	24.5021015973	24.5975664191	25.2032947169	25.5141943484	23.9253631651	26.3388779546	-60.1230244068	-61.1076592751	-0.000531673431396	-0.00118780136108	-0.000859737396240	-0.000859737396240	-94.6178526780	-273.150000000	NaN	NaN	NaN	0.00000000000	NaN	NaN	1.00000000000	0.00000000000	5.00000000000	0.00000000000

















3733299733.68	NaN	12.0000000000	128.000000000	0.00000000000	1.00000000000	NaN	0.00964069366455	-2.90369796184	1.02031707764	-2.98650274234	1.03311443329	2.51106452942	0.263294219971	0.0824880599976	2.39278064919	53.3764781685	0.101740343094	1015.45982187	-4.62532043457E-5	0.000721216201782	0.000975847244263	200000.000000	16.0000000000	0.00000000000	166.000000000	232.000000000	5.00000000000	0.950000000000	-0.740000000000	22.3000000000	0.00000000000	104.000000000	32.0000000000	13011488.0000	2500.00000000	2000.00000000	206.200000000	6466.00000000	1700.00000000	6000.00000000	13314.0000000	5801.00000000	23.4081460007	23.5137486754	23.1798541774	-0.365118443319	23.6668057909	26.2141808083	24.1922097605	-10.8927789160	23.5243397747	23.2737861163	23.2758785345	23.8878234650	23.9764863670	22.7635844875	-12.4077104270	0.882295696942	0.00000000000	0.100000000000	0.0500000000000	-0.00920639038086	0.00000000000	52.9062500000	0.00000000000	-0.570898473263	0.00000000000	14.7562503815	15.0562505722	14.7500000000	14.9812498093	14.8289070129	-300.000000000	1348.98807899	NaN	0.00000000000	22.2868041992	25.0099182129	640.000000000	24.5021015973	24.5975664191	25.2032947169	25.5141943484	23.9253631651	26.3388779546	-60.1230244068	-61.1076592751	-0.000531673431396	-0.00118780136108	-0.000859737396240	-0.000859737396240	-94.6178526780	-273.150000000	NaN	NaN	NaN	0.00000000000	NaN	NaN	1.00000000000	0.00000000000	5.00000000000	0.00000000000


















3733299733.88	NaN	14.0000000000	132.000000000	0.00000000000	0.00000000000	NaN	0.0175161361694	-2.98650274234	1.01998901367	-3.03173774501	1.02917671204	2.51237726212	0.261981487274	0.0838007926941	2.57363276196	52.8052206345	0.104980167389	1015.41616968	0.00748825073242	0.000686407089233	0.000958156585693	200000.000000	16.0000000000	0.00000000000	166.000000000	232.000000000	5.00000000000	0.950000000000	-0.740000000000	22.3000000000	0.00000000000	104.000000000	32.0000000000	13011488.0000	2500.00000000	2000.00000000	206.200000000	6466.00000000	1700.00000000	6000.00000000	13314.0000000	5801.00000000	23.4081460007	23.5137486754	23.1798541774	-0.365118443319	23.6668057909	26.2141808083	24.1922097605	-10.8927789160	23.5243397747	23.2737861163	23.2758785345	23.8878234650	23.9764863670	22.7635844875	-12.4077104270	0.882295696942	0.00000000000	0.100000000000	0.0500000000000	-0.00634627342224	0.00000000000	49.3261718750	0.00000000000	-0.570507824421	0.00000000000	14.7562503815	15.0562505722	14.7500000000	14.9812498093	14.8289070129	-300.000000000	0.00000000000	NaN	0.00000000000	22.2966613770	25.0005493164	640.000000000	24.5021015973	24.5975664191	25.2032947169	25.5141943484	23.9253631651	26.3388779546	-60.1230244068	-61.1076592751	-0.000531673431396	-0.00118780136108	-0.000859737396240	-0.000859737396240	-94.6178526780	-273.150000000	NaN	NaN	NaN	0.00000000000	NaN	NaN	1.00000000000	0.00000000000	5.00000000000	0.00000000000


















3733299734.08	NaN	10.0000000000	120.000000000	0.00000000000	1.00000000000	NaN	0.00439023971558	-2.88113846102	1.02523899078	-3.00157193761	1.02425479889	2.53075313568	0.264935016632	0.0847849845886	2.56411641369	55.4706280632	0.100930681229	1015.28521311	0.00567674636841	0.000700879096985	0.000967288017273	200000.000000	16.0000000000	0.00000000000	166.000000000	232.000000000	5.00000000000	0.950000000000	-0.740000000000	22.3000000000	0.00000000000	104.000000000	32.0000000000	13011488.0000	2500.00000000	2000.00000000	206.200000000	6466.00000000	1700.00000000	6000.00000000	13314.0000000	5801.00000000	23.4081460007	23.5137486754	23.1798541774	-0.365118443319	23.6668057909	26.2141808083	24.1922097605	-10.8927789160	23.5243397747	23.2737861163	23.2758785345	23.8878234650	23.9764863670	22.7635844875	-12.4077104270	0.882295696942	0.00000000000	0.100000000000	0.0500000000000	-0.00517816543579	0.00000000000	49.3261718750	0.00000000000	-0.570507824421	0.00000000000	14.7500000000	15.1250000000	14.7500000000	14.9812498093	14.8312501907	-300.000000000	1540.14424584	NaN	0.00000000000	22.2966613770	25.0005493164	640.000000000	24.5021015973	24.5975664191	25.2208788951	25.5141943484	23.9253631651	26.3388779546	-60.1230244068	-61.1076592751	-0.000531673431396	-0.00118780136108	-0.000859737396240	-0.000859737396240	-94.6178526780	-273.150000000	NaN	NaN	NaN	0.00000000000	NaN	NaN	1.00000000000	0.00000000000	5.00000000000	0.00000000000

















3733299734.28	NaN	14.0000000000	110.000000000	0.00000000000	1.00000000000	NaN	0.0125937461853	-2.85860208264	1.02294206619	-2.99403665515	1.02884864807	2.53009700775	0.263294219971	0.0828161239624	2.51652084045	54.1380626678	0.100121019363	1015.37251749	0.00470542907715	0.000696921348572	0.000962066650391	200000.000000	16.0000000000	0.00000000000	166.000000000	232.000000000	5.00000000000	0.950000000000	-0.740000000000	22.3000000000	0.00000000000	104.000000000	32.0000000000	13011488.0000	2500.00000000	2000.00000000	206.200000000	6466.00000000	1700.00000000	6000.00000000	13314.0000000	5801.00000000	23.4081460007	23.5137486754	23.1798541774	-0.365118443319	23.6668057909	26.2141808083	24.1922097605	-10.8927789160	23.5243397747	23.2737861163	23.2758785345	23.8878234650	23.9764863670	22.7635844875	-12.4077104270	0.882295696942	0.00000000000	0.100000000000	0.0500000000000	-0.00844116210938	0.00000000000	50.4765625000	0.00000000000	-0.574414074421	0.00000000000	14.7500000000	15.1250000000	14.7500000000	14.9812498093	14.8312501907	-300.000000000	1302.90463530	NaN	0.00000000000	22.3056640625	25.0028381348	640.000000000	24.5021015973	24.5975664191	25.2208788951	25.5141943484	23.9253631651	26.3388779546	-60.1230244068	-61.1076592751	-0.000531673431396	-0.00118780136108	-0.000859737396240	-0.000859737396240	-94.6178526780	-273.150000000	NaN	NaN	NaN	0.00000000000	NaN	NaN	1.00000000000	0.00000000000	5.00000000000	0.00000000000


















3733299734.48	NaN	13.0000000000	120.000000000	0.00000000000	0.00000000000	NaN	0.00931262969971	-3.06191459222	1.02031707764	-3.02419697213	1.02392673492	2.52615928650	0.264606952667	0.0847849845886	2.59267929039	52.4245667038	0.103360843658	1015.32886530	0.00284147262573	0.000679183006287	0.000951576232910	200000.000000	16.0000000000	0.00000000000	166.000000000	232.000000000	5.00000000000	0.950000000000	-0.740000000000	22.3000000000	0.00000000000	104.000000000	32.0000000000	13011488.0000	2500.00000000	2000.00000000	206.200000000	6466.00000000	1700.00000000	6000.00000000	13314.0000000	5801.00000000	23.4081460007	23.5137486754	23.1798541774	-0.365118443319	23.6668057909	26.2141808083	24.1922097605	-10.8927789160	23.5243397747	23.2737861163	23.2758785345	23.8878234650	23.9764863670	22.7635844875	-12.4077104270	0.882295696942	0.00000000000	0.100000000000	0.0500000000000	-0.0117816925049	0.00000000000	50.4765625000	0.00000000000	-0.574414074421	0.00000000000	14.7562503815	15.0000000000	14.7500000000	14.9875001907	14.8312501907	-300.000000000	0.00000000000	NaN	0.00000000000	22.3056640625	25.0028381348	640.000000000	24.5021015973	24.5975664191	25.2208788951	25.5141943484	23.9253631651	26.3388779546	-60.1230244068	-61.1076592751	-0.000531673431396	-0.00118780136108	-0.000859737396240	-0.000859737396240	-94.6178526780	-273.150000000	NaN	NaN	NaN	0.00000000000	NaN	NaN	1.00000000000	0.00000000000	5.00000000000	0.00000000000


















3733299734.68	NaN	11.0000000000	113.000000000	0.00000000000	1.00000000000	NaN	0.0102968215942	-3.09212447352	1.02294206619	-2.94131703540	1.04131793976	2.52911233902	0.264606952667	0.0742845535278	2.41182717762	49.5691089478	0.101740343094	1015.32886530	0.00515174865723	0.000715923309326	0.000965976715088	200000.000000	16.0000000000	0.00000000000	166.000000000	232.000000000	5.00000000000	0.950000000000	-0.740000000000	22.3000000000	0.00000000000	104.000000000	32.0000000000	13011488.0000	2500.00000000	2000.00000000	206.200000000	6466.00000000	1700.00000000	6000.00000000	13314.0000000	5801.00000000	23.4081460007	23.5137486754	23.1798541774	-0.365118443319	23.6668057909	26.2141808083	24.1922097605	-10.8927789160	23.5243397747	23.2737861163	23.2758785345	23.8878234650	23.9764863670	22.7635844875	-12.4077104270	0.882295696942	0.00000000000	0.100000000000	0.0500000000000	-0.00548009872437	0.00000000000	50.7968750000	0.00000000000	-0.569531261921	0.00000000000	14.7562503815	15.0000000000	14.7500000000	14.9875001907	14.8312501907	-300.000000000	1451.67921303	NaN	0.00000000000	22.3056640625	25.0028381348	640.000000000	24.5021015973	24.5975664191	25.2208788951	25.5141943484	23.9253631651	26.3388779546	-60.1230244068	-61.1076592751	-0.000531673431396	-0.00118780136108	-0.000859737396240	-0.000859737396240	-94.6178526780	-273.150000000	NaN	NaN	NaN	0.00000000000	NaN	NaN	1.00000000000	0.00000000000	5.00000000000	0.00000000000

















3733299734.88	NaN	16.0000000000	130.000000000	1.00000000000	1.00000000000	NaN	0.00471878051758	-3.03173774501	1.02589559555	-3.00157193761	1.02392673492	2.53337812424	0.264278411865	0.0834727287292	2.54508371716	54.3283896332	0.0985016956329	1015.28521311	0.00985050201416	0.000716638565063	0.000965976715088	200000.000000	16.0000000000	0.00000000000	166.000000000	232.000000000	5.00000000000	0.950000000000	-0.740000000000	22.3000000000	0.00000000000	104.000000000	32.0000000000	13011488.0000	2500.00000000	2000.00000000	206.200000000	6466.00000000	1700.00000000	6000.00000000	13314.0000000	5801.00000000	23.4081460007	23.5137486754	23.1798541774	-0.365118443319	23.6668057909	26.2141808083	24.1922097605	-10.8927789160	23.5243397747	23.2737861163	23.2758785345	23.8878234650	23.9764863670	22.7635844875	-12.4077104270	0.882295696942	0.00000000000	0.100000000000	0.0500000000000	-0.00668759346008	0.00000000000	50.7968750000	0.00000000000	-0.569531261921	0.00000000000	14.7562503815	15.1125001907	14.7500000000	14.9875001907	14.8312501907	-300.000000000	1239.02921608	NaN	0.00000000000	22.3034667969	25.0045471191	640.000000000	24.5021015973	24.5975664191	25.2208788951	25.5141943484	23.9253631651	26.3388779546	-60.1230244068	-61.1076592751	-0.000531673431396	-0.00118780136108	-0.000859737396240	-0.000859737396240	-94.6178526780	-273.150000000	NaN	NaN	NaN	0.00000000000	NaN	NaN	1.00000000000	0.00000000000	5.00000000000	0.00000000000


















3733299735.08	NaN	9.00000000000	127.000000000	0.00000000000	1.00000000000	NaN	0.0125937461853	-3.02419697213	1.02655172348	-2.94884274900	1.03016138077	2.44117021561	0.260012626648	0.0824880599976	2.53556736889	53.7571320992	0.0993113574982	1015.19784528	0.00999498367310	0.000702881813049	0.00100405216217	200000.000000	16.0000000000	0.00000000000	166.000000000	232.000000000	5.00000000000	0.950000000000	-0.740000000000	22.3000000000	0.00000000000	104.000000000	32.0000000000	13011488.0000	2500.00000000	2000.00000000	206.200000000	6466.00000000	1700.00000000	6000.00000000	13314.0000000	5801.00000000	23.4081460007	23.5137486754	23.1798541774	-0.365118443319	23.6668057909	26.2141808083	24.1922097605	-10.8927789160	23.5243397747	23.2737861163	23.2758785345	23.8878234650	23.9764863670	22.7635844875	-12.4077104270	0.882295696942	0.00000000000	0.100000000000	0.0500000000000	-0.00794243812561	0.00000000000	47.7695312500	-0.000390625005821	-0.573437511921	0.00000000000	14.7562503815	15.1125001907	14.7500000000	14.9875001907	14.8312501907	-300.000000000	1571.29323058	NaN	0.00000000000	22.3034667969	25.0045471191	640.000000000	24.5021015973	24.5975664191	25.2208788951	25.5964308658	23.9253631651	26.3388779546	-60.1230244068	-61.1076592751	-0.000531673431396	-0.00118780136108	-0.000859737396240	-0.000859737396240	-94.6178526780	-273.150000000	NaN	NaN	NaN	0.00000000000	NaN	NaN	1.00000000000	0.00000000000	5.00000000000	0.00000000000

















3733299735.28	NaN	16.0000000000	127.000000000	1.00000000000	0.00000000000	NaN	0.0132503509521	-3.09967765529	1.02359819412	-3.04682341551	1.02819252014	2.43592023849	0.260669231415	0.0821599960327	2.49748814392	53.5668051338	0.105789829254	1015.37251749	0.00827550888062	0.000704813003540	0.000954866409302	200000.000000	16.0000000000	0.00000000000	166.000000000	232.000000000	5.00000000000	0.950000000000	-0.740000000000	22.3000000000	0.00000000000	104.000000000	32.0000000000	13011488.0000	2500.00000000	2000.00000000	206.200000000	6466.00000000	1700.00000000	6000.00000000	13314.0000000	5801.00000000	23.4081460007	23.5137486754	23.1798541774	-0.365118443319	23.6668057909	26.2141808083	24.1922097605	-10.8927789160	23.5243397747	23.2737861163	23.2758785345	23.8878234650	23.9764863670	22.7635844875	-12.4077104270	0.882295696942	0.00000000000	0.100000000000	0.0500000000000	-0.0119391918182	0.00000000000	47.7695312500	-0.000390625005821	-0.573437511921	0.00000000000	14.7562503815	15.0000000000	14.7500000000	14.9812498093	14.8312501907	-300.000000000	0.00000000000	NaN	0.00000000000	22.3017272949	24.9997863770	640.000000000	24.5021015973	24.5975664191	25.2208788951	25.5964308658	23.9253631651	26.3388779546	-60.1230244068	-61.1076592751	-0.000531673431396	-0.00118780136108	-0.000859737396240	-0.000859737396240	-94.6178526780	-273.150000000	NaN	NaN	NaN	0.00000000000	NaN	NaN	1.00000000000	0.00000000000	5.00000000000	0.00000000000

















3733299735.48	NaN	15.0000000000	120.000000000	0.00000000000	1.00000000000	NaN	0.0165314674377	-2.85860208264	1.02884864807	-3.01664661540	1.02425479889	2.44510793686	0.261325359344	0.0811758041382	2.49748814392	55.6609550285	0.100930681229	1015.37251749	0.0119509696960	0.000685071945190	0.000948953628540	200000.000000	16.0000000000	0.00000000000	166.000000000	232.000000000	5.00000000000	0.950000000000	-0.740000000000	22.3000000000	0.00000000000	104.000000000	32.0000000000	13011488.0000	2500.00000000	2000.00000000	206.200000000	6466.00000000	1700.00000000	6000.00000000	13314.0000000	5801.00000000	23.4081460007	23.5137486754	23.1798541774	-0.365118443319	23.6668057909	26.2141808083	24.1922097605	-10.8927789160	23.5243397747	23.2737861163	23.2758785345	23.8878234650	23.9764863670	22.7635844875	-12.4077104270	0.882295696942	0.00000000000	0.100000000000	0.0500000000000	-0.00963954925537	0.00000000000	54.4003906250	0.00000000000	-0.569921910763	0.00000000000	14.7562503815	15.0000000000	14.7500000000	14.9812498093	14.8312501907	-300.000000000	1398.45097522	NaN	0.00000000000	22.3017272949	24.9997863770	640.000000000	24.5021015973	24.5975664191	25.2208788951	25.5964308658	23.9253631651	26.3388779546	-60.1230244068	-61.1076592751	-0.000531673431396	-0.00118780136108	-0.000859737396240	-0.000859737396240	-94.6178526780	-273.150000000	NaN	NaN	NaN	0.00000000000	NaN	NaN	1.00000000000	0.00000000000	5.00000000000	0.00000000000


















3733299735.68	NaN	13.0000000000	116.000000000	0.00000000000	2.00000000000	NaN	0.00176525115967	-2.98650274234	1.03311443329	-2.90369796184	1.03147363663	2.44510793686	0.263622283936	0.0716595649719	2.52603718872	55.8512819939	0.0960715332031	1015.41616968	0.0110187530518	0.000702118873596	0.00100145339966	200000.000000	16.0000000000	0.00000000000	166.000000000	232.000000000	5.00000000000	0.950000000000	-0.740000000000	22.3000000000	0.00000000000	104.000000000	32.0000000000	13011488.0000	2500.00000000	2000.00000000	206.200000000	6466.00000000	1700.00000000	6000.00000000	13314.0000000	5801.00000000	23.4081460007	23.5137486754	23.1798541774	-0.365118443319	23.6668057909	26.2141808083	24.1922097605	-10.8927789160	23.5243397747	23.2737861163	23.2758785345	23.8878234650	23.9764863670	22.7635844875	-12.4077104270	0.882295696942	0.00000000000	0.100000000000	0.0500000000000	-0.0138961791992	0.00000000000	54.4003906250	0.00000000000	-0.569921910763	0.00000000000	14.7500000000	15.0812501907	14.7500000000	14.9812498093	14.8312501907	-300.000000000	3003.40618779	NaN	0.00000000000	22.3017272949	24.9997863770	640.000000000	24.5021015973	24.5975664191	25.2208788951	25.5964308658	23.9253631651	26.3388779546	-60.1230244068	-61.1076592751	-0.000531673431396	-0.00118780136108	-0.000859737396240	-0.000859737396240	-94.6178526780	-273.150000000	NaN	NaN	NaN	0.00000000000	NaN	NaN	1.00000000000	0.00000000000	5.00000000000	0.00000000000

