Time_s	SO2_ppt	Signal_Dk_Counts	Ref_Dk_Counts	Signal_LIF_Counts	Ref_LIF_Counts	Cal_SB_MFC_Read_NA	Preamp_LD1_PD_Read	Preamp_LD1_T_Read	Preamp_LD2_PD_Read	Preamp_LD2_T_Read	Seed_Laser_PD	DC24V_mon	Main_Pump_1_PD	Main_Pump_2_PD	SO2_Lo_P	SO2_Hi_P	Cell_Flow	Cell_Pressure	EOM_Output_PD	Laser_Power_PT_0	Laser_Power_PT_1	Rep_Rate_Hz	seed_delay_ticks	regen_gate_delay_ticks	regen_gate_length_ticks	counting_gate_delay_ticks	counting_gate_length_ticks	Mod_DC_Fine	Mod_DC_Coarse	seed_laser_T_set	main_LD_current_set	Binary_Out	Binary_In	Binary_Settings	BV_MF_Set_cRIO	BV_MF_Set_Arduino	BV_MF_Read	BV_MF_Position	BV_P_Set_cRIO	BV_P_Set_Arduino	BV_P_Read	BV_P_Position	T_EOM	T_Main_LD_1	T_Main_LD_2	T_Pump_Plate	T_laser_Box	T_LIF_Cell	T_NLO_Plate	T_AIR_IN	T_COMPUTER	T_THERM_BOARD	T10	T11	T12	T13	T14	T15	Task	MF_Gain	P_Gain	Seed_PD	Inlet_ZA_MFC_Read	Cal_ZA_MFC_Read	Ref_ZA_MFC_Read	Cal_SO2_MFC_Read	ZA_SB_MFC_Read	Inlet_ZA_MFC_P	Cal_ZA_MFC_P	Ref_ZA_MFC_P	Cal_SO2_MFC_P	ZA_SB_MFC_P	BBO_Position	Ref_Signal	Ref_Online	Ref_Offline	Seed_Laser_T_Read	SOA_T_Read	PC_Pressure	T_board_main_LD1	T_board_main_LD2	T_board_LIF_cell	T_board_REF_cell	Thermistor_5	T_board_NLO	Thermistor_7	Thermistor_8 	Thermistor_9	Thermistor_10	Thermistor_11	Thermistor_12	Thermistor_13	Thermistor_14	Thermistor_15	Thermistor_16	Sig_Online	Sig_Offline	Seed_Online_V	Seed_Offline_V	Ref_Solenoid	Cal_SB_Vl	SO2_Cal_MFC_Set_P	Inlet_ZA_MFC_Set_P	Dither_Remain_Min

3733294937.45	NaN	59.0000000000	577.000000000	0.00000000000	0.00000000000	NaN	0.0116095542908	-7.32669131368	1.06921005249	0.356233914307	1.01703548431	2.50089216232	0.262309551239	0.0841288566589	1.86925700741	98.6850848007	0.0904027233124	1016.20209947	0.0758466720581	0.000636518001556	0.00231003761292	200000.000000	16.0000000000	0.00000000000	166.000000000	232.000000000	5.00000000000	0.950000000000	-0.740000000000	22.3000000000	0.00000000000	96.0000000000	32.0000000000	13011496.0000	2500.00000000	2000.00000000	206.200000000	6466.00000000	1700.00000000	6000.00000000	13314.0000000	5801.00000000	23.4081460007	23.5137486754	23.1798541774	-0.365118443319	23.6668057909	26.2141808083	24.1922097605	-10.8927789160	23.5243397747	23.2737861163	23.2758785345	23.8878234650	23.9764863670	22.7635844875	-12.4077104270	0.882295696942	0.00000000000	0.100000000000	0.0500000000000	1.96453351974	0.00000000000	0.00000000000	0.00000000000	0.00000000000	0.00000000000	14.7624998093	14.7624998093	14.7562503815	14.7624998093	14.8265628815	-300.000000000	0.00000000000	NaN	0.00000000000	19.9997558594	24.9996643066	251.503906250	29.9943402615	31.3120882759	23.1364929271	23.4029566894	-87.9203927013	23.6465640125	NaN	-84.6263354306	-0.000531673431396	-0.000859737396240	-0.000859737396240	-0.000531673431396	22.2854992685	NaN	NaN	NaN	NaN	0.00000000000	NaN	NaN	0.00000000000	0.00000000000	5.00000000000	0.00000000000













3733294937.65	NaN	15.0000000000	138.000000000	1.00000000000	0.00000000000	NaN	0.00964069366455	-7.47074257316	0.879216194153	-6.45820551739	0.926796436310	2.48054742813	0.262638092041	0.0723156929016	2.18337949162	48.8075244484	0.0928328857422	1016.33311949	-0.00416755676270	0.000658178329468	0.000948929786682	200000.000000	16.0000000000	0.00000000000	166.000000000	232.000000000	5.00000000000	0.950000000000	-0.740000000000	22.3000000000	0.00000000000	96.0000000000	32.0000000000	13011488.0000	2500.00000000	2000.00000000	206.200000000	6466.00000000	1700.00000000	6000.00000000	13314.0000000	5801.00000000	23.4081460007	23.5137486754	23.1798541774	-0.365118443319	23.6668057909	26.2141808083	24.1922097605	-10.8927789160	23.5243397747	23.2737861163	23.2758785345	23.8878234650	23.9764863670	22.7635844875	-12.4077104270	0.882295696942	0.00000000000	0.100000000000	0.0500000000000	0.00726237297058	0.00000000000	0.00000000000	0.00000000000	0.00000000000	0.00000000000	14.7624998093	14.7624998093	14.7562503815	14.7624998093	14.8265628815	-300.000000000	0.00000000000	NaN	0.00000000000	24.3601684570	25.0002136230	251.503906250	NaN	-273.150000000	-273.150000000	-273.150000000	-273.150000000	-273.150000000	-273.150000000	-273.150000000	0.00000000000	0.00000000000	0.00000000000	0.00000000000	-273.150000000	-273.150000000	-273.150000000	-273.150000000	NaN	0.00000000000	NaN	NaN	0.00000000000	0.00000000000	5.00000000000	0.00000000000

















3733294937.85	NaN	15.0000000000	122.000000000	0.00000000000	1.00000000000	NaN	0.00767183303833	-7.36053515707	0.870684623718	-7.34361522982	0.852308273315	2.48579788208	0.262966156006	0.0854415893555	2.44989257069	54.3283896332	0.0912123851776	1016.50772825	-0.00473213195801	0.000665378570557	0.000966668128967	200000.000000	16.0000000000	0.00000000000	166.000000000	232.000000000	5.00000000000	0.950000000000	-0.740000000000	22.3000000000	0.00000000000	96.0000000000	32.0000000000	13011488.0000	2500.00000000	2000.00000000	206.200000000	6466.00000000	1700.00000000	6000.00000000	13314.0000000	5801.00000000	23.4081460007	23.5137486754	23.1798541774	-0.365118443319	23.6668057909	26.2141808083	24.1922097605	-10.8927789160	23.5243397747	23.2737861163	23.2758785345	23.8878234650	23.9764863670	22.7635844875	-12.4077104270	0.882295696942	0.00000000000	0.100000000000	0.0500000000000	0.00337452888489	0.00000000000	0.00000000000	0.00000000000	0.00000000000	0.00000000000	14.7624998093	14.7624998093	14.7562503815	14.7624998093	14.8265628815	-300.000000000	1540.14424584	NaN	0.00000000000	24.3603820801	25.0003051758	251.503906250	NaN	-273.150000000	-273.150000000	-273.150000000	-273.150000000	-273.150000000	-273.150000000	-273.150000000	0.00000000000	0.00000000000	0.00000000000	0.00000000000	-273.150000000	-273.150000000	-273.150000000	-273.150000000	NaN	0.00000000000	NaN	NaN	0.00000000000	0.00000000000	5.00000000000	0.00000000000


















3733294938.05	NaN	12.0000000000	97.0000000000	0.00000000000	2.00000000000	NaN	0.0119376182556	-7.46225441893	0.869371891022	-7.39441227269	0.845417499542	2.48350048065	0.262638092041	0.0841288566589	2.44989257069	55.4706280632	0.0920232238770	1016.33311949	-0.00542736053467	0.000638484954834	0.000950908660889	200000.000000	16.0000000000	0.00000000000	166.000000000	232.000000000	5.00000000000	0.950000000000	-0.740000000000	22.3000000000	0.00000000000	96.0000000000	32.0000000000	13011488.0000	2500.00000000	2000.00000000	206.200000000	6466.00000000	1700.00000000	6000.00000000	13314.0000000	5801.00000000	23.4081460007	23.5137486754	23.1798541774	-0.365118443319	23.6668057909	26.2141808083	24.1922097605	-10.8927789160	23.5243397747	23.2737861163	23.2758785345	23.8878234650	23.9764863670	22.7635844875	-12.4077104270	0.882295696942	0.00000000000	0.100000000000	0.0500000000000	0.00332469940186	0.00000000000	0.00000000000	0.00000000000	0.00000000000	0.00000000000	14.7624998093	14.7624998093	14.7562503815	14.7624998093	14.8406257629	-300.000000000	3486.27939448	NaN	0.00000000000	24.3603820801	25.0003051758	640.000000000	NaN	-273.150000000	-273.150000000	-273.150000000	-273.150000000	-273.150000000	-273.150000000	-273.150000000	0.00000000000	0.00000000000	0.00000000000	0.00000000000	-273.150000000	-273.150000000	-273.150000000	-273.150000000	NaN	0.00000000000	NaN	NaN	0.00000000000	0.00000000000	5.00000000000	0.00000000000

















3733294938.25	NaN	15.0000000000	121.000000000	0.00000000000	1.00000000000	NaN	0.0125937461853	-7.46225441893	0.868715763092	-7.41983276900	0.847058296204	2.48251628876	0.262309551239	0.0815038681030	2.25952410965	51.6629822044	0.0895930614471	1016.20209947	-0.00569009780884	0.000657534599304	0.000944375991821	200000.000000	16.0000000000	0.00000000000	166.000000000	232.000000000	5.00000000000	0.950000000000	-0.740000000000	22.3000000000	0.00000000000	96.0000000000	32.0000000000	13011488.0000	2500.00000000	2000.00000000	206.200000000	6466.00000000	1700.00000000	6000.00000000	13314.0000000	5801.00000000	23.4081460007	23.5137486754	23.1798541774	-0.365118443319	23.6668057909	26.2141808083	24.1922097605	-10.8927789160	23.5243397747	23.2737861163	23.2758785345	23.8878234650	23.9764863670	22.7635844875	-12.4077104270	0.882295696942	0.00000000000	0.100000000000	0.0500000000000	0.00153555870056	0.00000000000	0.00000000000	0.00000000000	0.00000000000	0.00000000000	14.7624998093	14.7624998093	14.7562503815	14.7624998093	14.8406257629	-300.000000000	1638.80973658	NaN	0.00000000000	24.3603820801	25.0003051758	640.000000000	NaN	-273.150000000	-273.150000000	-273.150000000	-273.150000000	-273.150000000	-273.150000000	-273.150000000	0.00000000000	0.00000000000	0.00000000000	0.00000000000	-273.150000000	-273.150000000	-273.150000000	-273.150000000	NaN	0.00000000000	NaN	NaN	0.00000000000	0.00000000000	5.00000000000	0.00000000000

















3733294938.45	NaN	7.00000000000	104.000000000	1.00000000000	1.00000000000	NaN	0.00898456573486	-7.48773752877	0.870684623718	-7.41135718263	0.845089435577	2.47923469543	0.261981487274	0.0844569206238	2.45940891895	54.1380626678	0.0928328857422	1016.42042387	-0.00528335571289	0.000681781768799	0.000950932502747	200000.000000	16.0000000000	0.00000000000	166.000000000	232.000000000	5.00000000000	0.950000000000	-0.740000000000	22.3000000000	0.00000000000	96.0000000000	32.0000000000	13011488.0000	2500.00000000	2000.00000000	206.200000000	6466.00000000	1700.00000000	6000.00000000	13314.0000000	5801.00000000	23.4081460007	23.5137486754	23.1798541774	-0.365118443319	23.6668057909	26.2141808083	24.1922097605	-10.8927789160	23.5243397747	23.2737861163	23.2758785345	23.8878234650	23.9764863670	22.7635844875	-12.4077104270	0.882295696942	0.00000000000	0.100000000000	0.0500000000000	0.00490231513977	0.00000000000	0.00000000000	0.00000000000	0.00000000000	0.00000000000	14.7624998093	14.7624998093	14.7562503815	14.7624998093	14.8406257629	-300.000000000	1540.14424584	NaN	0.00000000000	24.3610229492	25.0002136230	640.000000000	NaN	-273.150000000	-273.150000000	-273.150000000	-273.150000000	-273.150000000	-273.150000000	-273.150000000	0.00000000000	0.00000000000	0.00000000000	0.00000000000	-273.150000000	-273.150000000	-273.150000000	-273.150000000	NaN	0.00000000000	NaN	NaN	0.00000000000	0.00000000000	5.00000000000	0.00000000000

















3733294938.65	NaN	19.0000000000	121.000000000	0.00000000000	0.00000000000	NaN	0.00832796096802	-7.42831044525	0.872324943542	-7.42831044525	0.843776702881	2.50942373276	0.263622283936	0.0854415893555	2.43085987415	52.8052206345	0.0928328857422	1016.37677168	-0.00575590133667	0.000681805610657	0.000944328308105	200000.000000	16.0000000000	0.00000000000	166.000000000	232.000000000	5.00000000000	0.950000000000	-0.740000000000	22.3000000000	0.00000000000	96.0000000000	32.0000000000	13011488.0000	2500.00000000	2000.00000000	206.200000000	6466.00000000	1700.00000000	6000.00000000	13314.0000000	5801.00000000	23.4081460007	23.5137486754	23.1798541774	-0.365118443319	23.6668057909	26.2141808083	24.1922097605	-10.8927789160	23.5243397747	23.2737861163	23.2758785345	23.8878234650	23.9764863670	22.7635844875	-12.4077104270	0.882295696942	0.00000000000	0.100000000000	0.0500000000000	0.00323138237000	0.00000000000	0.00000000000	0.00000000000	0.00000000000	0.00000000000	14.7624998093	14.7937498093	14.6312503815	14.8874998093	14.8406257629	-300.000000000	0.00000000000	NaN	0.00000000000	24.3610229492	25.0002136230	640.000000000	NaN	24.6393490160	-273.150000000	-273.150000000	-273.150000000	-273.150000000	-273.150000000	-273.150000000	0.00000000000	0.00000000000	0.00000000000	0.00000000000	-273.150000000	-273.150000000	-273.150000000	-273.150000000	NaN	0.00000000000	NaN	NaN	0.00000000000	0.00000000000	5.00000000000	0.00000000000

















3733294938.85	NaN	10.0000000000	128.000000000	0.00000000000	1.00000000000	NaN	0.0102968215942	-7.53023091262	0.871996879578	-7.41135718263	0.845089435577	2.50975179672	0.262638092041	0.0851130485535	2.44989257069	54.1380626678	0.0944522094727	1016.37677168	-0.00534868240356	0.000681829452515	0.000983691215515	200000.000000	16.0000000000	0.00000000000	166.000000000	232.000000000	5.00000000000	0.950000000000	-0.740000000000	22.3000000000	0.00000000000	96.0000000000	32.0000000000	13011488.0000	2500.00000000	2000.00000000	206.200000000	6466.00000000	1700.00000000	6000.00000000	13314.0000000	5801.00000000	23.4081460007	23.5137486754	23.1798541774	-0.365118443319	23.6668057909	26.2141808083	24.1922097605	-10.8927789160	23.5243397747	23.2737861163	23.2758785345	23.8878234650	23.9764863670	22.7635844875	-12.4077104270	0.882295696942	0.00000000000	0.100000000000	0.0500000000000	0.00453085899353	0.00000000000	8.26953125000	10.0488281250	-4.32832050323	0.156250000000	14.7624998093	14.7937498093	14.6312503815	14.8874998093	14.8406257629	-300.000000000	1451.67921303	NaN	0.00000000000	24.3610839844	25.0003662109	640.000000000	NaN	24.6393490160	-273.150000000	-273.150000000	-273.150000000	-273.150000000	-273.150000000	-273.150000000	0.00000000000	0.00000000000	0.00000000000	0.00000000000	-273.150000000	-273.150000000	-273.150000000	-273.150000000	NaN	0.00000000000	NaN	NaN	0.00000000000	0.00000000000	5.00000000000	0.00000000000

















3733294939.05	NaN	8.00000000000	121.000000000	0.00000000000	1.00000000000	NaN	0.0152192115784	-7.47074257316	0.871996879578	-7.41135718263	0.844433307648	2.51106452942	0.262309551239	0.0851130485535	2.43085987415	55.4706280632	0.0879737377167	1016.37677168	-0.00607061386108	0.000690412521362	0.000955510139465	200000.000000	16.0000000000	0.00000000000	166.000000000	232.000000000	5.00000000000	0.950000000000	-0.740000000000	22.3000000000	0.00000000000	96.0000000000	32.0000000000	13011488.0000	2500.00000000	2000.00000000	206.200000000	6466.00000000	1700.00000000	6000.00000000	13314.0000000	5801.00000000	23.4081460007	23.5137486754	23.1798541774	-0.365118443319	23.6668057909	26.2141808083	24.1922097605	-10.8927789160	23.5243397747	23.2737861163	23.2758785345	23.8878234650	23.9764863670	22.7635844875	-12.4077104270	0.882295696942	0.00000000000	0.100000000000	0.0500000000000	0.00312509536743	0.00000000000	8.26953125000	10.0488281250	-4.32832050323	0.156250000000	14.7624998093	14.8000001907	14.7437505722	14.9750003815	14.8406257629	-300.000000000	1509.11975743	NaN	0.00000000000	24.3610839844	25.0003662109	640.000000000	NaN	24.6393490160	-273.150000000	-273.150000000	-273.150000000	-273.150000000	-273.150000000	-273.150000000	0.00000000000	0.00000000000	0.00000000000	0.00000000000	-273.150000000	-273.150000000	-273.150000000	-273.150000000	NaN	0.00000000000	NaN	NaN	0.00000000000	0.00000000000	5.00000000000	0.00000000000


















3733294939.25	NaN	8.00000000000	144.000000000	0.00000000000	0.00000000000	NaN	0.0119376182556	-7.41135718263	0.873309612274	-7.35207415529	0.850339412689	2.51237726212	0.262966156006	0.0775661468506	2.09770469341	49.5691089478	0.0928328857422	1016.68240047	-0.00584745407104	0.000664758682251	0.000973868370056	200000.000000	16.0000000000	0.00000000000	166.000000000	232.000000000	5.00000000000	0.950000000000	-0.740000000000	22.3000000000	0.00000000000	96.0000000000	32.0000000000	13011488.0000	2500.00000000	2000.00000000	206.200000000	6466.00000000	1700.00000000	6000.00000000	13314.0000000	5801.00000000	23.4081460007	23.5137486754	23.1798541774	-0.365118443319	23.6668057909	26.2141808083	24.1922097605	-10.8927789160	23.5243397747	23.2737861163	23.2758785345	23.8878234650	23.9764863670	22.7635844875	-12.4077104270	0.882295696942	0.00000000000	0.100000000000	0.0500000000000	0.00175743103027	0.00000000000	9.51171875000	11.9109373093	-6.20917987823	0.449218750000	14.7624998093	14.8000001907	14.7437505722	14.9750003815	14.8406257629	-300.000000000	0.00000000000	NaN	0.00000000000	24.3610839844	25.0002136230	640.000000000	NaN	24.6393490160	-273.150000000	-273.150000000	-273.150000000	-273.150000000	-273.150000000	-273.150000000	0.00000000000	0.00000000000	0.00000000000	0.00000000000	-273.150000000	-273.150000000	-273.150000000	-273.150000000	NaN	0.00000000000	NaN	NaN	0.00000000000	0.00000000000	5.00000000000	0.00000000000

















3733294939.45	NaN	16.0000000000	98.0000000000	0.00000000000	2.00000000000	NaN	0.00996875762939	-7.50472855962	0.871996879578	-7.47074257316	0.843448638916	2.51106452942	0.263294219971	0.0867538452148	2.44037622242	53.3764781685	0.0895930614471	1016.33311949	-0.00567674636841	0.000676584243774	0.000937104225159	200000.000000	16.0000000000	0.00000000000	166.000000000	232.000000000	5.00000000000	0.950000000000	-0.740000000000	22.3000000000	0.00000000000	96.0000000000	32.0000000000	13011488.0000	2500.00000000	2000.00000000	206.200000000	6466.00000000	1700.00000000	6000.00000000	13314.0000000	5801.00000000	23.4081460007	23.5137486754	23.1798541774	-0.365118443319	23.6668057909	26.2141808083	24.1922097605	-10.8927789160	23.5243397747	23.2737861163	23.2758785345	23.8878234650	23.9764863670	22.7635844875	-12.4077104270	0.882295696942	0.00000000000	0.100000000000	0.0500000000000	0.00319080352783	0.00000000000	9.51171875000	11.9109373093	-6.20917987823	0.449218750000	14.7624998093	14.8000001907	14.7562503815	14.8750000000	14.8429689407	-300.000000000	2960.72895247	NaN	0.00000000000	24.3616333008	25.0002136230	640.000000000	NaN	24.6393490160	-273.150000000	-273.150000000	-273.150000000	-273.150000000	-273.150000000	-273.150000000	0.00000000000	0.00000000000	0.00000000000	0.00000000000	-273.150000000	-273.150000000	-273.150000000	-273.150000000	NaN	0.00000000000	NaN	NaN	0.00000000000	0.00000000000	5.00000000000	0.00000000000

















3733294939.65	NaN	11.0000000000	136.000000000	0.00000000000	1.00000000000	NaN	0.0135784149170	-7.49623199156	0.872653484344	-7.40288368442	0.842792510986	2.51303339005	0.263622283936	0.0857696533203	2.44037622242	55.2803010979	0.0904027233124	1016.28946730	-0.00629377365112	0.000660800933838	0.000948953628540	200000.000000	16.0000000000	0.00000000000	166.000000000	232.000000000	5.00000000000	0.950000000000	-0.740000000000	22.3000000000	0.00000000000	96.0000000000	32.0000000000	13011488.0000	2500.00000000	2000.00000000	206.200000000	6466.00000000	1700.00000000	6000.00000000	13314.0000000	5801.00000000	23.4081460007	23.5137486754	23.1798541774	-0.365118443319	23.6668057909	26.2141808083	24.1922097605	-10.8927789160	23.5243397747	23.2737861163	23.2758785345	23.8878234650	23.9764863670	22.7635844875	-12.4077104270	0.882295696942	0.00000000000	0.100000000000	0.0500000000000	0.00477643013000	0.00000000000	9.78906250000	12.3140630722	-6.39980459213	0.644531250000	14.7624998093	14.8000001907	14.7562503815	14.8750000000	14.8429689407	-300.000000000	1480.36447624	NaN	0.00000000000	24.3616333008	25.0002136230	640.000000000	NaN	24.6393490160	25.1974366372	-273.150000000	-273.150000000	-273.150000000	-273.150000000	-273.150000000	0.00000000000	0.00000000000	0.00000000000	0.00000000000	-273.150000000	-273.150000000	-273.150000000	-273.150000000	NaN	0.00000000000	NaN	NaN	0.00000000000	0.00000000000	5.00000000000	0.00000000000

















3733294939.85	NaN	12.0000000000	128.000000000	0.00000000000	1.00000000000	NaN	0.0106253623962	-7.49623199156	0.871996879578	-7.44528440398	0.844433307648	2.51467418671	0.263294219971	0.0857696533203	2.44989257069	53.9474590645	0.0920232238770	1016.28946730	-0.00600528717041	0.000684428215027	0.000964069366455	200000.000000	16.0000000000	0.00000000000	166.000000000	232.000000000	5.00000000000	0.950000000000	-0.740000000000	22.3000000000	0.00000000000	96.0000000000	32.0000000000	13011488.0000	2500.00000000	2000.00000000	206.200000000	6466.00000000	1700.00000000	6000.00000000	13314.0000000	5801.00000000	23.4081460007	23.5137486754	23.1798541774	-0.365118443319	23.6668057909	26.2141808083	24.1922097605	-10.8927789160	23.5243397747	23.2737861163	23.2758785345	23.8878234650	23.9764863670	22.7635844875	-12.4077104270	0.882295696942	0.00000000000	0.100000000000	0.0500000000000	0.00438642501831	0.00000000000	9.78906250000	12.3140630722	-6.39980459213	0.644531250000	14.7624998093	14.8000001907	14.7500000000	14.8312501907	14.8406257629	-300.000000000	1398.45097522	NaN	0.00000000000	24.3619689941	25.0000000000	640.000000000	NaN	24.6393490160	25.1974366372	-273.150000000	-273.150000000	-273.150000000	-273.150000000	-273.150000000	0.00000000000	0.00000000000	0.00000000000	0.00000000000	-273.150000000	-273.150000000	-273.150000000	-273.150000000	NaN	0.00000000000	NaN	NaN	0.00000000000	0.00000000000	5.00000000000	0.00000000000

















3733294940.05	NaN	12.0000000000	127.000000000	0.00000000000	2.00000000000	NaN	0.00570297241211	-7.42831044525	0.874293804169	-7.41135718263	0.843776702881	2.51303339005	0.264606952667	0.0860977172852	2.44037622242	54.5187165985	0.0920232238770	1016.37677168	-0.00647783279419	0.000662708282471	0.000937724113464	200000.000000	16.0000000000	0.00000000000	166.000000000	232.000000000	5.00000000000	0.950000000000	-0.740000000000	22.3000000000	0.00000000000	96.0000000000	32.0000000000	13011488.0000	2500.00000000	2000.00000000	206.200000000	6466.00000000	1700.00000000	6000.00000000	13314.0000000	5801.00000000	23.4081460007	23.5137486754	23.1798541774	-0.365118443319	23.6668057909	26.2141808083	24.1922097605	-10.8927789160	23.5243397747	23.2737861163	23.2758785345	23.8878234650	23.9764863670	22.7635844875	-12.4077104270	0.882295696942	0.00000000000	0.100000000000	0.0500000000000	0.00310020446777	0.00000000000	9.87304687500	12.4183597565	-6.39980459213	0.625000000000	14.7624998093	14.8000001907	14.7500000000	14.8312501907	14.8406257629	-300.000000000	3020.50872207	NaN	0.00000000000	24.3619689941	25.0000000000	640.000000000	NaN	24.6393490160	25.1974366372	-273.150000000	-273.150000000	-273.150000000	-273.150000000	-273.150000000	0.00000000000	0.00000000000	0.00000000000	0.00000000000	-273.150000000	-273.150000000	-273.150000000	-273.150000000	NaN	0.00000000000	NaN	NaN	0.00000000000	0.00000000000	5.00000000000	0.00000000000

















3733294940.25	NaN	16.0000000000	104.000000000	0.00000000000	1.00000000000	NaN	0.0122656822205	-7.47923282751	0.871668815613	-7.41983276900	0.846730232239	2.51500225067	0.262966156006	0.0818319320679	2.25000776138	50.3304168091	0.0879737377167	1016.59509608	-0.00668764114380	0.000679826736450	0.000954866409302	200000.000000	16.0000000000	0.00000000000	166.000000000	232.000000000	5.00000000000	0.950000000000	-0.740000000000	22.3000000000	0.00000000000	96.0000000000	32.0000000000	13011488.0000	2500.00000000	2000.00000000	206.200000000	6466.00000000	1700.00000000	6000.00000000	13314.0000000	5801.00000000	23.4081460007	23.5137486754	23.1798541774	-0.365118443319	23.6668057909	26.2141808083	24.1922097605	-10.8927789160	23.5243397747	23.2737861163	23.2758785345	23.8878234650	23.9764863670	22.7635844875	-12.4077104270	0.882295696942	0.00000000000	0.100000000000	0.0500000000000	0.00207114219666	0.00000000000	9.87304687500	12.4183597565	-6.39980459213	0.625000000000	14.7624998093	14.8000001907	14.7562503815	14.8187503815	14.8406257629	-300.000000000	1604.95521257	NaN	0.00000000000	24.3619689941	25.0000000000	640.000000000	NaN	24.6393490160	25.1974366372	-273.150000000	-273.150000000	-273.150000000	-273.150000000	-273.150000000	0.00000000000	0.00000000000	0.00000000000	0.00000000000	-273.150000000	-273.150000000	-273.150000000	-273.150000000	NaN	0.00000000000	NaN	NaN	0.00000000000	0.00000000000	5.00000000000	0.00000000000


















3733294940.45	NaN	14.0000000000	133.000000000	0.00000000000	0.00000000000	NaN	0.0129222869873	-7.47923282751	0.871668815613	-7.41983276900	0.845417499542	2.51598691940	0.262638092041	0.0857696533203	2.43085987415	55.0896974945	0.0960715332031	1016.15844728	-0.00628089904785	0.000675892829895	0.000964689254761	200000.000000	16.0000000000	0.00000000000	166.000000000	232.000000000	5.00000000000	0.950000000000	-0.740000000000	22.3000000000	0.00000000000	96.0000000000	32.0000000000	13011488.0000	2500.00000000	2000.00000000	206.200000000	6466.00000000	1700.00000000	6000.00000000	13314.0000000	5801.00000000	23.4081460007	23.5137486754	23.1798541774	-0.365118443319	23.6668057909	26.2141808083	24.1922097605	-10.8927789160	23.5243397747	23.2737861163	23.2758785345	23.8878234650	23.9764863670	22.7635844875	-12.4077104270	0.882295696942	0.00000000000	0.100000000000	0.0500000000000	0.00304369926453	0.00000000000	9.90820312500	12.4476566315	-6.35507822037	0.585937500000	14.7624998093	14.8000001907	14.7562503815	14.8187503815	14.8406257629	-300.000000000	0.00000000000	NaN	0.00000000000	24.3621826172	25.0003051758	640.000000000	NaN	24.6393490160	25.1974366372	-273.150000000	-273.150000000	-273.150000000	-273.150000000	-273.150000000	0.00000000000	0.00000000000	0.00000000000	0.00000000000	-273.150000000	-273.150000000	-273.150000000	-273.150000000	NaN	0.00000000000	NaN	NaN	0.00000000000	0.00000000000	5.00000000000	0.00000000000

















3733294940.65	NaN	8.00000000000	121.000000000	0.00000000000	1.00000000000	NaN	0.0116095542908	-7.54725540575	0.873637676239	-7.40288368442	0.843448638916	2.46775007248	0.260669231415	0.0844569206238	2.43085987415	53.1861512032	0.0912123851776	1016.28946730	-0.00611019134521	0.000673890113831	0.000954246520996	200000.000000	16.0000000000	0.00000000000	166.000000000	232.000000000	5.00000000000	0.950000000000	-0.740000000000	22.3000000000	0.00000000000	96.0000000000	32.0000000000	13011488.0000	2500.00000000	2000.00000000	206.200000000	6466.00000000	1700.00000000	6000.00000000	13314.0000000	5801.00000000	23.4081460007	23.5137486754	23.1798541774	-0.365118443319	23.6668057909	26.2141808083	24.1922097605	-10.8927789160	23.5243397747	23.2737861163	23.2758785345	23.8878234650	23.9764863670	22.7635844875	-12.4077104270	0.882295696942	0.00000000000	0.100000000000	0.0500000000000	0.00266571044922	0.00000000000	9.90820312500	12.4476566315	-6.35507822037	0.585937500000	14.7624998093	14.8000001907	14.7562503815	14.8125000000	14.8406257629	-300.000000000	1398.45097522	NaN	0.00000000000	24.3621826172	25.0003051758	640.000000000	NaN	24.6393490160	25.1974366372	25.2853583816	-273.150000000	-273.150000000	-273.150000000	-273.150000000	0.00000000000	0.00000000000	0.00000000000	0.00000000000	-273.150000000	-273.150000000	-273.150000000	-273.150000000	NaN	0.00000000000	NaN	NaN	0.00000000000	0.00000000000	5.00000000000	0.00000000000

















3733294940.85	NaN	9.00000000000	126.000000000	0.00000000000	0.00000000000	NaN	0.0148911476135	-7.50472855962	0.871340751648	-7.45376836310	0.843448638916	2.47135925293	0.261653423309	0.0864257812500	2.44037622242	54.5187165985	0.0944522094727	1016.46407606	-0.00622797012329	0.000690412521362	0.000975203514099	200000.000000	16.0000000000	0.00000000000	166.000000000	232.000000000	5.00000000000	0.950000000000	-0.740000000000	22.3000000000	0.00000000000	96.0000000000	32.0000000000	13011488.0000	2500.00000000	2000.00000000	206.200000000	6466.00000000	1700.00000000	6000.00000000	13314.0000000	5801.00000000	23.4081460007	23.5137486754	23.1798541774	-0.365118443319	23.6668057909	26.2141808083	24.1922097605	-10.8927789160	23.5243397747	23.2737861163	23.2758785345	23.8878234650	23.9764863670	22.7635844875	-12.4077104270	0.882295696942	0.00000000000	0.100000000000	0.0500000000000	0.00270113945007	0.00000000000	9.92773437500	12.4605474472	-6.17363309860	0.429687500000	14.7624998093	14.8000001907	14.7562503815	14.8125000000	14.8406257629	-300.000000000	0.00000000000	NaN	0.00000000000	24.3626098633	25.0004577637	640.000000000	NaN	24.6393490160	25.1974366372	25.2853583816	-273.150000000	-273.150000000	-273.150000000	-273.150000000	0.00000000000	0.00000000000	0.00000000000	0.00000000000	-273.150000000	-273.150000000	-273.150000000	-273.150000000	NaN	0.00000000000	NaN	NaN	0.00000000000	0.00000000000	5.00000000000	0.00000000000

















3733294941.05	NaN	9.00000000000	121.000000000	0.00000000000	0.00000000000	NaN	0.0148911476135	-7.47923282751	0.873309612274	-7.39441227269	0.843448638916	2.46775007248	0.261981487274	0.0867538452148	2.46892526722	53.9474590645	0.0904027233124	1016.50772825	-0.00639867782593	0.000691676139832	0.000985670089722	200000.000000	16.0000000000	0.00000000000	166.000000000	232.000000000	5.00000000000	0.950000000000	-0.740000000000	22.3000000000	0.00000000000	96.0000000000	32.0000000000	13011488.0000	2500.00000000	2000.00000000	206.200000000	6466.00000000	1700.00000000	6000.00000000	13314.0000000	5801.00000000	23.4081460007	23.5137486754	23.1798541774	-0.365118443319	23.6668057909	26.2141808083	24.1922097605	-10.8927789160	23.5243397747	23.2737861163	23.2758785345	23.8878234650	23.9764863670	22.7635844875	-12.4077104270	0.882295696942	0.00000000000	0.100000000000	0.0500000000000	0.00273528099060	0.00000000000	9.92773437500	12.4605474472	-6.17363309860	0.429687500000	14.7624998093	14.8000001907	14.7562503815	14.8125000000	14.8406257629	-300.000000000	0.00000000000	NaN	0.00000000000	24.3626098633	25.0004577637	640.000000000	NaN	24.6393490160	25.1974366372	25.2853583816	-273.150000000	-273.150000000	-273.150000000	-273.150000000	0.00000000000	0.00000000000	0.00000000000	0.00000000000	-273.150000000	-273.150000000	-273.150000000	-273.150000000	NaN	0.00000000000	NaN	NaN	0.00000000000	0.00000000000	5.00000000000	0.00000000000

















3733294941.25	NaN	11.0000000000	127.000000000	0.00000000000	0.00000000000	NaN	0.0122656822205	-7.35207415529	0.867403030396	-7.36899823685	0.852636814117	2.47332811356	0.262966156006	0.0733003616333	2.22144488468	50.3304168091	0.0928328857422	1016.42042387	-0.00214624404907	0.000691676139832	0.000995564460754	200000.000000	16.0000000000	0.00000000000	166.000000000	232.000000000	5.00000000000	0.950000000000	-0.740000000000	22.3000000000	0.00000000000	96.0000000000	32.0000000000	13011488.0000	2500.00000000	2000.00000000	206.200000000	6466.00000000	1700.00000000	6000.00000000	13314.0000000	5801.00000000	23.4081460007	23.5137486754	23.1798541774	-0.365118443319	23.6668057909	26.2141808083	24.1922097605	-10.8927789160	23.5243397747	23.2737861163	23.2758785345	23.8878234650	23.9764863670	22.7635844875	-12.4077104270	0.882295696942	0.00000000000	0.100000000000	0.0500000000000	0.00360546112061	0.00000000000	9.93750000000	12.4683599472	-5.98398447037	0.468750000000	14.7624998093	14.8000001907	14.7562503815	14.8125000000	14.8406257629	-300.000000000	0.00000000000	NaN	0.00000000000	24.3626098633	25.0000305176	640.000000000	NaN	24.6393490160	25.1974366372	25.2853583816	-273.150000000	-273.150000000	-273.150000000	-273.150000000	0.00000000000	0.00000000000	0.00000000000	0.00000000000	-273.150000000	-273.150000000	-273.150000000	-273.150000000	NaN	0.00000000000	NaN	NaN	0.00000000000	0.00000000000	5.00000000000	0.00000000000

















3733294941.45	NaN	7.00000000000	116.000000000	0.00000000000	2.00000000000	NaN	0.0119376182556	-7.45376836310	0.872653484344	-7.41135718263	0.843448638916	2.47037506104	0.261981487274	0.0867538452148	2.43085987415	55.2803010979	0.0968823719025	1016.42042387	-0.00662183761597	0.000668644905090	0.000966620445251	200000.000000	16.0000000000	0.00000000000	166.000000000	232.000000000	5.00000000000	0.950000000000	-0.740000000000	22.3000000000	0.00000000000	96.0000000000	32.0000000000	13011488.0000	2500.00000000	2000.00000000	206.200000000	6466.00000000	1700.00000000	6000.00000000	13314.0000000	5801.00000000	23.4081460007	23.5137486754	23.1798541774	-0.365118443319	23.6668057909	26.2141808083	24.1922097605	-10.8927789160	23.5243397747	23.2737861163	23.2758785345	23.8878234650	23.9764863670	22.7635844875	-12.4077104270	0.882295696942	0.00000000000	0.100000000000	0.0500000000000	0.00294260978699	0.00000000000	9.93750000000	12.4683599472	-5.98398447037	0.468750000000	14.7624998093	14.8000001907	14.7562503815	14.8062505722	14.8406257629	-300.000000000	2865.27151231	NaN	0.00000000000	24.3628540039	25.0000305176	640.000000000	NaN	24.6393490160	25.1974366372	25.2853583816	-273.150000000	-273.150000000	-273.150000000	-273.150000000	0.00000000000	0.00000000000	0.00000000000	0.00000000000	-273.150000000	-273.150000000	-273.150000000	-273.150000000	NaN	0.00000000000	NaN	NaN	0.00000000000	0.00000000000	5.00000000000	0.00000000000

















3733294941.65	NaN	8.00000000000	133.000000000	0.00000000000	0.00000000000	NaN	0.00799989700317	-7.39441227269	0.872981548309	-7.41983276900	0.845089435577	2.54190969467	0.264935016632	0.0874104499817	2.45940891895	54.3283896332	0.0904027233124	1016.28946730	-0.00685834884644	0.000689697265625	0.000974512100220	200000.000000	16.0000000000	0.00000000000	166.000000000	232.000000000	5.00000000000	0.950000000000	-0.740000000000	22.3000000000	0.00000000000	96.0000000000	32.0000000000	13011488.0000	2500.00000000	2000.00000000	206.200000000	6466.00000000	1700.00000000	6000.00000000	13314.0000000	5801.00000000	23.4081460007	23.5137486754	23.1798541774	-0.365118443319	23.6668057909	26.2141808083	24.1922097605	-10.8927789160	23.5243397747	23.2737861163	23.2758785345	23.8878234650	23.9764863670	22.7635844875	-12.4077104270	0.882295696942	0.00000000000	0.100000000000	0.0500000000000	0.00268406867981	0.00000000000	9.94531250000	12.4726562500	-5.79101562500	0.468750000000	14.7624998093	14.8000001907	14.7562503815	14.8062505722	14.8406257629	-300.000000000	0.00000000000	NaN	0.00000000000	24.3628540039	25.0000305176	640.000000000	NaN	24.6393490160	25.1974366372	25.2853583816	24.4726324559	-273.150000000	-273.150000000	-273.150000000	0.00000000000	0.00000000000	0.00000000000	0.00000000000	-273.150000000	-273.150000000	-273.150000000	-273.150000000	NaN	0.00000000000	NaN	NaN	0.00000000000	0.00000000000	5.00000000000	0.00000000000

















3733294941.85	NaN	11.0000000000	125.000000000	0.00000000000	0.00000000000	NaN	0.0119376182556	-7.40288368442	0.872324943542	-7.38594294573	0.847386360168	2.54059743881	0.263950347900	0.0870819091797	2.45940891895	54.8993705292	0.0928328857422	1016.46407606	-0.00675344467163	0.000691008567810	0.000969934463501	200000.000000	16.0000000000	0.00000000000	166.000000000	232.000000000	5.00000000000	0.950000000000	-0.740000000000	22.3000000000	0.00000000000	96.0000000000	32.0000000000	13011488.0000	2500.00000000	2000.00000000	206.200000000	6466.00000000	1700.00000000	6000.00000000	13314.0000000	5801.00000000	23.4081460007	23.5137486754	23.1798541774	-0.365118443319	23.6668057909	26.2141808083	24.1922097605	-10.8927789160	23.5243397747	23.2737861163	23.2758785345	23.8878234650	23.9764863670	22.7635844875	-12.4077104270	0.882295696942	0.00000000000	0.100000000000	0.0500000000000	0.00190706253052	0.00000000000	9.94531250000	12.4726562500	-5.79101562500	0.468750000000	14.7624998093	14.8000001907	14.7562503815	14.8062505722	14.8406257629	-300.000000000	0.00000000000	NaN	0.00000000000	24.3634338379	25.0002441406	640.000000000	NaN	24.6393490160	25.1974366372	25.2853583816	24.4726324559	-273.150000000	-273.150000000	-273.150000000	0.00000000000	0.00000000000	0.00000000000	0.00000000000	-273.150000000	-273.150000000	-273.150000000	-273.150000000	NaN	0.00000000000	NaN	NaN	0.00000000000	0.00000000000	5.00000000000	0.00000000000

















3733294942.05	NaN	7.00000000000	97.0000000000	1.00000000000	0.00000000000	NaN	0.00931262969971	-7.41983276900	0.872324943542	-7.38594294573	0.844433307648	2.54322242737	0.264278411865	0.0883946418762	2.46892526722	53.5668051338	0.0976920337677	1016.59509608	-0.00603151321411	0.000699472427368	0.000965380668640	200000.000000	16.0000000000	0.00000000000	166.000000000	232.000000000	5.00000000000	0.950000000000	-0.740000000000	22.3000000000	0.00000000000	96.0000000000	32.0000000000	13011488.0000	2500.00000000	2000.00000000	206.200000000	6466.00000000	1700.00000000	6000.00000000	13314.0000000	5801.00000000	23.4081460007	23.5137486754	23.1798541774	-0.365118443319	23.6668057909	26.2141808083	24.1922097605	-10.8927789160	23.5243397747	23.2737861163	23.2758785345	23.8878234650	23.9764863670	22.7635844875	-12.4077104270	0.882295696942	0.00000000000	0.100000000000	0.0500000000000	0.00262761116028	0.00000000000	9.95312500000	12.4753904343	-5.60449218750	0.546875000000	14.7624998093	14.8000001907	14.7562503815	14.8062505722	14.8406257629	-300.000000000	0.00000000000	NaN	0.00000000000	24.3634338379	25.0002441406	640.000000000	NaN	24.6393490160	25.1974366372	25.2853583816	24.4726324559	-273.150000000	-273.150000000	-273.150000000	0.00000000000	0.00000000000	0.00000000000	0.00000000000	-273.150000000	-273.150000000	-273.150000000	-273.150000000	NaN	0.00000000000	NaN	NaN	0.00000000000	0.00000000000	5.00000000000	0.00000000000

















3733294942.25	NaN	8.00000000000	108.000000000	0.00000000000	2.00000000000	NaN	0.0109534263611	-7.45376836310	0.869699954987	-7.42831044525	0.845417499542	2.53961277008	0.263294219971	0.0854415893555	2.31663603115	48.9978514137	0.0920232238770	1016.28946730	-0.00483703613281	0.000686383247375	0.000966024398804	200000.000000	16.0000000000	0.00000000000	166.000000000	232.000000000	5.00000000000	0.950000000000	-0.740000000000	22.3000000000	0.00000000000	96.0000000000	32.0000000000	13011488.0000	2500.00000000	2000.00000000	206.200000000	6466.00000000	1700.00000000	6000.00000000	13314.0000000	5801.00000000	23.4081460007	23.5137486754	23.1798541774	-0.365118443319	23.6668057909	26.2141808083	24.1922097605	-10.8927789160	23.5243397747	23.2737861163	23.2758785345	23.8878234650	23.9764863670	22.7635844875	-12.4077104270	0.882295696942	0.00000000000	0.100000000000	0.0500000000000	0.00426712036133	0.00000000000	9.95312500000	12.4753904343	-5.60449218750	0.546875000000	14.7624998093	14.8000001907	14.7562503815	14.8062505722	14.8429689407	-300.000000000	3119.17421282	NaN	0.00000000000	24.3634338379	25.0002441406	640.000000000	NaN	24.6393490160	25.1974366372	25.2853583816	24.4726324559	-273.150000000	-273.150000000	-273.150000000	0.00000000000	0.00000000000	0.00000000000	0.00000000000	-273.150000000	-273.150000000	-273.150000000	-273.150000000	NaN	0.00000000000	NaN	NaN	0.00000000000	0.00000000000	5.00000000000	0.00000000000

















3733294942.45	NaN	12.0000000000	133.000000000	1.00000000000	1.00000000000	NaN	0.0112814903259	-7.49623199156	0.867403030396	-7.41983276900	0.842464447021	2.53961277008	0.263622283936	0.0900354385376	2.50700449219	54.5187165985	0.0968823719025	1016.33311949	-0.00512552261353	0.000698828697205	0.000966620445251	200000.000000	16.0000000000	0.00000000000	166.000000000	232.000000000	5.00000000000	0.950000000000	-0.740000000000	22.3000000000	0.00000000000	96.0000000000	32.0000000000	13011488.0000	2500.00000000	2000.00000000	206.200000000	6466.00000000	1700.00000000	6000.00000000	13314.0000000	5801.00000000	23.4081460007	23.5137486754	23.1798541774	-0.365118443319	23.6668057909	26.2141808083	24.1922097605	-10.8927789160	23.5243397747	23.2737861163	23.2758785345	23.8878234650	23.9764863670	22.7635844875	-12.4077104270	0.882295696942	0.00000000000	0.100000000000	0.0500000000000	0.00395865440369	0.00000000000	9.96093750000	12.4785156250	-5.42226552963	0.468750000000	14.7624998093	14.8000001907	14.7562503815	14.8062505722	14.8429689407	-300.000000000	1509.11975743	NaN	0.00000000000	24.3638000488	25.0002746582	640.000000000	NaN	24.6393490160	25.1974366372	25.2853583816	24.4726324559	-273.150000000	-273.150000000	-273.150000000	0.00000000000	0.00000000000	0.00000000000	0.00000000000	-273.150000000	-273.150000000	-273.150000000	-273.150000000	NaN	0.00000000000	NaN	NaN	0.00000000000	0.00000000000	5.00000000000	0.00000000000

















3733294942.65	NaN	11.0000000000	127.000000000	1.00000000000	2.00000000000	NaN	0.0106253623962	-7.47074257316	0.878231525421	-7.29289290994	0.849683284760	0.0201411247253	-0.000203609466553	0.0109534263611	0.308216262245	31.6739479980	0.0944522094727	1016.33311949	0.00189638137817	0.000686359405518	0.000952911376953	200000.000000	16.0000000000	0.00000000000	166.000000000	232.000000000	5.00000000000	0.950000000000	-0.740000000000	22.3000000000	0.00000000000	96.0000000000	32.0000000000	13011488.0000	2500.00000000	2000.00000000	206.200000000	6466.00000000	1700.00000000	6000.00000000	13314.0000000	5801.00000000	23.4081460007	23.5137486754	23.1798541774	-0.365118443319	23.6668057909	26.2141808083	24.1922097605	-10.8927789160	23.5243397747	23.2737861163	23.2758785345	23.8878234650	23.9764863670	22.7635844875	-12.4077104270	0.882295696942	0.00000000000	0.100000000000	0.0500000000000	0.00593266487122	0.00000000000	9.96093750000	12.4785156250	-5.42226552963	0.468750000000	14.7624998093	14.8000001907	14.7562503815	14.8000001907	14.8429689407	-300.000000000	2850.13018825	NaN	0.00000000000	24.3638000488	25.0002746582	640.000000000	NaN	24.6393490160	25.1974366372	25.2853583816	24.4726324559	25.7081190413	-273.150000000	-273.150000000	0.00000000000	0.00000000000	0.00000000000	0.00000000000	-273.150000000	-273.150000000	-273.150000000	-273.150000000	NaN	0.00000000000	NaN	NaN	0.00000000000	0.00000000000	5.00000000000	0.00000000000
















3733294942.85	NaN	12.0000000000	121.000000000	0.00000000000	0.00000000000	NaN	0.0165314674377	-7.55576464468	0.863793373108	-7.36053515707	0.848042488098	0.0188288688660	-0.00676631927490	-0.00479745864868	-0.158195458031	1.78569849014	0.0952618713379	1016.42042387	-0.00445604324341	0.000675940513611	0.000966000556946	200000.000000	16.0000000000	0.00000000000	166.000000000	232.000000000	5.00000000000	0.950000000000	-0.740000000000	22.3000000000	0.00000000000	96.0000000000	32.0000000000	13011488.0000	2500.00000000	2000.00000000	206.200000000	6466.00000000	1700.00000000	6000.00000000	13314.0000000	5801.00000000	23.4081460007	23.5137486754	23.1798541774	-0.365118443319	23.6668057909	26.2141808083	24.1922097605	-10.8927789160	23.5243397747	23.2737861163	23.2758785345	23.8878234650	23.9764863670	22.7635844875	-12.4077104270	0.882295696942	0.00000000000	0.100000000000	0.0500000000000	0.00441937446594	0.00000000000	9.96289062500	12.4808597565	-5.24433612823	0.449218750000	14.7624998093	14.8000001907	14.7562503815	14.8000001907	14.8429689407	-300.000000000	0.00000000000	NaN	0.00000000000	24.3640747070	25.0003967285	640.000000000	NaN	24.6393490160	25.1974366372	25.2853583816	24.4726324559	25.7081190413	-273.150000000	-273.150000000	0.00000000000	0.00000000000	0.00000000000	0.00000000000	-273.150000000	-273.150000000	-273.150000000	-273.150000000	NaN	0.00000000000	NaN	NaN	0.00000000000	0.00000000000	5.00000000000	0.00000000000


















3733294943.05	NaN	3.00000000000	132.000000000	0.00000000000	0.00000000000	NaN	0.0116095542908	-7.47074257316	0.863137245178	-7.42831044525	0.842792510986	0.0194849967957	-0.00578212738037	-0.00381326675415	-0.120130064964	0.643460060120	0.0912123851776	1016.28946730	-0.00453519821167	0.000683140754700	0.000973176956177	200000.000000	16.0000000000	0.00000000000	166.000000000	232.000000000	5.00000000000	0.950000000000	-0.740000000000	22.3000000000	0.00000000000	96.0000000000	32.0000000000	13011488.0000	2500.00000000	2000.00000000	206.200000000	6466.00000000	1700.00000000	6000.00000000	13314.0000000	5801.00000000	23.4081460007	23.5137486754	23.1798541774	-0.365118443319	23.6668057909	26.2141808083	24.1922097605	-10.8927789160	23.5243397747	23.2737861163	23.2758785345	23.8878234650	23.9764863670	22.7635844875	-12.4077104270	0.882295696942	0.00000000000	0.100000000000	0.0500000000000	0.00279569625854	0.00000000000	9.96289062500	12.4808597565	-5.24433612823	0.449218750000	14.7624998093	14.8062505722	14.7562503815	14.8062505722	14.8406257629	-300.000000000	0.00000000000	NaN	0.00000000000	24.3640747070	25.0003967285	640.000000000	NaN	24.6393490160	25.1974366372	25.2853583816	24.4726324559	25.7081190413	-273.150000000	-273.150000000	0.00000000000	0.00000000000	0.00000000000	0.00000000000	-273.150000000	-273.150000000	-273.150000000	-273.150000000	NaN	0.00000000000	NaN	NaN	0.00000000000	0.00000000000	5.00000000000	0.00000000000

















3733294943.25	NaN	13.0000000000	125.000000000	0.00000000000	2.00000000000	NaN	0.00964069366455	-7.36899823685	0.857886791229	-7.44528440398	0.851980209351	0.0240788459778	-0.00676631927490	-0.0159544944763	-0.443755065536	-1.26036286926	0.0944522094727	1016.42042387	-0.00488948822021	0.000678491592407	0.000975179672241	200000.000000	16.0000000000	0.00000000000	166.000000000	232.000000000	5.00000000000	0.950000000000	-0.740000000000	22.3000000000	0.00000000000	96.0000000000	32.0000000000	13011488.0000	2500.00000000	2000.00000000	206.200000000	6466.00000000	1700.00000000	6000.00000000	13314.0000000	5801.00000000	23.4081460007	23.5137486754	23.1798541774	-0.365118443319	23.6668057909	26.2141808083	24.1922097605	-10.8927789160	23.5243397747	23.2737861163	23.2758785345	23.8878234650	23.9764863670	22.7635844875	-12.4077104270	0.882295696942	0.00000000000	0.100000000000	0.0500000000000	0.000893783569336	0.00000000000	9.96679687500	12.4828128815	-5.06523466110	0.507812500000	14.7624998093	14.8062505722	14.7562503815	14.8062505722	14.8406257629	-300.000000000	3056.63442560	NaN	0.00000000000	24.3640747070	25.0001831055	640.000000000	NaN	24.6393490160	25.1974366372	25.2853583816	24.4726324559	25.7081190413	-273.150000000	-273.150000000	0.00000000000	0.00000000000	0.00000000000	0.00000000000	-273.150000000	-273.150000000	-273.150000000	-273.150000000	NaN	0.00000000000	NaN	NaN	0.00000000000	0.00000000000	5.00000000000	0.00000000000


















3733294943.45	NaN	23.0000000000	118.000000000	0.00000000000	1.00000000000	NaN	0.00734376907349	-7.35207415529	0.860512256622	-7.45376836310	0.842792510986	0.0240788459778	-0.00545358657837	-0.00348472595215	-0.120130064964	2.16635242081	0.0993113574982	1016.28946730	-0.00436449050903	0.000694942474365	0.000951552391052	200000.000000	16.0000000000	0.00000000000	166.000000000	232.000000000	5.00000000000	0.950000000000	-0.740000000000	22.3000000000	0.00000000000	96.0000000000	32.0000000000	13011488.0000	2500.00000000	2000.00000000	206.200000000	6466.00000000	1700.00000000	6000.00000000	13314.0000000	5801.00000000	23.4081460007	23.5137486754	23.1798541774	-0.365118443319	23.6668057909	26.2141808083	24.1922097605	-10.8927789160	23.5243397747	23.2737861163	23.2758785345	23.8878234650	23.9764863670	22.7635844875	-12.4077104270	0.882295696942	0.00000000000	0.100000000000	0.0500000000000	0.00245575904846	0.00000000000	9.96679687500	12.4828128815	-5.06523466110	0.507812500000	14.7624998093	14.8062505722	14.7562503815	14.8000001907	14.8429689407	-300.000000000	1425.05194486	NaN	0.00000000000	24.3644409180	25.0001831055	640.000000000	NaN	24.6393490160	25.1974366372	25.2853583816	24.4726324559	25.7081190413	-273.150000000	-273.150000000	0.00000000000	0.00000000000	0.00000000000	0.00000000000	-273.150000000	-273.150000000	-273.150000000	-273.150000000	NaN	0.00000000000	NaN	NaN	0.00000000000	0.00000000000	5.00000000000	0.00000000000

















3733294943.65	NaN	17.0000000000	132.000000000	0.00000000000	1.00000000000	NaN	0.00767183303833	-7.36053515707	0.859199523926	-7.44528440398	0.843120574951	0.0234227180481	-0.00611019134521	-0.00348472595215	-0.129646413231	1.40476792145	0.0952618713379	1016.24575166	-0.00411510467529	0.000675249099731	0.000989007949829	200000.000000	16.0000000000	0.00000000000	166.000000000	232.000000000	5.00000000000	0.950000000000	-0.740000000000	22.3000000000	0.00000000000	96.0000000000	32.0000000000	13011488.0000	2500.00000000	2000.00000000	206.200000000	6466.00000000	1700.00000000	6000.00000000	13314.0000000	5801.00000000	23.4081460007	23.5137486754	23.1798541774	-0.365118443319	23.6668057909	26.2141808083	24.1922097605	-10.8927789160	23.5243397747	23.2737861163	23.2758785345	23.8878234650	23.9764863670	22.7635844875	-12.4077104270	0.882295696942	0.00000000000	0.100000000000	0.0500000000000	0.00254893302917	0.00000000000	9.97070312500	12.4843750000	-4.89375019073	0.527343750000	14.7624998093	14.8062505722	14.7562503815	14.8000001907	14.8429689407	-300.000000000	1509.11975743	NaN	0.00000000000	24.3644409180	25.0001831055	640.000000000	NaN	24.6393490160	25.1974366372	25.2853583816	24.4726324559	25.7081190413	-59.9660552071	-273.150000000	0.00000000000	0.00000000000	0.00000000000	0.00000000000	-273.150000000	-273.150000000	-273.150000000	-273.150000000	NaN	0.00000000000	NaN	NaN	0.00000000000	0.00000000000	5.00000000000	0.00000000000

















3733294943.85	NaN	13.0000000000	132.000000000	0.00000000000	0.00000000000	NaN	0.00668764114380	-7.39441227269	0.857230663300	-7.47074257316	0.842464447021	0.0234227180481	-0.00381326675415	-0.00315666198730	-0.120130064964	0.262529491425	0.0944522094727	1016.50772825	-0.00362920761108	0.000698947906494	0.00100672245026	200000.000000	16.0000000000	0.00000000000	166.000000000	232.000000000	5.00000000000	0.950000000000	-0.740000000000	22.3000000000	0.00000000000	96.0000000000	32.0000000000	13011488.0000	2500.00000000	2000.00000000	206.200000000	6466.00000000	1700.00000000	6000.00000000	13314.0000000	5801.00000000	23.4081460007	23.5137486754	23.1798541774	-0.365118443319	23.6668057909	26.2141808083	24.1922097605	-10.8927789160	23.5243397747	23.2737861163	23.2758785345	23.8878234650	23.9764863670	22.7635844875	-12.4077104270	0.882295696942	0.00000000000	0.100000000000	0.0500000000000	0.00247941017151	0.00000000000	9.97070312500	12.4843750000	-4.89375019073	0.527343750000	14.7624998093	14.8062505722	14.7562503815	14.8062505722	14.8406257629	-300.000000000	0.00000000000	NaN	0.00000000000	24.3648071289	25.0003051758	640.000000000	NaN	24.6393490160	25.1974366372	25.2853583816	24.4726324559	25.7081190413	-59.9660552071	-273.150000000	0.00000000000	0.00000000000	0.00000000000	0.00000000000	-273.150000000	-273.150000000	-273.150000000	-273.150000000	NaN	0.00000000000	NaN	NaN	0.00000000000	0.00000000000	5.00000000000	0.00000000000

















3733294944.05	NaN	2.00000000000	114.000000000	0.00000000000	1.00000000000	NaN	0.00701570510864	-7.38594294573	0.856574535370	-7.45376836310	0.842464447021	0.0230946540833	-0.00611019134521	-0.00250053405762	-0.0915671882629	1.40476792145	0.0944522094727	1016.33311949	-0.00324869155884	0.000700139999390	0.000988960266113	200000.000000	16.0000000000	0.00000000000	166.000000000	232.000000000	5.00000000000	0.950000000000	-0.740000000000	22.3000000000	0.00000000000	96.0000000000	32.0000000000	13011488.0000	2500.00000000	2000.00000000	206.200000000	6466.00000000	1700.00000000	6000.00000000	13314.0000000	5801.00000000	23.4081460007	23.5137486754	23.1798541774	-0.365118443319	23.6668057909	26.2141808083	24.1922097605	-10.8927789160	23.5243397747	23.2737861163	23.2758785345	23.8878234650	23.9764863670	22.7635844875	-12.4077104270	0.882295696942	0.00000000000	0.100000000000	0.0500000000000	0.00258045196533	0.00000000000	9.97265625000	12.4855470657	-4.72929716110	0.527343750000	14.7624998093	14.8062505722	14.7562503815	14.8062505722	14.8406257629	-300.000000000	1398.45097522	NaN	0.00000000000	24.3648071289	25.0003051758	640.000000000	NaN	24.6393490160	25.1974366372	25.2853583816	24.4726324559	25.7081190413	-59.9660552071	-273.150000000	0.00000000000	0.00000000000	0.00000000000	0.00000000000	-273.150000000	-273.150000000	-273.150000000	-273.150000000	NaN	0.00000000000	NaN	NaN	0.00000000000	0.00000000000	5.00000000000	0.00000000000

















3733294944.25	NaN	11.0000000000	102.000000000	0.00000000000	0.00000000000	NaN	0.0139064788818	-7.44528440398	0.852636814117	-7.43680253983	0.842792510986	0.0214538574219	-0.00676631927490	-0.00676631927490	-0.196274682999	0.0722025260925	0.0976920337677	1016.33311949	-0.00272369384766	0.000677871704102	0.000966000556946	200000.000000	16.0000000000	0.00000000000	166.000000000	232.000000000	5.00000000000	0.950000000000	-0.740000000000	22.3000000000	0.00000000000	96.0000000000	32.0000000000	13011488.0000	2500.00000000	2000.00000000	206.200000000	6466.00000000	1700.00000000	6000.00000000	13314.0000000	5801.00000000	23.4081460007	23.5137486754	23.1798541774	-0.365118443319	23.6668057909	26.2141808083	24.1922097605	-10.8927789160	23.5243397747	23.2737861163	23.2758785345	23.8878234650	23.9764863670	22.7635844875	-12.4077104270	0.882295696942	0.00000000000	0.100000000000	0.0500000000000	0.00266976356506	0.00000000000	9.97265625000	12.4855470657	-4.72929716110	0.527343750000	14.7624998093	14.8062505722	14.7562503815	14.8000001907	14.8406257629	-300.000000000	0.00000000000	NaN	0.00000000000	24.3648071289	25.0003051758	640.000000000	NaN	24.6393490160	25.1974366372	25.2853583816	24.4726324559	25.7081190413	-59.9660552071	-273.150000000	0.00000000000	0.00000000000	0.00000000000	0.00000000000	-273.150000000	-273.150000000	-273.150000000	-273.150000000	NaN	0.00000000000	NaN	NaN	0.00000000000	0.00000000000	5.00000000000	0.00000000000

















3733294944.45	NaN	7.00000000000	139.000000000	0.00000000000	1.00000000000	NaN	0.0135784149170	-7.55576464468	0.849355220795	-7.41983276900	0.842135906219	0.0175161361694	-0.00742244720459	-0.00315666198730	-0.0820508399963	0.453133094788	0.0952618713379	1016.46407606	-0.00256633758545	0.000692296028137	0.000967931747437	200000.000000	16.0000000000	0.00000000000	166.000000000	232.000000000	5.00000000000	0.950000000000	-0.740000000000	22.3000000000	0.00000000000	96.0000000000	32.0000000000	13011488.0000	2500.00000000	2000.00000000	206.200000000	6466.00000000	1700.00000000	6000.00000000	13314.0000000	5801.00000000	23.4081460007	23.5137486754	23.1798541774	-0.365118443319	23.6668057909	26.2141808083	24.1922097605	-10.8927789160	23.5243397747	23.2737861163	23.2758785345	23.8878234650	23.9764863670	22.7635844875	-12.4077104270	0.882295696942	0.00000000000	0.100000000000	0.0500000000000	0.00276279449463	0.00000000000	9.97460937500	12.4867191315	-4.56582021713	0.488281250000	14.7624998093	14.8062505722	14.7562503815	14.8000001907	14.8406257629	-300.000000000	1451.67921303	NaN	0.00000000000	24.3655090332	24.9999389648	640.000000000	NaN	24.6393490160	25.1974366372	25.2853583816	24.4726324559	25.7081190413	-59.9660552071	-273.150000000	0.00000000000	0.00000000000	0.00000000000	0.00000000000	-273.150000000	-273.150000000	-273.150000000	-273.150000000	NaN	0.00000000000	NaN	NaN	0.00000000000	0.00000000000	5.00000000000	0.00000000000

















3733294944.65	NaN	15.0000000000	128.000000000	1.00000000000	0.00000000000	NaN	0.0106253623962	-7.42831044525	0.848370552063	-7.47074257316	0.841807842255	-0.000203609466553	-0.0116887092590	-0.00414133071899	-0.129646413231	1.40476792145	0.0904027233124	1016.42042387	-0.00193595886230	0.000704789161682	0.000962710380554	200000.000000	16.0000000000	0.00000000000	166.000000000	232.000000000	5.00000000000	0.950000000000	-0.740000000000	22.3000000000	0.00000000000	96.0000000000	32.0000000000	13011488.0000	2500.00000000	2000.00000000	206.200000000	6466.00000000	1700.00000000	6000.00000000	13314.0000000	5801.00000000	23.4081460007	23.5137486754	23.1798541774	-0.365118443319	23.6668057909	26.2141808083	24.1922097605	-10.8927789160	23.5243397747	23.2737861163	23.2758785345	23.8878234650	23.9764863670	22.7635844875	-12.4077104270	0.882295696942	0.00000000000	0.100000000000	0.0500000000000	0.00227065086365	0.00000000000	9.97460937500	12.4867191315	-4.56582021713	0.488281250000	14.7624998093	14.8062505722	14.7562503815	14.7937498093	14.8429689407	-300.000000000	0.00000000000	NaN	0.00000000000	24.3655090332	24.9999389648	640.000000000	NaN	24.6393490160	25.1974366372	25.2853583816	24.4726324559	25.7081190413	-59.9660552071	-63.5462685075	0.00000000000	0.00000000000	0.00000000000	0.00000000000	-273.150000000	-273.150000000	-273.150000000	-273.150000000	NaN	0.00000000000	NaN	NaN	0.00000000000	0.00000000000	5.00000000000	0.00000000000

















3733294944.85	NaN	10.0000000000	115.000000000	0.00000000000	2.00000000000	NaN	0.00996875762939	-7.49623199156	0.849355220795	-7.44528440398	0.841807842255	-0.000203609466553	-0.0130009651184	-0.00611019134521	-0.196274682999	-2.59292826462	0.0976920337677	1016.20209947	-0.00200176239014	0.000698924064636	0.000963997840881	200000.000000	16.0000000000	0.00000000000	166.000000000	232.000000000	5.00000000000	0.950000000000	-0.740000000000	22.3000000000	0.00000000000	96.0000000000	32.0000000000	13011488.0000	2500.00000000	2000.00000000	206.200000000	6466.00000000	1700.00000000	6000.00000000	13314.0000000	5801.00000000	23.4081460007	23.5137486754	23.1798541774	-0.365118443319	23.6668057909	26.2141808083	24.1922097605	-10.8927789160	23.5243397747	23.2737861163	23.2758785345	23.8878234650	23.9764863670	22.7635844875	-12.4077104270	0.882295696942	0.00000000000	0.100000000000	0.0500000000000	0.00250296592712	0.00000000000	9.97656250000	12.4878911972	-4.40703153610	0.449218750000	14.7624998093	14.8062505722	14.7562503815	14.7937498093	14.8429689407	-300.000000000	2824.50412326	NaN	0.00000000000	24.3656921387	25.0006103516	640.000000000	NaN	24.6393490160	25.1974366372	25.2853583816	24.4726324559	25.7081190413	-59.9660552071	-63.5462685075	0.00000000000	0.00000000000	0.00000000000	0.00000000000	-273.150000000	-273.150000000	-273.150000000	-273.150000000	NaN	0.00000000000	NaN	NaN	0.00000000000	0.00000000000	5.00000000000	0.00000000000

















3733294945.05	NaN	16.0000000000	99.0000000000	0.00000000000	0.00000000000	NaN	0.0112814903259	-7.42831044525	0.846730232239	-7.45376836310	0.841151714325	-0.000203609466553	-0.0126729011536	-0.00446939468384	-0.167725638199	-1.83134376526	0.0928328857422	1016.42042387	-0.00138473510742	0.000664091110229	0.000973939895630	200000.000000	16.0000000000	0.00000000000	166.000000000	232.000000000	5.00000000000	0.950000000000	-0.740000000000	22.3000000000	0.00000000000	96.0000000000	32.0000000000	13011488.0000	2500.00000000	2000.00000000	206.200000000	6466.00000000	1700.00000000	6000.00000000	13314.0000000	5801.00000000	23.4081460007	23.5137486754	23.1798541774	-0.365118443319	23.6668057909	26.2141808083	24.1922097605	-10.8927789160	23.5243397747	23.2737861163	23.2758785345	23.8878234650	23.9764863670	22.7635844875	-12.4077104270	0.882295696942	0.00000000000	0.100000000000	0.0500000000000	0.00243864059448	0.00000000000	9.97656250000	12.4878911972	-4.40703153610	0.449218750000	14.7624998093	14.8062505722	14.7562503815	14.8000001907	14.8429689407	-300.000000000	0.00000000000	NaN	0.00000000000	24.3656921387	25.0006103516	640.000000000	NaN	24.6393490160	25.1974366372	25.2853583816	24.4726324559	25.7081190413	-59.9660552071	-63.5462685075	0.00000000000	0.00000000000	0.00000000000	0.00000000000	-273.150000000	-273.150000000	-273.150000000	-273.150000000	NaN	0.00000000000	NaN	NaN	0.00000000000	0.00000000000	5.00000000000	0.00000000000
















3733294945.25	NaN	5.00000000000	91.0000000000	1.00000000000	1.00000000000	NaN	0.0132503509521	-7.58130507251	0.840823650360	-7.46225441893	0.849027156830	-0.000859737396240	-0.0149698257446	-0.0175948143005	-0.405689672470	-6.40029748535	0.0960715332031	1016.37677168	-0.00208044052124	0.000702857971191	0.000984382629395	200000.000000	16.0000000000	0.00000000000	166.000000000	232.000000000	5.00000000000	0.950000000000	-0.740000000000	22.3000000000	0.00000000000	96.0000000000	32.0000000000	13011488.0000	2500.00000000	2000.00000000	206.200000000	6466.00000000	1700.00000000	6000.00000000	13314.0000000	5801.00000000	23.4081460007	23.5137486754	23.1798541774	-0.365118443319	23.6668057909	26.2141808083	24.1922097605	-10.8927789160	23.5243397747	23.2737861163	23.2758785345	23.8878234650	23.9764863670	22.7635844875	-12.4077104270	0.882295696942	0.00000000000	0.100000000000	0.0500000000000	0.000839900970459	0.00000000000	9.97851562500	12.4878911972	-4.25156259537	0.468750000000	14.7624998093	14.8062505722	14.7562503815	14.8000001907	14.8429689407	-300.000000000	1480.36447624	NaN	0.00000000000	24.3656921387	25.0001525879	640.000000000	NaN	24.6393490160	25.1974366372	25.2853583816	24.4726324559	25.7081190413	-59.9660552071	-63.5462685075	0.00000000000	0.00000000000	0.00000000000	0.00000000000	-273.150000000	-273.150000000	-273.150000000	-273.150000000	NaN	0.00000000000	NaN	NaN	0.00000000000	0.00000000000	5.00000000000	0.00000000000

















3733294945.45	NaN	18.0000000000	136.000000000	0.00000000000	2.00000000000	NaN	0.0178442001343	-7.40288368442	0.840823650360	-7.47923282751	0.840823650360	-0.000531673431396	-0.0130009651184	-0.00414133071899	-0.129646413231	0.262529491425	0.0887833995819	1016.28946730	-0.000807285308838	0.000662088394165	0.000950193405151	200000.000000	16.0000000000	0.00000000000	166.000000000	232.000000000	5.00000000000	0.950000000000	-0.740000000000	22.3000000000	0.00000000000	96.0000000000	32.0000000000	13011488.0000	2500.00000000	2000.00000000	206.200000000	6466.00000000	1700.00000000	6000.00000000	13314.0000000	5801.00000000	23.4081460007	23.5137486754	23.1798541774	-0.365118443319	23.6668057909	26.2141808083	24.1922097605	-10.8927789160	23.5243397747	23.2737861163	23.2758785345	23.8878234650	23.9764863670	22.7635844875	-12.4077104270	0.882295696942	0.00000000000	0.100000000000	0.0500000000000	0.00254225730896	0.00000000000	9.97851562500	12.4878911972	-4.25156259537	0.468750000000	14.7624998093	14.8062505722	14.7562503815	14.8000001907	14.8429689407	-300.000000000	3119.17421282	NaN	0.00000000000	24.3657531738	25.0001525879	640.000000000	NaN	24.6393490160	25.1974366372	25.2853583816	24.4726324559	25.7081190413	-59.9660552071	-63.5462685075	0.00000000000	0.00000000000	0.00000000000	0.00000000000	-273.150000000	-273.150000000	-273.150000000	-273.150000000	NaN	0.00000000000	NaN	NaN	0.00000000000	0.00000000000	5.00000000000	0.00000000000

















3733294945.65	NaN	13.0000000000	121.000000000	0.00000000000	1.00000000000	NaN	0.0112814903259	-7.36053515707	0.839182853699	-7.46225441893	0.841151714325	-0.000203609466553	-0.0123448371887	-0.00348472595215	-0.120130064964	-0.689105335236	0.0879737377167	1016.37677168	-0.000256061553955	0.000688982009888	0.000965976715088	200000.000000	16.0000000000	0.00000000000	166.000000000	232.000000000	5.00000000000	0.950000000000	-0.740000000000	22.3000000000	0.00000000000	96.0000000000	32.0000000000	13011488.0000	2500.00000000	2000.00000000	206.200000000	6466.00000000	1700.00000000	6000.00000000	13314.0000000	5801.00000000	23.4081460007	23.5137486754	23.1798541774	-0.365118443319	23.6668057909	26.2141808083	24.1922097605	-10.8927789160	23.5243397747	23.2737861163	23.2758785345	23.8878234650	23.9764863670	22.7635844875	-12.4077104270	0.882295696942	0.00000000000	0.100000000000	0.0500000000000	0.00265259742737	0.00000000000	9.98242187500	12.4890623093	-4.10097646713	0.527343750000	14.7624998093	14.8062505722	14.7562503815	14.8000001907	14.8429689407	-300.000000000	1398.45097522	NaN	0.00000000000	24.3657531738	25.0001525879	640.000000000	NaN	24.6393490160	25.1974366372	25.2853583816	24.4726324559	25.7081190413	-59.9660552071	-63.5462685075	-0.000531673431396	0.00000000000	0.00000000000	0.00000000000	-273.150000000	-273.150000000	-273.150000000	-273.150000000	NaN	0.00000000000	NaN	NaN	0.00000000000	0.00000000000	5.00000000000	0.00000000000

















3733294945.85	NaN	9.00000000000	119.000000000	0.00000000000	3.00000000000	NaN	0.0122656822205	-7.40288368442	0.835573196411	-7.48773752877	0.841151714325	-0.000531673431396	-0.0133290290833	-0.00479745864868	-0.158195458031	-1.07003590393	0.0936425476074	1016.42042387	0.000164031982422	0.000687742233276	0.000992250442505	200000.000000	16.0000000000	0.00000000000	166.000000000	232.000000000	5.00000000000	0.950000000000	-0.740000000000	22.3000000000	0.00000000000	96.0000000000	32.0000000000	13011488.0000	2500.00000000	2000.00000000	206.200000000	6466.00000000	1700.00000000	6000.00000000	13314.0000000	5801.00000000	23.4081460007	23.5137486754	23.1798541774	-0.365118443319	23.6668057909	26.2141808083	24.1922097605	-10.8927789160	23.5243397747	23.2737861163	23.2758785345	23.8878234650	23.9764863670	22.7635844875	-12.4077104270	0.882295696942	0.00000000000	0.100000000000	0.0500000000000	0.00424342155457	0.00000000000	9.98242187500	12.4890623093	-4.10097646713	0.527343750000	14.7624998093	14.8062505722	14.7562503815	14.8000001907	14.8406257629	-300.000000000	4492.36077648	NaN	0.00000000000	24.3662414551	24.9999694824	640.000000000	NaN	24.6393490160	25.1974366372	25.2853583816	24.4726324559	25.7081190413	-59.9660552071	-63.5462685075	-0.000531673431396	0.00000000000	0.00000000000	0.00000000000	-273.150000000	-273.150000000	-273.150000000	-273.150000000	NaN	0.00000000000	NaN	NaN	0.00000000000	0.00000000000	5.00000000000	0.00000000000

















3733294946.05	NaN	10.0000000000	113.000000000	0.00000000000	2.00000000000	NaN	0.00996875762939	-7.41983276900	0.834260463715	-7.47074257316	0.840823650360	-0.000531673431396	-0.0136575698853	-0.00446939468384	-0.110613716698	0.262529491425	0.0936425476074	1016.24575166	0.000400066375732	0.000698852539062	0.000978446006775	200000.000000	16.0000000000	0.00000000000	166.000000000	232.000000000	5.00000000000	0.950000000000	-0.740000000000	22.3000000000	0.00000000000	96.0000000000	32.0000000000	13011488.0000	2500.00000000	2000.00000000	206.200000000	6466.00000000	1700.00000000	6000.00000000	13314.0000000	5801.00000000	23.4081460007	23.5137486754	23.1798541774	-0.365118443319	23.6668057909	26.2141808083	24.1922097605	-10.8927789160	23.5243397747	23.2737861163	23.2758785345	23.8878234650	23.9764863670	22.7635844875	-12.4077104270	0.882295696942	0.00000000000	0.100000000000	0.0500000000000	0.00240316390991	0.00000000000	9.98046875000	12.4898443222	-3.95488286018	0.507812500000	14.7624998093	14.8062505722	14.7562503815	14.8000001907	14.8406257629	-300.000000000	2991.82345887	NaN	0.00000000000	24.3662414551	24.9999694824	640.000000000	NaN	24.6393490160	25.1974366372	25.2853583816	24.4726324559	25.7081190413	-59.9660552071	-63.5462685075	-0.000531673431396	0.00000000000	0.00000000000	0.00000000000	-273.150000000	-273.150000000	-273.150000000	-273.150000000	NaN	0.00000000000	NaN	NaN	0.00000000000	0.00000000000	5.00000000000	0.00000000000


















3733294946.25	NaN	14.0000000000	134.000000000	0.00000000000	1.00000000000	NaN	0.00996875762939	-7.36899823685	0.833604335785	-7.43680253983	0.843448638916	-0.000859737396240	-0.0136575698853	-0.00873517990112	-0.243870256233	-3.16390916061	0.0928328857422	1016.42042387	0.000373840332031	0.000702834129333	0.000979161262512	200000.000000	16.0000000000	0.00000000000	166.000000000	232.000000000	5.00000000000	0.950000000000	-0.740000000000	22.3000000000	0.00000000000	96.0000000000	32.0000000000	13011488.0000	2500.00000000	2000.00000000	206.200000000	6466.00000000	1700.00000000	6000.00000000	13314.0000000	5801.00000000	23.4081460007	23.5137486754	23.1798541774	-0.365118443319	23.6668057909	26.2141808083	24.1922097605	-10.8927789160	23.5243397747	23.2737861163	23.2758785345	23.8878234650	23.9764863670	22.7635844875	-12.4077104270	0.882295696942	0.00000000000	0.100000000000	0.0500000000000	0.00177445411682	0.00000000000	9.98046875000	12.4898443222	-3.95488286018	0.507812500000	14.7624998093	14.8062505722	14.7562503815	14.7937498093	14.8406257629	-300.000000000	1540.14424584	NaN	0.00000000000	24.3662414551	24.9999694824	640.000000000	NaN	24.6393490160	25.1974366372	25.2853583816	24.4726324559	25.7081190413	-59.9660552071	-63.5462685075	-0.000531673431396	0.00000000000	0.00000000000	0.00000000000	-273.150000000	-273.150000000	-273.150000000	-273.150000000	NaN	0.00000000000	NaN	NaN	0.00000000000	0.00000000000	5.00000000000	0.00000000000

















3733294946.45	NaN	10.0000000000	130.000000000	0.00000000000	1.00000000000	NaN	0.00931262969971	-7.44528440398	0.830323219299	-7.44528440398	0.842464447021	-0.000531673431396	-0.0139856338501	-0.00414133071899	-0.110613716698	0.833787025452	0.0912123851776	1016.50772825	0.00108289718628	0.000692296028137	0.000985002517700	200000.000000	16.0000000000	0.00000000000	166.000000000	232.000000000	5.00000000000	0.950000000000	-0.740000000000	22.3000000000	0.00000000000	96.0000000000	32.0000000000	13011488.0000	2500.00000000	2000.00000000	206.200000000	6466.00000000	1700.00000000	6000.00000000	13314.0000000	5801.00000000	23.4081460007	23.5137486754	23.1798541774	-0.365118443319	23.6668057909	26.2141808083	24.1922097605	-10.8927789160	23.5243397747	23.2737861163	23.2758785345	23.8878234650	23.9764863670	22.7635844875	-12.4077104270	0.882295696942	0.00000000000	0.100000000000	0.0500000000000	0.00254888534546	0.00000000000	9.98437500000	12.4906253815	-3.81210947037	0.468750000000	14.7624998093	14.8062505722	14.7562503815	14.7937498093	14.8406257629	-300.000000000	1372.82491023	NaN	0.00000000000	24.3667907715	25.0001220703	640.000000000	NaN	24.6393490160	25.1974366372	25.2853583816	24.4726324559	25.7081190413	-59.9660552071	-63.5462685075	-0.000531673431396	0.00000000000	0.00000000000	0.00000000000	-273.150000000	-273.150000000	-273.150000000	-273.150000000	NaN	0.00000000000	NaN	NaN	0.00000000000	0.00000000000	5.00000000000	0.00000000000

















3733294946.65	NaN	13.0000000000	115.000000000	0.00000000000	0.00000000000	NaN	0.00504684448242	-7.37746339632	0.829010486603	-7.47074257316	0.839838981628	-0.000531673431396	-0.0120167732239	-0.00250053405762	-0.0439854469299	-1.83134376526	0.0976920337677	1016.50772825	0.00159454345703	0.000681114196777	0.000977134704590	200000.000000	16.0000000000	0.00000000000	166.000000000	232.000000000	5.00000000000	0.950000000000	-0.740000000000	22.3000000000	0.00000000000	96.0000000000	32.0000000000	13011488.0000	2500.00000000	2000.00000000	206.200000000	6466.00000000	1700.00000000	6000.00000000	13314.0000000	5801.00000000	23.4081460007	23.5137486754	23.1798541774	-0.365118443319	23.6668057909	26.2141808083	24.1922097605	-10.8927789160	23.5243397747	23.2737861163	23.2758785345	23.8878234650	23.9764863670	22.7635844875	-12.4077104270	0.882295696942	0.00000000000	0.100000000000	0.0500000000000	0.00258431434631	0.00000000000	9.98437500000	12.4906253815	-3.81210947037	0.468750000000	14.7624998093	14.8125000000	14.7562503815	14.7937498093	14.8429689407	-300.000000000	0.00000000000	NaN	0.00000000000	24.3667907715	25.0001220703	640.000000000	NaN	24.6393490160	25.1974366372	25.2853583816	24.4726324559	25.7081190413	-59.9660552071	-63.5462685075	-0.000531673431396	-0.000531673431396	0.00000000000	0.00000000000	-273.150000000	-273.150000000	-273.150000000	-273.150000000	NaN	0.00000000000	NaN	NaN	0.00000000000	0.00000000000	5.00000000000	0.00000000000
















3733294946.85	NaN	8.00000000000	120.000000000	0.00000000000	0.00000000000	NaN	0.0102968215942	-7.40288368442	0.824416637421	-7.50472855962	0.839838981628	-0.000531673431396	-0.0139856338501	-0.00217247009277	-0.0439854469299	-0.879708938599	0.0952618713379	1016.33311949	0.00221157073975	0.000688362121582	0.000974512100220	200000.000000	16.0000000000	0.00000000000	166.000000000	232.000000000	5.00000000000	0.950000000000	-0.740000000000	22.3000000000	0.00000000000	96.0000000000	32.0000000000	13011488.0000	2500.00000000	2000.00000000	206.200000000	6466.00000000	1700.00000000	6000.00000000	13314.0000000	5801.00000000	23.4081460007	23.5137486754	23.1798541774	-0.365118443319	23.6668057909	26.2141808083	24.1922097605	-10.8927789160	23.5243397747	23.2737861163	23.2758785345	23.8878234650	23.9764863670	22.7635844875	-12.4077104270	0.882295696942	0.00000000000	0.100000000000	0.0500000000000	0.00258693695068	0.00000000000	9.98437500000	12.4906253815	-3.67324233055	0.468750000000	14.7624998093	14.8125000000	14.7562503815	14.7937498093	14.8429689407	-300.000000000	0.00000000000	NaN	0.00000000000	24.3672485352	25.0002441406	640.000000000	NaN	24.6393490160	25.1974366372	25.2853583816	24.4726324559	25.7081190413	-59.9660552071	-63.5462685075	-0.000531673431396	-0.000531673431396	0.00000000000	0.00000000000	-273.150000000	-273.150000000	-273.150000000	-273.150000000	NaN	0.00000000000	NaN	NaN	0.00000000000	0.00000000000	5.00000000000	0.00000000000

















3733294947.05	NaN	15.0000000000	107.000000000	0.00000000000	0.00000000000	NaN	0.00537490844727	-7.43680253983	0.824088096619	-7.48773752877	0.838526725769	-0.000859737396240	-0.0130009651184	-0.00151634216309	0.00361012630463	-2.21227433395	0.0895930614471	1016.55144389	0.00303840637207	0.000691676139832	0.000983738899231	200000.000000	16.0000000000	0.00000000000	166.000000000	232.000000000	5.00000000000	0.950000000000	-0.740000000000	22.3000000000	0.00000000000	96.0000000000	32.0000000000	13011488.0000	2500.00000000	2000.00000000	206.200000000	6466.00000000	1700.00000000	6000.00000000	13314.0000000	5801.00000000	23.4081460007	23.5137486754	23.1798541774	-0.365118443319	23.6668057909	26.2141808083	24.1922097605	-10.8927789160	23.5243397747	23.2737861163	23.2758785345	23.8878234650	23.9764863670	22.7635844875	-12.4077104270	0.882295696942	0.00000000000	0.100000000000	0.0500000000000	0.00253701210022	0.00000000000	9.98437500000	12.4906253815	-3.67324233055	0.468750000000	14.7624998093	14.8125000000	14.7562503815	14.7937498093	14.8406257629	-300.000000000	0.00000000000	NaN	0.00000000000	24.3672485352	25.0002441406	640.000000000	NaN	24.6393490160	25.1974366372	25.2853583816	24.4726324559	25.7081190413	-59.9660552071	-63.5462685075	-0.000531673431396	-0.000531673431396	0.00000000000	0.00000000000	-273.150000000	-273.150000000	-273.150000000	-273.150000000	NaN	0.00000000000	NaN	NaN	0.00000000000	0.00000000000	5.00000000000	0.00000000000

















3733294947.25	NaN	13.0000000000	131.000000000	0.00000000000	0.00000000000	NaN	0.00931262969971	-7.39441227269	0.818181514740	-7.48773752877	0.848042488098	-0.00118780136108	-0.0143136978149	-0.00906324386597	-0.348577750969	-5.44838602066	0.0879737377167	1016.24575166	0.00227737426758	0.000685143470764	0.000956869125366	200000.000000	16.0000000000	0.00000000000	166.000000000	232.000000000	5.00000000000	0.950000000000	-0.740000000000	22.3000000000	0.00000000000	96.0000000000	32.0000000000	13011488.0000	2500.00000000	2000.00000000	206.200000000	6466.00000000	1700.00000000	6000.00000000	13314.0000000	5801.00000000	23.4081460007	23.5137486754	23.1798541774	-0.365118443319	23.6668057909	26.2141808083	24.1922097605	-10.8927789160	23.5243397747	23.2737861163	23.2758785345	23.8878234650	23.9764863670	22.7635844875	-12.4077104270	0.882295696942	0.00000000000	0.100000000000	0.0500000000000	0.00143580436707	0.00000000000	9.98632812500	12.4914064407	-3.53886723518	0.507812500000	14.7624998093	14.8125000000	14.7562503815	14.7937498093	14.8406257629	-300.000000000	0.00000000000	NaN	0.00000000000	24.3672485352	25.0001831055	640.000000000	NaN	24.6393490160	25.1974366372	25.2853583816	24.4726324559	25.7081190413	-59.9660552071	-63.5462685075	-0.000531673431396	-0.000531673431396	0.00000000000	0.00000000000	-273.150000000	-273.150000000	-273.150000000	-273.150000000	NaN	0.00000000000	NaN	NaN	0.00000000000	0.00000000000	5.00000000000	0.00000000000

















3733294947.45	NaN	10.0000000000	131.000000000	1.00000000000	3.00000000000	NaN	0.00799989700317	-7.39441227269	0.818838119507	-7.50472855962	0.838198184967	-0.000531673431396	-0.0133290290833	-0.000531673431396	0.0226566547394	-0.498778369904	0.0944522094727	1016.42042387	0.00316953659058	0.000687074661255	0.000936508178711	200000.000000	16.0000000000	0.00000000000	166.000000000	232.000000000	5.00000000000	0.950000000000	-0.740000000000	22.3000000000	0.00000000000	96.0000000000	32.0000000000	13011488.0000	2500.00000000	2000.00000000	206.200000000	6466.00000000	1700.00000000	6000.00000000	13314.0000000	5801.00000000	23.4081460007	23.5137486754	23.1798541774	-0.365118443319	23.6668057909	26.2141808083	24.1922097605	-10.8927789160	23.5243397747	23.2737861163	23.2758785345	23.8878234650	23.9764863670	22.7635844875	-12.4077104270	0.882295696942	0.00000000000	0.100000000000	0.0500000000000	0.00225882530212	0.00000000000	9.98632812500	12.4914064407	-3.53886723518	0.507812500000	14.7624998093	14.8125000000	14.7562503815	14.7937498093	14.8406257629	-300.000000000	4473.34849942	NaN	0.00000000000	24.3670959473	25.0001831055	640.000000000	NaN	24.6393490160	25.1974366372	25.2853583816	24.4726324559	25.7081190413	-59.9660552071	-63.5462685075	-0.000531673431396	-0.000531673431396	0.00000000000	0.00000000000	-273.150000000	-273.150000000	-273.150000000	-273.150000000	NaN	0.00000000000	NaN	NaN	0.00000000000	0.00000000000	5.00000000000	0.00000000000

















3733294947.65	NaN	15.0000000000	117.000000000	0.00000000000	0.00000000000	NaN	0.00767183303833	-7.51322723467	0.816541194916	-7.47074257316	0.838526725769	-0.000531673431396	-0.0146417617798	0.000124454498291	0.0512056995392	0.0722025260925	0.0976920337677	1016.33311949	0.00382614135742	0.000654888153076	0.000932502746582	200000.000000	16.0000000000	0.00000000000	166.000000000	232.000000000	5.00000000000	0.950000000000	-0.740000000000	22.3000000000	0.00000000000	96.0000000000	32.0000000000	13011488.0000	2500.00000000	2000.00000000	206.200000000	6466.00000000	1700.00000000	6000.00000000	13314.0000000	5801.00000000	23.4081460007	23.5137486754	23.1798541774	-0.365118443319	23.6668057909	26.2141808083	24.1922097605	-10.8927789160	23.5243397747	23.2737861163	23.2758785345	23.8878234650	23.9764863670	22.7635844875	-12.4077104270	0.882295696942	0.00000000000	0.100000000000	0.0500000000000	0.00220232009888	0.00000000000	9.98437500000	12.4914064407	-3.41230463982	0.507812500000	14.7624998093	14.8125000000	14.7562503815	14.7937498093	14.8406257629	-300.000000000	0.00000000000	NaN	0.00000000000	24.3670959473	25.0001831055	640.000000000	NaN	24.6393490160	25.1974366372	25.2853583816	24.4726324559	25.7081190413	-59.9660552071	-63.5462685075	-0.000531673431396	-0.000531673431396	-0.000531673431396	0.00000000000	-273.150000000	-273.150000000	-273.150000000	-273.150000000	NaN	0.00000000000	NaN	NaN	0.00000000000	0.00000000000	5.00000000000	0.00000000000

















3733294947.85	NaN	4.00000000000	126.000000000	0.00000000000	2.00000000000	NaN	0.00668764114380	-7.36899823685	0.815228462219	-7.52172801842	0.839182853699	-0.000859737396240	-0.0130009651184	-0.000531673431396	0.0131264745712	-0.879708938599	0.0944522094727	1016.55144389	0.00386524200439	0.000664710998535	0.000964641571045	200000.000000	16.0000000000	0.00000000000	166.000000000	232.000000000	5.00000000000	0.950000000000	-0.740000000000	22.3000000000	0.00000000000	96.0000000000	32.0000000000	13011488.0000	2500.00000000	2000.00000000	206.200000000	6466.00000000	1700.00000000	6000.00000000	13314.0000000	5801.00000000	23.4081460007	23.5137486754	23.1798541774	-0.365118443319	23.6668057909	26.2141808083	24.1922097605	-10.8927789160	23.5243397747	23.2737861163	23.2758785345	23.8878234650	23.9764863670	22.7635844875	-12.4077104270	0.882295696942	0.00000000000	0.100000000000	0.0500000000000	0.00217227935791	0.00000000000	9.98437500000	12.4914064407	-3.41230463982	0.507812500000	14.7624998093	14.8125000000	14.7562503815	14.7937498093	14.8406257629	-300.000000000	2848.16899230	NaN	0.00000000000	24.3678283691	25.0000305176	640.000000000	NaN	24.6393490160	25.1974366372	25.2853583816	24.4726324559	25.7081190413	-59.9660552071	-63.5462685075	-0.000531673431396	-0.000531673431396	-0.000531673431396	0.00000000000	-273.150000000	-273.150000000	-273.150000000	-273.150000000	NaN	0.00000000000	NaN	NaN	0.00000000000	0.00000000000	5.00000000000	0.00000000000

















3733294948.05	NaN	8.00000000000	126.000000000	0.00000000000	0.00000000000	NaN	0.00964069366455	-7.46225441893	0.811618804932	-7.47923282751	0.838854789734	-0.000531673431396	-0.0136575698853	-0.000203609466553	0.0512056995392	1.97602545547	0.0904027233124	1016.28946730	0.00484991073608	0.000685119628906	0.000974512100220	200000.000000	16.0000000000	0.00000000000	166.000000000	232.000000000	5.00000000000	0.950000000000	-0.740000000000	22.3000000000	0.00000000000	96.0000000000	32.0000000000	13011488.0000	2500.00000000	2000.00000000	206.200000000	6466.00000000	1700.00000000	6000.00000000	13314.0000000	5801.00000000	23.4081460007	23.5137486754	23.1798541774	-0.365118443319	23.6668057909	26.2141808083	24.1922097605	-10.8927789160	23.5243397747	23.2737861163	23.2758785345	23.8878234650	23.9764863670	22.7635844875	-12.4077104270	0.882295696942	0.00000000000	0.100000000000	0.0500000000000	0.00241637229919	0.00000000000	9.98632812500	12.4933595657	-3.28457045555	0.468750000000	14.7624998093	14.8125000000	14.7562503815	14.7937498093	14.8406257629	-300.000000000	0.00000000000	NaN	0.00000000000	24.3678283691	25.0000305176	640.000000000	NaN	24.6393490160	25.1974366372	25.2853583816	24.4726324559	25.7081190413	-59.9660552071	-63.5462685075	-0.000531673431396	-0.000531673431396	-0.000531673431396	0.00000000000	-273.150000000	-273.150000000	-273.150000000	-273.150000000	NaN	0.00000000000	NaN	NaN	0.00000000000	0.00000000000	5.00000000000	0.00000000000

















3733294948.25	NaN	10.0000000000	119.000000000	0.00000000000	0.00000000000	NaN	0.00668764114380	-7.49623199156	0.808993816376	-7.42831044525	0.839510917664	-0.000203609466553	-0.0146417617798	-0.0130009651184	-0.272419301033	-6.78122805405	0.0952618713379	1016.37677168	0.00500726699829	0.000673937797546	0.000959420204163	200000.000000	16.0000000000	0.00000000000	166.000000000	232.000000000	5.00000000000	0.950000000000	-0.740000000000	22.3000000000	0.00000000000	96.0000000000	32.0000000000	13011488.0000	2500.00000000	2000.00000000	206.200000000	6466.00000000	1700.00000000	6000.00000000	13314.0000000	5801.00000000	23.4081460007	23.5137486754	23.1798541774	-0.365118443319	23.6668057909	26.2141808083	24.1922097605	-10.8927789160	23.5243397747	23.2737861163	23.2758785345	23.8878234650	23.9764863670	22.7635844875	-12.4077104270	0.882295696942	0.00000000000	0.100000000000	0.0500000000000	0.00194640159607	0.00000000000	9.98632812500	12.4933595657	-3.28457045555	0.468750000000	14.7624998093	14.8125000000	14.7624998093	14.7937498093	14.8406257629	-300.000000000	0.00000000000	NaN	0.00000000000	24.3678283691	25.0000305176	640.000000000	NaN	24.6393490160	25.1974366372	25.2853583816	24.4726324559	25.7081190413	-59.9660552071	-63.5462685075	-0.000531673431396	-0.000531673431396	-0.000531673431396	0.00000000000	-273.150000000	-273.150000000	-273.150000000	-273.150000000	NaN	0.00000000000	NaN	NaN	0.00000000000	0.00000000000	5.00000000000	0.00000000000
















3733294948.45	NaN	7.00000000000	118.000000000	0.00000000000	2.00000000000	NaN	0.00865650177002	-7.36899823685	0.807024955750	-7.53023091262	0.838198184967	-0.000203609466553	-0.0136575698853	0.000781059265137	0.0512056995392	-0.498778369904	0.0782554416656	1016.33311949	0.00583410263062	0.000693011283875	0.000985693931580	200000.000000	16.0000000000	0.00000000000	166.000000000	232.000000000	5.00000000000	0.950000000000	-0.740000000000	22.3000000000	0.00000000000	104.000000000	32.0000000000	13011488.0000	2500.00000000	2000.00000000	206.200000000	6466.00000000	1700.00000000	6000.00000000	13314.0000000	5801.00000000	23.4081460007	23.5137486754	23.1798541774	-0.365118443319	23.6668057909	26.2141808083	24.1922097605	-10.8927789160	23.5243397747	23.2737861163	23.2758785345	23.8878234650	23.9764863670	22.7635844875	-12.4077104270	0.882295696942	0.00000000000	0.100000000000	0.0500000000000	0.00169577598572	0.00000000000	9.98632812500	12.4925785065	-3.16250014305	0.507812500000	14.7624998093	14.8125000000	14.7624998093	14.7937498093	14.8406257629	-300.000000000	3051.65770682	NaN	0.00000000000	24.3681335449	25.0000305176	640.000000000	NaN	24.6393490160	25.1974366372	25.2853583816	24.4726324559	25.7081190413	-59.9660552071	-63.5462685075	-0.000531673431396	-0.000531673431396	-0.000531673431396	0.00000000000	-273.150000000	-273.150000000	-273.150000000	-273.150000000	NaN	0.00000000000	NaN	NaN	1.00000000000	0.00000000000	5.00000000000	0.00000000000


















3733294948.65	NaN	6.00000000000	129.000000000	0.00000000000	0.00000000000	NaN	0.00603103637695	-7.35207415529	0.807024955750	-7.53874828243	0.836885929108	0.00176525115967	-0.0133290290833	0.00242137908936	0.0988012727737	-1.64101679993	0.0904027233124	1016.15844728	0.00628042221069	0.000681114196777	0.000963377952576	200000.000000	16.0000000000	0.00000000000	166.000000000	232.000000000	5.00000000000	0.950000000000	-0.740000000000	22.3000000000	0.00000000000	104.000000000	32.0000000000	13011488.0000	2500.00000000	2000.00000000	206.200000000	6466.00000000	1700.00000000	6000.00000000	13314.0000000	5801.00000000	23.4081460007	23.5137486754	23.1798541774	-0.365118443319	23.6668057909	26.2141808083	24.1922097605	-10.8927789160	23.5243397747	23.2737861163	23.2758785345	23.8878234650	23.9764863670	22.7635844875	-12.4077104270	0.882295696942	0.00000000000	0.100000000000	0.0500000000000	0.00243330001831	0.00000000000	9.98632812500	12.4925785065	-3.16250014305	0.507812500000	14.7624998093	14.8874998093	14.7562503815	14.8375005722	14.8406257629	-300.000000000	0.00000000000	NaN	0.00000000000	24.3681335449	25.0000305176	640.000000000	NaN	24.6393490160	25.1974366372	25.2853583816	24.4726324559	25.7081190413	-59.9660552071	-63.5462685075	-0.000531673431396	-0.000531673431396	-0.000531673431396	-0.000203609466553	-273.150000000	-273.150000000	-273.150000000	-273.150000000	NaN	0.00000000000	NaN	NaN	1.00000000000	0.00000000000	5.00000000000	0.00000000000

















3733294948.85	NaN	16.0000000000	94.0000000000	0.00000000000	1.00000000000	NaN	0.0112814903259	-7.47923282751	0.802103042603	-7.50472855962	0.838526725769	-0.00217247009277	-0.0139856338501	0.00176525115967	0.127350317574	-0.308451404572	0.0912123851776	1016.33311949	0.00631999969482	0.000670623779297	0.000972533226013	200000.000000	16.0000000000	0.00000000000	166.000000000	232.000000000	5.00000000000	0.950000000000	-0.740000000000	22.3000000000	0.00000000000	104.000000000	32.0000000000	13011488.0000	2500.00000000	2000.00000000	206.200000000	6466.00000000	1700.00000000	6000.00000000	13314.0000000	5801.00000000	23.4081460007	23.5137486754	23.1798541774	-0.365118443319	23.6668057909	26.2141808083	24.1922097605	-10.8927789160	23.5243397747	23.2737861163	23.2758785345	23.8878234650	23.9764863670	22.7635844875	-12.4077104270	0.882295696942	0.00000000000	0.100000000000	0.0500000000000	0.00232176780701	0.00000000000	43.0097656250	12.4941406250	-3.27597665787	0.0195312500000	14.7624998093	14.8874998093	14.7562503815	14.8375005722	14.8406257629	-300.000000000	1424.08449615	NaN	0.00000000000	24.3685302734	25.0002136230	640.000000000	NaN	24.6393490160	25.1974366372	25.2853583816	24.4726324559	25.7081190413	-59.9660552071	-63.5462685075	-0.000531673431396	-0.000531673431396	-0.000531673431396	-0.000203609466553	-273.150000000	-273.150000000	-273.150000000	-273.150000000	NaN	0.00000000000	NaN	NaN	1.00000000000	0.00000000000	5.00000000000	0.00000000000

















3733294949.05	NaN	10.0000000000	118.000000000	0.00000000000	0.00000000000	NaN	0.0135784149170	-7.50472855962	0.800462245941	-7.52172801842	0.837542057037	-0.00184440612793	-0.0143136978149	0.00340604782104	0.165429542542	2.54700635147	0.0928328857422	1016.28946730	0.00688457489014	0.000665330886841	0.000972580909729	200000.000000	16.0000000000	0.00000000000	166.000000000	232.000000000	5.00000000000	0.950000000000	-0.740000000000	22.3000000000	0.00000000000	104.000000000	32.0000000000	13011488.0000	2500.00000000	2000.00000000	206.200000000	6466.00000000	1700.00000000	6000.00000000	13314.0000000	5801.00000000	23.4081460007	23.5137486754	23.1798541774	-0.365118443319	23.6668057909	26.2141808083	24.1922097605	-10.8927789160	23.5243397747	23.2737861163	23.2758785345	23.8878234650	23.9764863670	22.7635844875	-12.4077104270	0.882295696942	0.00000000000	0.100000000000	0.0500000000000	0.00228638648987	0.00000000000	43.0097656250	12.4941406250	-3.27597665787	0.0195312500000	14.7624998093	15.0500001907	14.8187503815	14.9312505722	14.8406257629	-300.000000000	0.00000000000	NaN	0.00000000000	24.3685302734	25.0002136230	640.000000000	NaN	24.6393490160	25.1974366372	25.2853583816	24.4726324559	25.7081190413	-59.9660552071	-63.5462685075	-0.000531673431396	-0.000531673431396	-0.000531673431396	-0.000203609466553	-273.150000000	-273.150000000	-273.150000000	-273.150000000	NaN	0.00000000000	NaN	NaN	1.00000000000	0.00000000000	5.00000000000	0.00000000000


















3733294949.25	NaN	9.00000000000	111.000000000	0.00000000000	2.00000000000	NaN	0.0188288688660	-7.53874828243	0.795867919922	-7.51322723467	0.845417499542	-0.00184440612793	-0.0159544944763	-0.00873517990112	-0.196274682999	-5.44838602066	0.0879737377167	1016.28946730	0.00693702697754	0.000681757926941	0.000974559783936	200000.000000	16.0000000000	0.00000000000	166.000000000	232.000000000	5.00000000000	0.950000000000	-0.740000000000	22.3000000000	0.00000000000	104.000000000	32.0000000000	13011488.0000	2500.00000000	2000.00000000	206.200000000	6466.00000000	1700.00000000	6000.00000000	13314.0000000	5801.00000000	23.4081460007	23.5137486754	23.1798541774	-0.365118443319	23.6668057909	26.2141808083	24.1922097605	-10.8927789160	23.5243397747	23.2737861163	23.2758785345	23.8878234650	23.9764863670	22.7635844875	-12.4077104270	0.882295696942	0.00000000000	0.100000000000	0.0500000000000	0.000934457778931	0.00000000000	45.8027343750	2.44843745232	-2.93886733055	0.00000000000	14.7624998093	15.0500001907	14.8187503815	14.9312505722	14.8406257629	-300.000000000	3209.91042514	NaN	0.00000000000	24.3685302734	25.0002746582	640.000000000	NaN	24.6393490160	25.1974366372	25.2853583816	24.4726324559	25.7081190413	-59.9660552071	-63.5462685075	-0.000531673431396	-0.000531673431396	-0.000531673431396	-0.000203609466553	-273.150000000	-273.150000000	-273.150000000	-273.150000000	NaN	0.00000000000	NaN	NaN	1.00000000000	0.00000000000	5.00000000000	0.00000000000

















3733294949.45	NaN	15.0000000000	127.000000000	0.00000000000	0.00000000000	NaN	0.00865650177002	-7.53023091262	0.800134181976	-7.55576464468	0.835573196411	0.000452518463135	-0.0120167732239	0.00439023971558	0.146396846008	-1.45068983459	0.0887833995819	1016.07114289	0.00702857971191	0.000683069229126	0.000957465171814	200000.000000	16.0000000000	0.00000000000	166.000000000	232.000000000	5.00000000000	0.950000000000	-0.740000000000	22.3000000000	0.00000000000	104.000000000	32.0000000000	13011488.0000	2500.00000000	2000.00000000	206.200000000	6466.00000000	1700.00000000	6000.00000000	13314.0000000	5801.00000000	23.4081460007	23.5137486754	23.1798541774	-0.365118443319	23.6668057909	26.2141808083	24.1922097605	-10.8927789160	23.5243397747	23.2737861163	23.2758785345	23.8878234650	23.9764863670	22.7635844875	-12.4077104270	0.882295696942	0.00000000000	0.100000000000	0.0500000000000	0.00233097076416	0.00000000000	45.8027343750	2.44843745232	-2.93886733055	0.00000000000	14.7624998093	15.0875005722	14.7687501907	14.9625005722	14.8406257629	-300.000000000	0.00000000000	NaN	0.00000000000	24.3691101074	25.0002746582	640.000000000	NaN	24.6393490160	25.1974366372	25.2853583816	24.4726324559	25.7081190413	-59.9660552071	-63.5462685075	-0.000531673431396	-0.000531673431396	-0.000531673431396	-0.000203609466553	-273.150000000	-273.150000000	-273.150000000	-273.150000000	NaN	0.00000000000	NaN	NaN	1.00000000000	0.00000000000	5.00000000000	0.00000000000

















3733294949.65	NaN	13.0000000000	118.000000000	0.00000000000	0.00000000000	NaN	0.0178442001343	-7.41983276900	0.798165321350	-7.53874828243	0.835901260376	0.000124454498291	-0.0136575698853	0.00439023971558	0.127350317574	-0.118124439240	0.0928328857422	1016.11479508	0.00727796554565	0.000652265548706	0.000947594642639	200000.000000	16.0000000000	0.00000000000	166.000000000	232.000000000	5.00000000000	0.950000000000	-0.740000000000	22.3000000000	0.00000000000	104.000000000	32.0000000000	13011488.0000	2500.00000000	2000.00000000	206.200000000	6466.00000000	1700.00000000	6000.00000000	13314.0000000	5801.00000000	23.4081460007	23.5137486754	23.1798541774	-0.365118443319	23.6668057909	26.2141808083	24.1922097605	-10.8927789160	23.5243397747	23.2737861163	23.2758785345	23.8878234650	23.9764863670	22.7635844875	-12.4077104270	0.882295696942	0.00000000000	0.100000000000	0.0500000000000	0.00237689018250	0.00000000000	54.6679687500	0.452343761921	-2.61171889305	0.00000000000	14.7624998093	15.0875005722	14.7687501907	14.9625005722	14.8406257629	-300.000000000	0.00000000000	NaN	0.00000000000	24.3691101074	25.0002746582	640.000000000	NaN	24.6393490160	25.1974366372	25.2853583816	24.4726324559	25.7081190413	-59.9660552071	-63.5462685075	-0.000531673431396	-0.000531673431396	-0.000531673431396	-0.000203609466553	-98.9704909459	-273.150000000	-273.150000000	-273.150000000	NaN	0.00000000000	NaN	NaN	1.00000000000	0.00000000000	5.00000000000	0.00000000000

















3733294949.85	NaN	15.0000000000	131.000000000	0.00000000000	1.00000000000	NaN	0.0135784149170	-7.54725540575	0.793899059296	-7.51322723467	0.839182853699	-0.00250053405762	-0.0139856338501	0.00406217575073	0.174945890808	-0.498778369904	0.0895930614471	1016.33311949	0.00886631011963	0.000694894790649	0.000985693931580	200000.000000	16.0000000000	0.00000000000	166.000000000	232.000000000	5.00000000000	0.950000000000	-0.740000000000	22.3000000000	0.00000000000	104.000000000	32.0000000000	13011488.0000	2500.00000000	2000.00000000	206.200000000	6466.00000000	1700.00000000	6000.00000000	13314.0000000	5801.00000000	23.4081460007	23.5137486754	23.1798541774	-0.365118443319	23.6668057909	26.2141808083	24.1922097605	-10.8927789160	23.5243397747	23.2737861163	23.2758785345	23.8878234650	23.9764863670	22.7635844875	-12.4077104270	0.882295696942	0.00000000000	0.100000000000	0.0500000000000	0.00421061515808	0.00000000000	54.6679687500	0.452343761921	-2.61171889305	0.00000000000	14.7624998093	15.0000000000	14.7562503815	14.9687500000	14.8406257629	-300.000000000	1604.95521257	NaN	0.00000000000	24.3694763184	24.9999084473	640.000000000	NaN	24.6393490160	25.1974366372	25.2853583816	24.4726324559	25.7081190413	-59.9660552071	-63.5462685075	-0.000531673431396	-0.000531673431396	-0.000531673431396	-0.000203609466553	-98.9704909459	-273.150000000	-273.150000000	-273.150000000	NaN	0.00000000000	NaN	NaN	1.00000000000	0.00000000000	5.00000000000	0.00000000000

















3733294950.05	NaN	6.00000000000	114.000000000	0.00000000000	4.00000000000	NaN	0.0112814903259	-7.40288368442	0.792914867401	-7.53023091262	0.837213993073	0.000781059265137	-0.0136575698853	0.00537490844727	0.203508767509	-2.02167073059	0.0887833995819	1016.37677168	0.00897121429443	0.000685071945190	0.000996208190918	200000.000000	16.0000000000	0.00000000000	166.000000000	232.000000000	5.00000000000	0.950000000000	-0.740000000000	22.3000000000	0.00000000000	104.000000000	32.0000000000	13011488.0000	2500.00000000	2000.00000000	206.200000000	6466.00000000	1700.00000000	6000.00000000	13314.0000000	5801.00000000	23.4081460007	23.5137486754	23.1798541774	-0.365118443319	23.6668057909	26.2141808083	24.1922097605	-10.8927789160	23.5243397747	23.2737861163	23.2758785345	23.8878234650	23.9764863670	22.7635844875	-12.4077104270	0.882295696942	0.00000000000	0.100000000000	0.0500000000000	0.00253186225891	0.00000000000	46.0683593750	-0.0156250000000	-2.33398437500	0.00000000000	14.7624998093	15.0000000000	14.7562503815	14.9687500000	14.8406257629	-300.000000000	5730.74977106	NaN	0.00000000000	24.3694763184	24.9999084473	640.000000000	NaN	24.6393490160	25.1974366372	25.2853583816	24.4726324559	25.7081190413	-59.9660552071	-63.5462685075	-0.000531673431396	-0.000531673431396	-0.000531673431396	-0.000203609466553	-98.9704909459	-273.150000000	-273.150000000	-273.150000000	NaN	0.00000000000	NaN	NaN	1.00000000000	0.00000000000	5.00000000000	0.00000000000


















3733294950.25	NaN	11.0000000000	100.000000000	0.00000000000	0.00000000000	NaN	0.0109534263611	-7.47923282751	0.787992954254	-7.53023091262	0.835901260376	-0.00151634216309	-0.0159544944763	-0.00414133071899	0.00361012630463	-2.40260129929	0.0879737377167	1016.37677168	0.00902366638184	0.000708055496216	0.000966691970825	200000.000000	16.0000000000	0.00000000000	166.000000000	232.000000000	5.00000000000	0.950000000000	-0.740000000000	22.3000000000	0.00000000000	104.000000000	32.0000000000	13011488.0000	2500.00000000	2000.00000000	206.200000000	6466.00000000	1700.00000000	6000.00000000	13314.0000000	5801.00000000	23.4081460007	23.5137486754	23.1798541774	-0.365118443319	23.6668057909	26.2141808083	24.1922097605	-10.8927789160	23.5243397747	23.2737861163	23.2758785345	23.8878234650	23.9764863670	22.7635844875	-12.4077104270	0.882295696942	0.00000000000	0.100000000000	0.0500000000000	0.00238876342773	0.00000000000	46.0683593750	-0.0156250000000	-2.33398437500	0.00000000000	14.7624998093	15.1000003815	14.7562503815	14.9750003815	14.8406257629	-300.000000000	0.00000000000	NaN	0.00000000000	24.3694763184	24.9999084473	640.000000000	NaN	24.6393490160	25.1974366372	25.2853583816	24.4726324559	25.7081190413	-59.9660552071	-63.5462685075	-0.000531673431396	-0.000531673431396	-0.000531673431396	-0.000203609466553	-98.9704909459	-273.150000000	-273.150000000	-273.150000000	NaN	0.00000000000	NaN	NaN	1.00000000000	0.00000000000	5.00000000000	0.00000000000

















3733294950.45	NaN	7.00000000000	110.000000000	0.00000000000	1.00000000000	NaN	0.00471878051758	-7.41983276900	0.787336349487	-7.58130507251	0.834589004517	0.00242137908936	-0.0130009651184	0.00504684448242	0.222541464043	-3.16390916061	0.0944522094727	1016.20209947	0.00962781906128	0.000704121589661	0.000978469848633	200000.000000	16.0000000000	0.00000000000	166.000000000	232.000000000	5.00000000000	0.950000000000	-0.740000000000	22.3000000000	0.00000000000	104.000000000	32.0000000000	13011488.0000	2500.00000000	2000.00000000	206.200000000	6466.00000000	1700.00000000	6000.00000000	13314.0000000	5801.00000000	23.4081460007	23.5137486754	23.1798541774	-0.365118443319	23.6668057909	26.2141808083	24.1922097605	-10.8927789160	23.5243397747	23.2737861163	23.2758785345	23.8878234650	23.9764863670	22.7635844875	-12.4077104270	0.882295696942	0.00000000000	0.100000000000	0.0500000000000	0.00201735496521	0.00000000000	53.1445312500	-0.0535156242549	-2.09316420555	0.00000000000	14.7624998093	15.1000003815	14.7562503815	14.9750003815	14.8406257629	-300.000000000	1424.08449615	NaN	0.00000000000	24.3699340820	25.0000305176	640.000000000	NaN	24.6393490160	25.1974366372	25.2853583816	24.4726324559	25.7081190413	-59.9660552071	-63.5462685075	-0.000531673431396	-0.000531673431396	-0.000531673431396	-0.000203609466553	-98.9704909459	-273.150000000	-273.150000000	-273.150000000	NaN	0.00000000000	NaN	NaN	1.00000000000	0.00000000000	5.00000000000	0.00000000000

















3733294950.65	NaN	21.0000000000	129.000000000	0.00000000000	2.00000000000	NaN	0.00996875762939	-7.49623199156	0.785039424896	-7.53874828243	0.834917068481	-0.00282859802246	-0.0143136978149	0.00570297241211	0.260620689011	0.833787025452	0.0904027233124	1016.37677168	0.00957489013672	0.000690340995789	0.000985670089722	200000.000000	16.0000000000	0.00000000000	166.000000000	232.000000000	5.00000000000	0.950000000000	-0.740000000000	22.3000000000	0.00000000000	104.000000000	32.0000000000	13011488.0000	2500.00000000	2000.00000000	206.200000000	6466.00000000	1700.00000000	6000.00000000	13314.0000000	5801.00000000	23.4081460007	23.5137486754	23.1798541774	-0.365118443319	23.6668057909	26.2141808083	24.1922097605	-10.8927789160	23.5243397747	23.2737861163	23.2758785345	23.8878234650	23.9764863670	22.7635844875	-12.4077104270	0.882295696942	0.00000000000	0.100000000000	0.0500000000000	0.00248589515686	0.00000000000	53.1445312500	-0.0535156242549	-2.09316420555	0.00000000000	14.7624998093	15.1062498093	14.7624998093	14.9750003815	14.8406257629	-300.000000000	2961.46969030	NaN	0.00000000000	24.3699340820	25.0000305176	640.000000000	NaN	24.6393490160	25.1974366372	25.2853583816	24.4726324559	25.7081190413	-59.9660552071	-63.5462685075	-0.000531673431396	-0.000531673431396	-0.000531673431396	-0.000203609466553	-98.9704909459	-273.150000000	-273.150000000	-273.150000000	NaN	0.00000000000	NaN	NaN	1.00000000000	0.00000000000	5.00000000000	0.00000000000


















3733294950.85	NaN	9.00000000000	114.000000000	0.00000000000	0.00000000000	NaN	0.0102968215942	-7.36053515707	0.784383296967	-7.58983517320	0.834917068481	0.00110912322998	-0.0123448371887	0.00570297241211	0.241574160576	0.643460060120	0.0895930614471	1016.20209947	0.0109009742737	0.000673890113831	0.000957465171814	200000.000000	16.0000000000	0.00000000000	166.000000000	232.000000000	5.00000000000	0.950000000000	-0.740000000000	22.3000000000	0.00000000000	104.000000000	32.0000000000	13011488.0000	2500.00000000	2000.00000000	206.200000000	6466.00000000	1700.00000000	6000.00000000	13314.0000000	5801.00000000	23.4081460007	23.5137486754	23.1798541774	-0.365118443319	23.6668057909	26.2141808083	24.1922097605	-10.8927789160	23.5243397747	23.2737861163	23.2758785345	23.8878234650	23.9764863670	22.7635844875	-12.4077104270	0.882295696942	0.00000000000	0.100000000000	0.0500000000000	0.00368819236755	0.00000000000	45.2617187500	-0.0441406257451	-1.87832033634	0.00000000000	14.7624998093	15.1062498093	14.7624998093	14.9750003815	14.8406257629	-300.000000000	0.00000000000	NaN	0.00000000000	24.3702087402	25.0002441406	640.000000000	NaN	24.6393490160	25.1974366372	25.2853583816	24.4726324559	25.7081190413	-59.9660552071	-63.5462685075	-0.000531673431396	-0.000531673431396	-0.000531673431396	-0.000203609466553	-98.9704909459	-273.150000000	-273.150000000	-273.150000000	NaN	0.00000000000	NaN	NaN	1.00000000000	0.00000000000	5.00000000000	0.00000000000


















3733294951.05	NaN	13.0000000000	120.000000000	0.00000000000	1.00000000000	NaN	0.0244069099426	-7.50472855962	0.782742500305	-7.53874828243	0.835573196411	-0.00118780136108	-0.0139856338501	0.00635910034180	0.260620689011	1.40476792145	0.0879737377167	1016.07114289	0.0103888511658	0.000685119628906	0.000960731506348	200000.000000	16.0000000000	0.00000000000	166.000000000	232.000000000	5.00000000000	0.950000000000	-0.740000000000	22.3000000000	0.00000000000	104.000000000	32.0000000000	13011488.0000	2500.00000000	2000.00000000	206.200000000	6466.00000000	1700.00000000	6000.00000000	13314.0000000	5801.00000000	23.4081460007	23.5137486754	23.1798541774	-0.365118443319	23.6668057909	26.2141808083	24.1922097605	-10.8927789160	23.5243397747	23.2737861163	23.2758785345	23.8878234650	23.9764863670	22.7635844875	-12.4077104270	0.882295696942	0.00000000000	0.100000000000	0.0500000000000	0.00257520675659	0.00000000000	45.2617187500	-0.0441406257451	-1.87832033634	0.00000000000	14.7624998093	15.0312500000	14.7562503815	14.9812498093	14.8406257629	-300.000000000	1571.29323058	NaN	0.00000000000	24.3702087402	25.0002441406	640.000000000	NaN	24.6393490160	25.1974366372	25.2853583816	24.4726324559	25.7081190413	-59.9660552071	-63.5462685075	-0.000531673431396	-0.000531673431396	-0.000531673431396	-0.000203609466553	-98.9704909459	-273.150000000	-273.150000000	-273.150000000	NaN	0.00000000000	NaN	NaN	1.00000000000	0.00000000000	5.00000000000	0.00000000000

















3733294951.25	NaN	5.00000000000	122.000000000	0.00000000000	1.00000000000	NaN	0.00964069366455	-7.45376836310	0.782414436340	-7.54725540575	0.841807842255	-0.000203609466553	-0.0159544944763	-0.00381326675415	-0.0249389184952	-3.54483972931	0.0936425476074	1016.28946730	0.0137491226196	0.000671911239624	0.000981044769287	200000.000000	16.0000000000	0.00000000000	166.000000000	232.000000000	5.00000000000	0.950000000000	-0.740000000000	22.3000000000	0.00000000000	104.000000000	32.0000000000	13011488.0000	2500.00000000	2000.00000000	206.200000000	6466.00000000	1700.00000000	6000.00000000	13314.0000000	5801.00000000	23.4081460007	23.5137486754	23.1798541774	-0.365118443319	23.6668057909	26.2141808083	24.1922097605	-10.8927789160	23.5243397747	23.2737861163	23.2758785345	23.8878234650	23.9764863670	22.7635844875	-12.4077104270	0.882295696942	0.00000000000	0.100000000000	0.0500000000000	0.00222868919373	0.00000000000	52.2402343750	-0.0261718761176	-1.68378913403	0.00000000000	14.7624998093	15.0312500000	14.7562503815	14.9812498093	14.8406257629	-300.000000000	1451.67921303	NaN	0.00000000000	24.3702087402	24.9997863770	640.000000000	NaN	24.6393490160	25.1974366372	25.2853583816	24.4726324559	25.7081190413	-59.9660552071	-63.5462685075	-0.000531673431396	-0.000531673431396	-0.000531673431396	-0.000203609466553	-98.9704909459	-273.150000000	-273.150000000	-273.150000000	NaN	0.00000000000	NaN	NaN	1.00000000000	0.00000000000	5.00000000000	0.00000000000

















3733294951.45	NaN	12.0000000000	125.000000000	0.00000000000	1.00000000000	NaN	0.00931262969971	-7.43680253983	0.781429767609	-7.53874828243	0.835573196411	0.000781059265137	-0.0126729011536	0.00668764114380	0.270137037277	-0.308451404572	0.0936425476074	1016.15844728	0.0109663009644	0.000690317153931	0.000939702987671	200000.000000	16.0000000000	0.00000000000	166.000000000	232.000000000	5.00000000000	0.950000000000	-0.740000000000	22.3000000000	0.00000000000	104.000000000	32.0000000000	13011488.0000	2500.00000000	2000.00000000	206.200000000	6466.00000000	1700.00000000	6000.00000000	13314.0000000	5801.00000000	23.4081460007	23.5137486754	23.1798541774	-0.365118443319	23.6668057909	26.2141808083	24.1922097605	-10.8927789160	23.5243397747	23.2737861163	23.2758785345	23.8878234650	23.9764863670	22.7635844875	-12.4077104270	0.882295696942	0.00000000000	0.100000000000	0.0500000000000	0.00270123481750	0.00000000000	52.2402343750	-0.0261718761176	-1.68378913403	0.00000000000	14.7624998093	15.0812501907	14.7562503815	14.9812498093	14.8429689407	-300.000000000	1372.82491023	NaN	0.00000000000	24.3704833984	24.9997863770	640.000000000	NaN	24.6393490160	25.1974366372	25.2853583816	24.4726324559	25.7081190413	-59.9660552071	-63.5462685075	-0.000531673431396	-0.000531673431396	-0.000531673431396	-0.000203609466553	-98.9704909459	-273.150000000	-273.150000000	-273.150000000	NaN	0.00000000000	NaN	NaN	1.00000000000	0.00000000000	5.00000000000	0.00000000000

















3733294951.65	NaN	13.0000000000	113.000000000	0.00000000000	0.00000000000	NaN	0.00931262969971	-7.43680253983	0.781429767609	-7.57278947633	0.835901260376	-0.000859737396240	-0.0139856338501	0.00603103637695	0.260620689011	0.833787025452	0.0863532371521	1016.20209947	0.0105595588684	0.000698900222778	0.000974607467651	200000.000000	16.0000000000	0.00000000000	166.000000000	232.000000000	5.00000000000	0.950000000000	-0.740000000000	22.3000000000	0.00000000000	104.000000000	32.0000000000	13011488.0000	2500.00000000	2000.00000000	206.200000000	6466.00000000	1700.00000000	6000.00000000	13314.0000000	5801.00000000	23.4081460007	23.5137486754	23.1798541774	-0.365118443319	23.6668057909	26.2141808083	24.1922097605	-10.8927789160	23.5243397747	23.2737861163	23.2758785345	23.8878234650	23.9764863670	22.7635844875	-12.4077104270	0.882295696942	0.00000000000	0.100000000000	0.0500000000000	0.000694227218628	0.00000000000	46.1171875000	-0.0273437500000	-1.51503908634	0.00000000000	14.7624998093	15.0812501907	14.7562503815	14.9812498093	14.8429689407	-300.000000000	0.00000000000	NaN	0.00000000000	24.3704833984	24.9997863770	640.000000000	NaN	24.6393490160	25.1974366372	25.2853583816	24.4726324559	25.7081190413	-59.9660552071	-63.5462685075	-0.000531673431396	-0.000531673431396	-0.000531673431396	-0.000203609466553	-98.9704909459	-273.150000000	-273.150000000	-273.150000000	NaN	0.00000000000	NaN	NaN	1.00000000000	0.00000000000	5.00000000000	0.00000000000

















3733294951.85	NaN	11.0000000000	102.000000000	0.00000000000	0.00000000000	NaN	0.00668764114380	-7.36053515707	0.780117511749	-7.55576464468	0.837213993073	0.000452518463135	-0.0133290290833	0.00635910034180	0.251104340744	-0.879708938599	0.0863532371521	1016.33311949	0.0107955932617	0.000648951530457	0.000974488258362	200000.000000	16.0000000000	0.00000000000	166.000000000	232.000000000	5.00000000000	0.950000000000	-0.740000000000	22.3000000000	0.00000000000	104.000000000	32.0000000000	13011488.0000	2500.00000000	2000.00000000	206.200000000	6466.00000000	1700.00000000	6000.00000000	13314.0000000	5801.00000000	23.4081460007	23.5137486754	23.1798541774	-0.365118443319	23.6668057909	26.2141808083	24.1922097605	-10.8927789160	23.5243397747	23.2737861163	23.2758785345	23.8878234650	23.9764863670	22.7635844875	-12.4077104270	0.882295696942	0.00000000000	0.100000000000	0.0500000000000	0.00201859474182	0.00000000000	46.1171875000	-0.0273437500000	-1.51503908634	0.00000000000	14.7624998093	15.0562505722	14.7624998093	14.9812498093	14.8406257629	-300.000000000	0.00000000000	NaN	0.00000000000	24.3712158203	25.0001831055	640.000000000	NaN	24.6393490160	25.1974366372	25.2853583816	24.4726324559	25.7081190413	-59.9660552071	-63.5462685075	-0.000531673431396	-0.000531673431396	-0.000531673431396	-0.000203609466553	-98.9704909459	-273.150000000	-273.150000000	-273.150000000	NaN	0.00000000000	NaN	NaN	1.00000000000	0.00000000000	5.00000000000	0.00000000000

















3733294952.05	NaN	12.0000000000	102.000000000	0.00000000000	1.00000000000	NaN	0.0132503509521	-7.45376836310	0.779132843018	-7.53023091262	0.835573196411	-0.00151634216309	-0.0143136978149	0.00635910034180	0.298686082077	1.02411399078	0.0928328857422	1016.28946730	0.0110187530518	0.000664758682251	0.000996160507202	200000.000000	16.0000000000	0.00000000000	166.000000000	232.000000000	5.00000000000	0.950000000000	-0.740000000000	22.3000000000	0.00000000000	104.000000000	32.0000000000	13011488.0000	2500.00000000	2000.00000000	206.200000000	6466.00000000	1700.00000000	6000.00000000	13314.0000000	5801.00000000	23.4081460007	23.5137486754	23.1798541774	-0.365118443319	23.6668057909	26.2141808083	24.1922097605	-10.8927789160	23.5243397747	23.2737861163	23.2758785345	23.8878234650	23.9764863670	22.7635844875	-12.4077104270	0.882295696942	0.00000000000	0.100000000000	0.0500000000000	0.00243735313416	0.00000000000	54.6777343750	-0.000781250011642	-1.36289060116	0.00000000000	14.7624998093	15.0562505722	14.7624998093	14.9812498093	14.8406257629	-300.000000000	1752.44483110	NaN	0.00000000000	24.3712158203	25.0001831055	640.000000000	NaN	24.6393490160	25.1974366372	25.2853583816	24.4726324559	25.7081190413	-59.9660552071	-63.5462685075	-0.000531673431396	-0.000531673431396	-0.000531673431396	-0.000203609466553	-98.9704909459	-273.150000000	-273.150000000	-273.150000000	NaN	0.00000000000	NaN	NaN	1.00000000000	0.00000000000	5.00000000000	0.00000000000


















3733294952.25	NaN	16.0000000000	121.000000000	0.00000000000	0.00000000000	NaN	0.0178442001343	-7.41135718263	0.779132843018	-7.56427600096	0.834917068481	0.00176525115967	-0.0126729011536	0.00373411178589	0.184462239075	-2.59292826462	0.0912123851776	1016.24575166	0.0117931365967	0.000709414482117	0.000958800315857	200000.000000	16.0000000000	0.00000000000	166.000000000	232.000000000	5.00000000000	0.950000000000	-0.740000000000	22.3000000000	0.00000000000	104.000000000	32.0000000000	13011488.0000	2500.00000000	2000.00000000	206.200000000	6466.00000000	1700.00000000	6000.00000000	13314.0000000	5801.00000000	23.4081460007	23.5137486754	23.1798541774	-0.365118443319	23.6668057909	26.2141808083	24.1922097605	-10.8927789160	23.5243397747	23.2737861163	23.2758785345	23.8878234650	23.9764863670	22.7635844875	-12.4077104270	0.882295696942	0.00000000000	0.100000000000	0.0500000000000	0.00269722938538	0.00000000000	54.6777343750	-0.000781250011642	-1.36289060116	0.00000000000	14.7624998093	15.0812501907	14.7562503815	14.9875001907	14.8406257629	-300.000000000	0.00000000000	NaN	0.00000000000	24.3712158203	25.0001831055	640.000000000	NaN	24.6393490160	25.1974366372	25.2853583816	24.4726324559	25.7081190413	-59.9660552071	-63.5462685075	-0.000531673431396	-0.000531673431396	-0.000531673431396	-0.000203609466553	-98.9704909459	-273.150000000	-273.150000000	-273.150000000	NaN	0.00000000000	NaN	NaN	1.00000000000	0.00000000000	5.00000000000	0.00000000000


















3733294952.45	NaN	11.0000000000	132.000000000	0.00000000000	1.00000000000	NaN	0.0106253623962	-7.53023091262	0.777820110321	-7.55576464468	0.834589004517	-0.000203609466553	-0.0136575698853	0.00668764114380	0.270137037277	-1.26036286926	0.0879737377167	1016.24575166	0.0119376182556	0.000690388679504	0.000981092453003	200000.000000	16.0000000000	0.00000000000	166.000000000	232.000000000	5.00000000000	0.950000000000	-0.740000000000	22.3000000000	0.00000000000	104.000000000	32.0000000000	13011488.0000	2500.00000000	2000.00000000	206.200000000	6466.00000000	1700.00000000	6000.00000000	13314.0000000	5801.00000000	23.4081460007	23.5137486754	23.1798541774	-0.365118443319	23.6668057909	26.2141808083	24.1922097605	-10.8927789160	23.5243397747	23.2737861163	23.2758785345	23.8878234650	23.9764863670	22.7635844875	-12.4077104270	0.882295696942	0.00000000000	0.100000000000	0.0500000000000	0.00390996932983	0.00000000000	46.4082031250	-0.00117187504657	-1.22656250000	0.00000000000	14.7624998093	15.0812501907	14.7562503815	14.9875001907	14.8406257629	-300.000000000	1398.45097522	NaN	0.00000000000	24.3718872070	25.0004577637	640.000000000	NaN	24.6393490160	25.1974366372	25.2853583816	24.4726324559	25.7081190413	-59.9660552071	-63.5462685075	-0.000531673431396	-0.000531673431396	-0.000531673431396	-0.000203609466553	-98.9704909459	-273.150000000	-273.150000000	-273.150000000	NaN	0.00000000000	NaN	NaN	1.00000000000	0.00000000000	5.00000000000	0.00000000000

















3733294952.65	NaN	9.00000000000	117.000000000	0.00000000000	1.00000000000	NaN	0.0122656822205	-7.55576464468	0.763710021973	-7.71788175173	0.828025817871	2.46939039230	0.260997295380	0.0992236137390	2.99244890900	33.3874439621	0.0887833995819	1016.24575166	0.00418043136597	0.000697588920593	0.000974488258362	200000.000000	16.0000000000	0.00000000000	166.000000000	232.000000000	5.00000000000	0.950000000000	-0.740000000000	22.3000000000	0.00000000000	104.000000000	32.0000000000	13011488.0000	2500.00000000	2000.00000000	206.200000000	6466.00000000	1700.00000000	6000.00000000	13314.0000000	5801.00000000	23.4081460007	23.5137486754	23.1798541774	-0.365118443319	23.6668057909	26.2141808083	24.1922097605	-10.8927789160	23.5243397747	23.2737861163	23.2758785345	23.8878234650	23.9764863670	22.7635844875	-12.4077104270	0.882295696942	0.00000000000	0.100000000000	0.0500000000000	-0.000578927993774	0.00000000000	46.4082031250	-0.00117187504657	-1.22656250000	0.00000000000	14.7624998093	15.0875005722	14.7562503815	14.9875001907	14.8429689407	-300.000000000	1509.11975743	NaN	0.00000000000	24.3718872070	25.0004577637	640.000000000	NaN	24.6393490160	25.1974366372	25.2853583816	24.4726324559	25.7081190413	-59.9660552071	-63.5462685075	-0.000531673431396	-0.000531673431396	-0.000531673431396	-0.000203609466553	-98.9704909459	-273.150000000	-273.150000000	NaN	NaN	0.00000000000	NaN	NaN	1.00000000000	0.00000000000	5.00000000000	0.00000000000

















3733294952.85	NaN	10.0000000000	127.000000000	0.00000000000	1.00000000000	NaN	0.00504684448242	-7.36053515707	0.775523185730	-7.64953120754	0.830651283264	2.47693777084	0.263622283936	0.102176666260	3.05909101067	53.5668051338	0.0936425476074	1016.33311949	0.0117540359497	0.000662755966187	0.000958776473999	200000.000000	16.0000000000	0.00000000000	166.000000000	232.000000000	5.00000000000	0.950000000000	-0.740000000000	22.3000000000	0.00000000000	104.000000000	32.0000000000	13011488.0000	2500.00000000	2000.00000000	206.200000000	6466.00000000	1700.00000000	6000.00000000	13314.0000000	5801.00000000	23.4081460007	23.5137486754	23.1798541774	-0.365118443319	23.6668057909	26.2141808083	24.1922097605	-10.8927789160	23.5243397747	23.2737861163	23.2758785345	23.8878234650	23.9764863670	22.7635844875	-12.4077104270	0.882295696942	0.00000000000	0.100000000000	0.0500000000000	0.00253443717957	0.00000000000	54.2890625000	-0.00156250002328	-1.12011718750	0.00000000000	14.7624998093	15.0875005722	14.7562503815	14.9875001907	14.8429689407	-300.000000000	1604.95521257	NaN	0.00000000000	24.3717651367	25.0002441406	640.000000000	NaN	24.6393490160	25.1974366372	25.2853583816	24.4726324559	25.7081190413	-59.9660552071	-63.5462685075	-0.000531673431396	-0.000531673431396	-0.000531673431396	-0.000203609466553	-98.9704909459	-273.150000000	-273.150000000	NaN	NaN	0.00000000000	NaN	NaN	1.00000000000	0.00000000000	5.00000000000	0.00000000000

















3733294953.05	NaN	14.0000000000	114.000000000	0.00000000000	0.00000000000	NaN	0.0122656822205	-7.40288368442	0.776835918427	-7.54725540575	0.835245132446	2.47004699707	0.261325359344	0.101520538330	3.06860735893	57.5647779579	0.0863532371521	1016.50772825	0.0113735198975	0.000703525543213	0.000971937179565	200000.000000	16.0000000000	0.00000000000	166.000000000	232.000000000	5.00000000000	0.950000000000	-0.740000000000	22.3000000000	0.00000000000	104.000000000	32.0000000000	13011488.0000	2500.00000000	2000.00000000	206.200000000	6466.00000000	1700.00000000	6000.00000000	13314.0000000	5801.00000000	23.4081460007	23.5137486754	23.1798541774	-0.365118443319	23.6668057909	26.2141808083	24.1922097605	-10.8927789160	23.5243397747	23.2737861163	23.2758785345	23.8878234650	23.9764863670	22.7635844875	-12.4077104270	0.882295696942	0.00000000000	0.100000000000	0.0500000000000	0.00229163169861	0.00000000000	54.2890625000	-0.00156250002328	-1.12011718750	0.00000000000	14.7624998093	15.0312500000	14.7562503815	14.9875001907	14.8406257629	-300.000000000	0.00000000000	NaN	0.00000000000	24.3717651367	25.0002441406	640.000000000	NaN	24.6393490160	25.1974366372	25.2853583816	24.4726324559	25.7081190413	-59.9660552071	-63.5462685075	-0.000531673431396	-0.000531673431396	-0.000531673431396	-0.000203609466553	-98.9704909459	-273.150000000	-273.150000000	NaN	NaN	0.00000000000	NaN	NaN	1.00000000000	0.00000000000	5.00000000000	0.00000000000

















3733294953.25	NaN	19.0000000000	122.000000000	0.00000000000	0.00000000000	NaN	0.0171880722046	-7.44528440398	0.777820110321	-7.57278947633	0.841151714325	2.47332811356	0.262638092041	0.0956139564514	2.69737295322	47.6652860184	0.0887833995819	1016.15844728	0.0116357803345	0.000693631172180	0.000987601280212	200000.000000	16.0000000000	0.00000000000	166.000000000	232.000000000	5.00000000000	0.950000000000	-0.740000000000	22.3000000000	0.00000000000	104.000000000	32.0000000000	13011488.0000	2500.00000000	2000.00000000	206.200000000	6466.00000000	1700.00000000	6000.00000000	13314.0000000	5801.00000000	23.4081460007	23.5137486754	23.1798541774	-0.365118443319	23.6668057909	26.2141808083	24.1922097605	-10.8927789160	23.5243397747	23.2737861163	23.2758785345	23.8878234650	23.9764863670	22.7635844875	-12.4077104270	0.882295696942	0.00000000000	0.100000000000	0.0500000000000	0.00106306076050	0.00000000000	45.6289062500	-0.000781250011642	-1.02109372616	0.00000000000	14.7624998093	15.0312500000	14.7562503815	14.9875001907	14.8406257629	-300.000000000	0.00000000000	NaN	0.00000000000	24.3717651367	24.9997863770	640.000000000	NaN	24.6393490160	25.1974366372	25.2853583816	24.4726324559	25.7081190413	-59.9660552071	-63.5462685075	-0.000531673431396	-0.000531673431396	-0.000531673431396	-0.000203609466553	-98.9704909459	-273.150000000	-273.150000000	NaN	NaN	0.00000000000	NaN	NaN	1.00000000000	0.00000000000	5.00000000000	0.00000000000

















3733294953.45	NaN	7.00000000000	110.000000000	0.00000000000	2.00000000000	NaN	0.0102968215942	-7.53874828243	0.777820110321	-7.51322723467	0.835573196411	2.46545267105	0.260997295380	0.102176666260	3.07812370720	55.6609550285	0.0879737377167	1016.42042387	0.0121212005615	0.000682497024536	0.000988316535950	200000.000000	16.0000000000	0.00000000000	166.000000000	232.000000000	5.00000000000	0.950000000000	-0.740000000000	18.0000000000	0.00000000000	104.000000000	32.0000000000	13011488.0000	2500.00000000	2000.00000000	206.200000000	6466.00000000	1700.00000000	6000.00000000	13314.0000000	5801.00000000	23.4081460007	23.5137486754	23.1798541774	-0.365118443319	23.6668057909	26.2141808083	24.1922097605	-10.8927789160	23.5243397747	23.2737861163	23.2758785345	23.8878234650	23.9764863670	22.7635844875	-12.4077104270	0.882295696942	0.00000000000	0.100000000000	0.0500000000000	0.00277595520020	0.00000000000	45.6289062500	-0.000781250011642	-1.02109372616	0.00000000000	14.7624998093	15.1062498093	14.7562503815	14.9875001907	14.8406257629	-300.000000000	2858.10783642	NaN	0.00000000000	24.3724060059	24.9997863770	640.000000000	NaN	24.6393490160	25.1974366372	25.2853583816	24.4726324559	25.7081190413	-59.9660552071	-63.5462685075	-0.000531673431396	-0.000531673431396	-0.000531673431396	-0.000203609466553	-98.9704909459	-273.150000000	-273.150000000	NaN	NaN	0.00000000000	NaN	NaN	1.00000000000	0.00000000000	5.00000000000	0.00000000000

















3733294953.65	NaN	11.0000000000	115.000000000	0.00000000000	2.00000000000	NaN	0.00734376907349	-7.53023091262	0.778148651123	-7.53023091262	0.834917068481	2.48284435272	0.262309551239	0.101191997528	3.06860735893	55.8512819939	0.0855435752869	1016.33311949	0.0116753578186	0.000702834129333	0.000983071327209	200000.000000	16.0000000000	0.00000000000	166.000000000	232.000000000	5.00000000000	0.950000000000	-0.740000000000	18.0000000000	0.00000000000	104.000000000	32.0000000000	13011488.0000	2500.00000000	2000.00000000	206.200000000	6466.00000000	1700.00000000	6000.00000000	13314.0000000	5801.00000000	23.4081460007	23.5137486754	23.1798541774	-0.365118443319	23.6668057909	26.2141808083	24.1922097605	-10.8927789160	23.5243397747	23.2737861163	23.2758785345	23.8878234650	23.9764863670	22.7635844875	-12.4077104270	0.882295696942	0.00000000000	0.100000000000	0.0500000000000	0.00261578559875	0.00000000000	52.7812500000	-0.000781250011642	-0.946679711342	0.00000000000	14.7624998093	15.1062498093	14.7562503815	14.9875001907	14.8406257629	-300.000000000	2912.96915606	NaN	0.00000000000	24.3724060059	24.9997863770	640.000000000	24.3887866938	24.6393490160	25.1974366372	25.2853583816	24.4726324559	25.7081190413	-59.9660552071	-63.5462685075	-0.000531673431396	-0.000531673431396	-0.000531673431396	-0.000203609466553	-98.9704909459	-273.150000000	-273.150000000	NaN	NaN	0.00000000000	NaN	NaN	1.00000000000	0.00000000000	5.00000000000	0.00000000000

















3733294953.85	NaN	7.00000000000	122.000000000	0.00000000000	1.00000000000	NaN	0.00767183303833	-7.37746339632	0.776835918427	-7.55576464468	0.836229324341	2.49301671982	0.262638092041	0.101191997528	3.04956083050	56.2319359245	0.0920232238770	1016.33311949	0.0118193626404	0.000712680816650	0.000997567176819	200000.000000	16.0000000000	0.00000000000	166.000000000	232.000000000	5.00000000000	0.950000000000	-0.740000000000	18.0000000000	0.00000000000	104.000000000	32.0000000000	13011488.0000	2500.00000000	2000.00000000	206.200000000	6466.00000000	1700.00000000	6000.00000000	13314.0000000	5801.00000000	23.4081460007	23.5137486754	23.1798541774	-0.365118443319	23.6668057909	26.2141808083	24.1922097605	-10.8927789160	23.5243397747	23.2737861163	23.2758785345	23.8878234650	23.9764863670	22.7635844875	-12.4077104270	0.882295696942	0.00000000000	0.100000000000	0.0500000000000	0.00208158493042	0.00000000000	52.7812500000	-0.000781250011642	-0.946679711342	0.00000000000	14.7624998093	15.0124998093	14.7624998093	14.9875001907	14.8406257629	-300.000000000	1604.95521257	NaN	0.00000000000	24.3728637695	25.0004882813	640.000000000	24.3887866938	24.6393490160	25.1974366372	25.2853583816	24.4726324559	25.7081190413	-59.9660552071	-63.5462685075	-0.000531673431396	-0.000531673431396	-0.000531673431396	-0.000203609466553	-98.9704909459	-273.150000000	-273.150000000	NaN	NaN	0.00000000000	NaN	NaN	1.00000000000	0.00000000000	5.00000000000	0.00000000000

















3733294954.05	NaN	10.0000000000	111.000000000	0.00000000000	1.00000000000	NaN	0.0129222869873	-7.45376836310	0.777163982391	-7.57278947633	0.833932399750	2.48678207397	0.262638092041	0.101520538330	3.08764005547	54.1380626678	0.0871640758514	1016.42042387	0.0115833282471	0.000700092315674	0.000997495651245	200000.000000	16.0000000000	0.00000000000	166.000000000	232.000000000	5.00000000000	0.950000000000	-0.740000000000	18.0000000000	0.00000000000	104.000000000	32.0000000000	13011488.0000	2500.00000000	2000.00000000	206.200000000	6466.00000000	1700.00000000	6000.00000000	13314.0000000	5801.00000000	23.4081460007	23.5137486754	23.1798541774	-0.365118443319	23.6668057909	26.2141808083	24.1922097605	-10.8927789160	23.5243397747	23.2737861163	23.2758785345	23.8878234650	23.9764863670	22.7635844875	-12.4077104270	0.882295696942	0.00000000000	0.100000000000	0.0500000000000	0.00209875106812	0.00000000000	46.9199218750	-0.000781250011642	-0.875976562500	0.00000000000	14.7624998093	15.0124998093	14.7624998093	14.9875001907	14.8406257629	-300.000000000	1398.45097522	NaN	0.00000000000	24.3728637695	25.0004882813	640.000000000	24.3887866938	24.6393490160	25.1974366372	25.2853583816	24.4726324559	25.7081190413	-59.9660552071	-63.5462685075	-0.000531673431396	-0.000531673431396	-0.000531673431396	-0.000203609466553	-98.9704909459	-273.150000000	-273.150000000	NaN	NaN	0.00000000000	NaN	NaN	1.00000000000	0.00000000000	5.00000000000	0.00000000000
















3733294954.25	NaN	14.0000000000	121.000000000	0.00000000000	0.00000000000	NaN	0.0109534263611	-7.47074257316	0.775195121765	-7.53874828243	0.837870121002	2.48350048065	0.261981487274	0.0946292877197	2.60219563866	44.8098282623	0.0895930614471	1016.28946730	0.0145759582520	0.000683784484863	0.000993561744690	200000.000000	16.0000000000	0.00000000000	166.000000000	232.000000000	5.00000000000	0.950000000000	-0.740000000000	18.0000000000	0.00000000000	104.000000000	32.0000000000	13011488.0000	2500.00000000	2000.00000000	206.200000000	6466.00000000	1700.00000000	6000.00000000	13314.0000000	5801.00000000	23.4081460007	23.5137486754	23.1798541774	-0.365118443319	23.6668057909	26.2141808083	24.1922097605	-10.8927789160	23.5243397747	23.2737861163	23.2758785345	23.8878234650	23.9764863670	22.7635844875	-12.4077104270	0.882295696942	0.00000000000	0.100000000000	0.0500000000000	0.00319862365723	0.00000000000	46.9199218750	-0.000781250011642	-0.875976562500	0.00000000000	14.7624998093	15.0687503815	14.7562503815	14.9875001907	14.8406257629	-300.000000000	0.00000000000	NaN	0.00000000000	24.3728637695	24.9999694824	640.000000000	24.3887866938	24.6393490160	25.1974366372	25.2853583816	24.4726324559	25.7081190413	-59.9660552071	-63.5462685075	-0.000531673431396	-0.000531673431396	-0.000531673431396	-0.000203609466553	-98.9704909459	-273.150000000	-273.150000000	NaN	NaN	0.00000000000	NaN	NaN	1.00000000000	0.00000000000	5.00000000000	0.00000000000

















3733294954.45	NaN	10.0000000000	119.000000000	0.00000000000	2.00000000000	NaN	0.0132503509521	-7.54725540575	0.777492046356	-7.53023091262	0.836557865143	2.48317241669	0.261981487274	0.100535869598	3.06860735893	56.6128664932	0.0879737377167	1016.28946730	0.0116491317749	0.000712013244629	0.000972557067871	200000.000000	16.0000000000	0.00000000000	166.000000000	232.000000000	5.00000000000	0.950000000000	-0.740000000000	18.0000000000	0.00000000000	104.000000000	32.0000000000	13011488.0000	2500.00000000	2000.00000000	206.200000000	6466.00000000	1700.00000000	6000.00000000	13314.0000000	5801.00000000	23.4081460007	23.5137486754	23.1798541774	-0.365118443319	23.6668057909	26.2141808083	24.1922097605	-10.8927789160	23.5243397747	23.2737861163	23.2758785345	23.8878234650	23.9764863670	22.7635844875	-12.4077104270	0.882295696942	0.00000000000	0.100000000000	0.0500000000000	0.00250287055969	0.00000000000	51.2109375000	-0.000390625005821	-0.828125000000	-0.0195312500000	14.7624998093	15.0687503815	14.7562503815	14.9875001907	14.8406257629	-300.000000000	2628.03190177	NaN	0.00000000000	24.3735046387	24.9999694824	640.000000000	24.3887866938	24.6393490160	25.1974366372	25.2853583816	24.4726324559	25.7081190413	-59.9660552071	-63.5462685075	-0.000531673431396	-0.000531673431396	-0.000531673431396	-0.000203609466553	-98.9704909459	-273.150000000	-273.150000000	NaN	NaN	0.00000000000	NaN	NaN	1.00000000000	0.00000000000	5.00000000000	0.00000000000


















3733294954.65	NaN	12.0000000000	116.000000000	0.00000000000	0.00000000000	NaN	0.00964069366455	-7.41983276900	0.775851249695	-7.53874828243	0.836229324341	2.51139259338	0.263622283936	0.0995516777039	3.05909101067	54.3283896332	0.0936425476074	1016.46407606	0.0118718147278	0.000692343711853	0.000965309143066	200000.000000	16.0000000000	0.00000000000	166.000000000	232.000000000	5.00000000000	0.950000000000	-0.740000000000	18.0000000000	0.00000000000	104.000000000	32.0000000000	13011488.0000	2500.00000000	2000.00000000	206.200000000	6466.00000000	1700.00000000	6000.00000000	13314.0000000	5801.00000000	23.4081460007	23.5137486754	23.1798541774	-0.365118443319	23.6668057909	26.2141808083	24.1922097605	-10.8927789160	23.5243397747	23.2737861163	23.2758785345	23.8878234650	23.9764863670	22.7635844875	-12.4077104270	0.882295696942	0.00000000000	0.100000000000	0.0500000000000	0.00236387252808	0.00000000000	51.2109375000	-0.000390625005821	-0.828125000000	-0.0195312500000	14.7624998093	15.0562505722	14.7562503815	14.9875001907	14.8406257629	-300.000000000	0.00000000000	NaN	0.00000000000	24.3735046387	24.9999694824	640.000000000	24.3887866938	24.7110012598	25.1974366372	25.2853583816	24.4726324559	25.7081190413	-59.9660552071	-63.5462685075	-0.000531673431396	-0.000531673431396	-0.000531673431396	-0.000203609466553	-98.9704909459	-273.150000000	-273.150000000	NaN	NaN	0.00000000000	NaN	NaN	1.00000000000	0.00000000000	5.00000000000	0.00000000000


















3733294954.85	NaN	13.0000000000	102.000000000	0.00000000000	2.00000000000	NaN	0.0162034034729	-7.47923282751	0.775523185730	-7.56427600096	0.835573196411	2.50876760483	0.262638092041	0.100207805634	3.05909101067	54.7090435638	0.0879737377167	1016.20209947	0.0114259719849	0.000690984725952	0.000974512100220	200000.000000	16.0000000000	0.00000000000	166.000000000	232.000000000	5.00000000000	0.950000000000	-0.740000000000	18.0000000000	0.00000000000	104.000000000	32.0000000000	13011488.0000	2500.00000000	2000.00000000	206.200000000	6466.00000000	1700.00000000	6000.00000000	13314.0000000	5801.00000000	23.4081460007	23.5137486754	23.1798541774	-0.365118443319	23.6668057909	26.2141808083	24.1922097605	-10.8927789160	23.5243397747	23.2737861163	23.2758785345	23.8878234650	23.9764863670	22.7635844875	-12.4077104270	0.882295696942	0.00000000000	0.100000000000	0.0500000000000	0.00230345726013	0.00000000000	50.4082031250	-0.000781250011642	-0.780468761921	0.00000000000	14.7624998093	15.0562505722	14.7562503815	14.9875001907	14.8406257629	-300.000000000	2820.77700702	NaN	0.00000000000	24.3738403320	25.0000305176	640.000000000	24.3887866938	24.7110012598	25.1974366372	25.2853583816	24.4726324559	25.7081190413	-59.9660552071	-63.5462685075	-0.000531673431396	-0.000531673431396	-0.000531673431396	-0.000203609466553	-98.9704909459	-273.150000000	-273.150000000	NaN	NaN	0.00000000000	NaN	NaN	1.00000000000	0.00000000000	5.00000000000	0.00000000000

















3733294955.05	NaN	5.00000000000	103.000000000	1.00000000000	1.00000000000	NaN	0.0148911476135	-7.51322723467	0.776507854462	-7.57278947633	0.834917068481	2.50942373276	0.262638092041	0.0998797416687	3.06860735893	56.2319359245	0.0879737377167	1016.28946730	0.0115437507629	0.000691652297974	0.00100147724152	200000.000000	16.0000000000	0.00000000000	166.000000000	232.000000000	5.00000000000	0.950000000000	-0.740000000000	18.0000000000	0.00000000000	104.000000000	32.0000000000	13011488.0000	2500.00000000	2000.00000000	206.200000000	6466.00000000	1700.00000000	6000.00000000	13314.0000000	5801.00000000	23.4081460007	23.5137486754	23.1798541774	-0.365118443319	23.6668057909	26.2141808083	24.1922097605	-10.8927789160	23.5243397747	23.2737861163	23.2758785345	23.8878234650	23.9764863670	22.7635844875	-12.4077104270	0.882295696942	0.00000000000	0.100000000000	0.0500000000000	0.00222735404968	0.00000000000	50.4082031250	-0.000781250011642	-0.780468761921	0.00000000000	14.7624998093	15.1000003815	14.7562503815	14.9875001907	14.8406257629	-300.000000000	1752.44483110	NaN	0.00000000000	24.3738403320	25.0000305176	640.000000000	24.3887866938	24.7110012598	25.1974366372	25.2853583816	24.4726324559	25.7081190413	-59.9660552071	-63.5462685075	-0.000531673431396	-0.000531673431396	-0.000531673431396	-0.000203609466553	-98.9704909459	-273.150000000	-273.150000000	NaN	NaN	0.00000000000	NaN	NaN	1.00000000000	0.00000000000	5.00000000000	0.00000000000

















3733294955.25	NaN	6.00000000000	125.000000000	0.00000000000	1.00000000000	NaN	0.00931262969971	-7.53023091262	0.779788970947	-7.45376836310	0.837542057037	2.50581407547	0.262966156006	0.0933170318604	2.65930756016	51.2823282738	0.0879737377167	1016.33311949	0.0110058784485	0.000710082054138	0.000965356826782	200000.000000	16.0000000000	0.00000000000	166.000000000	232.000000000	5.00000000000	0.950000000000	-0.740000000000	18.0000000000	0.00000000000	104.000000000	32.0000000000	13011488.0000	2500.00000000	2000.00000000	206.200000000	6466.00000000	1700.00000000	6000.00000000	13314.0000000	5801.00000000	23.4081460007	23.5137486754	23.1798541774	-0.365118443319	23.6668057909	26.2141808083	24.1922097605	-10.8927789160	23.5243397747	23.2737861163	23.2758785345	23.8878234650	23.9764863670	22.7635844875	-12.4077104270	0.882295696942	0.00000000000	0.100000000000	0.0500000000000	0.00161037445068	0.00000000000	53.7324218750	0.00000000000	-0.748632848263	0.00000000000	14.7624998093	15.1000003815	14.7562503815	14.9875001907	14.8406257629	-300.000000000	1372.82491023	NaN	0.00000000000	24.3738403320	25.0001831055	640.000000000	24.3887866938	24.7110012598	25.1974366372	25.2853583816	24.4726324559	25.7081190413	-59.9660552071	-63.5462685075	-0.000531673431396	-0.000531673431396	-0.000531673431396	-0.000203609466553	-98.9704909459	-273.150000000	-273.150000000	NaN	NaN	0.00000000000	NaN	NaN	1.00000000000	0.00000000000	5.00000000000	0.00000000000

















3733294955.45	NaN	12.0000000000	121.000000000	0.00000000000	0.00000000000	NaN	0.0102968215942	-7.47074257316	0.780773639679	-7.54725540575	0.836229324341	2.50712680817	0.263294219971	0.0998797416687	3.05909101067	55.6609550285	0.0855435752869	1016.20209947	0.0109009742737	0.000698900222778	0.000987625122070	200000.000000	16.0000000000	0.00000000000	166.000000000	232.000000000	5.00000000000	0.950000000000	-0.740000000000	18.0000000000	0.00000000000	104.000000000	32.0000000000	13011488.0000	2500.00000000	2000.00000000	206.200000000	6466.00000000	1700.00000000	6000.00000000	13314.0000000	5801.00000000	23.4081460007	23.5137486754	23.1798541774	-0.365118443319	23.6668057909	26.2141808083	24.1922097605	-10.8927789160	23.5243397747	23.2737861163	23.2758785345	23.8878234650	23.9764863670	22.7635844875	-12.4077104270	0.882295696942	0.00000000000	0.100000000000	0.0500000000000	0.000602436065674	0.00000000000	53.7324218750	0.00000000000	-0.748632848263	0.00000000000	14.7624998093	15.0187501907	14.7562503815	14.9937505722	14.8406257629	-300.000000000	0.00000000000	NaN	0.00000000000	24.3741760254	25.0001831055	640.000000000	24.3887866938	24.7110012598	25.1974366372	25.2853583816	24.4726324559	25.7081190413	-59.9660552071	-63.5462685075	-0.000531673431396	-0.000531673431396	-0.000531673431396	-0.000203609466553	-98.9704909459	-273.150000000	-273.150000000	NaN	NaN	0.00000000000	NaN	NaN	1.00000000000	0.00000000000	5.00000000000	0.00000000000


















3733294955.65	NaN	11.0000000000	102.000000000	0.00000000000	0.00000000000	NaN	0.0122656822205	-7.59835501932	0.781757831573	-7.55576464468	0.836229324341	2.51664304733	0.263294219971	0.100207805634	3.03052813396	55.0896974945	0.0920232238770	1016.42042387	0.0109400749207	0.000699543952942	0.000962090492249	200000.000000	16.0000000000	0.00000000000	166.000000000	232.000000000	5.00000000000	0.950000000000	-0.740000000000	18.0000000000	0.00000000000	104.000000000	32.0000000000	13011488.0000	2500.00000000	2000.00000000	206.200000000	6466.00000000	1700.00000000	6000.00000000	13314.0000000	5801.00000000	23.4081460007	23.5137486754	23.1798541774	-0.365118443319	23.6668057909	26.2141808083	24.1922097605	-10.8927789160	23.5243397747	23.2737861163	23.2758785345	23.8878234650	23.9764863670	22.7635844875	-12.4077104270	0.882295696942	0.00000000000	0.100000000000	0.0500000000000	0.00258302688599	0.00000000000	47.0078125000	-0.000781250011642	-0.715820312500	0.00000000000	14.7624998093	15.0187501907	14.7562503815	14.9937505722	14.8406257629	-300.000000000	0.00000000000	NaN	0.00000000000	24.3741760254	25.0001831055	640.000000000	24.3887866938	24.7110012598	25.1271410718	25.2853583816	24.4726324559	25.7081190413	-59.9660552071	-63.5462685075	-0.000531673431396	-0.000531673431396	-0.000531673431396	-0.000203609466553	-98.9704909459	-273.150000000	-273.150000000	NaN	NaN	0.00000000000	NaN	NaN	1.00000000000	0.00000000000	5.00000000000	0.00000000000

















3733294955.85	NaN	10.0000000000	111.000000000	0.00000000000	1.00000000000	NaN	0.0125937461853	-7.46225441893	0.783398628235	-7.54725540575	0.836885929108	2.51598691940	0.262309551239	0.0975828170776	2.99244890900	55.0896974945	0.0887833995819	1016.46407606	0.0106644630432	0.000701498985291	0.000965952873230	200000.000000	16.0000000000	0.00000000000	166.000000000	232.000000000	5.00000000000	0.950000000000	-0.740000000000	18.0000000000	0.00000000000	104.000000000	32.0000000000	13011488.0000	2500.00000000	2000.00000000	206.200000000	6466.00000000	1700.00000000	6000.00000000	13314.0000000	5801.00000000	23.4081460007	23.5137486754	23.1798541774	-0.365118443319	23.6668057909	26.2141808083	24.1922097605	-10.8927789160	23.5243397747	23.2737861163	23.2758785345	23.8878234650	23.9764863670	22.7635844875	-12.4077104270	0.882295696942	0.00000000000	0.100000000000	0.0500000000000	0.00245704650879	0.00000000000	47.0078125000	-0.000781250011642	-0.715820312500	0.00000000000	14.7624998093	15.1312503815	14.7562503815	14.9937505722	14.8406257629	-300.000000000	1571.29323058	NaN	0.00000000000	24.3749694824	25.0001831055	640.000000000	24.3887866938	24.7110012598	25.1271410718	25.2853583816	24.4726324559	25.7081190413	-59.9660552071	-63.5462685075	-0.000531673431396	-0.000531673431396	-0.000531673431396	-0.000203609466553	-98.9704909459	-273.150000000	-273.150000000	NaN	NaN	0.00000000000	NaN	NaN	1.00000000000	0.00000000000	5.00000000000	0.00000000000

















3733294956.05	NaN	12.0000000000	111.000000000	0.00000000000	0.00000000000	NaN	0.00799989700317	-7.50472855962	0.785367488861	-7.53023091262	0.835901260376	2.51401805878	0.263294219971	0.0975828170776	2.99244890900	54.5187165985	0.0879737377167	1016.20209947	0.00999498367310	0.000717306137085	0.000985646247864	200000.000000	16.0000000000	0.00000000000	166.000000000	232.000000000	5.00000000000	0.950000000000	-0.740000000000	18.0000000000	0.00000000000	104.000000000	32.0000000000	13011488.0000	2500.00000000	2000.00000000	206.200000000	6466.00000000	1700.00000000	6000.00000000	13314.0000000	5801.00000000	23.4081460007	23.5137486754	23.1798541774	-0.365118443319	23.6668057909	26.2141808083	24.1922097605	-10.8927789160	23.5243397747	23.2737861163	23.2758785345	23.8878234650	23.9764863670	22.7635844875	-12.4077104270	0.882295696942	0.00000000000	0.100000000000	0.0500000000000	0.00251874923706	0.00000000000	51.1113281250	-0.000390625005821	-0.696289062500	0.00000000000	14.7624998093	15.1312503815	14.7562503815	14.9937505722	14.8406257629	-300.000000000	0.00000000000	NaN	0.00000000000	24.3749694824	25.0001831055	640.000000000	24.3887866938	24.7110012598	25.1271410718	25.2853583816	24.4726324559	25.7081190413	-59.9660552071	-63.5462685075	-0.000531673431396	-0.000531673431396	-0.000531673431396	-0.000203609466553	-98.9704909459	-273.150000000	-273.150000000	NaN	NaN	0.00000000000	NaN	NaN	1.00000000000	0.00000000000	5.00000000000	0.00000000000


















3733294956.25	NaN	11.0000000000	109.000000000	0.00000000000	0.00000000000	NaN	0.0129222869873	-7.60687699148	0.785695552826	-7.53874828243	0.835901260376	2.51040840149	0.262309551239	0.0943012237549	2.77353140316	50.1400898437	0.0863532371521	1016.28946730	0.00978517532349	0.000701546669006	0.00100669860840	200000.000000	16.0000000000	0.00000000000	166.000000000	232.000000000	5.00000000000	0.950000000000	-0.740000000000	18.0000000000	0.00000000000	104.000000000	32.0000000000	13011488.0000	2500.00000000	2000.00000000	206.200000000	6466.00000000	1700.00000000	6000.00000000	13314.0000000	5801.00000000	23.4081460007	23.5137486754	23.1798541774	-0.365118443319	23.6668057909	26.2141808083	24.1922097605	-10.8927789160	23.5243397747	23.2737861163	23.2758785345	23.8878234650	23.9764863670	22.7635844875	-12.4077104270	0.882295696942	0.00000000000	0.100000000000	0.0500000000000	0.00223131179810	0.00000000000	51.1113281250	-0.000390625005821	-0.696289062500	0.00000000000	14.7624998093	15.0124998093	14.7562503815	14.9937505722	14.8406257629	-300.000000000	0.00000000000	NaN	0.00000000000	24.3749694824	25.0001831055	640.000000000	24.3887866938	24.7110012598	25.1271410718	25.2853583816	24.4726324559	25.7081190413	-59.9660552071	-63.5462685075	-0.000531673431396	-0.000531673431396	-0.000531673431396	-0.000203609466553	-98.9704909459	-273.150000000	-273.150000000	NaN	NaN	0.00000000000	NaN	NaN	1.00000000000	0.00000000000	5.00000000000	0.00000000000

















3733294956.45	NaN	10.0000000000	95.0000000000	0.00000000000	0.00000000000	NaN	0.0139064788818	-7.49623199156	0.788321018219	-7.53874828243	0.837213993073	2.51434612274	0.262966156006	0.0972547531128	2.95438351593	57.3741743546	0.0936425476074	1016.20209947	0.0101919174194	0.000735616683960	0.00100276470184	200000.000000	16.0000000000	0.00000000000	166.000000000	232.000000000	5.00000000000	0.950000000000	-0.740000000000	18.0000000000	0.00000000000	104.000000000	32.0000000000	13011488.0000	2500.00000000	2000.00000000	206.200000000	6466.00000000	1700.00000000	6000.00000000	13314.0000000	5801.00000000	23.4081460007	23.5137486754	23.1798541774	-0.365118443319	23.6668057909	26.2141808083	24.1922097605	-10.8927789160	23.5243397747	23.2737861163	23.2758785345	23.8878234650	23.9764863670	22.7635844875	-12.4077104270	0.882295696942	0.00000000000	0.100000000000	0.0500000000000	0.00237822532654	0.00000000000	51.1796875000	-0.000390625005821	-0.671679675579	0.00000000000	14.7624998093	15.0124998093	14.7562503815	14.9937505722	14.8406257629	-300.000000000	0.00000000000	NaN	0.00000000000	24.3749389648	25.0001220703	640.000000000	24.3887866938	24.7110012598	25.1271410718	25.2853583816	24.4726324559	25.7081190413	-59.9660552071	-63.5462685075	-0.000531673431396	-0.000531673431396	-0.000531673431396	-0.000203609466553	-98.9704909459	-273.150000000	-273.150000000	NaN	NaN	0.00000000000	NaN	NaN	1.00000000000	0.00000000000	5.00000000000	0.00000000000


















3733294956.65	NaN	19.0000000000	127.000000000	0.00000000000	0.00000000000	NaN	0.00799989700317	-7.45376836310	0.791274070740	-7.50472855962	0.836885929108	2.46840620041	0.261653423309	0.0975828170776	2.96389986420	55.0896974945	0.0952618713379	1016.50772825	0.00936508178711	0.000728487968445	0.000998830795288	200000.000000	16.0000000000	0.00000000000	166.000000000	232.000000000	5.00000000000	0.950000000000	-0.740000000000	18.0000000000	0.00000000000	104.000000000	32.0000000000	13011488.0000	2500.00000000	2000.00000000	206.200000000	6466.00000000	1700.00000000	6000.00000000	13314.0000000	5801.00000000	23.4081460007	23.5137486754	23.1798541774	-0.365118443319	23.6668057909	26.2141808083	24.1922097605	-10.8927789160	23.5243397747	23.2737861163	23.2758785345	23.8878234650	23.9764863670	22.7635844875	-12.4077104270	0.882295696942	0.00000000000	0.100000000000	0.0500000000000	0.00258307456970	0.00000000000	51.1796875000	-0.000390625005821	-0.671679675579	0.00000000000	14.7624998093	15.1250000000	14.7562503815	14.9875001907	14.8406257629	-300.000000000	0.00000000000	NaN	0.00000000000	24.3749389648	25.0001220703	640.000000000	24.3887866938	24.7110012598	25.1271410718	25.2560451638	24.4726324559	25.7081190413	-59.9660552071	-63.5462685075	-0.000531673431396	-0.000531673431396	-0.000531673431396	-0.000203609466553	-98.9704909459	-273.150000000	-273.150000000	NaN	NaN	0.00000000000	NaN	NaN	1.00000000000	0.00000000000	5.00000000000	0.00000000000

















3733294956.85	NaN	16.0000000000	105.000000000	0.00000000000	1.00000000000	NaN	0.0178442001343	-7.47923282751	0.791602134705	-7.55576464468	0.836885929108	2.47332811356	0.262638092041	0.0975828170776	2.94486716766	54.5187165985	0.0895930614471	1016.20209947	0.00904989242554	0.000694966316223	0.000986361503601	200000.000000	16.0000000000	0.00000000000	166.000000000	232.000000000	5.00000000000	0.950000000000	-0.740000000000	18.0000000000	0.00000000000	104.000000000	32.0000000000	13011488.0000	2500.00000000	2000.00000000	206.200000000	6466.00000000	1700.00000000	6000.00000000	13314.0000000	5801.00000000	23.4081460007	23.5137486754	23.1798541774	-0.365118443319	23.6668057909	26.2141808083	24.1922097605	-10.8927789160	23.5243397747	23.2737861163	23.2758785345	23.8878234650	23.9764863670	22.7635844875	-12.4077104270	0.882295696942	0.00000000000	0.100000000000	0.0500000000000	0.00226407051086	0.00000000000	47.3203125000	-0.000390625005821	-0.659179687500	0.00000000000	14.7624998093	15.1250000000	14.7562503815	14.9875001907	14.8406257629	-300.000000000	1372.82491023	NaN	0.00000000000	24.3753051758	25.0004272461	640.000000000	24.3887866938	24.7110012598	25.1271410718	25.2560451638	24.4726324559	25.7081190413	-59.9660552071	-63.5462685075	-0.000531673431396	-0.000531673431396	-0.000531673431396	-0.000203609466553	-98.9704909459	-273.150000000	-273.150000000	NaN	NaN	0.00000000000	NaN	NaN	1.00000000000	0.00000000000	5.00000000000	0.00000000000

















3733294957.05	NaN	13.0000000000	100.000000000	1.00000000000	0.00000000000	NaN	0.0129222869873	-7.59835501932	0.791930198669	-7.50472855962	0.837213993073	2.46807813644	0.260997295380	0.0956139564514	2.93533698750	55.8512819939	0.0895930614471	1016.28946730	0.00866937637329	0.000715994834900	0.000974559783936	200000.000000	16.0000000000	0.00000000000	166.000000000	232.000000000	5.00000000000	0.950000000000	-0.740000000000	18.0000000000	0.00000000000	104.000000000	32.0000000000	13011488.0000	2500.00000000	2000.00000000	206.200000000	6466.00000000	1700.00000000	6000.00000000	13314.0000000	5801.00000000	23.4081460007	23.5137486754	23.1798541774	-0.365118443319	23.6668057909	26.2141808083	24.1922097605	-10.8927789160	23.5243397747	23.2737861163	23.2758785345	23.8878234650	23.9764863670	22.7635844875	-12.4077104270	0.882295696942	0.00000000000	0.100000000000	0.0500000000000	0.00250434875488	0.00000000000	47.3203125000	-0.000390625005821	-0.659179687500	0.00000000000	14.7624998093	15.0437498093	14.7562503815	14.9937505722	14.8406257629	-300.000000000	0.00000000000	NaN	0.00000000000	24.3753051758	25.0004272461	640.000000000	24.3887866938	24.7110012598	25.1271410718	25.2560451638	24.4726324559	25.7081190413	-59.9660552071	-63.5462685075	-0.000531673431396	-0.000531673431396	-0.000531673431396	-0.000203609466553	-98.9704909459	-273.150000000	-273.150000000	NaN	NaN	0.00000000000	NaN	NaN	1.00000000000	0.00000000000	5.00000000000	0.00000000000

















3733294957.25	NaN	13.0000000000	128.000000000	0.00000000000	2.00000000000	NaN	0.00603103637695	-7.36053515707	0.792258739471	-7.53874828243	0.844104766846	2.47726583481	0.262309551239	0.0910196304321	2.44037622242	43.2866592636	0.0960715332031	1016.33311949	0.00860357284546	0.000694942474365	0.000961422920227	200000.000000	16.0000000000	0.00000000000	166.000000000	232.000000000	5.00000000000	0.950000000000	-0.740000000000	18.0000000000	0.00000000000	104.000000000	32.0000000000	13011488.0000	2500.00000000	2000.00000000	206.200000000	6466.00000000	1700.00000000	6000.00000000	13314.0000000	5801.00000000	23.4081460007	23.5137486754	23.1798541774	-0.365118443319	23.6668057909	26.2141808083	24.1922097605	-10.8927789160	23.5243397747	23.2737861163	23.2758785345	23.8878234650	23.9764863670	22.7635844875	-12.4077104270	0.882295696942	0.00000000000	0.100000000000	0.0500000000000	0.00110769271851	0.00000000000	54.6015625000	0.00000000000	-0.644140660763	0.00000000000	14.7624998093	15.0437498093	14.7562503815	14.9937505722	14.8406257629	-300.000000000	2747.43905421	NaN	0.00000000000	24.3753051758	25.0000610352	640.000000000	24.3887866938	24.7110012598	25.1271410718	25.2560451638	24.4726324559	25.7081190413	-59.9660552071	-63.5462685075	-0.000531673431396	-0.000531673431396	-0.000531673431396	-0.000203609466553	-98.9704909459	-273.150000000	-273.150000000	NaN	NaN	0.00000000000	NaN	NaN	1.00000000000	0.00000000000	5.00000000000	0.00000000000

















3733294957.45	NaN	17.0000000000	120.000000000	1.00000000000	1.00000000000	NaN	0.0158753395081	-7.43680253983	0.796196460724	-7.57278947633	0.836885929108	2.47004699707	0.261653423309	0.0956139564514	2.90678794270	55.8512819939	0.0887833995819	1016.46407606	0.00775051116943	0.000708723068237	0.000986337661743	200000.000000	16.0000000000	0.00000000000	166.000000000	232.000000000	5.00000000000	0.950000000000	-0.740000000000	18.0000000000	0.00000000000	104.000000000	32.0000000000	13011488.0000	2500.00000000	2000.00000000	206.200000000	6466.00000000	1700.00000000	6000.00000000	13314.0000000	5801.00000000	23.4081460007	23.5137486754	23.1798541774	-0.365118443319	23.6668057909	26.2141808083	24.1922097605	-10.8927789160	23.5243397747	23.2737861163	23.2758785345	23.8878234650	23.9764863670	22.7635844875	-12.4077104270	0.882295696942	0.00000000000	0.100000000000	0.0500000000000	0.00240454673767	0.00000000000	54.6015625000	0.00000000000	-0.644140660763	0.00000000000	14.7624998093	15.0749998093	14.7624998093	14.9937505722	14.8406257629	-300.000000000	1398.45097522	NaN	0.00000000000	24.3759765625	25.0000610352	640.000000000	24.3887866938	24.7110012598	25.1271410718	25.2560451638	24.4726324559	25.7081190413	-59.9660552071	-63.5462685075	-0.000531673431396	-0.000531673431396	-0.000531673431396	-0.000203609466553	-98.9704909459	-273.150000000	-273.150000000	NaN	NaN	0.00000000000	NaN	NaN	1.00000000000	0.00000000000	5.00000000000	0.00000000000

















3733294957.65	NaN	6.00000000000	117.000000000	0.00000000000	1.00000000000	NaN	0.0142345428467	-7.53874828243	0.797836780548	-7.47074257316	0.838526725769	2.53895664215	0.262309551239	0.0949573516846	2.91630429096	56.0416089592	0.0936425476074	1016.42042387	0.00706815719604	0.000684523582458	0.000969982147217	200000.000000	16.0000000000	0.00000000000	166.000000000	232.000000000	5.00000000000	0.950000000000	-0.740000000000	18.0000000000	0.00000000000	104.000000000	32.0000000000	4622880.00000	2500.00000000	2000.00000000	206.200000000	6466.00000000	1700.00000000	6000.00000000	13314.0000000	5801.00000000	23.4081460007	23.5137486754	23.1798541774	-0.365118443319	23.6668057909	26.2141808083	24.1922097605	-10.8927789160	23.5243397747	23.2737861163	23.2758785345	23.8878234650	23.9764863670	22.7635844875	-12.4077104270	0.882295696942	0.00000000000	0.100000000000	0.0500000000000	0.00230875015259	0.00000000000	45.2734375000	0.00000000000	-0.632226586342	0.00000000000	14.7624998093	15.0749998093	14.7624998093	14.9937505722	14.8406257629	-300.000000000	1540.14424584	NaN	0.00000000000	24.3759765625	25.0000610352	640.000000000	24.3887866938	24.7110012598	25.1271410718	25.2560451638	24.4668023233	25.7081190413	-59.9660552071	-63.5462685075	-0.000531673431396	-0.000531673431396	-0.000531673431396	-0.000203609466553	-98.9704909459	-273.150000000	-273.150000000	NaN	NaN	0.00000000000	NaN	NaN	1.00000000000	0.00000000000	5.00000000000	0.00000000000

















3733294957.85	NaN	8.00000000000	116.000000000	0.00000000000	1.00000000000	NaN	0.00504684448242	-7.43680253983	0.800790309906	-7.53874828243	0.837542057037	2.54026937485	0.265263080597	0.0952858924866	2.91630429096	53.7571320992	0.0944522094727	1016.24575166	0.00756692886353	0.000706076622009	0.000994253158569	200000.000000	16.0000000000	0.00000000000	166.000000000	232.000000000	5.00000000000	0.950000000000	-0.740000000000	18.0000000000	0.00000000000	104.000000000	32.0000000000	4622880.00000	2500.00000000	2000.00000000	206.200000000	6466.00000000	1700.00000000	6000.00000000	13314.0000000	5801.00000000	23.4081460007	23.5137486754	23.1798541774	-0.365118443319	23.6668057909	26.2141808083	24.1922097605	-10.8927789160	23.5243397747	23.2737861163	23.2758785345	23.8878234650	23.9764863670	22.7635844875	-12.4077104270	0.882295696942	0.00000000000	0.100000000000	0.0500000000000	0.00289154052734	0.00000000000	45.2734375000	0.00000000000	-0.632226586342	0.00000000000	14.7624998093	15.0875005722	14.7562503815	14.9875001907	14.8406257629	-300.000000000	1348.98807899	NaN	0.00000000000	24.3760986328	25.0004577637	640.000000000	24.3887866938	24.7110012598	25.1271410718	25.2560451638	24.4668023233	25.7081190413	-59.9660552071	-63.5462685075	-0.000531673431396	-0.000531673431396	-0.000531673431396	-0.000203609466553	-98.9704909459	-273.150000000	-273.150000000	NaN	NaN	0.00000000000	NaN	NaN	1.00000000000	0.00000000000	5.00000000000	0.00000000000

















3733294958.05	NaN	12.0000000000	115.000000000	0.00000000000	3.00000000000	NaN	0.0165314674377	-7.43680253983	0.800462245941	-7.58983517320	0.836557865143	2.54223823547	0.263622283936	0.0952858924866	2.87823889790	52.9958242378	0.0887833995819	1016.37677168	0.00719928741455	0.000684428215027	0.000957465171814	200000.000000	16.0000000000	0.00000000000	166.000000000	232.000000000	5.00000000000	0.950000000000	-0.740000000000	18.0000000000	0.00000000000	104.000000000	32.0000000000	4622880.00000	2500.00000000	2000.00000000	206.200000000	6466.00000000	1700.00000000	6000.00000000	13314.0000000	5801.00000000	23.4081460007	23.5137486754	23.1798541774	-0.365118443319	23.6668057909	26.2141808083	24.1922097605	-10.8927789160	23.5243397747	23.2737861163	23.2758785345	23.8878234650	23.9764863670	22.7635844875	-12.4077104270	0.882295696942	0.00000000000	0.100000000000	0.0500000000000	0.00256595611572	0.00000000000	53.8476562500	-0.000390625005821	-0.621874988079	0.00000000000	14.7624998093	15.0875005722	14.7562503815	14.9875001907	14.8406257629	-300.000000000	4070.38527981	NaN	0.00000000000	24.3760986328	25.0004577637	640.000000000	24.3887866938	24.7110012598	25.1271410718	25.2560451638	24.4668023233	25.7081190413	-59.9660552071	-63.5462685075	-0.000531673431396	-0.000531673431396	-0.000531673431396	-0.000203609466553	-98.9704909459	-273.150000000	-273.150000000	NaN	NaN	0.00000000000	NaN	NaN	1.00000000000	0.00000000000	5.00000000000	0.00000000000

















3733294958.25	NaN	16.0000000000	120.000000000	0.00000000000	0.00000000000	NaN	0.0139064788818	-7.57278947633	0.800134181976	-7.53023091262	0.840823650360	2.53862857819	0.262638092041	0.0913481712341	2.68785660496	52.2342397385	0.0920232238770	1016.37677168	0.00790834426880	0.000700163841248	0.000956177711487	200000.000000	16.0000000000	0.00000000000	166.000000000	232.000000000	5.00000000000	0.950000000000	-0.740000000000	18.0000000000	0.00000000000	104.000000000	32.0000000000	4622880.00000	2500.00000000	2000.00000000	206.200000000	6466.00000000	1700.00000000	6000.00000000	13314.0000000	5801.00000000	23.4081460007	23.5137486754	23.1798541774	-0.365118443319	23.6668057909	26.2141808083	24.1922097605	-10.8927789160	23.5243397747	23.2737861163	23.2758785345	23.8878234650	23.9764863670	22.7635844875	-12.4077104270	0.882295696942	0.00000000000	0.100000000000	0.0500000000000	0.00341520309448	0.00000000000	53.8476562500	-0.000390625005821	-0.621874988079	0.00000000000	14.7624998093	15.0937500000	14.7562503815	14.9937505722	14.8406257629	-300.000000000	0.00000000000	NaN	0.00000000000	24.3760986328	25.0004577637	640.000000000	24.3887866938	24.7110012598	25.1271410718	25.2560451638	24.4668023233	25.7081190413	-59.9660552071	-63.5462685075	-0.000531673431396	-0.000531673431396	-0.000531673431396	-0.000203609466553	-98.9704909459	-273.150000000	-273.150000000	NaN	NaN	0.00000000000	NaN	NaN	1.00000000000	0.00000000000	5.00000000000	0.00000000000
















3733294958.45	NaN	15.0000000000	127.000000000	0.00000000000	0.00000000000	NaN	0.00603103637695	-7.40288368442	0.804728031158	-7.57278947633	0.836885929108	2.54256629944	0.264935016632	0.0943012237549	2.87823889790	53.7571320992	0.0879737377167	1016.33311949	0.00666093826294	0.000685095787048	0.000970625877380	200000.000000	16.0000000000	0.00000000000	166.000000000	232.000000000	5.00000000000	0.950000000000	-0.740000000000	18.0000000000	0.00000000000	104.000000000	32.0000000000	4622880.00000	2500.00000000	2000.00000000	206.200000000	6466.00000000	1700.00000000	6000.00000000	13314.0000000	5801.00000000	23.4081460007	23.5137486754	23.1798541774	-0.365118443319	23.6668057909	26.2141808083	24.1922097605	-10.8927789160	23.5243397747	23.2737861163	23.2758785345	23.8878234650	23.9764863670	22.7635844875	-12.4077104270	0.882295696942	0.00000000000	0.100000000000	0.0500000000000	0.00180726051331	0.00000000000	46.5820312500	0.00000000000	-0.618750035763	0.00000000000	14.7624998093	15.0937500000	14.7562503815	14.9937505722	14.8406257629	-300.000000000	0.00000000000	NaN	0.00000000000	24.3768005371	24.9997253418	640.000000000	24.3887866938	24.7110012598	25.1271410718	25.2560451638	24.4668023233	25.7081190413	-59.9660552071	-63.5462685075	-0.000531673431396	-0.000531673431396	-0.000531673431396	-0.000203609466553	-98.9704909459	-273.150000000	-273.150000000	NaN	NaN	0.00000000000	NaN	NaN	1.00000000000	0.00000000000	5.00000000000	0.00000000000

















3733294958.65	NaN	7.00000000000	102.000000000	0.00000000000	1.00000000000	NaN	0.0178442001343	-7.43680253983	0.818838119507	-7.35207415529	0.845745563507	0.0221099853516	-0.00184440612793	0.0198130607605	0.688953184319	34.1487518234	0.0904027233124	1016.33311949	0.0138015747070	0.000681090354919	0.000971269607544	200000.000000	16.0000000000	0.00000000000	166.000000000	232.000000000	5.00000000000	0.950000000000	-0.740000000000	18.0000000000	0.00000000000	104.000000000	32.0000000000	4622880.00000	2500.00000000	2000.00000000	206.200000000	6466.00000000	1700.00000000	6000.00000000	13314.0000000	5801.00000000	23.4081460007	23.5137486754	23.1798541774	-0.365118443319	23.6668057909	26.2141808083	24.1922097605	-10.8927789160	23.5243397747	23.2737861163	23.2758785345	23.8878234650	23.9764863670	22.7635844875	-12.4077104270	0.882295696942	0.00000000000	0.100000000000	0.0500000000000	0.00538005828857	0.00000000000	46.5820312500	0.00000000000	-0.618750035763	0.00000000000	14.7624998093	15.0062503815	14.7562503815	14.9875001907	14.8406257629	-300.000000000	1348.98807899	NaN	0.00000000000	24.3768005371	24.9997253418	640.000000000	24.3887866938	24.7110012598	25.1271410718	25.2560451638	24.4668023233	25.7610610676	-59.9660552071	-63.5462685075	-0.000531673431396	-0.000531673431396	-0.000531673431396	-0.000203609466553	-98.9704909459	-273.150000000	-273.150000000	NaN	NaN	0.00000000000	NaN	NaN	1.00000000000	0.00000000000	5.00000000000	0.00000000000

















3733294958.85	NaN	9.00000000000	101.000000000	1.00000000000	2.00000000000	NaN	0.0145626068115	-7.47074257316	0.809649944305	-7.46225441893	0.844761371613	0.0207977294922	-0.00709438323975	0.00373411178589	0.184462239075	2.92793692017	0.0912123851776	1016.42042387	0.00631999969482	0.000679898262024	0.000973224639893	200000.000000	16.0000000000	0.00000000000	166.000000000	232.000000000	5.00000000000	0.950000000000	-0.740000000000	18.0000000000	0.00000000000	104.000000000	32.0000000000	4622880.00000	2500.00000000	2000.00000000	206.200000000	6466.00000000	1700.00000000	6000.00000000	13314.0000000	5801.00000000	23.4081460007	23.5137486754	23.1798541774	-0.365118443319	23.6668057909	26.2141808083	24.1922097605	-10.8927789160	23.5243397747	23.2737861163	23.2758785345	23.8878234650	23.9764863670	22.7635844875	-12.4077104270	0.882295696942	0.00000000000	0.100000000000	0.0500000000000	0.00484852790833	0.00000000000	51.0292968750	-0.000390625005821	-0.608789086342	0.00000000000	14.7624998093	15.0062503815	14.7562503815	14.9875001907	14.8406257629	-300.000000000	2930.99970868	NaN	0.00000000000	24.3768005371	25.0003356934	640.000000000	24.3887866938	24.7110012598	25.1271410718	25.2560451638	24.4668023233	25.7610610676	-59.9660552071	-63.5462685075	-0.000531673431396	-0.000531673431396	-0.000531673431396	-0.000203609466553	-98.9704909459	-273.150000000	-273.150000000	NaN	NaN	0.00000000000	NaN	NaN	1.00000000000	0.00000000000	5.00000000000	0.00000000000


















3733294959.05	NaN	10.0000000000	114.000000000	0.00000000000	2.00000000000	NaN	0.00767183303833	-7.47923282751	0.812603473663	-7.48773752877	0.839510917664	0.0178442001343	-0.00676631927490	0.00406217575073	0.203508767509	1.02411399078	0.0871640758514	1016.46407606	0.00488901138306	0.000700187683105	0.000974488258362	200000.000000	16.0000000000	0.00000000000	166.000000000	232.000000000	5.00000000000	0.950000000000	-0.740000000000	18.0000000000	0.00000000000	104.000000000	32.0000000000	4622880.00000	2500.00000000	2000.00000000	206.200000000	6466.00000000	1700.00000000	6000.00000000	13314.0000000	5801.00000000	23.4081460007	23.5137486754	23.1798541774	-0.365118443319	23.6668057909	26.2141808083	24.1922097605	-10.8927789160	23.5243397747	23.2737861163	23.2758785345	23.8878234650	23.9764863670	22.7635844875	-12.4077104270	0.882295696942	0.00000000000	0.100000000000	0.0500000000000	0.00202255249023	0.00000000000	51.0292968750	-0.000390625005821	-0.608789086342	0.00000000000	14.7624998093	15.1312503815	14.7562503815	14.9937505722	14.8406257629	-300.000000000	2960.79897046	NaN	0.00000000000	24.3768005371	25.0003356934	640.000000000	24.3887866938	24.7110012598	25.1271410718	25.2560451638	24.4668023233	25.7610610676	-59.9660552071	-63.5462685075	-0.000531673431396	-0.000531673431396	-0.000531673431396	-0.000203609466553	-98.9704909459	-273.150000000	-273.150000000	NaN	NaN	0.00000000000	NaN	NaN	1.00000000000	0.00000000000	5.00000000000	0.00000000000

















3733294959.25	NaN	9.00000000000	119.000000000	0.00000000000	0.00000000000	NaN	0.0142345428467	-7.56427600096	0.813587665558	-7.49623199156	0.846073627472	0.0185003280640	-0.00906324386597	-0.00643825531006	-0.101083536530	-0.689105335236	0.0887833995819	1016.24575166	0.00446939468384	0.000703477859497	0.000995564460754	200000.000000	16.0000000000	0.00000000000	166.000000000	232.000000000	5.00000000000	0.950000000000	-0.740000000000	18.0000000000	0.00000000000	104.000000000	32.0000000000	4622880.00000	2500.00000000	2000.00000000	206.200000000	6466.00000000	1700.00000000	6000.00000000	13314.0000000	5801.00000000	23.4081460007	23.5137486754	23.1798541774	-0.365118443319	23.6668057909	26.2141808083	24.1922097605	-10.8927789160	23.5243397747	23.2737861163	23.2758785345	23.8878234650	23.9764863670	22.7635844875	-12.4077104270	0.882295696942	0.00000000000	0.100000000000	0.0500000000000	0.00131897926331	0.00000000000	50.6054687500	0.00000000000	-0.605468750000	0.00000000000	14.7624998093	15.1312503815	14.7562503815	14.9937505722	14.8406257629	-300.000000000	0.00000000000	NaN	0.00000000000	24.3768005371	25.0005493164	640.000000000	24.3887866938	24.7110012598	25.1271410718	25.2560451638	24.4668023233	25.7610610676	-59.9660552071	-63.5462685075	-0.000531673431396	-0.000531673431396	-0.000531673431396	-0.000203609466553	-98.9704909459	-273.150000000	-273.150000000	NaN	NaN	0.00000000000	NaN	NaN	1.00000000000	0.00000000000	5.00000000000	0.00000000000

















3733294959.45	NaN	9.00000000000	121.000000000	0.00000000000	1.00000000000	NaN	0.00767183303833	-7.39441227269	0.815884590149	-7.52172801842	0.839510917664	0.0237507820129	-0.00643825531006	0.00439023971558	0.146396846008	2.73760995483	0.0855435752869	1016.24575166	0.00408840179443	0.000725841522217	0.000991010665894	200000.000000	16.0000000000	0.00000000000	166.000000000	232.000000000	5.00000000000	0.950000000000	-0.740000000000	18.0000000000	0.00000000000	104.000000000	32.0000000000	4622880.00000	2500.00000000	2000.00000000	206.200000000	6466.00000000	1700.00000000	6000.00000000	13314.0000000	5801.00000000	23.4081460007	23.5137486754	23.1798541774	-0.365118443319	23.6668057909	26.2141808083	24.1922097605	-10.8927789160	23.5243397747	23.2737861163	23.2758785345	23.8878234650	23.9764863670	22.7635844875	-12.4077104270	0.882295696942	0.00000000000	0.100000000000	0.0500000000000	0.00218138694763	0.00000000000	50.6054687500	0.00000000000	-0.605468750000	0.00000000000	14.7624998093	15.0250005722	14.7562503815	14.9937505722	14.8406257629	-300.000000000	1372.82491023	NaN	0.00000000000	24.3775634766	25.0005493164	640.000000000	24.3887866938	24.7110012598	25.1271410718	25.2560451638	24.4668023233	25.7610610676	-59.9660552071	-63.5462685075	-0.000531673431396	-0.000531673431396	-0.000531673431396	-0.000203609466553	-98.9704909459	-273.150000000	-273.150000000	NaN	NaN	0.00000000000	NaN	NaN	1.00000000000	0.00000000000	5.00000000000	0.00000000000

















3733294959.65	NaN	16.0000000000	126.000000000	0.00000000000	1.00000000000	NaN	0.0116095542908	-7.40288368442	0.817525386810	-7.52172801842	0.838526725769	0.0214538574219	-0.00545358657837	0.00439023971558	0.155913194275	1.40476792145	0.0912123851776	1016.20209947	0.00411462783813	0.000681805610657	0.000981736183167	200000.000000	16.0000000000	0.00000000000	166.000000000	232.000000000	5.00000000000	0.950000000000	-0.740000000000	18.0000000000	0.00000000000	104.000000000	32.0000000000	4622880.00000	2500.00000000	2000.00000000	206.200000000	6466.00000000	1700.00000000	6000.00000000	13314.0000000	5801.00000000	23.4081460007	23.5137486754	23.1798541774	-0.365118443319	23.6668057909	26.2141808083	24.1922097605	-10.8927789160	23.5243397747	23.2737861163	23.2758785345	23.8878234650	23.9764863670	22.7635844875	-12.4077104270	0.882295696942	0.00000000000	0.100000000000	0.0500000000000	0.00228905677795	0.00000000000	49.4921875000	-0.000781250011642	-0.601757824421	-0.0195312500000	14.7624998093	15.0250005722	14.7562503815	14.9937505722	14.8406257629	-300.000000000	1509.11975743	NaN	0.00000000000	24.3775634766	25.0005493164	640.000000000	24.3887866938	24.7110012598	25.1271410718	25.2560451638	24.4668023233	25.7610610676	-60.1230244068	-63.5462685075	-0.000531673431396	-0.000531673431396	-0.000531673431396	-0.000203609466553	-98.9704909459	-273.150000000	-273.150000000	NaN	NaN	0.00000000000	NaN	NaN	1.00000000000	0.00000000000	5.00000000000	0.00000000000

















3733294959.85	NaN	12.0000000000	112.000000000	0.00000000000	1.00000000000	NaN	0.00964069366455	-7.43680253983	0.820150375366	-7.47923282751	0.839510917664	0.0191569328308	-0.00578212738037	0.00274991989136	0.117833969307	0.262529491425	0.0871640758514	1016.37677168	0.00432491302490	0.000702834129333	0.000981092453003	200000.000000	16.0000000000	0.00000000000	166.000000000	232.000000000	5.00000000000	0.950000000000	-0.740000000000	18.0000000000	0.00000000000	104.000000000	32.0000000000	4622880.00000	2500.00000000	2000.00000000	206.200000000	6466.00000000	1700.00000000	6000.00000000	13314.0000000	5801.00000000	23.4081460007	23.5137486754	23.1798541774	-0.365118443319	23.6668057909	26.2141808083	24.1922097605	-10.8927789160	23.5243397747	23.2737861163	23.2758785345	23.8878234650	23.9764863670	22.7635844875	-12.4077104270	0.882295696942	0.00000000000	0.100000000000	0.0500000000000	0.00386800765991	0.00000000000	49.4921875000	-0.000781250011642	-0.601757824421	-0.0195312500000	14.7624998093	15.1312503815	14.7562503815	14.9937505722	14.8406257629	-300.000000000	1302.90463530	NaN	0.00000000000	24.3777160645	24.9998779297	640.000000000	24.3887866938	24.7110012598	25.1271410718	25.2560451638	24.4668023233	25.7610610676	-60.1230244068	-63.5462685075	-0.000531673431396	-0.000531673431396	-0.000531673431396	-0.000203609466553	-98.9704909459	-273.150000000	-273.150000000	NaN	NaN	0.00000000000	NaN	NaN	1.00000000000	0.00000000000	5.00000000000	0.00000000000

















3733294960.05	NaN	18.0000000000	112.000000000	0.00000000000	0.00000000000	NaN	0.00570297241211	-7.38594294573	0.823103904724	-7.47074257316	0.839838981628	0.0198130607605	-0.00545358657837	0.00242137908936	0.136880497742	3.30859085083	0.0928328857422	1016.46407606	0.00347185134888	0.000710725784302	0.000992894172668	200000.000000	16.0000000000	0.00000000000	166.000000000	232.000000000	5.00000000000	0.950000000000	-0.740000000000	18.0000000000	0.00000000000	104.000000000	32.0000000000	4622880.00000	2500.00000000	2000.00000000	206.200000000	6466.00000000	1700.00000000	6000.00000000	13314.0000000	5801.00000000	23.4081460007	23.5137486754	23.1798541774	-0.365118443319	23.6668057909	26.2141808083	24.1922097605	-10.8927789160	23.5243397747	23.2737861163	23.2758785345	23.8878234650	23.9764863670	22.7635844875	-12.4077104270	0.882295696942	0.00000000000	0.100000000000	0.0500000000000	0.00247797966003	0.00000000000	45.7031250000	0.00000000000	-0.594726562500	-0.0195312500000	14.7624998093	15.1312503815	14.7562503815	14.9937505722	14.8406257629	-300.000000000	0.00000000000	NaN	0.00000000000	24.3777160645	24.9998779297	640.000000000	24.3887866938	24.7110012598	25.1271410718	25.2560451638	24.4668023233	25.7610610676	-60.1230244068	-63.5462685075	-0.000531673431396	-0.000531673431396	-0.000531673431396	-0.000203609466553	-98.9704909459	-273.150000000	-273.150000000	NaN	NaN	0.00000000000	NaN	NaN	1.00000000000	0.00000000000	5.00000000000	0.00000000000

















3733294960.25	NaN	12.0000000000	108.000000000	0.00000000000	0.00000000000	NaN	0.0152192115784	-7.64953120754	0.822447776794	-7.48773752877	0.840167045593	0.0191569328308	-0.00742244720459	-0.00446939468384	-0.0725344917297	1.21444095612	0.0936425476074	1016.50772825	0.00247430801392	0.000687718391418	0.000956106185913	200000.000000	16.0000000000	0.00000000000	166.000000000	232.000000000	5.00000000000	0.950000000000	-0.740000000000	18.0000000000	0.00000000000	104.000000000	32.0000000000	4622880.00000	2500.00000000	2000.00000000	206.200000000	6466.00000000	1700.00000000	6000.00000000	13314.0000000	5801.00000000	23.4081460007	23.5137486754	23.1798541774	-0.365118443319	23.6668057909	26.2141808083	24.1922097605	-10.8927789160	23.5243397747	23.2737861163	23.2758785345	23.8878234650	23.9764863670	22.7635844875	-12.4077104270	0.882295696942	0.00000000000	0.100000000000	0.0500000000000	0.00241370201111	0.00000000000	45.7031250000	0.00000000000	-0.594726562500	-0.0195312500000	14.7624998093	15.0749998093	14.7562503815	14.9937505722	14.8406257629	-300.000000000	0.00000000000	NaN	0.00000000000	24.3777160645	24.9998779297	640.000000000	24.3887866938	24.7110012598	25.1271410718	25.2560451638	24.4668023233	25.7610610676	-60.1230244068	-63.5462685075	-0.000531673431396	-0.000531673431396	-0.000531673431396	-0.000203609466553	-98.9704909459	-273.150000000	-273.150000000	NaN	NaN	0.00000000000	NaN	NaN	1.00000000000	0.00000000000	5.00000000000	0.00000000000

















3733294960.45	NaN	7.00000000000	109.000000000	0.00000000000	3.00000000000	NaN	0.00603103637695	-7.44528440398	0.826713562012	-7.51322723467	0.839182853699	0.0198130607605	-0.00611019134521	0.00176525115967	0.0892849245071	0.643460060120	0.0928328857422	1016.24575166	0.00227737426758	0.000706791877747	0.000976514816284	200000.000000	16.0000000000	0.00000000000	166.000000000	232.000000000	5.00000000000	0.950000000000	-0.740000000000	18.0000000000	0.00000000000	104.000000000	32.0000000000	4622880.00000	2500.00000000	2000.00000000	206.200000000	6466.00000000	1700.00000000	6000.00000000	13314.0000000	5801.00000000	23.4081460007	23.5137486754	23.1798541774	-0.365118443319	23.6668057909	26.2141808083	24.1922097605	-10.8927789160	23.5243397747	23.2737861163	23.2758785345	23.8878234650	23.9764863670	22.7635844875	-12.4077104270	0.882295696942	0.00000000000	0.100000000000	0.0500000000000	0.00204486846924	0.00000000000	51.3496093750	0.00000000000	-0.595703125000	0.00000000000	14.7624998093	15.0749998093	14.7562503815	14.9937505722	14.8406257629	-300.000000000	3912.64851405	NaN	0.00000000000	24.3780822754	25.0000610352	640.000000000	24.3887866938	24.7110012598	25.1271410718	25.2560451638	24.4668023233	25.7610610676	-60.1230244068	-63.5462685075	-0.000531673431396	-0.000531673431396	-0.000531673431396	-0.000203609466553	-98.9704909459	-273.150000000	-273.150000000	NaN	NaN	0.00000000000	NaN	NaN	1.00000000000	0.00000000000	5.00000000000	0.00000000000

















3733294960.65	NaN	7.00000000000	135.000000000	0.00000000000	4.00000000000	NaN	0.0119376182556	-7.36899823685	0.827697753906	-7.50472855962	0.840167045593	-0.000531673431396	-0.0123448371887	-0.00151634216309	0.00361012630463	1.59537152481	0.0912123851776	1016.33311949	0.00177860260010	0.000694298744202	0.000980472564697	200000.000000	16.0000000000	0.00000000000	166.000000000	232.000000000	5.00000000000	0.950000000000	-0.740000000000	18.0000000000	0.00000000000	104.000000000	32.0000000000	4622880.00000	2500.00000000	2000.00000000	206.200000000	6466.00000000	1700.00000000	6000.00000000	13314.0000000	5801.00000000	23.4081460007	23.5137486754	23.1798541774	-0.365118443319	23.6668057909	26.2141808083	24.1922097605	-10.8927789160	23.5243397747	23.2737861163	23.2758785345	23.8878234650	23.9764863670	22.7635844875	-12.4077104270	0.882295696942	0.00000000000	0.100000000000	0.0500000000000	0.00236783027649	0.00000000000	51.3496093750	0.00000000000	-0.595703125000	0.00000000000	14.7624998093	15.0500001907	14.7562503815	14.9937505722	14.8406257629	-300.000000000	5804.63738351	NaN	0.00000000000	24.3780822754	25.0000610352	640.000000000	24.3887866938	24.7110012598	25.1271410718	25.2560451638	24.4668023233	25.7610610676	-60.1230244068	-62.1748359603	-0.000531673431396	-0.000531673431396	-0.000531673431396	-0.000203609466553	-98.9704909459	-273.150000000	-273.150000000	NaN	NaN	0.00000000000	NaN	NaN	1.00000000000	0.00000000000	5.00000000000	0.00000000000


















3733294960.85	NaN	8.00000000000	125.000000000	0.00000000000	0.00000000000	NaN	0.0129222869873	-7.53874828243	0.830323219299	-7.41135718263	0.842135906219	-0.000203609466553	-0.0136575698853	-0.00381326675415	-0.0820508399963	-1.45068983459	0.0928328857422	1016.24575166	0.00122737884521	0.000692963600159	0.000983047485352	200000.000000	16.0000000000	0.00000000000	166.000000000	232.000000000	5.00000000000	0.950000000000	-0.740000000000	18.0000000000	0.00000000000	104.000000000	32.0000000000	4622880.00000	2500.00000000	2000.00000000	206.200000000	6466.00000000	1700.00000000	6000.00000000	13314.0000000	5801.00000000	23.4081460007	23.5137486754	23.1798541774	-0.365118443319	23.6668057909	26.2141808083	24.1922097605	-10.8927789160	23.5243397747	23.2737861163	23.2758785345	23.8878234650	23.9764863670	22.7635844875	-12.4077104270	0.882295696942	0.00000000000	0.100000000000	0.0500000000000	0.00189785957336	0.00000000000	45.5390625000	-0.000390625005821	-0.589257836342	0.00000000000	14.7624998093	15.0500001907	14.7562503815	14.9937505722	14.8406257629	-300.000000000	0.00000000000	NaN	0.00000000000	24.3784790039	25.0001525879	640.000000000	24.3887866938	24.7110012598	25.1271410718	25.2560451638	24.4668023233	25.7610610676	-60.1230244068	-62.1748359603	-0.000531673431396	-0.000531673431396	-0.000531673431396	-0.000203609466553	-98.9704909459	-273.150000000	-273.150000000	NaN	NaN	0.00000000000	NaN	NaN	1.00000000000	0.00000000000	5.00000000000	0.00000000000

















3733294961.05	NaN	9.00000000000	134.000000000	0.00000000000	0.00000000000	NaN	0.0125937461853	-7.40288368442	0.831307411194	-7.44528440398	0.842135906219	-0.000859737396240	-0.0133290290833	-0.00446939468384	-0.0915671882629	0.453133094788	0.0976920337677	1016.15844728	0.00101709365845	0.000689101219177	0.000979089736938	200000.000000	16.0000000000	0.00000000000	166.000000000	232.000000000	5.00000000000	0.950000000000	-0.740000000000	18.0000000000	0.00000000000	104.000000000	32.0000000000	4622880.00000	2500.00000000	2000.00000000	206.200000000	6466.00000000	1700.00000000	6000.00000000	13314.0000000	5801.00000000	23.4081460007	23.5137486754	23.1798541774	-0.365118443319	23.6668057909	26.2141808083	24.1922097605	-10.8927789160	23.5243397747	23.2737861163	23.2758785345	23.8878234650	23.9764863670	22.7635844875	-12.4077104270	0.882295696942	0.00000000000	0.100000000000	0.0500000000000	0.00228509902954	0.00000000000	45.5390625000	-0.000390625005821	-0.589257836342	0.00000000000	14.7624998093	15.1187505722	14.7624998093	14.9937505722	14.8406257629	-300.000000000	0.00000000000	NaN	0.00000000000	24.3784790039	25.0001525879	640.000000000	24.3887866938	24.7110012598	25.1271410718	25.2560451638	24.4668023233	25.7610610676	-60.1230244068	-62.1748359603	-0.000531673431396	-0.000531673431396	-0.000531673431396	-0.000203609466553	-98.9704909459	-273.150000000	-273.150000000	NaN	NaN	0.00000000000	NaN	NaN	1.00000000000	0.00000000000	5.00000000000	0.00000000000

















3733294961.25	NaN	18.0000000000	114.000000000	0.00000000000	1.00000000000	NaN	0.0102968215942	-7.43680253983	0.834589004517	-7.39441227269	0.843776702881	-0.000203609466553	-0.0136575698853	-0.0143136978149	-0.348577750969	-5.25805905533	0.0976920337677	1016.50772825	0.00124025344849	0.000685048103333	0.000957465171814	200000.000000	16.0000000000	0.00000000000	166.000000000	232.000000000	5.00000000000	0.950000000000	-0.740000000000	18.0000000000	0.00000000000	104.000000000	32.0000000000	4622880.00000	2500.00000000	2000.00000000	206.200000000	6466.00000000	1700.00000000	6000.00000000	13314.0000000	5801.00000000	23.4081460007	23.5137486754	23.1798541774	-0.365118443319	23.6668057909	26.2141808083	24.1922097605	-10.8927789160	23.5243397747	23.2737861163	23.2758785345	23.8878234650	23.9764863670	22.7635844875	-12.4077104270	0.882295696942	0.00000000000	0.100000000000	0.0500000000000	0.000902938842773	0.00000000000	52.9160156250	0.00000000000	-0.592382848263	0.00000000000	14.7624998093	15.1187505722	14.7624998093	14.9937505722	14.8406257629	-300.000000000	1480.36447624	NaN	0.00000000000	24.3784790039	25.0001525879	640.000000000	24.3887866938	24.7110012598	25.1271410718	25.2560451638	24.4668023233	25.7610610676	-60.1230244068	-62.1748359603	-0.000531673431396	-0.000531673431396	-0.000531673431396	-0.000203609466553	-98.9704909459	-273.150000000	-273.150000000	NaN	NaN	0.00000000000	NaN	NaN	1.00000000000	0.00000000000	5.00000000000	0.00000000000

















3733294961.45	NaN	17.0000000000	101.000000000	0.00000000000	0.00000000000	NaN	0.00537490844727	-7.37746339632	0.836557865143	-7.47923282751	0.841479778290	-0.000859737396240	-0.0133290290833	-0.00414133071899	-0.120130064964	-2.02167073059	0.0976920337677	1016.42042387	0.000584125518799	0.000689649581909	0.000989007949829	200000.000000	16.0000000000	0.00000000000	166.000000000	232.000000000	5.00000000000	0.950000000000	-0.740000000000	18.0000000000	0.00000000000	104.000000000	32.0000000000	4622880.00000	2500.00000000	2000.00000000	206.200000000	6466.00000000	1700.00000000	6000.00000000	13314.0000000	5801.00000000	23.4081460007	23.5137486754	23.1798541774	-0.365118443319	23.6668057909	26.2141808083	24.1922097605	-10.8927789160	23.5243397747	23.2737861163	23.2758785345	23.8878234650	23.9764863670	22.7635844875	-12.4077104270	0.882295696942	0.00000000000	0.100000000000	0.0500000000000	0.00268936157227	0.00000000000	52.9160156250	0.00000000000	-0.592382848263	0.00000000000	14.7624998093	15.0062503815	14.7562503815	14.9875001907	14.8406257629	-300.000000000	0.00000000000	NaN	0.00000000000	24.3790283203	25.0001525879	640.000000000	24.3887866938	24.7110012598	25.1271410718	25.2560451638	24.4668023233	25.7610610676	-60.1230244068	-62.1748359603	-0.000531673431396	-0.000531673431396	-0.000531673431396	-0.000203609466553	-98.9704909459	-273.150000000	-273.150000000	NaN	NaN	0.00000000000	NaN	NaN	1.00000000000	0.00000000000	5.00000000000	0.00000000000

















3733294961.65	NaN	14.0000000000	113.000000000	0.00000000000	1.00000000000	NaN	0.0102968215942	-7.49623199156	0.836885929108	-7.49623199156	0.840495586395	0.000124454498291	-0.0123448371887	-0.00381326675415	-0.101083536530	-1.83134376526	0.0887833995819	1016.46407606	0.000504970550537	0.000662064552307	0.000946927070618	200000.000000	16.0000000000	0.00000000000	166.000000000	232.000000000	5.00000000000	0.950000000000	-0.740000000000	18.0000000000	0.00000000000	104.000000000	32.0000000000	4622880.00000	2500.00000000	2000.00000000	206.200000000	6466.00000000	1700.00000000	6000.00000000	13314.0000000	5801.00000000	23.4081460007	23.5137486754	23.1798541774	-0.365118443319	23.6668057909	26.2141808083	24.1922097605	-10.8927789160	23.5243397747	23.2737861163	23.2758785345	23.8878234650	23.9764863670	22.7635844875	-12.4077104270	0.882295696942	0.00000000000	0.100000000000	0.0500000000000	0.00234017372131	0.00000000000	51.3203125000	-0.000390625005821	-0.585546910763	0.00000000000	14.7624998093	15.0062503815	14.7562503815	14.9875001907	14.8406257629	-300.000000000	1398.45097522	NaN	0.00000000000	24.3790283203	25.0001525879	640.000000000	24.3887866938	24.7110012598	25.1271410718	25.2560451638	24.4668023233	25.7610610676	-60.1230244068	-62.1748359603	-0.000859737396240	-0.000531673431396	-0.000531673431396	-0.000203609466553	-98.9704909459	-273.150000000	-273.150000000	NaN	NaN	0.00000000000	NaN	NaN	1.00000000000	0.00000000000	5.00000000000	0.00000000000

















3733294961.85	NaN	9.00000000000	127.000000000	0.00000000000	1.00000000000	NaN	0.0119376182556	-7.47074257316	0.838526725769	-7.43680253983	0.843448638916	-0.000531673431396	-0.0136575698853	-0.00611019134521	-0.167725638199	-1.26036286926	0.0944522094727	1016.20209947	-0.000492572784424	0.000669980049133	0.000981736183167	200000.000000	16.0000000000	0.00000000000	166.000000000	232.000000000	5.00000000000	0.950000000000	-0.740000000000	18.0000000000	0.00000000000	104.000000000	32.0000000000	4622880.00000	2500.00000000	2000.00000000	206.200000000	6466.00000000	1700.00000000	6000.00000000	13314.0000000	5801.00000000	23.4081460007	23.5137486754	23.1798541774	-0.365118443319	23.6668057909	26.2141808083	24.1922097605	-10.8927789160	23.5243397747	23.2737861163	23.2758785345	23.8878234650	23.9764863670	22.7635844875	-12.4077104270	0.882295696942	0.00000000000	0.100000000000	0.0500000000000	0.00201601982117	0.00000000000	51.3203125000	-0.000390625005821	-0.585546910763	0.00000000000	14.7624998093	15.1312503815	14.7562503815	14.9875001907	14.8406257629	-300.000000000	1638.80973658	NaN	0.00000000000	24.3794250488	25.0000305176	640.000000000	24.3887866938	24.7110012598	25.1271410718	25.2560451638	24.4668023233	25.7610610676	-60.1230244068	-62.1748359603	-0.000859737396240	-0.000531673431396	-0.000531673431396	-0.000203609466553	-98.9704909459	-273.150000000	-273.150000000	NaN	NaN	0.00000000000	NaN	NaN	1.00000000000	0.00000000000	5.00000000000	0.00000000000

















3733294962.05	NaN	14.0000000000	116.000000000	0.00000000000	2.00000000000	NaN	0.0106253623962	-7.40288368442	0.840823650360	-7.46225441893	0.842135906219	-0.000859737396240	-0.0123448371887	-0.00414133071899	-0.139162761497	-1.83134376526	0.0920232238770	1016.59509608	-0.000781059265137	0.000700211524963	0.000985693931580	200000.000000	16.0000000000	0.00000000000	166.000000000	232.000000000	5.00000000000	0.950000000000	-0.740000000000	18.0000000000	0.00000000000	104.000000000	32.0000000000	4622880.00000	2500.00000000	2000.00000000	206.200000000	6466.00000000	1700.00000000	6000.00000000	13314.0000000	5801.00000000	23.4081460007	23.5137486754	23.1798541774	-0.365118443319	23.6668057909	26.2141808083	24.1922097605	-10.8927789160	23.5243397747	23.2737861163	23.2758785345	23.8878234650	23.9764863670	22.7635844875	-12.4077104270	0.882295696942	0.00000000000	0.100000000000	0.0500000000000	0.00227980613708	0.00000000000	48.5390625000	0.00000000000	-0.586914062500	0.00000000000	14.7624998093	15.1312503815	14.7562503815	14.9875001907	14.8406257629	-300.000000000	2843.98442865	NaN	0.00000000000	24.3794250488	25.0000305176	640.000000000	24.3887866938	24.7110012598	25.1271410718	25.2560451638	24.4668023233	25.7610610676	-60.1230244068	-62.1748359603	-0.000859737396240	-0.000531673431396	-0.000531673431396	-0.000203609466553	-98.9704909459	-273.150000000	-273.150000000	NaN	NaN	0.00000000000	NaN	NaN	1.00000000000	0.00000000000	5.00000000000	0.00000000000


















3733294962.25	NaN	11.0000000000	116.000000000	0.00000000000	0.00000000000	NaN	0.00898456573486	-7.43680253983	0.844104766846	-7.41983276900	0.844433307648	-0.000203609466553	-0.0136575698853	-0.0113601684570	-0.329531222534	-5.63898962402	0.0904027233124	1016.59509608	-0.000597476959229	0.000690960884094	0.000985693931580	200000.000000	16.0000000000	0.00000000000	166.000000000	232.000000000	5.00000000000	0.950000000000	-0.740000000000	18.0000000000	0.00000000000	104.000000000	32.0000000000	4622880.00000	2500.00000000	2000.00000000	206.200000000	6466.00000000	1700.00000000	6000.00000000	13314.0000000	5801.00000000	23.4081460007	23.5137486754	23.1798541774	-0.365118443319	23.6668057909	26.2141808083	24.1922097605	-10.8927789160	23.5243397747	23.2737861163	23.2758785345	23.8878234650	23.9764863670	22.7635844875	-12.4077104270	0.882295696942	0.00000000000	0.100000000000	0.0500000000000	0.00174164772034	0.00000000000	48.5390625000	0.00000000000	-0.586914062500	0.00000000000	14.7624998093	15.0625000000	14.7562503815	14.9875001907	14.8406257629	-300.000000000	0.00000000000	NaN	0.00000000000	24.3794250488	25.0000305176	640.000000000	24.3887866938	24.7110012598	25.1271410718	25.2560451638	24.4668023233	25.7610610676	-60.1230244068	-62.1748359603	-0.000859737396240	-0.000531673431396	-0.000531673431396	-0.000203609466553	-98.9704909459	-273.150000000	-273.150000000	NaN	NaN	0.00000000000	NaN	NaN	1.00000000000	0.00000000000	5.00000000000	0.00000000000
















3733294962.45	NaN	13.0000000000	120.000000000	0.00000000000	0.00000000000	NaN	0.00996875762939	-7.51322723467	0.842464447021	-7.46225441893	0.841807842255	-0.000531673431396	-0.0136575698853	-0.00611019134521	-0.177241986465	-2.59292826462	0.0993113574982	1016.46407606	-0.00109624862671	0.000683093070984	0.000966644287109	200000.000000	16.0000000000	0.00000000000	166.000000000	232.000000000	5.00000000000	0.950000000000	-0.740000000000	18.0000000000	0.00000000000	104.000000000	32.0000000000	4622880.00000	2500.00000000	2000.00000000	206.200000000	6466.00000000	1700.00000000	6000.00000000	13314.0000000	5801.00000000	23.4081460007	23.5137486754	23.1798541774	-0.365118443319	23.6668057909	26.2141808083	24.1922097605	-10.8927789160	23.5243397747	23.2737861163	23.2758785345	23.8878234650	23.9764863670	22.7635844875	-12.4077104270	0.882295696942	0.00000000000	0.100000000000	0.0500000000000	0.00230994224548	0.00000000000	53.5625000000	0.00000000000	-0.584765613079	0.00000000000	14.7624998093	15.0625000000	14.7562503815	14.9875001907	14.8406257629	-300.000000000	0.00000000000	NaN	0.00000000000	24.3798828125	25.0003967285	640.000000000	24.3887866938	24.7110012598	25.1271410718	25.2560451638	24.4668023233	25.7610610676	-60.1230244068	-62.1748359603	-0.000859737396240	-0.000531673431396	-0.000531673431396	-0.000203609466553	-98.9704909459	-273.150000000	-273.150000000	NaN	NaN	0.00000000000	NaN	NaN	1.00000000000	0.00000000000	5.00000000000	0.00000000000

















3733294962.65	NaN	14.0000000000	133.000000000	0.00000000000	1.00000000000	NaN	0.0106253623962	-7.42831044525	0.846073627472	-7.46225441893	0.841479778290	-0.000203609466553	-0.0123448371887	-0.00545358657837	-0.177241986465	-2.02167073059	0.0863532371521	1016.24575166	-0.00122737884521	0.000691628456116	0.000993561744690	200000.000000	16.0000000000	0.00000000000	166.000000000	232.000000000	5.00000000000	0.950000000000	-0.740000000000	18.0000000000	0.00000000000	104.000000000	32.0000000000	4622880.00000	2500.00000000	2000.00000000	206.200000000	6466.00000000	1700.00000000	6000.00000000	13314.0000000	5801.00000000	23.4081460007	23.5137486754	23.1798541774	-0.365118443319	23.6668057909	26.2141808083	24.1922097605	-10.8927789160	23.5243397747	23.2737861163	23.2758785345	23.8878234650	23.9764863670	22.7635844875	-12.4077104270	0.882295696942	0.00000000000	0.100000000000	0.0500000000000	0.00231919288635	0.00000000000	53.5625000000	0.00000000000	-0.584765613079	0.00000000000	14.7624998093	15.0562505722	14.7562503815	14.9875001907	14.8406257629	-300.000000000	1540.14424584	NaN	0.00000000000	24.3798828125	25.0003967285	640.000000000	24.3887866938	24.7110012598	25.1271410718	25.2560451638	24.4668023233	25.7610610676	-60.1230244068	-62.1748359603	-0.000859737396240	-0.000531673431396	-0.000531673431396	-0.000203609466553	-98.9704909459	-273.150000000	-273.150000000	NaN	NaN	0.00000000000	NaN	NaN	1.00000000000	0.00000000000	5.00000000000	0.00000000000
















3733294962.85	NaN	13.0000000000	115.000000000	0.00000000000	0.00000000000	NaN	0.00799989700317	-7.49623199156	0.845089435577	-7.47074257316	0.841807842255	-0.000531673431396	-0.0133290290833	-0.00709438323975	-0.186758334732	-1.26036286926	0.0920232238770	1016.28946730	-0.00135850906372	0.000688314437866	0.000985002517700	200000.000000	16.0000000000	0.00000000000	166.000000000	232.000000000	5.00000000000	0.950000000000	-0.740000000000	18.0000000000	0.00000000000	104.000000000	32.0000000000	4622880.00000	2500.00000000	2000.00000000	206.200000000	6466.00000000	1700.00000000	6000.00000000	13314.0000000	5801.00000000	23.4081460007	23.5137486754	23.1798541774	-0.365118443319	23.6668057909	26.2141808083	24.1922097605	-10.8927789160	23.5243397747	23.2737861163	23.2758785345	23.8878234650	23.9764863670	22.7635844875	-12.4077104270	0.882295696942	0.00000000000	0.100000000000	0.0500000000000	0.00381422042847	0.00000000000	45.3632812500	-0.000390625005821	-0.584375023842	-0.0195312500000	14.7624998093	15.0562505722	14.7562503815	14.9875001907	14.8406257629	-300.000000000	0.00000000000	NaN	0.00000000000	24.3802185059	25.0002441406	640.000000000	24.3887866938	24.7110012598	25.1271410718	25.2560451638	24.4668023233	25.7610610676	-60.1230244068	-62.1748359603	-0.000859737396240	-0.000531673431396	-0.000531673431396	-0.000203609466553	-98.9704909459	-273.150000000	-273.150000000	NaN	NaN	0.00000000000	NaN	NaN	1.00000000000	0.00000000000	5.00000000000	0.00000000000


















3733294963.05	NaN	15.0000000000	149.000000000	0.00000000000	1.00000000000	NaN	0.0139064788818	-7.53874828243	0.848042488098	-7.41983276900	0.842464447021	-0.000531673431396	-0.0136575698853	-0.00676631927490	-0.186758334732	-1.45068983459	0.0920232238770	1016.37677168	-0.00194931030273	0.000693631172180	0.000964045524597	200000.000000	16.0000000000	0.00000000000	166.000000000	232.000000000	5.00000000000	0.950000000000	-0.740000000000	18.0000000000	0.00000000000	104.000000000	32.0000000000	4622880.00000	2500.00000000	2000.00000000	206.200000000	6466.00000000	1700.00000000	6000.00000000	13314.0000000	5801.00000000	23.4081460007	23.5137486754	23.1798541774	-0.365118443319	23.6668057909	26.2141808083	24.1922097605	-10.8927789160	23.5243397747	23.2737861163	23.2758785345	23.8878234650	23.9764863670	22.7635844875	-12.4077104270	0.882295696942	0.00000000000	0.100000000000	0.0500000000000	0.00234680175781	0.00000000000	45.3632812500	-0.000390625005821	-0.584375023842	-0.0195312500000	14.7624998093	15.1312503815	14.7562503815	14.9937505722	14.8406257629	-300.000000000	1540.14424584	NaN	0.00000000000	24.3802185059	25.0002441406	640.000000000	24.3887866938	24.7110012598	25.1271410718	25.2560451638	24.4668023233	25.7610610676	-60.1230244068	-62.1748359603	-0.000859737396240	-0.000531673431396	-0.000531673431396	-0.000203609466553	-98.9704909459	-273.150000000	-273.150000000	NaN	NaN	0.00000000000	NaN	NaN	1.00000000000	0.00000000000	5.00000000000	0.00000000000

















3733294963.25	NaN	17.0000000000	108.000000000	0.00000000000	0.00000000000	NaN	0.0102968215942	-7.48773752877	0.845745563507	-7.40288368442	0.852308273315	-0.000203609466553	-0.0152978897095	-0.0120167732239	-0.415206020737	-4.87740512466	0.0976920337677	1016.46407606	-0.00281572341919	0.000685739517212	0.000979781150818	200000.000000	16.0000000000	0.00000000000	166.000000000	232.000000000	5.00000000000	0.950000000000	-0.740000000000	18.0000000000	0.00000000000	104.000000000	32.0000000000	4622880.00000	2500.00000000	2000.00000000	206.200000000	6466.00000000	1700.00000000	6000.00000000	13314.0000000	5801.00000000	23.4081460007	23.5137486754	23.1798541774	-0.365118443319	23.6668057909	26.2141808083	24.1922097605	-10.8927789160	23.5243397747	23.2737861163	23.2758785345	23.8878234650	23.9764863670	22.7635844875	-12.4077104270	0.882295696942	0.00000000000	0.100000000000	0.0500000000000	0.000985622406006	0.00000000000	54.4550781250	0.00000000000	-0.583984375000	-0.0195312500000	14.7624998093	15.1312503815	14.7562503815	14.9937505722	14.8406257629	-300.000000000	0.00000000000	NaN	0.00000000000	24.3802185059	25.0000915527	640.000000000	24.3887866938	24.7110012598	25.1271410718	25.2560451638	24.4668023233	25.7610610676	-60.1230244068	-62.1748359603	-0.000859737396240	-0.000531673431396	-0.000531673431396	-0.000203609466553	-98.9704909459	-273.150000000	-273.150000000	NaN	NaN	0.00000000000	NaN	NaN	1.00000000000	0.00000000000	5.00000000000	0.00000000000

















3733294963.45	NaN	14.0000000000	124.000000000	0.00000000000	1.00000000000	NaN	0.0142345428467	-7.56427600096	0.847714424133	-7.47074257316	0.842464447021	-0.000203609466553	-0.0113601684570	-0.00676631927490	-0.196274682999	1.02411399078	0.0887833995819	1016.63874827	-0.00278902053833	0.000687074661255	0.000965380668640	200000.000000	16.0000000000	0.00000000000	166.000000000	232.000000000	5.00000000000	0.950000000000	-0.740000000000	18.0000000000	0.00000000000	104.000000000	32.0000000000	4622880.00000	2500.00000000	2000.00000000	206.200000000	6466.00000000	1700.00000000	6000.00000000	13314.0000000	5801.00000000	23.4081460007	23.5137486754	23.1798541774	-0.365118443319	23.6668057909	26.2141808083	24.1922097605	-10.8927789160	23.5243397747	23.2737861163	23.2758785345	23.8878234650	23.9764863670	22.7635844875	-12.4077104270	0.882295696942	0.00000000000	0.100000000000	0.0500000000000	0.00250554084778	0.00000000000	54.4550781250	0.00000000000	-0.583984375000	-0.0195312500000	14.7624998093	15.0062503815	14.7624998093	14.9875001907	14.8406257629	-300.000000000	1348.98807899	NaN	0.00000000000	24.3805236816	25.0000915527	640.000000000	24.3887866938	24.7110012598	25.1271410718	25.2560451638	24.4668023233	25.7610610676	-60.1230244068	-62.1748359603	-0.000859737396240	-0.000531673431396	-0.000531673431396	-0.000203609466553	-98.9704909459	-273.150000000	-273.150000000	NaN	NaN	0.00000000000	NaN	NaN	1.00000000000	0.00000000000	5.00000000000	0.00000000000


















3733294963.65	NaN	8.00000000000	121.000000000	1.00000000000	0.00000000000	NaN	0.00931262969971	-7.50472855962	0.849027156830	-7.42831044525	0.843120574951	-0.000859737396240	-0.0136575698853	-0.00840711593628	-0.215307379532	1.02411399078	0.0912123851776	1016.33311949	-0.00264501571655	0.000702190399170	0.000963306427002	200000.000000	16.0000000000	0.00000000000	166.000000000	232.000000000	5.00000000000	0.950000000000	-0.740000000000	18.0000000000	0.00000000000	104.000000000	32.0000000000	4622880.00000	2500.00000000	2000.00000000	206.200000000	6466.00000000	1700.00000000	6000.00000000	13314.0000000	5801.00000000	23.4081460007	23.5137486754	23.1798541774	-0.365118443319	23.6668057909	26.2141808083	24.1922097605	-10.8927789160	23.5243397747	23.2737861163	23.2758785345	23.8878234650	23.9764863670	22.7635844875	-12.4077104270	0.882295696942	0.00000000000	0.100000000000	0.0500000000000	0.00247550010681	0.00000000000	48.6171875000	0.00000000000	-0.579687535763	-0.0195312500000	14.7624998093	15.0062503815	14.7624998093	14.9875001907	14.8406257629	-300.000000000	0.00000000000	NaN	0.00000000000	24.3805236816	25.0000915527	640.000000000	24.3887866938	24.7110012598	25.1271410718	25.2560451638	24.4668023233	25.7610610676	-60.1230244068	-62.1748359603	-0.000859737396240	-0.000531673431396	-0.000203609466553	-0.000203609466553	-98.9704909459	-273.150000000	-273.150000000	NaN	NaN	0.00000000000	NaN	NaN	1.00000000000	0.00000000000	5.00000000000	0.00000000000


















3733294963.85	NaN	5.00000000000	115.000000000	1.00000000000	2.00000000000	NaN	0.00996875762939	-7.54725540575	0.850339412689	-7.45376836310	0.842792510986	-0.000531673431396	-0.0123448371887	-0.00709438323975	-0.224837559700	-1.64101679993	0.0912123851776	1016.24575166	-0.00212001800537	0.000691652297974	0.000985002517700	200000.000000	16.0000000000	0.00000000000	166.000000000	232.000000000	5.00000000000	0.950000000000	-0.740000000000	18.0000000000	0.00000000000	104.000000000	32.0000000000	4622880.00000	2500.00000000	2000.00000000	206.200000000	6466.00000000	1700.00000000	6000.00000000	13314.0000000	5801.00000000	23.4081460007	23.5137486754	23.1798541774	-0.365118443319	23.6668057909	26.2141808083	24.1922097605	-10.8927789160	23.5243397747	23.2737861163	23.2758785345	23.8878234650	23.9764863670	22.7635844875	-12.4077104270	0.882295696942	0.00000000000	0.100000000000	0.0500000000000	0.00371179580688	0.00000000000	48.6171875000	0.00000000000	-0.579687535763	-0.0195312500000	14.7624998093	15.1250000000	14.7562503815	14.9875001907	14.8406257629	-300.000000000	3323.73806168	NaN	0.00000000000	24.3812866211	25.0002136230	640.000000000	24.3887866938	24.7110012598	25.1271410718	25.2560451638	24.4668023233	25.7610610676	-60.1230244068	-62.1748359603	-0.000859737396240	-0.000531673431396	-0.000203609466553	-0.000203609466553	-98.9704909459	-273.150000000	-273.150000000	NaN	NaN	0.00000000000	NaN	NaN	1.00000000000	0.00000000000	5.00000000000	0.00000000000

















3733294964.05	NaN	8.00000000000	112.000000000	0.00000000000	2.00000000000	NaN	0.00570297241211	-7.41135718263	0.853621006012	-7.45376836310	0.842464447021	-0.000203609466553	-0.0126729011536	-0.00775098800659	-0.215307379532	-3.16390916061	0.0912123851776	1016.28946730	-0.00290727615356	0.000697541236877	0.000992941856384	200000.000000	16.0000000000	0.00000000000	166.000000000	232.000000000	5.00000000000	0.950000000000	-0.740000000000	18.0000000000	0.00000000000	104.000000000	32.0000000000	4622880.00000	2500.00000000	2000.00000000	206.200000000	6466.00000000	1700.00000000	6000.00000000	13314.0000000	5801.00000000	23.4081460007	23.5137486754	23.1798541774	-0.365118443319	23.6668057909	26.2141808083	24.1922097605	-10.8927789160	23.5243397747	23.2737861163	23.2758785345	23.8878234650	23.9764863670	22.7635844875	-12.4077104270	0.882295696942	0.00000000000	0.100000000000	0.0500000000000	0.00238881111145	0.00000000000	45.4941406250	0.00000000000	-0.584960937500	0.00000000000	14.7624998093	15.1250000000	14.7562503815	14.9875001907	14.8406257629	-300.000000000	2843.04888113	NaN	0.00000000000	24.3812866211	25.0002136230	640.000000000	24.3887866938	24.7110012598	25.1271410718	25.2560451638	24.4668023233	25.7610610676	-60.1230244068	-62.1748359603	-0.000859737396240	-0.000531673431396	-0.000203609466553	-0.000203609466553	-98.9704909459	-273.150000000	-273.150000000	NaN	NaN	0.00000000000	NaN	NaN	1.00000000000	0.00000000000	5.00000000000	0.00000000000

















3733294964.25	NaN	8.00000000000	114.000000000	0.00000000000	0.00000000000	NaN	0.0112814903259	-7.46225441893	0.854933738708	-7.47074257316	0.846402168274	-0.000531673431396	-0.0120167732239	-0.00971984863281	-0.300982177734	-4.11582062531	0.0863532371521	1016.33311949	-0.00169992446899	0.000705409049988	0.000990271568298	200000.000000	16.0000000000	0.00000000000	166.000000000	232.000000000	5.00000000000	0.950000000000	-0.740000000000	18.0000000000	0.00000000000	104.000000000	32.0000000000	4622880.00000	2500.00000000	2000.00000000	206.200000000	6466.00000000	1700.00000000	6000.00000000	13314.0000000	5801.00000000	23.4081460007	23.5137486754	23.1798541774	-0.365118443319	23.6668057909	26.2141808083	24.1922097605	-10.8927789160	23.5243397747	23.2737861163	23.2758785345	23.8878234650	23.9764863670	22.7635844875	-12.4077104270	0.882295696942	0.00000000000	0.100000000000	0.0500000000000	0.00316190719604	0.00000000000	45.4941406250	0.00000000000	-0.584960937500	0.00000000000	14.7624998093	15.0375003815	14.7562503815	14.9937505722	14.8406257629	-300.000000000	0.00000000000	NaN	0.00000000000	24.3812866211	25.0002136230	640.000000000	24.3887866938	24.7110012598	25.1271410718	25.2560451638	24.4668023233	25.7610610676	-60.1230244068	-62.1748359603	-0.000859737396240	-0.000531673431396	-0.000203609466553	-0.000203609466553	-98.9704909459	-273.150000000	-273.150000000	NaN	NaN	0.00000000000	NaN	NaN	1.00000000000	0.00000000000	5.00000000000	0.00000000000

















3733294964.45	NaN	8.00000000000	109.000000000	1.00000000000	0.00000000000	NaN	0.00635910034180	-7.42831044525	0.858214855194	-7.42831044525	0.843776702881	-0.000531673431396	-0.0126729011536	-0.00939130783081	-0.281949481201	-3.16390916061	0.0952618713379	1016.33311949	-0.00383949279785	0.000719261169434	0.00100798606873	200000.000000	16.0000000000	0.00000000000	166.000000000	232.000000000	5.00000000000	0.950000000000	-0.740000000000	18.0000000000	0.00000000000	104.000000000	32.0000000000	4622880.00000	2500.00000000	2000.00000000	206.200000000	6466.00000000	1700.00000000	6000.00000000	13314.0000000	5801.00000000	23.4081460007	23.5137486754	23.1798541774	-0.365118443319	23.6668057909	26.2141808083	24.1922097605	-10.8927789160	23.5243397747	23.2737861163	23.2758785345	23.8878234650	23.9764863670	22.7635844875	-12.4077104270	0.882295696942	0.00000000000	0.100000000000	0.0500000000000	0.00202002525330	0.00000000000	53.2187500000	0.00000000000	-0.580078125000	0.00000000000	14.7624998093	15.0375003815	14.7562503815	14.9937505722	14.8406257629	-300.000000000	0.00000000000	NaN	0.00000000000	24.3816223145	25.0001220703	640.000000000	24.3887866938	24.7110012598	25.1271410718	25.2560451638	24.4668023233	25.7610610676	-60.1230244068	-62.1748359603	-0.000859737396240	-0.000531673431396	-0.000203609466553	-0.000203609466553	-98.9704909459	-273.150000000	-273.150000000	NaN	NaN	0.00000000000	NaN	NaN	1.00000000000	0.00000000000	5.00000000000	0.00000000000

















3733294964.65	NaN	10.0000000000	130.000000000	0.00000000000	3.00000000000	NaN	0.0122656822205	-7.45376836310	0.859199523926	-7.44528440398	0.843448638916	0.000781059265137	-0.0126729011536	-0.00840711593628	-0.253386604500	-1.26036286926	0.0936425476074	1016.37677168	-0.00407552719116	0.000718593597412	0.000970029830933	200000.000000	16.0000000000	0.00000000000	166.000000000	232.000000000	5.00000000000	0.950000000000	-0.740000000000	18.0000000000	0.00000000000	104.000000000	32.0000000000	4622880.00000	2500.00000000	2000.00000000	206.200000000	6466.00000000	1700.00000000	6000.00000000	13314.0000000	5801.00000000	23.4081460007	23.5137486754	23.1798541774	-0.365118443319	23.6668057909	26.2141808083	24.1922097605	-10.8927789160	23.5243397747	23.2737861163	23.2758785345	23.8878234650	23.9764863670	22.7635844875	-12.4077104270	0.882295696942	0.00000000000	0.100000000000	0.0500000000000	0.00242824554443	0.00000000000	53.2187500000	0.00000000000	-0.580078125000	0.00000000000	14.7624998093	15.1374998093	14.7562503815	14.9875001907	14.8406257629	-300.000000000	4229.21207696	NaN	0.00000000000	24.3816223145	25.0001220703	640.000000000	24.3887866938	24.7110012598	25.1271410718	25.2560451638	24.4668023233	25.7610610676	-60.1230244068	-62.1748359603	-0.000859737396240	-0.000531673431396	-0.000203609466553	-0.000531673431396	-98.9704909459	-273.150000000	-273.150000000	NaN	NaN	0.00000000000	NaN	NaN	1.00000000000	0.00000000000	5.00000000000	0.00000000000

















3733294964.85	NaN	11.0000000000	127.000000000	0.00000000000	2.00000000000	NaN	0.00471878051758	-7.45376836310	0.862480640411	-7.41983276900	0.844104766846	-0.000531673431396	-0.0123448371887	-0.0100479125977	-0.291465829468	-2.21227433395	0.0936425476074	1016.37677168	-0.00479745864868	0.000721859931946	0.000997495651245	200000.000000	16.0000000000	0.00000000000	166.000000000	232.000000000	5.00000000000	0.950000000000	-0.740000000000	18.0000000000	0.00000000000	104.000000000	32.0000000000	4622880.00000	2500.00000000	2000.00000000	206.200000000	6466.00000000	1700.00000000	6000.00000000	13314.0000000	5801.00000000	23.4081460007	23.5137486754	23.1798541774	-0.365118443319	23.6668057909	26.2141808083	24.1922097605	-10.8927789160	23.5243397747	23.2737861163	23.2758785345	23.8878234650	23.9764863670	22.7635844875	-12.4077104270	0.882295696942	0.00000000000	0.100000000000	0.0500000000000	0.00228905677795	0.00000000000	46.1171875000	-0.000390625005821	-0.580664098263	0.00000000000	14.7624998093	15.1374998093	14.7562503815	14.9875001907	14.8406257629	-300.000000000	2907.57073265	NaN	0.00000000000	24.3819580078	25.0006103516	640.000000000	24.3887866938	24.7110012598	25.1271410718	25.2560451638	24.4668023233	25.7610610676	-60.1230244068	-62.1748359603	-0.000859737396240	-0.000531673431396	-0.000203609466553	-0.000531673431396	-98.9704909459	-273.150000000	-273.150000000	NaN	NaN	0.00000000000	NaN	NaN	1.00000000000	0.00000000000	5.00000000000	0.00000000000

















3733294965.05	NaN	7.00000000000	138.000000000	0.00000000000	0.00000000000	NaN	0.00996875762939	-7.53023091262	0.863793373108	-7.41983276900	0.843120574951	0.000781059265137	-0.0116887092590	-0.00873517990112	-0.253386604500	-0.308451404572	0.0887833995819	1016.37677168	-0.00458765029907	0.000729084014893	0.00100340843201	200000.000000	16.0000000000	0.00000000000	166.000000000	232.000000000	5.00000000000	0.950000000000	-0.740000000000	18.0000000000	0.00000000000	104.000000000	32.0000000000	4622880.00000	2500.00000000	2000.00000000	206.200000000	6466.00000000	1700.00000000	6000.00000000	13314.0000000	5801.00000000	23.4081460007	23.5137486754	23.1798541774	-0.365118443319	23.6668057909	26.2141808083	24.1922097605	-10.8927789160	23.5243397747	23.2737861163	23.2758785345	23.8878234650	23.9764863670	22.7635844875	-12.4077104270	0.882295696942	0.00000000000	0.100000000000	0.0500000000000	0.00246229171753	0.00000000000	46.1171875000	-0.000390625005821	-0.580664098263	0.00000000000	14.7624998093	15.0375003815	14.7624998093	14.9937505722	14.8406257629	-300.000000000	0.00000000000	NaN	0.00000000000	24.3819580078	25.0006103516	640.000000000	24.3887866938	24.7110012598	25.1271410718	25.2560451638	24.4668023233	25.7610610676	-60.1230244068	-62.1748359603	-0.000859737396240	-0.000531673431396	-0.000203609466553	-0.000531673431396	-98.9704909459	-273.150000000	-273.150000000	NaN	NaN	0.00000000000	NaN	NaN	1.00000000000	0.00000000000	5.00000000000	0.00000000000

















3733294965.25	NaN	17.0000000000	113.000000000	0.00000000000	0.00000000000	NaN	0.0106253623962	-7.48773752877	0.861496448517	-7.37746339632	0.852964878082	-0.00151634216309	-0.0149698257446	-0.0212044715881	-0.538946212006	3.11826388550	0.0920232238770	1016.33311949	-0.00575590133667	0.000697517395020	0.000991630554199	200000.000000	16.0000000000	0.00000000000	166.000000000	232.000000000	5.00000000000	0.950000000000	-0.740000000000	18.0000000000	0.00000000000	104.000000000	32.0000000000	4622880.00000	2500.00000000	2000.00000000	206.200000000	6466.00000000	1700.00000000	6000.00000000	13314.0000000	5801.00000000	23.4081460007	23.5137486754	23.1798541774	-0.365118443319	23.6668057909	26.2141808083	24.1922097605	-10.8927789160	23.5243397747	23.2737861163	23.2758785345	23.8878234650	23.9764863670	22.7635844875	-12.4077104270	0.882295696942	0.00000000000	0.100000000000	0.0500000000000	0.00229043960571	0.00000000000	54.9726562500	-0.000390625005821	-0.578906238079	0.00000000000	14.7624998093	15.0375003815	14.7624998093	14.9937505722	14.8406257629	-300.000000000	0.00000000000	NaN	0.00000000000	24.3819580078	24.9999694824	640.000000000	24.3887866938	24.7110012598	25.1271410718	25.2560451638	24.4668023233	25.7610610676	-60.1230244068	-62.1748359603	-0.000859737396240	-0.000531673431396	-0.000203609466553	-0.000531673431396	-98.9704909459	-273.150000000	-273.150000000	NaN	NaN	0.00000000000	NaN	NaN	1.00000000000	0.00000000000	5.00000000000	0.00000000000


















3733294965.45	NaN	8.00000000000	130.000000000	0.00000000000	1.00000000000	NaN	0.0152192115784	-7.57278947633	0.864449501038	-7.42831044525	0.844104766846	-0.00118780136108	-0.0130009651184	-0.0100479125977	-0.310498526001	0.0722025260925	0.0976920337677	1016.42042387	-0.00523042678833	0.000696945190430	0.000987648963928	200000.000000	16.0000000000	0.00000000000	166.000000000	232.000000000	5.00000000000	0.950000000000	-0.740000000000	18.0000000000	0.00000000000	104.000000000	32.0000000000	4622880.00000	2500.00000000	2000.00000000	206.200000000	6466.00000000	1700.00000000	6000.00000000	13314.0000000	5801.00000000	23.4081460007	23.5137486754	23.1798541774	-0.365118443319	23.6668057909	26.2141808083	24.1922097605	-10.8927789160	23.5243397747	23.2737861163	23.2758785345	23.8878234650	23.9764863670	22.7635844875	-12.4077104270	0.882295696942	0.00000000000	0.100000000000	0.0500000000000	0.00235991477966	0.00000000000	54.9726562500	-0.000390625005821	-0.578906238079	0.00000000000	14.7624998093	15.0625000000	14.7562503815	14.9875001907	14.8406257629	-300.000000000	1372.82491023	NaN	0.00000000000	24.3824157715	24.9999694824	640.000000000	24.3887866938	24.7110012598	25.1271410718	25.2560451638	24.4668023233	25.7610610676	-60.1230244068	-62.1748359603	-0.000859737396240	-0.000531673431396	-0.000203609466553	-0.000531673431396	-98.9704909459	-273.150000000	-273.150000000	NaN	NaN	0.00000000000	NaN	NaN	1.00000000000	0.00000000000	5.00000000000	0.00000000000

















3733294965.65	NaN	6.00000000000	118.000000000	0.00000000000	0.00000000000	NaN	0.00964069366455	-7.51322723467	0.865762233734	-7.41135718263	0.844761371613	-0.00217247009277	-0.0139856338501	-0.0110321044922	-0.300982177734	-1.26036286926	0.0928328857422	1016.33311949	-0.00545358657837	0.000710701942444	0.000990867614746	200000.000000	16.0000000000	0.00000000000	166.000000000	232.000000000	5.00000000000	0.950000000000	-0.740000000000	18.0000000000	0.00000000000	104.000000000	32.0000000000	4622880.00000	2500.00000000	2000.00000000	206.200000000	6466.00000000	1700.00000000	6000.00000000	13314.0000000	5801.00000000	23.4081460007	23.5137486754	23.1798541774	-0.365118443319	23.6668057909	26.2141808083	24.1922097605	-10.8927789160	23.5243397747	23.2737861163	23.2758785345	23.8878234650	23.9764863670	22.7635844875	-12.4077104270	0.882295696942	0.00000000000	0.100000000000	0.0500000000000	0.00255150794983	0.00000000000	47.8574218750	0.00000000000	-0.577929675579	0.00000000000	14.7624998093	15.0625000000	14.7562503815	14.9875001907	14.8406257629	-300.000000000	0.00000000000	NaN	0.00000000000	24.3824157715	24.9999694824	640.000000000	24.3887866938	24.7110012598	25.1271410718	25.2560451638	24.4668023233	25.7610610676	-60.1230244068	-62.1748359603	-0.000859737396240	-0.000531673431396	-0.000203609466553	-0.000531673431396	NaN	-273.150000000	-273.150000000	NaN	NaN	0.00000000000	NaN	NaN	1.00000000000	0.00000000000	5.00000000000	0.00000000000

















3733294965.85	NaN	13.0000000000	116.000000000	0.00000000000	0.00000000000	NaN	0.0119376182556	-7.56427600096	0.866746902466	-7.40288368442	0.844104766846	-0.00184440612793	-0.0133290290833	-0.0103759765625	-0.339061402702	-2.02167073059	0.0904027233124	1016.42042387	-0.00558519363403	0.000706124305725	0.00100548267365	200000.000000	16.0000000000	0.00000000000	166.000000000	232.000000000	5.00000000000	0.950000000000	-0.740000000000	18.0000000000	0.00000000000	104.000000000	32.0000000000	4622880.00000	2500.00000000	2000.00000000	206.200000000	6466.00000000	1700.00000000	6000.00000000	13314.0000000	5801.00000000	23.4081460007	23.5137486754	23.1798541774	-0.365118443319	23.6668057909	26.2141808083	24.1922097605	-10.8927789160	23.5243397747	23.2737861163	23.2758785345	23.8878234650	23.9764863670	22.7635844875	-12.4077104270	0.882295696942	0.00000000000	0.100000000000	0.0500000000000	0.00229163169861	0.00000000000	47.8574218750	0.00000000000	-0.577929675579	0.00000000000	14.7624998093	15.1125001907	14.7562503815	14.9937505722	14.8406257629	-300.000000000	0.00000000000	NaN	0.00000000000	24.3829040527	25.0004577637	640.000000000	24.3887866938	24.7110012598	25.1271410718	25.2560451638	24.4668023233	25.7610610676	-60.1230244068	-62.1748359603	-0.000859737396240	-0.000531673431396	-0.000203609466553	-0.000531673431396	NaN	-273.150000000	-273.150000000	NaN	NaN	0.00000000000	NaN	NaN	1.00000000000	0.00000000000	5.00000000000	0.00000000000
















3733294966.05	NaN	16.0000000000	147.000000000	0.00000000000	2.00000000000	NaN	0.00504684448242	-7.41983276900	0.868715763092	-7.42831044525	0.843776702881	0.000781059265137	-0.0120167732239	-0.00906324386597	-0.300982177734	-1.83134376526	0.0928328857422	1016.20209947	-0.00565052032471	0.000704813003540	0.000994849205017	200000.000000	16.0000000000	0.00000000000	166.000000000	232.000000000	5.00000000000	0.950000000000	-0.740000000000	18.0000000000	0.00000000000	104.000000000	32.0000000000	4622880.00000	2500.00000000	2000.00000000	206.200000000	6466.00000000	1700.00000000	6000.00000000	13314.0000000	5801.00000000	23.4081460007	23.5137486754	23.1798541774	-0.365118443319	23.6668057909	26.2141808083	24.1922097605	-10.8927789160	23.5243397747	23.2737861163	23.2758785345	23.8878234650	23.9764863670	22.7635844875	-12.4077104270	0.882295696942	0.00000000000	0.100000000000	0.0500000000000	0.00237965583801	0.00000000000	48.7382812500	0.00000000000	-0.583007812500	0.00000000000	14.7624998093	15.1125001907	14.7562503815	14.9937505722	14.8406257629	-300.000000000	2989.48423367	NaN	0.00000000000	24.3829040527	25.0004577637	640.000000000	24.3887866938	24.7110012598	25.1271410718	25.2560451638	24.4668023233	25.7610610676	-60.1230244068	-62.1748359603	-0.000859737396240	-0.000531673431396	-0.000203609466553	-0.000531673431396	NaN	-273.150000000	-273.150000000	NaN	NaN	0.00000000000	NaN	NaN	1.00000000000	0.00000000000	5.00000000000	0.00000000000

















3733294966.25	NaN	17.0000000000	115.000000000	0.00000000000	0.00000000000	NaN	0.0109534263611	-7.52172801842	0.868715763092	-7.36053515707	0.846073627472	-0.00118780136108	-0.0126729011536	-0.0130009651184	-0.377126795769	-2.59292826462	0.0960715332031	1016.46407606	-0.00633335113525	0.000704789161682	0.000991582870483	200000.000000	16.0000000000	0.00000000000	166.000000000	232.000000000	5.00000000000	0.950000000000	-0.740000000000	18.0000000000	0.00000000000	104.000000000	32.0000000000	4622880.00000	2500.00000000	2000.00000000	206.200000000	6466.00000000	1700.00000000	6000.00000000	13314.0000000	5801.00000000	23.4081460007	23.5137486754	23.1798541774	-0.365118443319	23.6668057909	26.2141808083	24.1922097605	-10.8927789160	23.5243397747	23.2737861163	23.2758785345	23.8878234650	23.9764863670	22.7635844875	-12.4077104270	0.882295696942	0.00000000000	0.100000000000	0.0500000000000	0.000922727584839	0.00000000000	48.7382812500	0.00000000000	-0.583007812500	0.00000000000	14.7624998093	15.0749998093	14.7624998093	14.9937505722	14.8406257629	-300.000000000	0.00000000000	NaN	0.00000000000	24.3829040527	25.0004577637	640.000000000	24.3887866938	24.7110012598	25.1271410718	25.2560451638	24.4668023233	25.7610610676	-60.1230244068	-62.1748359603	-0.000859737396240	-0.000531673431396	-0.000203609466553	-0.000531673431396	NaN	-273.150000000	-273.150000000	NaN	NaN	0.00000000000	NaN	NaN	1.00000000000	0.00000000000	5.00000000000	0.00000000000
















3733294966.45	NaN	13.0000000000	110.000000000	0.00000000000	0.00000000000	NaN	0.0129222869873	-7.46225441893	0.868715763092	-7.38594294573	0.845417499542	-0.000859737396240	-0.0130009651184	-0.0107040405273	-0.339061402702	-2.97358219528	0.0920232238770	1016.46407606	-0.00559806823730	0.000698256492615	0.000995469093323	200000.000000	16.0000000000	0.00000000000	166.000000000	232.000000000	5.00000000000	0.950000000000	-0.740000000000	18.0000000000	0.00000000000	104.000000000	32.0000000000	4622880.00000	2500.00000000	2000.00000000	206.200000000	6466.00000000	1700.00000000	6000.00000000	13314.0000000	5801.00000000	23.4081460007	23.5137486754	23.1798541774	-0.365118443319	23.6668057909	26.2141808083	24.1922097605	-10.8927789160	23.5243397747	23.2737861163	23.2758785345	23.8878234650	23.9764863670	22.7635844875	-12.4077104270	0.882295696942	0.00000000000	0.100000000000	0.0500000000000	0.00246229171753	0.00000000000	45.9433593750	0.00000000000	-0.577148437500	0.00000000000	14.7624998093	15.0749998093	14.7624998093	14.9937505722	14.8406257629	-300.000000000	0.00000000000	NaN	0.00000000000	24.3831176758	24.9999084473	640.000000000	24.3887866938	24.7110012598	25.1271410718	25.2560451638	24.4668023233	25.7610610676	-60.1230244068	-62.1748359603	-0.000859737396240	-0.000531673431396	-0.000203609466553	-0.000531673431396	NaN	-273.150000000	-273.150000000	NaN	NaN	0.00000000000	NaN	NaN	1.00000000000	0.00000000000	5.00000000000	0.00000000000
















3733294966.65	NaN	7.00000000000	104.000000000	0.00000000000	1.00000000000	NaN	0.00865650177002	-7.45376836310	0.872653484344	-7.38594294573	0.845417499542	-0.000203609466553	-0.0120167732239	-0.0103759765625	-0.320014874268	-1.83134376526	0.0920232238770	1016.42042387	-0.00599193572998	0.000693631172180	0.000988912582397	200000.000000	16.0000000000	0.00000000000	166.000000000	232.000000000	5.00000000000	0.950000000000	-0.740000000000	18.0000000000	0.00000000000	104.000000000	32.0000000000	4622880.00000	2500.00000000	2000.00000000	206.200000000	6466.00000000	1700.00000000	6000.00000000	13314.0000000	5801.00000000	23.4081460007	23.5137486754	23.1798541774	-0.365118443319	23.6668057909	26.2141808083	24.1922097605	-10.8927789160	23.5243397747	23.2737861163	23.2758785345	23.8878234650	23.9764863670	22.7635844875	-12.4077104270	0.882295696942	0.00000000000	0.100000000000	0.0500000000000	0.00233240127563	0.00000000000	45.9433593750	0.00000000000	-0.577148437500	0.00000000000	14.7624998093	15.1250000000	14.7562503815	14.9937505722	14.8406257629	-300.000000000	1280.63276119	NaN	0.00000000000	24.3831176758	24.9999084473	640.000000000	24.3887866938	24.7110012598	25.1271410718	25.2560451638	24.4668023233	25.7610610676	-60.1230244068	-62.1748359603	-0.000859737396240	-0.000531673431396	-0.000203609466553	-0.000531673431396	NaN	NaN	-273.150000000	NaN	NaN	0.00000000000	NaN	NaN	1.00000000000	0.00000000000	5.00000000000	0.00000000000

















3733294966.85	NaN	17.0000000000	93.0000000000	1.00000000000	1.00000000000	NaN	0.0135784149170	-7.46225441893	0.871340751648	-7.39441227269	0.846073627472	0.00143718719482	-0.0116887092590	-0.0103759765625	-0.377126795769	-2.02167073059	0.0912123851776	1016.55144389	-0.00557184219360	0.000706124305725	0.000997495651245	200000.000000	16.0000000000	0.00000000000	166.000000000	232.000000000	5.00000000000	0.950000000000	-0.740000000000	18.0000000000	0.00000000000	104.000000000	32.0000000000	4622880.00000	2500.00000000	2000.00000000	206.200000000	6466.00000000	1700.00000000	6000.00000000	13314.0000000	5801.00000000	23.4081460007	23.5137486754	23.1798541774	-0.365118443319	23.6668057909	26.2141808083	24.1922097605	-10.8927789160	23.5243397747	23.2737861163	23.2758785345	23.8878234650	23.9764863670	22.7635844875	-12.4077104270	0.882295696942	0.00000000000	0.100000000000	0.0500000000000	0.00438647270203	0.00000000000	45.7187500000	-0.000390625005821	-0.582421898842	0.00000000000	14.7624998093	15.1250000000	14.7562503815	14.9937505722	14.8406257629	-300.000000000	1424.08449615	NaN	0.00000000000	24.3836975098	25.0002746582	640.000000000	24.3887866938	24.7110012598	25.1271410718	25.2560451638	24.4668023233	25.7610610676	-60.1230244068	-62.1748359603	-0.000859737396240	-0.000531673431396	-0.000203609466553	-0.000531673431396	NaN	NaN	-273.150000000	NaN	NaN	0.00000000000	NaN	NaN	1.00000000000	0.00000000000	5.00000000000	0.00000000000


















3733294967.05	NaN	13.0000000000	135.000000000	0.00000000000	0.00000000000	NaN	0.00931262969971	-7.41135718263	0.871996879578	-7.39441227269	0.845745563507	-0.000531673431396	-0.0126729011536	-0.0116887092590	-0.377126795769	-0.689105335236	0.0887833995819	1016.37677168	-0.00681877136230	0.000709366798401	0.00101194381714	200000.000000	16.0000000000	0.00000000000	166.000000000	232.000000000	5.00000000000	0.950000000000	-0.740000000000	18.0000000000	0.00000000000	104.000000000	32.0000000000	4622880.00000	2500.00000000	2000.00000000	206.200000000	6466.00000000	1700.00000000	6000.00000000	13314.0000000	5801.00000000	23.4081460007	23.5137486754	23.1798541774	-0.365118443319	23.6668057909	26.2141808083	24.1922097605	-10.8927789160	23.5243397747	23.2737861163	23.2758785345	23.8878234650	23.9764863670	22.7635844875	-12.4077104270	0.882295696942	0.00000000000	0.100000000000	0.0500000000000	0.00245966911316	0.00000000000	45.7187500000	-0.000390625005821	-0.582421898842	0.00000000000	14.7624998093	15.0062503815	14.7624998093	14.9937505722	14.8429689407	-300.000000000	0.00000000000	NaN	0.00000000000	24.3836975098	25.0002746582	640.000000000	24.3887866938	24.7110012598	25.1271410718	25.2560451638	24.4668023233	25.7610610676	-60.1230244068	-62.1748359603	-0.000859737396240	-0.000531673431396	-0.000203609466553	-0.000531673431396	NaN	NaN	-273.150000000	NaN	NaN	0.00000000000	NaN	NaN	1.00000000000	0.00000000000	5.00000000000	0.00000000000

















3733294967.25	NaN	10.0000000000	115.000000000	0.00000000000	1.00000000000	NaN	0.00996875762939	-7.59835501932	0.869043827057	-7.40288368442	0.851980209351	-0.000203609466553	-0.0139856338501	-0.0149698257446	-0.548462560272	-7.35220895004	0.0952618713379	1016.42042387	-0.00692367553711	0.000716638565063	0.00100407600403	200000.000000	16.0000000000	0.00000000000	166.000000000	232.000000000	5.00000000000	0.950000000000	-0.740000000000	18.0000000000	0.00000000000	104.000000000	32.0000000000	4622880.00000	2500.00000000	2000.00000000	206.200000000	6466.00000000	1700.00000000	6000.00000000	13314.0000000	5801.00000000	23.4081460007	23.5137486754	23.1798541774	-0.365118443319	23.6668057909	26.2141808083	24.1922097605	-10.8927789160	23.5243397747	23.2737861163	23.2758785345	23.8878234650	23.9764863670	22.7635844875	-12.4077104270	0.882295696942	0.00000000000	0.100000000000	0.0500000000000	0.00130848884583	0.00000000000	54.6210937500	-0.000390625005821	-0.576367199421	0.00000000000	14.7624998093	15.0062503815	14.7624998093	14.9937505722	14.8429689407	-300.000000000	1509.11975743	NaN	0.00000000000	24.3836975098	24.9999694824	640.000000000	24.3887866938	24.7110012598	25.1271410718	25.2560451638	24.4668023233	25.7610610676	-60.1230244068	-62.1748359603	-0.000859737396240	-0.000531673431396	-0.000203609466553	-0.000531673431396	NaN	NaN	-273.150000000	NaN	NaN	0.00000000000	NaN	NaN	1.00000000000	0.00000000000	5.00000000000	0.00000000000

















3733294967.45	NaN	17.0000000000	129.000000000	1.00000000000	2.00000000000	NaN	0.00964069366455	-7.36899823685	0.871668815613	-7.41983276900	0.844761371613	-0.00151634216309	-0.0107040405273	-0.0116887092590	-0.339061402702	0.643460060120	0.0887833995819	1016.50772825	-0.00672674179077	0.000716590881348	0.000971961021423	200000.000000	16.0000000000	0.00000000000	166.000000000	232.000000000	5.00000000000	0.950000000000	-0.740000000000	18.0000000000	0.00000000000	104.000000000	32.0000000000	4622880.00000	2500.00000000	2000.00000000	206.200000000	6466.00000000	1700.00000000	6000.00000000	13314.0000000	5801.00000000	23.4081460007	23.5137486754	23.1798541774	-0.365118443319	23.6668057909	26.2141808083	24.1922097605	-10.8927789160	23.5243397747	23.2737861163	23.2758785345	23.8878234650	23.9764863670	22.7635844875	-12.4077104270	0.882295696942	0.00000000000	0.100000000000	0.0500000000000	0.00209217071533	0.00000000000	54.6210937500	-0.000390625005821	-0.576367199421	0.00000000000	14.7624998093	15.1250000000	14.7624998093	14.9937505722	14.8406257629	-300.000000000	2820.77700702	NaN	0.00000000000	24.3843383789	24.9999694824	640.000000000	24.3887866938	24.7110012598	25.1271410718	25.2560451638	24.4668023233	25.7610610676	-60.1230244068	-62.1748359603	-0.000859737396240	-0.000531673431396	-0.000203609466553	-0.000531673431396	NaN	NaN	-273.150000000	NaN	NaN	0.00000000000	NaN	NaN	1.00000000000	0.00000000000	5.00000000000	0.00000000000

















3733294967.65	NaN	13.0000000000	124.000000000	0.00000000000	1.00000000000	NaN	0.0102968215942	-7.46225441893	0.873965740204	-7.38594294573	0.844761371613	0.000781059265137	-0.0113601684570	-0.0100479125977	-0.329531222534	-1.64101679993	0.0879737377167	1016.20209947	-0.00614929199219	0.000719881057739	0.00100073814392	200000.000000	16.0000000000	0.00000000000	166.000000000	232.000000000	5.00000000000	0.950000000000	-0.740000000000	18.0000000000	0.00000000000	104.000000000	32.0000000000	4622880.00000	2500.00000000	2000.00000000	206.200000000	6466.00000000	1700.00000000	6000.00000000	13314.0000000	5801.00000000	23.4081460007	23.5137486754	23.1798541774	-0.365118443319	23.6668057909	26.2141808083	24.1922097605	-10.8927789160	23.5243397747	23.2737861163	23.2758785345	23.8878234650	23.9764863670	22.7635844875	-12.4077104270	0.882295696942	0.00000000000	0.100000000000	0.0500000000000	0.00225353240967	-0.000195312502910	45.2207031250	0.00000000000	-0.578320324421	0.00000000000	14.7624998093	15.1250000000	14.7624998093	14.9937505722	14.8406257629	-300.000000000	1128.99701982	NaN	0.00000000000	24.3843383789	24.9999694824	640.000000000	24.3887866938	24.7110012598	25.1271410718	25.2560451638	24.4668023233	25.7610610676	-60.1230244068	-62.1748359603	-0.000859737396240	-0.000531673431396	-0.000203609466553	-0.000531673431396	NaN	NaN	NaN	NaN	NaN	0.00000000000	NaN	NaN	1.00000000000	0.00000000000	5.00000000000	0.00000000000

















3733294967.85	NaN	4.00000000000	114.000000000	0.00000000000	1.00000000000	NaN	0.0125937461853	-7.30978797601	0.873309612274	-7.44528440398	0.845745563507	0.000452518463135	-0.0126729011536	-0.0110321044922	-0.386643144035	-2.59292826462	0.0879737377167	1016.55144389	-0.00578212738037	0.000716018676758	0.000981688499451	200000.000000	16.0000000000	0.00000000000	166.000000000	232.000000000	5.00000000000	0.950000000000	-0.740000000000	18.0000000000	0.00000000000	104.000000000	32.0000000000	4622880.00000	2500.00000000	2000.00000000	206.200000000	6466.00000000	1700.00000000	6000.00000000	13314.0000000	5801.00000000	23.4081460007	23.5137486754	23.1798541774	-0.365118443319	23.6668057909	26.2141808083	24.1922097605	-10.8927789160	23.5243397747	23.2737861163	23.2758785345	23.8878234650	23.9764863670	22.7635844875	-12.4077104270	0.882295696942	0.00000000000	0.100000000000	0.0500000000000	0.00376305580139	-0.000195312502910	45.2207031250	0.00000000000	-0.578320324421	0.00000000000	14.7624998093	15.0312500000	14.7562503815	14.9937505722	14.8406257629	-300.000000000	1280.63276119	NaN	0.00000000000	24.3845214844	25.0004882813	640.000000000	24.3887866938	24.7110012598	25.1271410718	25.2560451638	24.4668023233	25.7610610676	-60.1230244068	-62.1748359603	-0.000859737396240	-0.000531673431396	-0.000203609466553	-0.000531673431396	NaN	NaN	NaN	NaN	NaN	0.00000000000	NaN	NaN	1.00000000000	0.00000000000	5.00000000000	0.00000000000

















3733294968.05	NaN	16.0000000000	121.000000000	0.00000000000	1.00000000000	NaN	0.0112814903259	-7.57278947633	0.871996879578	-7.37746339632	0.845745563507	-0.00184440612793	-0.0139856338501	-0.0110321044922	-0.329531222534	-1.45068983459	0.0928328857422	1016.33311949	-0.00700283050537	0.000700187683105	0.000996208190918	200000.000000	16.0000000000	0.00000000000	166.000000000	232.000000000	5.00000000000	0.950000000000	-0.740000000000	18.0000000000	0.00000000000	104.000000000	32.0000000000	4622880.00000	2500.00000000	2000.00000000	206.200000000	6466.00000000	1700.00000000	6000.00000000	13314.0000000	5801.00000000	23.4081460007	23.5137486754	23.1798541774	-0.365118443319	23.6668057909	26.2141808083	24.1922097605	-10.8927789160	23.5243397747	23.2737861163	23.2758785345	23.8878234650	23.9764863670	22.7635844875	-12.4077104270	0.882295696942	0.00000000000	0.100000000000	0.0500000000000	0.00243864059448	0.00000000000	54.1347656250	0.00000000000	-0.578906238079	0.00000000000	14.7624998093	15.0312500000	14.7562503815	14.9937505722	14.8406257629	-300.000000000	1348.98807899	NaN	0.00000000000	24.3845214844	25.0004882813	640.000000000	24.3887866938	24.7110012598	25.1271410718	25.2560451638	24.4668023233	25.7610610676	-60.1230244068	-62.1748359603	-0.000859737396240	-0.000531673431396	-0.000203609466553	-0.000531673431396	NaN	NaN	NaN	NaN	NaN	0.00000000000	NaN	NaN	1.00000000000	0.00000000000	5.00000000000	0.00000000000


















3733294968.25	NaN	17.0000000000	126.000000000	0.00000000000	0.00000000000	NaN	0.0145626068115	-7.41135718263	0.871668815613	-7.40288368442	0.846730232239	-0.000531673431396	-0.0126729011536	-0.0156264305115	-0.481834290504	-3.35451276398	0.0871640758514	1016.59509608	-0.00713396072388	0.000710058212280	0.00100145339966	200000.000000	16.0000000000	0.00000000000	166.000000000	232.000000000	5.00000000000	0.950000000000	-0.740000000000	18.0000000000	0.00000000000	104.000000000	32.0000000000	4622880.00000	2500.00000000	2000.00000000	206.200000000	6466.00000000	1700.00000000	6000.00000000	13314.0000000	5801.00000000	23.4081460007	23.5137486754	23.1798541774	-0.365118443319	23.6668057909	26.2141808083	24.1922097605	-10.8927789160	23.5243397747	23.2737861163	23.2758785345	23.8878234650	23.9764863670	22.7635844875	-12.4077104270	0.882295696942	0.00000000000	0.100000000000	0.0500000000000	0.00163936614990	0.00000000000	54.1347656250	0.00000000000	-0.578906238079	0.00000000000	14.7624998093	15.1062498093	14.7624998093	14.9937505722	14.8406257629	-300.000000000	0.00000000000	NaN	0.00000000000	24.3845214844	25.0004882813	640.000000000	24.3887866938	24.7110012598	25.1271410718	25.2560451638	24.4668023233	25.7610610676	-60.1230244068	-62.1748359603	-0.000859737396240	-0.000531673431396	-0.000203609466553	-0.000531673431396	NaN	NaN	NaN	NaN	NaN	0.00000000000	NaN	NaN	1.00000000000	0.00000000000	5.00000000000	0.00000000000

















3733294968.45	NaN	13.0000000000	111.000000000	0.00000000000	1.00000000000	NaN	0.00635910034180	-7.51322723467	0.872653484344	-7.43680253983	0.843448638916	-0.000531673431396	-0.0126729011536	-0.0116887092590	-0.377126795769	-3.35451276398	0.0960715332031	1016.33311949	-0.00674009323120	0.000720500946045	0.00100469589233	200000.000000	16.0000000000	0.00000000000	166.000000000	232.000000000	5.00000000000	0.950000000000	-0.740000000000	18.0000000000	0.00000000000	104.000000000	32.0000000000	4622880.00000	2500.00000000	2000.00000000	206.200000000	6466.00000000	1700.00000000	6000.00000000	13314.0000000	5801.00000000	23.4081460007	23.5137486754	23.1798541774	-0.365118443319	23.6668057909	26.2141808083	24.1922097605	-10.8927789160	23.5243397747	23.2737861163	23.2758785345	23.8878234650	23.9764863670	22.7635844875	-12.4077104270	0.882295696942	0.00000000000	0.100000000000	0.0500000000000	0.00368680953979	0.00000000000	45.1914062500	0.00000000000	-0.577539086342	0.00000000000	14.7624998093	15.1062498093	14.7624998093	14.9937505722	14.8406257629	-300.000000000	1638.80973658	NaN	0.00000000000	24.3851318359	25.0001831055	640.000000000	24.3887866938	24.7110012598	25.1271410718	25.2560451638	24.4668023233	25.7610610676	-60.1230244068	-62.1748359603	-0.000859737396240	-0.000531673431396	-0.000203609466553	-0.000531673431396	NaN	NaN	NaN	NaN	NaN	0.00000000000	NaN	NaN	1.00000000000	0.00000000000	5.00000000000	0.00000000000

















3733294968.65	NaN	12.0000000000	117.000000000	0.00000000000	0.00000000000	NaN	0.0224380493164	-7.57278947633	0.859855651855	-7.56427600096	0.836885929108	2.46873426437	0.261325359344	0.0841288566589	2.39278064919	31.1029671021	0.0895930614471	1016.46407606	-0.0141954421997	0.000713968276978	0.00101783275604	200000.000000	16.0000000000	0.00000000000	166.000000000	232.000000000	5.00000000000	0.950000000000	-0.740000000000	18.0000000000	0.00000000000	104.000000000	32.0000000000	4622880.00000	2500.00000000	2000.00000000	206.200000000	6466.00000000	1700.00000000	6000.00000000	13314.0000000	5801.00000000	23.4081460007	23.5137486754	23.1798541774	-0.365118443319	23.6668057909	26.2141808083	24.1922097605	-10.8927789160	23.5243397747	23.2737861163	23.2758785345	23.8878234650	23.9764863670	22.7635844875	-12.4077104270	0.882295696942	0.00000000000	0.100000000000	0.0500000000000	-0.000815248489380	0.00000000000	45.1914062500	0.00000000000	-0.577539086342	0.00000000000	14.7624998093	15.1062498093	14.7562503815	14.9875001907	14.8406257629	-300.000000000	0.00000000000	NaN	0.00000000000	24.3851318359	25.0001831055	640.000000000	24.3887866938	24.7110012598	25.1271410718	25.2560451638	24.4668023233	25.7610610676	-60.1230244068	-62.1748359603	-0.000859737396240	-0.000531673431396	-0.000203609466553	-0.000531673431396	NaN	NaN	NaN	NaN	NaN	0.00000000000	NaN	NaN	1.00000000000	0.00000000000	5.00000000000	0.00000000000

















3733294968.85	NaN	10.0000000000	121.000000000	0.00000000000	0.00000000000	NaN	0.00865650177002	-7.35207415529	0.873965740204	-7.41983276900	0.843448638916	2.48120355606	0.263622283936	0.0867538452148	2.43085987415	52.0439127731	0.0855435752869	1016.28946730	-0.00710773468018	0.000724482536316	0.000992918014526	200000.000000	16.0000000000	0.00000000000	166.000000000	232.000000000	5.00000000000	0.950000000000	-0.740000000000	18.0000000000	0.00000000000	104.000000000	32.0000000000	4622880.00000	2500.00000000	2000.00000000	206.200000000	6466.00000000	1700.00000000	6000.00000000	13314.0000000	5801.00000000	23.4081460007	23.5137486754	23.1798541774	-0.365118443319	23.6668057909	26.2141808083	24.1922097605	-10.8927789160	23.5243397747	23.2737861163	23.2758785345	23.8878234650	23.9764863670	22.7635844875	-12.4077104270	0.882295696942	0.00000000000	0.100000000000	0.0500000000000	0.00107226371765	0.00000000000	51.2714843750	-0.000390625005821	-0.581250011921	0.00000000000	14.7624998093	15.1062498093	14.7562503815	14.9875001907	14.8406257629	-300.000000000	0.00000000000	NaN	0.00000000000	24.3854980469	25.0000305176	640.000000000	24.3887866938	24.7110012598	25.1271410718	25.2560451638	24.4668023233	25.7610610676	-60.1230244068	-62.1748359603	-0.000859737396240	-0.000531673431396	-0.000203609466553	-0.000531673431396	NaN	NaN	NaN	NaN	NaN	0.00000000000	NaN	NaN	1.00000000000	0.00000000000	5.00000000000	0.00000000000

















3733294969.05	NaN	11.0000000000	115.000000000	0.00000000000	1.00000000000	NaN	0.0129222869873	-7.55576464468	0.872324943542	-7.39441227269	0.844104766846	2.47168779373	0.261325359344	0.0867538452148	2.44037622242	52.2342397385	0.0912123851776	1016.42042387	-0.00659561157227	0.000708770751953	0.00100862979889	200000.000000	16.0000000000	0.00000000000	166.000000000	232.000000000	5.00000000000	0.950000000000	-0.740000000000	18.0000000000	0.00000000000	104.000000000	32.0000000000	4622880.00000	2500.00000000	2000.00000000	206.200000000	6466.00000000	1700.00000000	6000.00000000	13314.0000000	5801.00000000	23.4081460007	23.5137486754	23.1798541774	-0.365118443319	23.6668057909	26.2141808083	24.1922097605	-10.8927789160	23.5243397747	23.2737861163	23.2758785345	23.8878234650	23.9764863670	22.7635844875	-12.4077104270	0.882295696942	0.00000000000	0.100000000000	0.0500000000000	0.00272607803345	0.00000000000	51.2714843750	-0.000390625005821	-0.581250011921	0.00000000000	14.7624998093	15.0187501907	14.7562503815	14.9875001907	14.8429689407	-300.000000000	1424.08449615	NaN	0.00000000000	24.3854980469	25.0000305176	640.000000000	24.3887866938	24.7110012598	25.1271410718	25.2560451638	24.4668023233	25.7610610676	-60.1230244068	-62.1748359603	-0.000859737396240	-0.000531673431396	-0.000203609466553	-0.000531673431396	NaN	NaN	NaN	NaN	NaN	0.00000000000	NaN	NaN	1.00000000000	0.00000000000	5.00000000000	0.00000000000

















3733294969.25	NaN	9.00000000000	139.000000000	0.00000000000	0.00000000000	NaN	0.00603103637695	-7.47074257316	0.870356082916	-7.39441227269	0.852964878082	2.47234392166	0.262309551239	0.0792069435120	2.12626757011	46.7133745537	0.0912123851776	1016.33311949	-0.00386571884155	0.000714015960693	0.000999498367310	200000.000000	16.0000000000	0.00000000000	166.000000000	232.000000000	5.00000000000	0.950000000000	-0.740000000000	18.0000000000	0.00000000000	104.000000000	32.0000000000	4622880.00000	2500.00000000	2000.00000000	206.200000000	6466.00000000	1700.00000000	6000.00000000	13314.0000000	5801.00000000	23.4081460007	23.5137486754	23.1798541774	-0.365118443319	23.6668057909	26.2141808083	24.1922097605	-10.8927789160	23.5243397747	23.2737861163	23.2758785345	23.8878234650	23.9764863670	22.7635844875	-12.4077104270	0.882295696942	0.00000000000	0.100000000000	0.0500000000000	0.00305290222168	0.00000000000	46.3437500000	0.00000000000	-0.575585961342	0.00000000000	14.7624998093	15.0187501907	14.7562503815	14.9875001907	14.8429689407	-300.000000000	0.00000000000	NaN	0.00000000000	24.3854980469	25.0004272461	640.000000000	24.3887866938	24.7110012598	25.1271410718	25.2560451638	24.4668023233	25.7610610676	-60.1230244068	-62.1748359603	-0.000859737396240	-0.000531673431396	-0.000203609466553	-0.000531673431396	NaN	NaN	NaN	NaN	NaN	0.00000000000	NaN	NaN	1.00000000000	0.00000000000	5.00000000000	0.00000000000

















3733294969.45	NaN	10.0000000000	118.000000000	0.00000000000	1.00000000000	NaN	0.0148911476135	-7.49623199156	0.872324943542	-7.38594294573	0.844761371613	2.47365617752	0.261325359344	0.0851130485535	2.42134352589	52.8052206345	0.0944522094727	1016.42042387	-0.00666141510010	0.000735664367676	0.000998139381409	200000.000000	16.0000000000	0.00000000000	166.000000000	232.000000000	5.00000000000	0.950000000000	-0.740000000000	18.0000000000	0.00000000000	104.000000000	32.0000000000	4622880.00000	2500.00000000	2000.00000000	206.200000000	6466.00000000	1700.00000000	6000.00000000	13314.0000000	5801.00000000	23.4081460007	23.5137486754	23.1798541774	-0.365118443319	23.6668057909	26.2141808083	24.1922097605	-10.8927789160	23.5243397747	23.2737861163	23.2758785345	23.8878234650	23.9764863670	22.7635844875	-12.4077104270	0.882295696942	0.00000000000	0.100000000000	0.0500000000000	0.00262632369995	0.00000000000	46.3437500000	0.00000000000	-0.575585961342	0.00000000000	14.7624998093	15.1250000000	14.7562503815	14.9937505722	14.8406257629	-300.000000000	1398.45097522	NaN	0.00000000000	24.3859558105	25.0004272461	640.000000000	24.3887866938	24.7110012598	25.1271410718	25.2560451638	24.4668023233	25.7610610676	-60.1230244068	-62.1748359603	-0.000859737396240	-0.000531673431396	-0.000203609466553	-0.000531673431396	NaN	NaN	NaN	NaN	NaN	0.00000000000	NaN	NaN	1.00000000000	0.00000000000	5.00000000000	0.00000000000

















3733294969.65	NaN	15.0000000000	110.000000000	0.00000000000	1.00000000000	NaN	0.0148911476135	-7.38594294573	0.871668815613	-7.41983276900	0.844433307648	2.49137592316	0.262309551239	0.0874104499817	2.44037622242	54.8993705292	0.0976920337677	1016.46407606	-0.00726509094238	0.000703430175781	0.000997519493103	200000.000000	16.0000000000	0.00000000000	166.000000000	232.000000000	5.00000000000	0.950000000000	-0.740000000000	18.0000000000	0.00000000000	104.000000000	32.0000000000	4622880.00000	2500.00000000	2000.00000000	206.200000000	6466.00000000	1700.00000000	6000.00000000	13314.0000000	5801.00000000	23.4081460007	23.5137486754	23.1798541774	-0.365118443319	23.6668057909	26.2141808083	24.1922097605	-10.8927789160	23.5243397747	23.2737861163	23.2758785345	23.8878234650	23.9764863670	22.7635844875	-12.4077104270	0.882295696942	0.00000000000	0.100000000000	0.0500000000000	0.00219974517822	0.00000000000	48.8105468750	0.00000000000	-0.581250011921	0.00000000000	14.7624998093	15.1250000000	14.7562503815	14.9937505722	14.8406257629	-300.000000000	1259.86574344	NaN	0.00000000000	24.3859558105	25.0004272461	640.000000000	24.5378886061	24.7110012598	25.1271410718	25.2560451638	24.4668023233	25.7610610676	-60.1230244068	-62.1748359603	-0.000859737396240	-0.000531673431396	-0.000203609466553	-0.000531673431396	NaN	NaN	NaN	NaN	NaN	0.00000000000	NaN	NaN	1.00000000000	0.00000000000	5.00000000000	0.00000000000

















3733294969.85	NaN	10.0000000000	118.000000000	0.00000000000	1.00000000000	NaN	0.0122656822205	-7.38594294573	0.871012687683	-7.41983276900	0.848699092865	2.49268865585	0.262966156006	0.0870819091797	2.44037622242	52.2342397385	0.0952618713379	1016.42042387	-0.00571632385254	0.000714659690857	0.000997495651245	200000.000000	16.0000000000	0.00000000000	166.000000000	232.000000000	5.00000000000	0.950000000000	-0.740000000000	18.0000000000	0.00000000000	104.000000000	32.0000000000	4622880.00000	2500.00000000	2000.00000000	206.200000000	6466.00000000	1700.00000000	6000.00000000	13314.0000000	5801.00000000	23.4081460007	23.5137486754	23.1798541774	-0.365118443319	23.6668057909	26.2141808083	24.1922097605	-10.8927789160	23.5243397747	23.2737861163	23.2758785345	23.8878234650	23.9764863670	22.7635844875	-12.4077104270	0.882295696942	0.00000000000	0.100000000000	0.0500000000000	0.00379443168640	0.00000000000	48.8105468750	0.00000000000	-0.581250011921	0.00000000000	14.7624998093	15.0312500000	14.7562503815	14.9875001907	14.8406257629	-300.000000000	1302.90463530	NaN	0.00000000000	24.3867187500	24.9998779297	640.000000000	24.5378886061	24.7110012598	25.1271410718	25.2560451638	24.4668023233	25.7610610676	-60.1230244068	-62.1748359603	-0.000859737396240	-0.000531673431396	-0.000203609466553	-0.000531673431396	NaN	NaN	NaN	NaN	NaN	0.00000000000	NaN	NaN	1.00000000000	0.00000000000	5.00000000000	0.00000000000


















3733294970.05	NaN	10.0000000000	133.000000000	0.00000000000	0.00000000000	NaN	0.0191569328308	-7.40288368442	0.870356082916	-7.41983276900	0.844761371613	2.49170398712	0.262309551239	0.0883946418762	2.46892526722	54.3283896332	0.0855435752869	1016.33311949	-0.00613641738892	0.000707459449768	0.000980401039124	200000.000000	16.0000000000	0.00000000000	166.000000000	232.000000000	5.00000000000	0.950000000000	-0.740000000000	18.0000000000	0.00000000000	104.000000000	32.0000000000	4622880.00000	2500.00000000	2000.00000000	206.200000000	6466.00000000	1700.00000000	6000.00000000	13314.0000000	5801.00000000	23.4081460007	23.5137486754	23.1798541774	-0.365118443319	23.6668057909	26.2141808083	24.1922097605	-10.8927789160	23.5243397747	23.2737861163	23.2758785345	23.8878234650	23.9764863670	22.7635844875	-12.4077104270	0.882295696942	0.00000000000	0.100000000000	0.0500000000000	0.00261182785034	0.00000000000	54.4296875000	-0.000390625005821	-0.576171875000	0.00000000000	14.7624998093	15.0312500000	14.7562503815	14.9875001907	14.8406257629	-300.000000000	0.00000000000	NaN	0.00000000000	24.3867187500	24.9998779297	640.000000000	24.5378886061	24.7110012598	25.1271410718	25.2560451638	24.4668023233	25.7610610676	-60.1230244068	-62.1748359603	-0.000859737396240	-0.000531673431396	-0.000203609466553	-0.000531673431396	NaN	NaN	NaN	NaN	NaN	0.00000000000	NaN	NaN	1.00000000000	0.00000000000	5.00000000000	0.00000000000
















3733294970.25	NaN	9.00000000000	111.000000000	0.00000000000	4.00000000000	NaN	0.00964069366455	-7.52172801842	0.867074966431	-7.40288368442	0.844104766846	2.48711013794	0.262966156006	0.0838007926941	2.27855680618	49.7594359131	0.0928328857422	1016.42042387	-0.00630712509155	0.000688385963440	0.000984382629395	200000.000000	16.0000000000	0.00000000000	166.000000000	232.000000000	5.00000000000	0.950000000000	-0.740000000000	18.0000000000	0.00000000000	104.000000000	32.0000000000	4622880.00000	2500.00000000	2000.00000000	206.200000000	6466.00000000	1700.00000000	6000.00000000	13314.0000000	5801.00000000	23.4081460007	23.5137486754	23.1798541774	-0.365118443319	23.6668057909	26.2141808083	24.1922097605	-10.8927789160	23.5243397747	23.2737861163	23.2758785345	23.8878234650	23.9764863670	22.7635844875	-12.4077104270	0.882295696942	0.00000000000	0.100000000000	0.0500000000000	0.00395722389221	0.00000000000	54.4296875000	-0.000390625005821	-0.576171875000	0.00000000000	14.7624998093	15.1062498093	14.7562503815	14.9937505722	14.8406257629	-300.000000000	5602.40114909	NaN	0.00000000000	24.3867187500	24.9998779297	640.000000000	24.5378886061	24.7110012598	25.1271410718	25.2560451638	24.4668023233	25.7610610676	-60.1230244068	-62.1748359603	-0.000859737396240	-0.000531673431396	-0.000203609466553	-0.000531673431396	NaN	NaN	NaN	NaN	NaN	0.00000000000	NaN	NaN	1.00000000000	0.00000000000	5.00000000000	0.00000000000

















3733294970.45	NaN	19.0000000000	131.000000000	0.00000000000	0.00000000000	NaN	0.0135784149170	-7.43680253983	0.865434169769	-7.45376836310	0.843448638916	2.49400138855	0.261981487274	0.0893793106079	2.48797179565	54.1380626678	0.0879737377167	1016.55144389	-0.00541448593140	0.000702190399170	0.00101723670959	200000.000000	16.0000000000	0.00000000000	166.000000000	232.000000000	5.00000000000	0.950000000000	-0.740000000000	18.0000000000	0.00000000000	104.000000000	32.0000000000	4622880.00000	2500.00000000	2000.00000000	206.200000000	6466.00000000	1700.00000000	6000.00000000	13314.0000000	5801.00000000	23.4081460007	23.5137486754	23.1798541774	-0.365118443319	23.6668057909	26.2141808083	24.1922097605	-10.8927789160	23.5243397747	23.2737861163	23.2758785345	23.8878234650	23.9764863670	22.7635844875	-12.4077104270	0.882295696942	0.00000000000	0.100000000000	0.0500000000000	0.00233621597290	0.00000000000	46.9511718750	-0.000390625005821	-0.580664098263	-0.0195312500000	14.7624998093	15.1062498093	14.7562503815	14.9937505722	14.8406257629	-300.000000000	0.00000000000	NaN	0.00000000000	24.3870849609	24.9997253418	640.000000000	24.5378886061	24.7110012598	25.1271410718	25.2560451638	24.4668023233	25.7610610676	-60.1230244068	-62.1748359603	-0.000859737396240	-0.000531673431396	-0.000203609466553	-0.000531673431396	NaN	NaN	NaN	NaN	NaN	0.00000000000	NaN	NaN	1.00000000000	0.00000000000	5.00000000000	0.00000000000

















3733294970.65	NaN	8.00000000000	117.000000000	0.00000000000	2.00000000000	NaN	0.00767183303833	-7.45376836310	0.863465309143	-7.44528440398	0.842464447021	2.50942373276	0.263294219971	0.0906915664673	2.52603718872	52.9958242378	0.0912123851776	1016.59509608	-0.00544071197510	0.000709390640259	0.000981736183167	200000.000000	16.0000000000	0.00000000000	166.000000000	232.000000000	5.00000000000	0.950000000000	-0.740000000000	18.0000000000	0.00000000000	104.000000000	32.0000000000	4622880.00000	2500.00000000	2000.00000000	206.200000000	6466.00000000	1700.00000000	6000.00000000	13314.0000000	5801.00000000	23.4081460007	23.5137486754	23.1798541774	-0.365118443319	23.6668057909	26.2141808083	24.1922097605	-10.8927789160	23.5243397747	23.2737861163	23.2758785345	23.8878234650	23.9764863670	22.7635844875	-12.4077104270	0.882295696942	0.00000000000	0.100000000000	0.0500000000000	0.00232582092285	0.00000000000	46.9511718750	-0.000390625005821	-0.580664098263	-0.0195312500000	14.7624998093	15.0562505722	14.7562503815	14.9937505722	14.8406257629	-300.000000000	2605.76002766	NaN	0.00000000000	24.3870849609	24.9997253418	640.000000000	24.5378886061	24.9081983246	25.1271410718	25.2560451638	24.4668023233	25.7610610676	-60.1230244068	-62.1748359603	-0.000859737396240	-0.000531673431396	-0.000203609466553	-0.000531673431396	NaN	NaN	NaN	NaN	NaN	0.00000000000	NaN	NaN	1.00000000000	0.00000000000	5.00000000000	0.00000000000

















3733294970.85	NaN	7.00000000000	110.000000000	0.00000000000	1.00000000000	NaN	0.0125937461853	-7.53023091262	0.861496448517	-7.40288368442	0.845745563507	2.50843954086	0.261653423309	0.0893793106079	2.50700449219	53.9474590645	0.0895930614471	1016.33311949	-0.00453519821167	0.000706744194031	0.000970602035522	200000.000000	16.0000000000	0.00000000000	166.000000000	232.000000000	5.00000000000	0.950000000000	-0.740000000000	18.0000000000	0.00000000000	104.000000000	32.0000000000	4622880.00000	2500.00000000	2000.00000000	206.200000000	6466.00000000	1700.00000000	6000.00000000	13314.0000000	5801.00000000	23.4081460007	23.5137486754	23.1798541774	-0.365118443319	23.6668057909	26.2141808083	24.1922097605	-10.8927789160	23.5243397747	23.2737861163	23.2758785345	23.8878234650	23.9764863670	22.7635844875	-12.4077104270	0.882295696942	0.00000000000	0.100000000000	0.0500000000000	0.00385231971741	0.00000000000	54.0253906250	0.00000000000	-0.581054687500	0.00000000000	14.7624998093	15.0562505722	14.7562503815	14.9937505722	14.8406257629	-300.000000000	1509.11975743	NaN	0.00000000000	24.3874816895	25.0004882813	640.000000000	24.5378886061	24.9081983246	25.1271410718	25.2560451638	24.4668023233	25.7610610676	-60.1230244068	-62.1748359603	-0.000859737396240	-0.000531673431396	-0.000203609466553	-0.000531673431396	NaN	NaN	NaN	NaN	NaN	0.00000000000	NaN	NaN	1.00000000000	0.00000000000	5.00000000000	0.00000000000

















3733294971.05	NaN	17.0000000000	104.000000000	1.00000000000	0.00000000000	NaN	0.0188288688660	-7.47923282751	0.860512256622	-7.42831044525	0.842464447021	2.51172065735	0.263622283936	0.0916762351990	2.56411641369	52.8052206345	0.0895930614471	1016.46407606	-0.00424623489380	0.000723838806152	0.000989651679993	200000.000000	16.0000000000	0.00000000000	166.000000000	232.000000000	5.00000000000	0.950000000000	-0.740000000000	18.0000000000	0.00000000000	104.000000000	32.0000000000	4622880.00000	2500.00000000	2000.00000000	206.200000000	6466.00000000	1700.00000000	6000.00000000	13314.0000000	5801.00000000	23.4081460007	23.5137486754	23.1798541774	-0.365118443319	23.6668057909	26.2141808083	24.1922097605	-10.8927789160	23.5243397747	23.2737861163	23.2758785345	23.8878234650	23.9764863670	22.7635844875	-12.4077104270	0.882295696942	0.00000000000	0.100000000000	0.0500000000000	0.00236916542053	0.00000000000	54.0253906250	0.00000000000	-0.581054687500	0.00000000000	14.7624998093	15.0937500000	14.7562503815	14.9875001907	14.8429689407	-300.000000000	0.00000000000	NaN	0.00000000000	24.3874816895	25.0004882813	640.000000000	24.5378886061	24.9081983246	25.1271410718	25.2560451638	24.4668023233	25.7610610676	-60.1230244068	-62.1748359603	-0.000859737396240	-0.000531673431396	-0.000203609466553	-0.000531673431396	NaN	NaN	NaN	NaN	NaN	0.00000000000	NaN	NaN	1.00000000000	0.00000000000	5.00000000000	0.00000000000

















3733294971.25	NaN	9.00000000000	137.000000000	0.00000000000	2.00000000000	NaN	0.00701570510864	-7.40288368442	0.859527587891	-7.35207415529	0.850667953491	2.51270532608	0.264278411865	0.0811758041382	2.00252737885	40.8118554382	0.0863532371521	1016.37677168	-0.00429868698120	0.000706768035889	0.000981116294861	200000.000000	16.0000000000	0.00000000000	166.000000000	232.000000000	5.00000000000	0.950000000000	-0.740000000000	18.0000000000	0.00000000000	104.000000000	32.0000000000	4622880.00000	2500.00000000	2000.00000000	206.200000000	6466.00000000	1700.00000000	6000.00000000	13314.0000000	5801.00000000	23.4081460007	23.5137486754	23.1798541774	-0.365118443319	23.6668057909	26.2141808083	24.1922097605	-10.8927789160	23.5243397747	23.2737861163	23.2758785345	23.8878234650	23.9764863670	22.7635844875	-12.4077104270	0.882295696942	0.00000000000	0.100000000000	0.0500000000000	0.00130724906921	0.00000000000	48.8750000000	0.00000000000	-0.576757848263	0.00000000000	14.7624998093	15.0937500000	14.7562503815	14.9875001907	14.8429689407	-300.000000000	2674.11534546	NaN	0.00000000000	24.3874816895	24.9999084473	640.000000000	24.5378886061	24.9081983246	25.1271410718	25.2560451638	24.4668023233	25.7610610676	-60.1230244068	-62.1748359603	-0.000859737396240	-0.000531673431396	-0.000203609466553	-0.000531673431396	NaN	NaN	NaN	NaN	NaN	0.00000000000	NaN	NaN	1.00000000000	0.00000000000	5.00000000000	0.00000000000

















3733294971.45	NaN	9.00000000000	137.000000000	0.00000000000	1.00000000000	NaN	0.0139064788818	-7.45376836310	0.856245994568	-7.41983276900	0.843120574951	2.51204919815	0.262309551239	0.0916762351990	2.57363276196	54.7090435638	0.0839242515564	1016.42042387	-0.00370788574219	0.000716590881348	0.000962710380554	200000.000000	16.0000000000	0.00000000000	166.000000000	232.000000000	5.00000000000	0.950000000000	-0.740000000000	18.0000000000	0.00000000000	104.000000000	32.0000000000	4622880.00000	2500.00000000	2000.00000000	206.200000000	6466.00000000	1700.00000000	6000.00000000	13314.0000000	5801.00000000	23.4081460007	23.5137486754	23.1798541774	-0.365118443319	23.6668057909	26.2141808083	24.1922097605	-10.8927789160	23.5243397747	23.2737861163	23.2758785345	23.8878234650	23.9764863670	22.7635844875	-12.4077104270	0.882295696942	0.00000000000	0.100000000000	0.0500000000000	0.00240850448608	0.00000000000	48.8750000000	0.00000000000	-0.576757848263	0.00000000000	14.7624998093	15.0937500000	14.7562503815	14.9875001907	14.8406257629	-300.000000000	1372.82491023	NaN	0.00000000000	24.3876647949	24.9999084473	640.000000000	24.5378886061	24.9081983246	25.1271410718	25.2560451638	24.4668023233	25.7610610676	-60.1230244068	-62.1748359603	-0.000859737396240	-0.000531673431396	-0.000203609466553	-0.000531673431396	NaN	NaN	NaN	NaN	NaN	0.00000000000	NaN	NaN	1.00000000000	0.00000000000	5.00000000000	0.00000000000

















3733294971.65	NaN	11.0000000000	110.000000000	0.00000000000	2.00000000000	NaN	0.0139064788818	-7.44528440398	0.852308273315	-7.43680253983	0.842464447021	2.51467418671	0.262966156006	0.0920042991638	2.58314911022	53.7571320992	0.0847339134216	1016.59509608	-0.00351095199585	0.000693607330322	0.000973200798035	200000.000000	16.0000000000	0.00000000000	166.000000000	232.000000000	5.00000000000	0.950000000000	-0.740000000000	18.0000000000	0.00000000000	104.000000000	32.0000000000	4622880.00000	2500.00000000	2000.00000000	206.200000000	6466.00000000	1700.00000000	6000.00000000	13314.0000000	5801.00000000	23.4081460007	23.5137486754	23.1798541774	-0.365118443319	23.6668057909	26.2141808083	24.1922097605	-10.8927789160	23.5243397747	23.2737861163	23.2758785345	23.8878234650	23.9764863670	22.7635844875	-12.4077104270	0.882295696942	0.00000000000	0.100000000000	0.0500000000000	0.00231394767761	0.00000000000	48.0429687500	-0.000390625005821	-0.578710973263	0.00000000000	14.7624998093	15.0937500000	14.7562503815	14.9875001907	14.8406257629	-300.000000000	2773.07257514	NaN	0.00000000000	24.3876647949	24.9999084473	640.000000000	24.5378886061	24.9081983246	25.2150201032	25.2560451638	24.4668023233	25.7610610676	-60.1230244068	-62.1748359603	-0.000859737396240	-0.000531673431396	-0.000203609466553	-0.000531673431396	NaN	NaN	NaN	NaN	NaN	0.00000000000	NaN	NaN	1.00000000000	0.00000000000	5.00000000000	0.00000000000

















3733294971.85	NaN	11.0000000000	135.000000000	0.00000000000	0.00000000000	NaN	0.0102968215942	-7.53023091262	0.850339412689	-7.44528440398	0.843120574951	2.51533031464	0.263622283936	0.0926604270935	2.61171198692	53.5668051338	0.0904027233124	1016.28946730	-0.00335359573364	0.000685095787048	0.000970578193665	200000.000000	16.0000000000	0.00000000000	166.000000000	232.000000000	5.00000000000	0.950000000000	-0.740000000000	18.0000000000	0.00000000000	104.000000000	32.0000000000	4622880.00000	2500.00000000	2000.00000000	206.200000000	6466.00000000	1700.00000000	6000.00000000	13314.0000000	5801.00000000	23.4081460007	23.5137486754	23.1798541774	-0.365118443319	23.6668057909	26.2141808083	24.1922097605	-10.8927789160	23.5243397747	23.2737861163	23.2758785345	23.8878234650	23.9764863670	22.7635844875	-12.4077104270	0.882295696942	0.00000000000	0.100000000000	0.0500000000000	0.00221166610718	0.00000000000	48.0429687500	-0.000390625005821	-0.578710973263	0.00000000000	14.7624998093	15.0062503815	14.7562503815	14.9937505722	14.8406257629	-300.000000000	0.00000000000	NaN	0.00000000000	24.3879699707	25.0000000000	640.000000000	24.5378886061	24.9081983246	25.2150201032	25.2560451638	24.4668023233	25.7610610676	-60.1230244068	-62.1748359603	-0.000859737396240	-0.000531673431396	-0.000203609466553	-0.000531673431396	NaN	NaN	NaN	NaN	NaN	0.00000000000	NaN	NaN	1.00000000000	0.00000000000	5.00000000000	0.00000000000

















3733294972.05	NaN	10.0000000000	105.000000000	0.00000000000	1.00000000000	NaN	0.0116095542908	-7.40288368442	0.850011348724	-7.46225441893	0.841807842255	2.51664304733	0.263294219971	0.0936450958252	2.63074468346	53.9474590645	0.0952618713379	1016.42042387	-0.00212001800537	0.000682497024536	0.000977778434753	200000.000000	16.0000000000	0.00000000000	166.000000000	232.000000000	5.00000000000	0.950000000000	-0.740000000000	18.0000000000	0.00000000000	104.000000000	32.0000000000	4622880.00000	2500.00000000	2000.00000000	206.200000000	6466.00000000	1700.00000000	6000.00000000	13314.0000000	5801.00000000	23.4081460007	23.5137486754	23.1798541774	-0.365118443319	23.6668057909	26.2141808083	24.1922097605	-10.8927789160	23.5243397747	23.2737861163	23.2758785345	23.8878234650	23.9764863670	22.7635844875	-12.4077104270	0.882295696942	0.00000000000	0.100000000000	0.0500000000000	0.00215249061584	0.00000000000	49.4394531250	0.00000000000	-0.575781285763	0.00000000000	14.7624998093	15.0062503815	14.7562503815	14.9937505722	14.8406257629	-300.000000000	1638.80973658	NaN	0.00000000000	24.3879699707	25.0000000000	640.000000000	24.5378886061	24.9081983246	25.2150201032	25.2560451638	24.4668023233	25.7610610676	-60.1230244068	-62.1748359603	-0.000859737396240	-0.000531673431396	-0.000203609466553	-0.000531673431396	NaN	NaN	NaN	NaN	NaN	0.00000000000	NaN	NaN	1.00000000000	0.00000000000	5.00000000000	0.00000000000

















3733294972.25	NaN	10.0000000000	103.000000000	0.00000000000	0.00000000000	NaN	0.0125937461853	-7.40288368442	0.847386360168	-7.42831044525	0.842792510986	2.51598691940	0.262966156006	0.0883946418762	2.43085987415	50.5207437744	0.0920232238770	1016.42042387	-0.00200176239014	0.000687766075134	0.000987672805786	200000.000000	16.0000000000	0.00000000000	166.000000000	232.000000000	5.00000000000	0.950000000000	-0.740000000000	18.0000000000	0.00000000000	104.000000000	32.0000000000	4622880.00000	2500.00000000	2000.00000000	206.200000000	6466.00000000	1700.00000000	6000.00000000	13314.0000000	5801.00000000	23.4081460007	23.5137486754	23.1798541774	-0.365118443319	23.6668057909	26.2141808083	24.1922097605	-10.8927789160	23.5243397747	23.2737861163	23.2758785345	23.8878234650	23.9764863670	22.7635844875	-12.4077104270	0.882295696942	0.00000000000	0.100000000000	0.0500000000000	0.00240192413330	0.00000000000	49.4394531250	0.00000000000	-0.575781285763	0.00000000000	14.7624998093	15.1374998093	14.7562503815	14.9937505722	14.8406257629	-300.000000000	0.00000000000	NaN	0.00000000000	24.3879699707	25.0000000000	640.000000000	24.5378886061	24.9081983246	25.2150201032	25.2560451638	24.4668023233	25.7610610676	-60.1230244068	-62.1748359603	-0.000859737396240	-0.000531673431396	-0.000203609466553	-0.000531673431396	NaN	NaN	NaN	NaN	NaN	0.00000000000	NaN	NaN	1.00000000000	0.00000000000	5.00000000000	0.00000000000













